date,adr_usd,local_px,fx,premium_pct
2000-01-03,9.2548,8.7897,9.4015,-1.010
2000-01-04,8.5575,8.1812,9.4570,-1.080
2000-01-05,8.4941,8.2150,9.5350,-1.410
2000-01-06,8.4307,8.0798,9.5670,-0.174
2000-01-07,8.5786,8.1643,9.5200,0.032
2000-01-10,8.7688,8.3333,9.4450,-0.614
2000-01-11,8.5364,8.1389,9.4825,-0.544
2000-01-12,8.4730,8.1220,9.5150,-0.738
2000-01-13,8.5786,8.1812,9.5100,-0.280
2000-01-14,8.7899,8.3164,9.4550,-0.066
2000-01-18,8.7899,8.2403,9.4410,0.707
2000-01-19,8.5153,7.9276,9.4180,1.161
2000-01-20,8.1349,7.7417,9.4080,-1.141
2000-01-21,7.9025,7.5558,9.4470,-1.195
2000-01-24,7.5644,7.2684,9.4850,-1.287
2000-01-25,7.7968,7.4374,9.5250,-0.147
2000-01-26,8.0293,7.6065,9.5175,0.465
2000-01-27,7.7335,7.4205,9.5200,-0.785
2000-01-28,7.4799,7.1416,9.5810,0.348
2000-01-31,7.3954,7.0994,9.6400,0.419
2000-02-01,7.6912,7.3698,9.5970,0.155
2000-02-02,7.5222,7.2008,9.5750,0.023
2000-02-03,7.5010,7.1501,9.5100,-0.232
2000-02-04,7.4376,7.0149,9.4810,0.524
2000-02-07,8.1138,7.6065,9.4360,0.653
2000-02-08,8.0715,7.5896,9.4020,-0.009
2000-02-09,7.8391,7.3529,9.3990,0.205
2000-02-10,7.8602,7.4374,9.4365,-0.271
2000-02-11,7.6278,7.2346,9.4230,-0.649
2000-02-14,7.6489,7.3445,9.3930,-2.176
2000-02-15,7.7546,7.3107,9.3875,-0.425
2000-02-16,7.7757,7.2684,9.3715,0.256
2000-02-17,7.7968,7.3022,9.3980,0.346
2000-02-18,7.5644,7.1332,9.3540,-0.805
2000-02-22,7.5644,7.1247,9.4270,0.088
2000-02-23,7.8391,7.3022,9.4130,1.051
2000-02-24,7.6701,7.1839,9.3820,0.169
2000-02-25,7.4588,6.8627,9.3780,1.925
2000-02-28,7.3109,6.8796,9.4025,-0.081
2000-02-29,7.2263,6.8458,9.3645,-1.150
2000-03-01,7.1841,6.7951,9.3630,-1.010
2000-03-02,7.7757,7.2684,9.3410,-0.070
2000-03-03,8.1138,7.5051,9.3150,0.705
2000-03-06,7.8814,7.2684,9.3175,1.033
2000-03-07,8.5153,7.7586,9.2850,1.905
2000-03-08,8.9590,8.3671,9.2720,-0.721
2000-03-09,9.1280,8.5023,9.2925,-0.237
2000-03-10,8.8745,8.2826,9.3175,-0.167
2000-03-13,8.6843,8.2826,9.3130,-2.353
2000-03-14,8.5575,8.0122,9.3190,-0.467
2000-03-15,8.6843,8.1981,9.3370,-1.093
2000-03-16,8.6209,8.1981,9.3250,-1.941
2000-03-17,8.7054,8.1136,9.3220,0.020
2000-03-20,8.8745,8.2488,9.3210,0.280
2000-03-21,8.8111,8.2488,9.3000,-0.661
2000-03-22,8.5998,7.8600,9.2750,1.479
2000-03-23,8.7054,8.0460,9.2375,-0.054
2000-03-24,8.6632,8.0037,9.1875,-0.555
2000-03-27,8.6632,7.9445,9.1825,0.131
2000-03-28,8.4096,7.7248,9.1840,-0.018
2000-03-29,8.0715,7.4882,9.2350,-0.455
2000-03-30,7.6489,7.1839,9.3060,-0.916
2000-03-31,7.6489,7.1163,9.2895,-0.152
2000-04-03,7.9025,7.3783,9.2900,-0.500
2000-04-04,7.7335,7.2346,9.3120,-0.459
2000-04-05,7.9870,7.4374,9.3950,0.892
2000-04-06,8.0927,7.5727,9.3640,0.070
2000-04-07,8.0927,7.4459,9.3222,1.319
2000-04-10,7.7546,7.2008,9.2900,0.045
2000-04-11,7.6489,7.0487,9.3660,1.636
2000-04-12,7.4588,7.0149,9.3970,-0.083
2000-04-13,7.4376,7.0149,9.3990,-0.345
2000-04-14,6.9517,6.6768,9.5010,-1.079
2000-04-17,6.9305,6.5754,9.4825,-0.053
2000-04-18,7.2897,6.8627,9.4370,0.242
2000-04-19,6.9728,6.5162,9.3910,0.490
2000-04-20,7.2686,6.5162,9.4030,4.887
2000-04-24,6.9305,6.5078,9.4405,0.538
2000-04-25,7.5222,7.0825,9.4050,-0.111
2000-04-26,7.3743,6.9303,9.4090,0.117
2000-04-27,7.3954,6.9811,9.4540,0.151
2000-04-28,7.3954,6.8881,9.4110,1.041
2000-05-01,7.3531,6.8881,9.3350,-0.348
2000-05-02,7.3531,6.8289,9.3340,0.505
2000-05-03,7.0784,6.6768,9.3675,-0.690
2000-05-04,6.9939,6.7951,9.3965,-3.286
2000-05-05,6.9728,6.7951,9.4800,-2.721
2000-05-08,6.9305,6.7782,9.4825,-3.044
2000-05-09,7.0362,6.6937,9.4875,-0.271
2000-05-10,6.9305,6.6430,9.5720,-0.137
2000-05-11,6.9517,6.6768,9.5830,-0.225
2000-05-12,7.2263,6.9641,9.5627,-0.773
2000-05-15,7.2686,7.0149,9.5760,-0.776
2000-05-16,7.4799,7.1163,9.5080,-0.062
2000-05-17,7.2897,6.9557,9.5505,0.091
2000-05-18,7.2263,6.9303,9.5820,-0.087
2000-05-19,7.0996,6.7698,9.6270,0.960
2000-05-22,7.0362,6.6599,9.5730,1.139
2000-05-23,6.9939,6.6261,9.5025,0.300
2000-05-24,7.0784,6.7106,9.5400,0.629
2000-05-25,7.1207,6.7613,9.5085,0.139
2000-05-26,7.1207,6.8205,9.5300,-0.505
2000-05-30,7.3320,6.9811,9.5200,-0.014
2000-05-31,7.1630,6.8120,9.5110,0.010
2000-06-01,7.1418,6.8120,9.4900,-0.505
2000-06-02,7.5644,7.2684,9.5575,-0.533
2000-06-05,7.3743,7.0740,9.5470,-0.478
2000-06-06,6.8249,7.0740,9.6750,-6.657
2000-06-07,6.6981,6.6430,9.7840,-1.348
2000-06-08,6.8038,6.7613,9.9000,-0.379
2000-06-09,6.8883,6.8205,9.9325,0.312
2000-06-12,7.0573,6.9641,9.8570,-0.111
2000-06-13,7.2052,7.0656,9.7880,-0.185
2000-06-14,7.3743,7.2177,9.7875,-0.002
2000-06-15,7.2686,7.0994,9.8470,0.817
2000-06-16,7.2686,7.2515,9.9235,-0.531
2000-06-19,7.2686,7.1332,9.9090,0.971
2000-06-20,7.1418,7.0149,9.8790,0.578
2000-06-21,7.2897,7.1670,9.8150,-0.169
2000-06-22,7.2686,7.1839,9.8790,-0.045
2000-06-23,7.1841,7.1585,9.9750,0.106
2000-06-26,7.1841,7.2684,10.0230,-0.933
2000-06-27,7.2686,7.3529,10.0870,-0.287
2000-06-28,7.4588,7.4374,9.9685,-0.029
2000-06-29,7.8180,7.7755,9.8880,-0.580
2000-06-30,7.9025,7.8009,9.8430,-0.288
2000-07-03,8.2194,7.9530,9.5525,-1.275
2000-07-05,8.4096,7.9953,9.5150,0.081
2000-07-06,8.3885,8.0291,9.5570,-0.152
2000-07-07,8.6209,8.1643,9.5080,0.398
2000-07-10,8.6632,8.2150,9.5000,0.183
2000-07-11,8.5575,8.1051,9.4390,-0.342
2000-07-12,8.5998,8.1896,9.4815,-0.437
2000-07-13,8.5575,8.0629,9.4375,0.165
2000-07-14,8.5998,8.0967,9.4240,0.096
2000-07-17,8.5786,7.9445,9.3420,0.876
2000-07-18,8.5153,7.9107,9.3385,0.521
2000-07-19,8.2194,7.6910,9.4150,0.619
2000-07-20,8.2406,7.7755,9.3800,-0.590
2000-07-21,8.0715,7.6065,9.3430,-0.858
2000-07-24,8.0715,7.5727,9.3290,-0.564
2000-07-25,8.1191,7.6065,9.3585,-0.108
2000-07-26,8.0293,7.5558,9.3620,-0.513
2000-07-27,8.1191,7.4543,9.3700,2.056
2000-07-28,7.8391,7.3445,9.3640,-0.054
2000-07-31,7.9448,7.4205,9.3680,0.298
2000-08-01,7.8814,7.3360,9.3450,0.397
2000-08-02,7.8391,7.3022,9.3450,0.321
2000-08-03,7.7757,7.3529,9.3880,-0.722
2000-08-04,7.8180,7.3276,9.3570,-0.168
2000-08-07,7.8180,7.2853,9.3370,0.197
2000-08-08,7.7546,7.2853,9.3500,-0.477
2000-08-09,7.7335,7.1839,9.3270,0.405
2000-08-10,7.7335,7.2008,9.3220,0.116
2000-08-11,8.0715,7.4459,9.2790,0.587
2000-08-14,8.1138,7.5389,9.2460,-0.489
2000-08-15,8.0293,7.4374,9.2400,-0.247
2000-08-16,8.1138,7.4374,9.1830,0.181
2000-08-17,8.1561,7.5051,9.1890,-0.139
2000-08-18,7.9659,7.4374,9.2500,-0.928
2000-08-21,7.8814,7.3191,9.2610,-0.276
2000-08-22,7.8391,7.3191,9.2390,-1.046
2000-08-23,7.8602,7.2684,9.2725,0.275
2000-08-24,7.8180,7.2177,9.2440,0.128
2000-08-25,7.7123,7.0656,9.2320,0.771
2000-08-28,7.7123,7.0994,9.2130,0.084
2000-08-29,7.6489,7.0994,9.2325,-0.528
2000-08-30,7.8602,7.2177,9.2140,0.343
2000-08-31,7.9236,7.3022,9.2000,-0.171
2000-09-01,7.9025,7.2515,9.2075,0.341
2000-09-05,8.0927,7.5135,9.2550,-0.316
2000-09-06,7.9659,7.4374,9.3180,-0.199
2000-09-07,7.9448,7.3360,9.3140,0.869
2000-09-08,7.9870,7.4290,9.3270,0.276
2000-09-11,8.0715,7.4205,9.2825,0.968
2000-09-12,8.0504,7.4374,9.2510,0.134
2000-09-13,8.0715,7.4543,9.2830,0.516
2000-09-14,8.1561,7.6234,9.3070,-0.427
2000-09-15,8.0715,7.5473,9.3610,0.112
2000-09-18,7.9448,7.4543,9.4225,0.424
2000-09-19,7.6912,7.2853,9.4220,-0.531
2000-09-20,7.6278,7.1839,9.4560,0.403
2000-09-21,7.4588,7.0487,9.4360,-0.150
2000-09-22,7.5222,7.0571,9.4750,0.994
2000-09-25,7.6278,7.1332,9.4280,0.818
2000-09-26,7.3320,6.9134,9.4035,-0.272
2000-09-27,7.0996,6.6937,9.4145,-0.147
2000-09-28,7.0784,6.7106,9.4260,-0.573
2000-09-29,6.7826,6.4232,9.4400,-0.318
2000-10-02,6.9728,6.5585,9.4075,0.018
2000-10-03,7.1207,6.6430,9.3990,0.749
2000-10-04,7.2052,6.8627,9.4400,-0.889
2000-10-05,7.3320,6.8627,9.4575,1.042
2000-10-06,7.2686,6.8205,9.4660,0.880
2000-10-09,7.0996,6.7275,9.4660,-0.105
2000-10-10,6.8883,6.5754,9.4650,-0.846
2000-10-11,6.8460,6.4909,9.4800,-0.013
2000-10-12,6.8038,6.5247,9.5200,-0.728
2000-10-13,6.8460,6.5585,9.5950,0.157
2000-10-16,6.8038,6.5078,9.5480,-0.177
2000-10-17,6.7615,6.5247,9.5470,-1.065
2000-10-18,6.6981,6.5078,9.5780,-1.419
2000-10-19,6.7615,6.5247,9.5450,-1.085
2000-10-20,6.7192,6.4232,9.5580,-0.016
2000-10-23,6.6347,6.3725,9.5730,-0.331
2000-10-24,6.8249,6.3725,9.5710,2.504
2000-10-25,6.6770,6.4148,9.6270,0.205
2000-10-26,6.7615,6.5416,9.6960,0.220
2000-10-27,6.9094,6.6430,9.6350,0.214
2000-10-30,6.9728,6.7106,9.6040,-0.208
2000-10-31,7.1418,6.7951,9.5640,0.520
2000-11-01,7.2052,6.8965,9.5810,0.098
2000-11-02,7.2475,6.8965,9.5810,0.685
2000-11-03,6.9305,6.7106,9.6100,-0.750
2000-11-06,6.8883,6.6430,9.6400,-0.041
2000-11-07,6.9728,6.6768,9.6475,0.752
2000-11-08,6.8249,6.5923,9.6180,-0.426
2000-11-09,6.9305,6.6430,9.6480,0.656
2000-11-10,6.8460,6.5078,9.6050,1.042
2000-11-13,6.6981,6.3387,9.5705,1.131
2000-11-14,6.8249,6.3387,9.4950,2.232
2000-11-15,7.0784,6.7275,9.4650,-0.413
2000-11-16,7.0150,6.7021,9.4970,-0.596
2000-11-17,7.2263,6.8627,9.4780,-0.198
2000-11-20,7.1207,6.8627,9.4570,-1.875
2000-11-21,7.1630,6.7613,9.4140,-0.268
2000-11-22,6.8671,6.5669,9.3760,-1.954
2000-11-24,6.9939,6.6092,9.3990,-0.539
2000-11-27,6.9305,6.5078,9.3710,-0.202
2000-11-28,6.7615,6.4063,9.4120,-0.662
2000-11-29,6.8038,6.3387,9.3960,0.853
2000-11-30,6.5291,6.2627,9.4100,-1.897
2000-12-01,6.4868,6.2627,9.4200,-2.429
2000-12-04,6.4023,6.0007,9.4140,0.441
2000-12-05,6.5713,6.1697,9.3750,-0.147
2000-12-06,6.5925,6.2542,9.4080,-0.832
2000-12-07,6.5713,6.1951,9.4290,0.017
2000-12-08,6.6347,6.2458,9.3990,-0.157
2000-12-11,6.6347,6.3049,9.4465,-0.594
2000-12-12,6.5502,6.3049,9.4710,-1.606
2000-12-13,6.7192,6.3049,9.4505,0.715
2000-12-14,6.6136,6.2373,9.4170,-0.149
2000-12-15,6.3389,5.9922,9.4090,-0.466
2000-12-18,6.2544,5.8739,9.3800,-0.124
2000-12-19,6.2121,5.7978,9.3700,0.396
2000-12-20,6.0008,5.6288,9.4350,0.586
2000-12-21,5.9797,5.7809,9.5850,-0.854
2000-12-22,6.0853,5.8316,9.6040,0.218
2000-12-26,6.0642,5.7809,9.5300,-0.030
2000-12-27,6.0431,5.7725,9.5770,0.260
2000-12-28,6.0431,5.8485,9.6070,-0.734
2000-12-29,6.1065,5.8739,9.6180,-0.012
2001-01-02,6.0642,5.9161,9.7140,-0.429
2001-01-03,6.2966,6.0514,9.8360,2.347
2001-01-04,6.3600,6.2542,9.6980,-1.379
2001-01-05,6.3389,6.1866,9.7530,-0.069
2001-01-08,6.4234,6.2542,9.6910,-0.468
2001-01-09,6.5502,6.3472,9.7460,0.577
2001-01-10,6.6558,6.5247,9.8145,0.118
2001-01-11,6.8460,6.7275,9.8450,0.184
2001-01-12,6.8460,6.7529,9.8775,0.138
2001-01-16,6.7826,6.7275,9.9720,0.537
2001-01-17,6.8460,6.7275,9.8800,0.540
2001-01-18,6.7826,6.6261,9.8850,1.185
2001-01-19,6.7615,6.5500,9.7900,1.061
2001-01-22,6.7404,6.5923,9.7850,0.048
2001-01-23,7.0996,6.8965,9.7680,0.556
2001-01-24,7.2686,7.0149,9.6920,0.426
2001-01-25,7.1630,6.9303,9.6870,0.121
2001-01-26,7.2263,7.0115,9.6970,-0.058
2001-01-29,7.1029,6.8458,9.6695,0.327
2001-01-30,7.2111,6.9067,9.6650,0.910
2001-01-31,7.2213,7.0149,9.6790,-0.362
2001-02-01,7.2179,7.0487,9.7330,-0.333
2001-02-02,7.0184,6.9303,9.7690,-1.068
2001-02-05,7.0996,6.9303,9.7800,0.188
2001-02-06,7.1165,6.8796,9.6890,0.226
2001-02-07,6.9981,6.7360,9.6940,0.713
2001-02-08,6.9136,6.6852,9.6570,-0.131
2001-02-09,6.9035,6.6836,9.7640,0.853
2001-02-12,7.0658,6.8289,9.7410,0.788
2001-02-13,7.0353,6.8205,9.7040,0.097
2001-02-14,7.1097,6.8965,9.7180,0.184
2001-02-15,7.1672,6.9912,9.6800,-0.763
2001-02-16,7.0320,6.9303,9.7030,-1.547
2001-02-20,6.9643,6.7275,9.6800,0.208
2001-02-21,6.8190,6.5737,9.7000,0.619
2001-02-22,6.9643,6.7613,9.7350,0.273
2001-02-23,6.9305,6.6937,9.7140,0.577
2001-02-26,7.1334,6.8627,9.6680,0.493
2001-02-27,7.1165,6.8796,9.6840,0.174
2001-02-28,7.1232,6.8763,9.6925,0.406
2001-03-01,7.2686,7.0149,9.7060,0.571
2001-03-02,7.5222,7.2684,9.6670,0.045
2001-03-05,7.7757,7.4712,9.6390,0.318
2001-03-06,7.7656,7.4797,9.6385,0.069
2001-03-07,7.8467,7.6065,9.6520,-0.432
2001-03-08,7.9042,7.6487,9.6440,-0.339
2001-03-09,7.7588,7.5051,9.6710,-0.020
2001-03-12,7.6270,7.3360,9.6650,0.483
2001-03-13,7.5932,7.2870,9.6310,0.356
2001-03-14,7.4106,7.2870,9.5710,-2.667
2001-03-15,7.3903,7.1180,9.5930,-0.400
2001-03-16,7.6270,7.2684,9.6220,0.967
2001-03-19,7.6743,7.3529,9.5730,-0.086
2001-03-20,7.7081,7.2684,9.5150,0.906
2001-03-21,7.6067,7.2684,9.5350,-0.212
2001-03-22,7.2652,6.9472,9.5850,0.237
2001-03-23,7.1334,6.7951,9.6630,1.440
2001-03-26,7.1334,6.7562,9.5380,0.704
2001-03-27,7.1334,6.8222,9.5160,-0.499
2001-03-28,7.0996,6.7562,9.5410,0.258
2001-03-29,7.0928,6.7579,9.5270,-0.009
2001-03-30,7.2686,6.8779,9.4850,0.237
2001-04-02,7.4207,6.9709,9.4140,0.215
2001-04-03,7.1300,6.7106,9.3940,-0.189
2001-04-04,7.1401,6.7072,9.4225,0.307
2001-04-05,7.3531,6.9101,9.3875,-0.106
2001-04-06,7.1908,6.8391,9.4050,-1.112
2001-04-09,7.2348,6.7275,9.3600,0.658
2001-04-10,7.4444,6.9016,9.3225,0.557
2001-04-11,7.4681,6.9540,9.2900,-0.233
2001-04-12,7.6811,6.9540,9.3130,2.867
2001-04-16,7.6067,6.9726,9.3320,1.806
2001-04-17,7.6101,7.0132,9.2870,0.774
2001-04-18,7.8433,7.1044,9.1870,1.425
2001-04-19,7.7926,7.1535,9.2725,1.010
2001-04-20,7.7318,7.2278,9.3730,0.265
2001-04-23,7.4410,7.0182,9.3880,-0.465
2001-04-24,7.2855,6.8053,9.2890,-0.555
2001-04-25,7.4714,6.9219,9.3145,0.540
2001-04-26,7.7081,7.1856,9.2580,-0.688
2001-04-27,7.7656,7.2008,9.3040,0.337
2001-04-30,7.8332,7.2718,9.2610,-0.240
2001-05-01,7.9076,7.2718,9.2725,0.832
2001-05-02,8.0462,7.2718,9.2915,2.810
2001-05-03,8.0597,7.4915,9.2870,-0.087
2001-05-04,8.1239,7.5152,9.2570,0.068
2001-05-07,7.9448,7.2718,9.2220,0.754
2001-05-08,7.8230,7.1822,9.2120,0.340
2001-05-09,7.7859,7.1822,9.2115,-0.143
2001-05-10,8.0293,7.2532,9.1945,1.783
2001-05-11,7.8771,7.2126,9.2270,0.771
2001-05-14,7.9042,7.2008,9.1930,0.910
2001-05-15,7.8197,7.1670,9.1660,0.007
2001-05-16,7.8366,7.1670,9.1660,0.223
2001-05-17,8.1679,7.3293,9.0000,0.298
2001-05-18,8.3403,7.5203,8.9800,-0.408
2001-05-21,8.5533,7.6352,8.9460,0.217
2001-05-22,8.8407,7.9192,8.9800,0.249
2001-05-23,9.2430,8.3637,9.0500,0.014
2001-05-24,8.9759,8.1778,9.0880,-0.251
2001-05-25,9.1044,8.2640,9.0900,0.143
2001-05-29,9.0198,8.2133,9.0810,-0.273
2001-05-30,8.9759,8.2133,9.1650,0.159
2001-05-31,8.9556,8.1761,9.1650,0.388
2001-06-01,8.7730,8.0088,9.1800,0.560
2001-06-04,8.7494,7.9936,9.1390,0.031
2001-06-05,8.6716,7.9057,9.1725,0.612
2001-06-06,8.8542,8.0426,9.1250,0.458
2001-06-07,8.9252,8.1170,9.1190,0.270
2001-06-08,8.9590,8.1136,9.0740,0.195
2001-06-11,8.9556,8.0510,9.0450,0.612
2001-06-12,8.8745,8.0798,9.0890,-0.170
2001-06-13,8.9928,8.1136,9.1020,0.883
2001-06-14,8.9590,8.1220,9.0470,-0.207
2001-06-15,8.8204,7.9716,9.0540,0.180
2001-06-18,8.6209,7.7552,9.0530,0.635
2001-06-19,8.3673,7.6014,9.0900,0.059
2001-06-20,8.5499,7.7451,9.0850,0.291
2001-06-21,8.6885,7.8499,9.0550,0.224
2001-06-22,8.6919,7.8431,9.0730,0.549
2001-06-25,8.7223,7.9243,9.0630,-0.242
2001-06-26,8.8981,8.0341,9.0645,0.393
2001-06-27,8.9522,8.0798,9.0725,0.521
2001-06-28,8.8407,8.0646,9.0875,-0.380
2001-06-29,8.9590,8.1474,9.0600,-0.375
2001-07-02,9.2869,8.3671,9.0270,0.193
2001-07-03,9.3951,8.4821,9.0300,0.020
2001-07-05,9.3680,8.4516,9.0570,0.390
2001-07-06,9.1584,8.3502,9.1550,0.411
2001-07-09,9.1618,8.2826,9.1175,0.853
2001-07-10,9.2463,8.4212,9.1475,0.438
2001-07-11,8.9421,8.2809,9.2950,0.371
2001-07-12,8.8542,8.2437,9.3600,0.531
2001-07-13,8.8237,8.1964,9.3400,0.549
2001-07-16,8.7764,8.1170,9.3040,0.599
2001-07-17,8.8001,8.0341,9.1650,0.388
2001-07-18,8.8237,8.1000,9.1450,-0.379
2001-07-19,9.1449,8.4077,9.1900,-0.042
2001-07-20,9.2261,8.4094,9.1770,0.682
2001-07-23,9.2971,8.4178,9.1025,0.532
2001-07-24,9.1855,8.3705,9.1070,-0.063
2001-07-25,9.1517,8.3823,9.1600,0.007
2001-07-26,9.2835,8.5362,9.1600,-0.380
2001-07-27,9.4492,8.6257,9.1875,0.646
2001-07-30,9.3816,8.5987,9.1550,-0.115
2001-07-31,9.2396,8.4483,9.1510,0.081
2001-08-01,9.1753,8.5023,9.2170,-0.534
2001-08-02,9.3579,8.5953,9.1670,-0.197
2001-08-03,9.3106,8.5328,9.1675,0.032
2001-08-06,9.2294,8.4483,9.1290,-0.269
2001-08-07,9.2261,8.4330,9.1185,-0.240
2001-08-08,9.2125,8.3840,9.0950,-0.062
2001-08-09,9.1618,8.3350,9.0875,-0.110
2001-08-10,9.2801,8.4432,9.1240,0.285
2001-08-13,9.2903,8.4263,9.0930,0.254
2001-08-14,9.2125,8.4094,9.1270,-0.013
2001-08-15,9.0841,8.2471,9.0870,0.092
2001-08-16,8.9522,8.1051,9.0850,0.345
2001-08-17,8.7291,7.9327,9.1175,0.328
2001-08-20,8.7223,7.9412,9.1375,0.364
2001-08-21,8.7730,7.9902,9.1220,0.158
2001-08-22,8.8204,8.0291,9.1160,0.144
2001-08-23,8.8001,7.9885,9.1230,0.499
2001-08-24,8.8914,8.1000,9.1460,0.395
2001-08-27,8.8880,8.0629,9.1125,0.450
2001-08-28,8.7967,8.0291,9.1440,0.182
2001-08-29,8.8068,8.0274,9.1510,0.396
2001-08-30,8.7223,8.0105,9.1888,0.054
2001-08-31,8.7054,7.9733,9.2075,0.530
2001-09-04,8.5702,7.8600,9.1990,0.301
2001-09-05,8.4350,7.7502,9.2535,0.711
2001-09-06,8.2355,7.6470,9.2845,-0.010
2001-09-07,8.1442,7.5896,9.3290,0.108
2001-09-10,8.0766,7.5896,9.3640,-0.351
2001-09-17,7.5695,7.1349,9.4470,0.225
2001-09-18,7.4884,6.9743,9.4340,1.294
2001-09-19,7.3666,6.9354,9.4230,0.089
2001-09-20,6.9677,6.5923,9.4800,0.199
2001-09-21,6.8460,6.4858,9.4910,0.181
2001-09-24,6.9643,6.4858,9.4439,1.407
2001-09-25,6.9305,6.5737,9.4850,-0.001
2001-09-26,6.9136,6.5551,9.5370,0.586
2001-09-27,6.7277,6.5551,9.5700,-1.780
2001-09-28,6.9441,6.5788,9.5200,0.486
2001-10-01,7.0320,6.6447,9.5150,0.696
2001-10-02,7.2720,6.8830,9.5180,0.559
2001-10-03,7.4376,7.0673,9.5310,0.305
2001-10-04,7.6134,7.2650,9.5330,-0.098
2001-10-05,7.5729,7.1940,9.5890,0.940
2001-10-08,7.6067,7.2684,9.5890,0.353
2001-10-09,7.8028,7.3698,9.5200,0.792
2001-10-10,8.0293,7.5321,9.4130,0.343
2001-10-11,7.9921,7.4493,9.3375,0.179
2001-10-12,7.7960,7.4493,9.3650,-1.991
2001-10-15,7.7081,7.1264,9.2700,0.266
2001-10-16,7.7588,7.1518,9.2400,0.243
2001-10-17,7.9448,7.2971,9.2525,0.736
2001-10-18,7.8433,7.2363,9.2320,0.065
2001-10-19,7.8433,7.2278,9.2075,-0.084
2001-10-22,7.8569,7.2346,9.2002,-0.085
2001-10-23,7.8771,7.2464,9.2290,0.323
2001-10-24,8.0462,7.4155,9.2145,-0.018
2001-10-25,8.1003,7.4898,9.2470,0.006
2001-10-26,7.9786,7.3479,9.2800,0.766
2001-10-29,7.9448,7.2211,9.2375,1.633
2001-10-30,7.7960,7.1805,9.2580,0.516
2001-10-31,7.7757,7.1839,9.2700,0.337
2001-11-01,7.7656,7.1704,9.2860,0.568
2001-11-02,7.8061,7.2143,9.2765,0.375
2001-11-05,7.8670,7.2295,9.2285,0.422
2001-11-06,7.8670,7.2160,9.2146,0.459
2001-11-07,7.9448,7.3073,9.2110,0.145
2001-11-08,7.8940,7.2431,9.2150,0.432
2001-11-09,7.8873,7.2194,9.2290,0.828
2001-11-12,7.7385,7.1602,9.2290,-0.256
2001-11-13,7.8264,7.1957,9.2490,0.597
2001-11-14,7.8670,7.2414,9.2350,0.329
2001-11-15,7.8704,7.2346,9.2150,0.248
2001-11-16,7.8873,7.2042,9.2100,0.833
2001-11-19,7.9279,7.2126,9.1955,1.073
2001-11-20,8.0867,7.2126,9.1700,2.813
2001-11-21,8.0293,7.3445,9.1475,0.004
2001-11-23,8.1138,7.4358,9.1525,-0.129
2001-11-26,8.1746,7.4780,9.1675,0.215
2001-11-27,8.3031,7.6859,9.2530,-0.040
2001-11-28,8.4214,7.8144,9.2770,-0.023
2001-11-29,8.5060,7.8482,9.3085,0.887
2001-11-30,8.5330,7.8465,9.2585,0.685
2001-12-03,8.4654,7.7907,9.2050,0.021
2001-12-04,8.4519,7.7823,9.2230,0.166
2001-12-05,8.7054,8.0054,9.2190,0.252
2001-12-06,8.7223,8.0324,9.2450,0.390
2001-12-07,8.9928,8.2556,9.2175,0.406
2001-12-10,8.8237,8.0815,9.1875,0.314
2001-12-11,8.8609,8.1136,9.1510,-0.061
2001-12-12,8.9218,8.1136,9.1565,0.686
2001-12-13,8.8170,8.0088,9.1250,0.459
2001-12-14,8.7460,7.9445,9.0900,0.070
2001-12-17,8.8035,7.9767,9.1140,0.587
2001-12-18,8.6209,7.8516,9.1075,-0.001
2001-12-19,8.4992,7.7096,9.1325,0.678
2001-12-20,8.4012,7.6741,9.1615,0.295
2001-12-21,8.5702,7.8448,9.1325,-0.230
2001-12-24,8.5702,7.8803,9.0950,-1.088
2001-12-26,8.5837,7.8211,9.1010,-0.116
2001-12-27,8.5364,7.8127,9.1420,-0.112
2001-12-28,8.5026,7.8059,9.1860,0.058
2001-12-31,8.3504,7.7755,9.1560,-1.670
2002-01-02,8.5398,7.7434,9.0950,0.304
2002-01-03,8.7392,7.9733,9.1175,-0.066
2002-01-04,8.6919,7.9783,9.1395,-0.431
2002-01-07,8.6479,7.8820,9.1650,0.556
2002-01-08,8.6716,7.9293,9.1775,0.366
2002-01-09,8.6209,7.9259,9.2000,0.067
2002-01-10,8.5161,7.8651,9.2470,0.124
2002-01-11,8.4248,7.7434,9.2500,0.640
2002-01-14,8.4113,7.7130,9.1850,0.166
2002-01-15,8.5871,7.8685,9.1625,-0.007
2002-01-16,8.6175,7.9412,9.2020,-0.142
2002-01-17,8.6310,7.8938,9.1200,-0.283
2002-01-18,8.6885,7.9090,9.1300,0.298
2002-01-22,8.7392,7.9885,9.1600,0.208
2002-01-23,8.9218,8.1085,9.1450,0.623
2002-01-24,8.9421,8.1474,9.1270,0.172
2002-01-25,8.8237,8.0662,9.1380,-0.038
2002-01-28,8.8474,8.0882,9.1590,0.187
2002-01-29,8.7933,8.0713,9.1710,-0.086
2002-01-30,8.8136,8.0629,9.1930,0.490
2002-01-31,8.9252,8.1964,9.1520,-0.343
2002-02-01,8.8542,8.1136,9.1575,-0.066
2002-02-04,8.6682,7.9614,9.1700,-0.159
2002-02-05,8.5195,7.9614,9.1340,-2.258
2002-02-06,8.5567,7.8414,9.1280,-0.394
2002-02-07,8.4891,7.8161,9.1310,-0.828
2002-02-08,8.4519,7.6639,9.1500,0.907
2002-02-11,8.2625,7.4898,9.0800,0.168
2002-02-12,8.3504,7.5879,9.0960,0.101
2002-02-13,8.4012,7.6284,9.0480,-0.355
2002-02-14,8.4485,7.6403,9.0890,0.505
2002-02-15,8.3910,7.5642,9.0630,0.536
2002-02-19,8.3504,7.5710,9.0710,0.049
2002-02-20,8.2659,7.5067,9.0890,0.082
2002-02-21,8.3335,7.5389,9.0775,0.344
2002-02-22,8.2355,7.4882,9.1150,0.247
2002-02-25,8.3369,7.5304,9.0800,0.525
2002-02-26,8.3099,7.5287,9.0855,0.282
2002-02-27,8.2828,7.5203,9.1000,0.227
2002-02-28,8.2490,7.5203,9.1300,0.147
2002-03-01,8.6344,7.8228,9.0950,0.386
2002-03-04,8.8576,8.0274,9.0800,0.191
2002-03-05,8.9319,8.0679,9.0780,0.502
2002-03-06,9.1618,8.2606,9.0870,0.783
2002-03-07,9.1990,8.3215,9.0760,0.331
2002-03-08,9.4999,8.6004,9.0710,0.197
2002-03-11,9.6385,8.6984,9.0740,0.547
2002-03-12,9.5405,8.7052,9.0745,-0.548
2002-03-13,9.4830,8.6156,9.1115,0.288
2002-03-14,9.4627,8.6021,9.1140,0.259
2002-03-15,9.8549,8.9570,9.0850,-0.043
2002-03-18,9.9664,9.0449,9.0725,-0.032
2002-03-19,10.2268,9.2951,9.0720,-0.187
2002-03-20,9.9326,9.0331,9.0720,-0.246
2002-03-21,9.8785,9.0331,9.0630,-0.888
2002-03-22,10.0070,9.0416,9.0380,0.031
2002-03-25,9.9563,8.9334,9.0200,0.528
2002-03-26,9.9529,9.0061,9.0310,-0.195
2002-03-27,9.9664,8.9993,9.0175,-0.134
2002-03-28,9.9867,8.9993,9.0120,0.008
2002-04-01,10.0814,9.0889,9.0140,-0.017
2002-04-02,10.0577,9.0263,9.0020,0.306
2002-04-03,9.9326,8.9486,9.0400,0.341
2002-04-04,9.9326,8.9486,9.0475,0.424
2002-04-05,10.1152,9.0483,9.0290,0.936
2002-04-08,10.0780,9.0618,9.0210,0.326
2002-04-09,10.0408,9.0585,9.0420,0.226
2002-04-10,10.5276,9.5233,9.0500,0.044
2002-04-11,10.5479,9.5960,9.0740,-0.258
2002-04-12,10.8421,9.9036,9.0780,-0.618
2002-04-15,10.9198,9.9729,9.1820,0.538
2002-04-16,11.0517,10.0946,9.1625,0.312
2002-04-17,10.8995,10.0101,9.2050,0.229
2002-04-18,10.7609,9.9239,9.2420,0.215
2002-04-19,10.7203,9.9222,9.2235,-0.346
2002-04-22,10.6257,9.8005,9.2540,0.332
2002-04-23,10.2842,9.5487,9.2700,-0.159
2002-04-24,10.3924,9.6213,9.2860,0.302
2002-04-25,10.3113,9.6061,9.3600,0.471
2002-04-26,10.5276,9.8039,9.3190,0.069
2002-04-29,10.4736,9.7921,9.3515,0.023
2002-04-30,10.7170,9.9915,9.3750,0.557
2002-05-01,10.7305,9.9915,9.4370,1.350
2002-05-02,10.6899,10.1200,9.4350,-0.336
2002-05-03,10.3789,10.1572,9.4920,-3.008
2002-05-06,10.6155,10.3955,9.4075,-3.934
2002-05-07,10.4769,10.2265,9.4760,-2.919
2002-05-08,10.5817,10.0017,9.4130,-0.411
2002-05-09,10.4938,9.8969,9.4445,0.142
2002-05-10,10.4871,9.9696,9.5120,0.058
2002-05-13,10.5479,10.0321,9.4885,-0.236
2002-05-14,10.6730,10.1031,9.5250,0.623
2002-05-15,10.7271,10.1284,9.4550,0.139
2002-05-16,10.7542,10.1470,9.4900,0.578
2002-05-17,10.7778,10.1673,9.4785,0.476
2002-05-20,10.7237,10.1673,9.4935,0.130
2002-05-21,10.5141,9.9831,9.5100,0.159
2002-05-22,10.4905,10.0220,9.5350,-0.193
2002-05-23,10.6155,10.1268,9.5270,-0.132
2002-05-24,10.5141,10.0067,9.5620,0.468
2002-05-28,10.4296,9.9560,9.5605,0.153
2002-05-29,10.1253,9.8124,9.6100,-0.835
2002-05-30,10.0239,9.7481,9.7130,-0.122
2002-05-31,10.1524,9.7904,9.6525,0.094
2002-06-03,9.9901,9.6771,9.6410,-0.472
2002-06-04,9.8887,9.6078,9.7250,0.093
2002-06-05,9.8616,9.5875,9.7390,0.174
2002-06-06,9.6825,9.3965,9.7695,0.668
2002-06-07,9.7602,9.4286,9.7350,0.773
2002-06-10,9.6858,9.3509,9.6960,0.433
2002-06-11,9.6689,9.3813,9.6750,-0.284
2002-06-12,9.5608,9.2393,9.7160,0.540
2002-06-13,9.5236,9.1447,9.6380,0.373
2002-06-14,9.7704,9.3019,9.6640,1.507
2002-06-17,9.9394,9.5098,9.6050,0.389
2002-06-18,9.9293,9.5825,9.6340,-0.173
2002-06-19,9.7298,9.5030,9.6900,-0.788
2002-06-20,9.5506,9.4202,9.7850,-0.795
2002-06-21,9.3478,9.2799,9.9560,0.288
2002-06-24,9.1280,8.9807,9.9300,0.929
2002-06-25,9.0942,8.9418,9.8150,-0.177
2002-06-26,8.8204,8.7305,9.9780,0.807
2002-06-27,9.0942,8.9672,9.9700,1.112
2002-06-28,8.9116,8.9097,9.9800,-0.178
2002-07-01,8.7122,8.6950,9.9250,-0.554
2002-07-02,8.5465,8.4753,9.9680,0.518
2002-07-03,8.7054,8.6376,9.9697,0.480
2002-07-05,8.9319,8.8252,9.8930,0.126
2002-07-08,9.0976,8.9959,9.9330,0.453
2002-07-09,8.9928,8.8776,9.8665,-0.055
2002-07-10,8.8068,8.6815,9.8330,-0.251
2002-07-11,8.9319,8.7018,9.8125,0.720
2002-07-12,8.8880,8.6646,9.7260,-0.233
2002-07-15,8.6682,8.3925,9.7570,0.776
2002-07-16,8.4789,8.2691,9.7270,-0.262
2002-07-17,8.7832,8.4398,9.6550,0.478
2002-07-18,8.6615,8.4077,9.6490,-0.597
2002-07-19,8.4958,8.2674,9.7160,-0.156
2002-07-22,8.2828,8.0341,9.6385,-0.631
2002-07-23,8.0732,7.8262,9.6130,-0.836
2002-07-24,8.3606,7.9648,9.7050,1.872
2002-07-25,8.1577,7.9783,9.7390,-0.420
2002-07-26,8.2152,7.9479,9.7590,0.872
2002-07-29,8.9184,8.4584,9.7085,2.365
2002-07-30,8.4350,8.1677,9.7480,0.670
2002-07-31,8.1983,8.0612,9.8000,-0.333
2002-08-01,7.8400,7.6910,9.8780,0.693
2002-08-02,7.7351,7.5220,9.8475,1.266
2002-08-05,7.4714,7.4374,9.7865,-1.687
2002-08-06,7.9853,7.7163,9.7500,0.899
2002-08-07,8.2490,7.9564,9.7380,0.962
2002-08-08,8.1138,7.9581,9.7475,-0.618
2002-08-09,7.9786,7.9158,9.7570,-1.656
2002-08-12,7.9346,7.8516,9.8430,-0.529
2002-08-13,7.8805,7.8465,9.9470,-0.099
2002-08-14,7.8467,7.8516,9.9620,-0.442
2002-08-15,7.9617,7.8752,9.9220,0.309
2002-08-16,8.2152,8.1609,9.8600,-0.744
2002-08-19,8.2659,8.0831,9.7600,-0.193
2002-08-20,8.2659,8.0815,9.7875,0.109
2002-08-21,8.2490,8.0815,9.7885,-0.085
2002-08-22,8.2321,8.0798,9.8300,0.154
2002-08-23,7.9955,7.9124,9.8420,-0.547
2002-08-26,8.1307,8.0122,9.8250,-0.296
2002-08-27,7.9819,7.8938,9.8495,-0.406
2002-08-28,7.9143,7.8431,9.9000,-0.101
2002-08-29,7.9921,7.8938,9.9165,0.399
2002-08-30,7.9617,7.9783,9.9185,-1.022
2002-09-03,7.7926,7.8178,9.9820,-0.501
2002-09-04,7.8602,7.8279,10.0150,0.564
2002-09-05,7.6777,7.6724,10.0050,0.119
2002-09-06,7.5965,7.6183,9.9685,-0.600
2002-09-09,7.6439,7.5963,9.9650,0.274
2002-09-10,7.7892,7.7755,9.9700,-0.124
2002-09-11,7.7250,7.7366,9.9635,-0.515
2002-09-12,7.6709,7.6707,9.9650,-0.347
2002-09-13,7.5323,7.5287,9.9630,-0.323
2002-09-16,7.5661,7.5287,9.9685,0.180
2002-09-17,7.4917,7.4746,9.9550,-0.222
2002-09-18,7.4647,7.4391,10.0100,0.444
2002-09-19,7.0590,7.1805,10.0750,-0.955
2002-09-20,6.9610,7.1856,10.2540,-0.665
2002-09-23,6.9305,7.0842,10.3500,1.255
2002-09-24,6.7784,6.9472,10.2250,-0.235
2002-09-25,6.7716,6.9456,10.2550,-0.018
2002-09-26,7.1165,7.2211,10.1490,0.020
2002-09-27,6.9474,7.0994,10.1650,-0.526
2002-09-30,7.0489,7.1788,10.2120,0.271
2002-10-01,7.3633,7.4476,10.1620,0.470
2002-10-02,7.0049,7.1349,10.1100,-0.742
2002-10-03,6.9373,7.0588,10.1310,-0.434
2002-10-04,6.8291,6.9388,10.1860,0.250
2002-10-07,6.8562,6.9709,10.2160,0.478
2002-10-08,6.9238,6.9996,10.1630,0.528
2002-10-09,6.7378,6.9236,10.2000,-0.737
2002-10-10,6.5248,6.6937,10.2220,-0.359
2002-10-11,6.7615,6.8120,10.1580,0.827
2002-10-14,6.7919,6.8458,10.1580,0.780
2002-10-15,7.0320,7.1028,10.0675,-0.329
2002-10-16,6.8764,6.8813,10.0700,0.629
2002-10-17,7.1672,7.1501,10.0000,0.239
2002-10-18,7.1706,7.0994,9.9900,0.902
2002-10-21,7.0117,6.9811,9.9470,-0.094
2002-10-22,6.9981,6.9861,9.9785,-0.043
2002-10-23,7.2280,7.0977,10.0170,2.010
2002-10-24,7.0624,7.0030,9.9470,0.313
2002-10-25,7.0827,7.0318,9.9750,0.472
2002-10-28,6.8832,6.9101,10.0140,-0.249
2002-10-29,6.5925,6.6886,10.1500,0.041
2002-10-30,6.7547,6.8475,10.2160,0.776
2002-10-31,6.8528,6.9709,10.1500,-0.220
2002-11-01,7.2179,7.3225,10.2000,0.543
2002-11-04,7.4005,7.4966,10.1980,0.672
2002-11-05,7.3937,7.5135,10.2120,0.492
2002-11-06,7.5424,7.6589,10.1700,0.154
2002-11-07,7.5120,7.6927,10.2500,0.093
2002-11-08,7.4275,7.6352,10.3200,0.393
2002-11-11,7.1942,7.4104,10.3200,0.190
2002-11-12,7.1165,7.3056,10.3420,0.743
2002-11-13,7.0658,7.1940,10.2660,0.830
2002-11-14,7.2686,7.3952,10.2140,0.392
2002-11-15,7.0860,7.2498,10.2500,0.185
2002-11-18,7.0489,7.1129,10.1725,0.809
2002-11-19,7.0353,7.1281,10.1715,0.391
2002-11-20,7.2449,7.1281,10.1450,3.113
2002-11-21,7.5627,7.5828,10.0920,0.653
2002-11-22,7.6067,7.6808,10.1240,0.262
2002-11-25,7.6709,7.7366,10.1145,0.286
2002-11-26,7.5898,7.7079,10.1590,0.033
2002-11-27,7.7757,7.8465,10.1540,0.624
2002-11-29,7.8636,7.9969,10.1540,-0.153
2002-12-02,8.0529,8.1947,10.1025,-0.723
2002-12-03,8.0698,8.1136,10.1520,0.973
2002-12-04,7.9448,8.1474,10.2225,-0.317
2002-12-05,7.9109,8.0933,10.2630,0.318
2002-12-06,7.7656,7.8617,10.2680,1.424
2002-12-09,7.5830,7.7366,10.1750,-0.270
2002-12-10,7.6540,7.7687,10.1720,0.218
2002-12-11,7.7757,7.8972,10.1800,0.234
2002-12-12,7.7419,7.8972,10.2025,0.019
2002-12-13,7.6101,7.7180,10.1900,0.474
2002-12-16,7.5729,7.7586,10.1950,-0.491
2002-12-17,7.5526,7.7011,10.2075,0.106
2002-12-18,7.3497,7.4712,10.2400,0.735
2002-12-19,7.3261,7.4104,10.1920,0.760
2002-12-20,7.4376,7.5760,10.1950,0.087
2002-12-23,7.5120,7.6369,10.1900,0.234
2002-12-24,7.4647,7.6234,10.2050,-0.074
2002-12-26,7.4309,7.6065,10.2540,0.173
2002-12-27,7.3159,7.5304,10.3230,0.290
2002-12-30,7.3193,7.6369,10.3725,-0.588
2002-12-31,7.2720,7.5963,10.4250,-0.201
2003-01-02,7.5188,7.7772,10.3540,0.100
2003-01-03,7.5391,7.8009,10.3750,0.268
2003-01-06,7.5796,7.8803,10.4140,0.167
2003-01-07,7.5255,7.7637,10.3210,0.044
2003-01-08,7.5898,7.8786,10.3680,-0.121
2003-01-09,7.6540,7.9936,10.4150,-0.274
2003-01-10,7.7047,8.0781,10.4680,-0.158
2003-01-13,7.7622,8.1694,10.5400,0.147
2003-01-14,7.7453,8.1220,10.5340,0.454
2003-01-15,7.5999,7.9783,10.4930,-0.047
2003-01-16,7.4681,7.8803,10.5100,-0.398
2003-01-17,7.3295,7.7975,10.5820,-0.532
2003-01-21,6.7615,7.3529,10.6825,-1.767
2003-01-22,6.7750,7.3124,10.8525,0.550
2003-01-23,6.7446,7.2667,10.7790,0.045
2003-01-24,6.6127,7.2126,10.8375,-0.639
2003-01-27,6.4741,7.0301,10.8975,0.357
2003-01-28,6.5215,7.0875,10.8980,0.276
2003-01-29,6.3727,6.9388,10.9780,0.824
2003-01-30,6.2916,6.7850,10.8675,0.772
2003-01-31,6.3558,6.9760,10.9020,-0.672
2003-02-03,6.3592,6.9405,10.8960,-0.166
2003-02-04,6.1800,6.7461,10.9920,0.696
2003-02-05,6.2409,6.7461,10.8650,0.513
2003-02-06,6.2206,6.8086,10.8675,-0.711
2003-02-07,6.0008,6.6143,10.8980,-1.127
2003-02-10,5.9670,6.4993,10.9860,0.863
2003-02-11,5.8825,6.4300,10.9550,0.222
2003-02-12,5.8081,6.3725,10.9780,0.057
2003-02-13,5.7676,6.3184,10.9700,0.136
2003-02-14,5.9501,6.4401,10.8870,0.586
2003-02-18,6.1361,6.6278,10.7740,-0.253
2003-02-19,6.0684,6.6143,10.8385,-0.559
2003-02-20,6.0279,6.5973,10.9225,-0.203
2003-02-21,6.0583,6.6058,10.9825,0.722
2003-02-24,5.9332,6.5416,10.9840,-0.375
2003-02-25,5.8893,6.5044,11.0640,0.177
2003-02-26,5.8825,6.4740,11.0380,0.296
2003-02-27,6.0279,6.6734,11.0225,-0.437
2003-02-28,6.0684,6.7038,11.0285,-0.168
2003-03-03,6.0313,6.7191,10.9940,-1.314
2003-03-04,5.9467,6.6159,11.1280,0.024
2003-03-05,5.8690,6.6007,11.2000,-0.416
2003-03-06,5.8047,6.4824,11.2350,0.605
2003-03-07,5.7304,6.3894,11.1100,-0.360
2003-03-10,5.6830,6.2846,11.1066,0.434
2003-03-11,5.6289,6.1866,11.0050,0.130
2003-03-12,5.5613,6.0581,10.9050,0.107
2003-03-13,5.7337,6.2491,10.8385,-0.554
2003-03-14,5.8149,6.3827,10.8380,-1.261
2003-03-17,5.9839,6.4418,10.8650,0.927
2003-03-18,6.0008,6.5889,10.7950,-1.685
2003-03-19,6.0853,6.6261,10.8550,-0.309
2003-03-20,6.1192,6.6447,10.8650,0.057
2003-03-21,6.1361,6.6447,10.7575,-0.659
2003-03-24,5.9907,6.4351,10.8230,0.756
2003-03-25,6.0752,6.4858,10.7175,0.390
2003-03-26,6.0448,6.4672,10.7690,0.656
2003-03-27,6.0414,6.4756,10.7620,0.403
2003-03-28,6.0515,6.4571,10.6610,-0.085
2003-03-31,5.8960,6.3861,10.7820,-0.454
2003-04-01,6.0177,6.4300,10.7320,0.439
2003-04-02,6.0820,6.5247,10.6730,-0.512
2003-04-03,6.0853,6.5010,10.6660,-0.160
2003-04-04,6.1901,6.6362,10.6790,-0.388
2003-04-07,6.4234,6.9202,10.6840,-0.830
2003-04-08,6.3051,6.8357,10.7370,-0.964
2003-04-09,6.2611,6.7562,10.7700,-0.192
2003-04-10,6.2476,6.7021,10.7550,0.256
2003-04-11,6.2307,6.6328,10.7075,0.583
2003-04-14,6.3389,6.7596,10.6150,-0.457
2003-04-15,6.6127,7.0791,10.6500,-0.516
2003-04-16,6.7615,7.1822,10.6250,0.026
2003-04-17,6.9407,7.1822,10.5450,1.904
2003-04-21,6.8494,7.1940,10.5430,0.379
2003-04-22,6.8054,7.1687,10.5590,0.240
2003-04-23,6.9305,7.2735,10.5150,0.192
2003-04-24,7.1063,7.4003,10.4350,0.205
2003-04-25,7.2348,7.5490,10.4370,0.026
2003-04-28,7.4140,7.6825,10.4330,0.683
2003-04-29,7.6439,7.8600,10.3330,0.488
2003-04-30,7.7250,7.9175,10.3080,0.574
2003-05-01,7.6202,7.9175,10.2500,-1.349
2003-05-02,7.4917,7.7282,10.1950,-1.169
2003-05-05,7.6337,7.7992,10.1950,-0.213
2003-05-06,7.6912,7.9530,10.2560,-0.816
2003-05-07,7.2889,7.4594,10.2180,-0.156
2003-05-08,7.0184,7.1332,10.1785,0.148
2003-05-09,7.1334,7.2650,10.1130,-0.703
2003-05-12,7.1503,7.2853,10.1880,-0.008
2003-05-13,7.2179,7.3512,10.1460,-0.380
2003-05-14,7.2078,7.3867,10.1390,-1.067
2003-05-15,7.1739,7.4915,10.2840,-1.520
2003-05-16,7.2247,7.4510,10.3600,0.453
2003-05-19,7.0489,7.3191,10.3470,-0.351
2003-05-20,7.0691,7.2498,10.2510,-0.045
2003-05-21,7.1537,7.3276,10.2685,0.248
2003-05-22,7.2754,7.4188,10.2440,0.459
2003-05-23,7.4579,7.6386,10.2350,-0.071
2003-05-27,7.4884,7.7468,10.3540,0.086
2003-05-28,7.6608,7.9107,10.4240,0.946
2003-05-29,7.3396,7.5862,10.3220,-0.135
2003-05-30,7.4985,7.7282,10.3400,0.327
2003-06-02,7.5053,7.6825,10.2440,0.076
2003-06-03,7.4207,7.5997,10.2700,0.281
2003-06-04,7.4275,7.8482,10.3875,-1.693
2003-06-05,7.5458,7.9192,10.5600,0.621
2003-06-06,7.5898,8.0646,10.5075,-1.111
2003-06-09,7.5627,8.0291,10.7390,1.153
2003-06-10,7.6608,8.1491,10.7350,0.918
2003-06-11,7.5898,8.0122,10.6175,0.578
2003-06-12,7.5729,8.0544,10.5598,-0.715
2003-06-13,7.4545,7.8482,10.6000,0.683
2003-06-16,7.4478,7.8228,10.4750,-0.272
2003-06-17,7.5560,7.9783,10.4875,-0.677
2003-06-18,7.4545,7.9124,10.5980,-0.153
2003-06-19,7.5932,7.9783,10.4800,-0.260
2003-06-20,7.5796,7.9598,10.4680,-0.319
2003-06-23,7.4714,7.7958,10.4745,0.387
2003-06-24,7.4174,7.8279,10.5320,-0.204
2003-06-25,7.4478,7.8026,10.4815,0.049
2003-06-26,7.5188,7.8719,10.4580,-0.111
2003-06-27,7.5593,7.8702,10.4300,0.181
2003-06-30,7.5357,7.8854,10.4550,-0.086
2003-07-01,7.6168,7.9530,10.4550,0.131
2003-07-02,7.5932,7.9953,10.4750,-0.518
2003-07-03,7.6202,7.9783,10.4350,-0.334
2003-07-07,7.6472,8.0984,10.4223,-1.583
2003-07-08,7.7554,8.1423,10.5250,0.249
2003-07-09,7.7892,8.1626,10.4880,0.083
2003-07-10,7.7521,8.0831,10.4630,0.344
2003-07-11,7.7115,8.0324,10.4325,0.156
2003-07-14,7.8264,8.1440,10.3850,-0.200
2003-07-15,7.7521,8.1271,10.4300,-0.513
2003-07-16,7.7419,8.0358,10.3920,0.119
2003-07-17,7.7892,8.1085,10.3390,-0.681
2003-07-18,7.9312,8.1727,10.3800,0.733
2003-07-21,7.8907,8.2488,10.4240,-0.286
2003-07-22,7.9617,8.3029,10.4375,0.085
2003-07-23,7.8873,8.3637,10.5300,-0.699
2003-07-24,7.9955,8.4297,10.5280,-0.143
2003-07-25,7.9921,8.4195,10.5200,-0.141
2003-07-28,7.9042,8.2691,10.4700,0.080
2003-07-29,7.8602,8.2505,10.4845,-0.114
2003-07-30,7.9042,8.3198,10.4770,-0.464
2003-07-31,7.9786,8.4753,10.5850,-0.354
2003-08-01,7.9346,8.3654,10.5900,0.446
2003-08-04,7.7926,8.3992,10.5990,-1.665
2003-08-05,7.8264,8.4398,10.7000,-0.776
2003-08-06,7.8602,8.3519,10.7090,0.786
2003-08-07,7.8467,8.4212,10.6775,-0.509
2003-08-08,7.8298,8.3350,10.6700,0.233
2003-08-11,7.8569,8.4246,10.7130,-0.090
2003-08-12,7.8839,8.4330,10.7335,0.346
2003-08-13,7.9245,8.4550,10.7630,0.876
2003-08-14,7.9684,8.5497,10.7050,-0.228
2003-08-15,8.0191,8.5750,10.7290,0.335
2003-08-18,8.1679,8.7897,10.7320,-0.272
2003-08-19,8.4485,9.1176,10.8015,0.088
2003-08-20,8.4214,9.0906,10.8370,0.393
2003-08-21,8.4688,9.1717,10.8600,0.277
2003-08-22,8.4958,9.1785,10.8620,0.541
2003-08-25,8.4214,9.1464,10.8840,0.214
2003-08-26,8.3065,9.0635,10.9120,0.006
2003-08-27,8.3471,9.0804,10.9290,0.463
2003-08-28,8.3166,9.1447,10.9770,-0.170
2003-08-29,8.4519,9.2951,11.0600,0.566
2003-09-02,8.5026,9.3222,11.0280,0.584
2003-09-03,8.6547,9.4337,10.9480,0.439
2003-09-04,8.7054,9.4388,10.8580,0.144
2003-09-05,8.7156,9.4658,10.8600,-0.008
2003-09-08,8.8305,9.7211,10.9130,-0.868
2003-09-09,8.7291,9.5588,11.0275,0.703
2003-09-10,8.6716,9.4878,10.9595,0.167
2003-09-11,8.5871,9.3982,10.9800,0.324
2003-09-12,8.6547,9.4878,10.9850,0.204
2003-09-15,8.7020,9.5081,10.9745,0.441
2003-09-16,8.7866,9.5081,10.8900,0.636
2003-09-17,8.7020,9.4709,10.9150,0.289
2003-09-18,8.7832,9.5453,10.9050,0.343
2003-09-19,8.7494,9.5064,10.8975,0.297
2003-09-22,8.6885,9.3238,10.8550,1.153
2003-09-23,8.5736,9.2647,10.7710,-0.325
2003-09-24,8.5127,9.1785,10.8020,0.185
2003-09-25,8.4181,9.1633,10.8310,-0.498
2003-09-26,8.3741,9.2275,10.9375,-0.740
2003-09-29,8.5060,9.3103,11.0400,0.862
2003-09-30,8.4350,9.2782,11.0025,0.025
2003-10-01,8.6175,9.5487,10.9690,-1.006
2003-10-02,8.2051,9.1328,11.1575,0.241
2003-10-03,8.0698,9.0551,11.2450,0.215
2003-10-06,7.8771,8.8658,11.2150,-0.356
2003-10-07,7.9076,8.8911,11.3175,0.655
2003-10-08,7.9583,8.9587,11.2620,0.043
2003-10-09,8.0631,9.0517,11.2400,0.124
2003-10-10,8.0800,9.0145,11.1750,0.165
2003-10-13,8.0360,8.9739,11.1750,0.070
2003-10-14,7.8569,8.7694,11.2370,0.677
2003-10-15,7.8467,8.7474,11.1980,0.449
2003-10-16,7.8602,8.8624,11.2550,-0.177
2003-10-17,7.9448,8.9334,11.2530,0.077
2003-10-20,8.0124,8.9215,11.1750,0.362
2003-10-21,8.0394,8.9283,11.1475,0.377
2003-10-22,8.0056,8.9858,11.2460,0.193
2003-10-23,7.8839,8.8252,11.1880,-0.053
2003-10-24,8.0462,8.9418,11.1770,0.575
2003-10-27,8.0124,8.9232,11.1195,-0.156
2003-10-28,8.0056,8.8455,11.0670,0.162
2003-10-29,7.9650,8.8066,11.1500,0.845
2003-10-30,8.0462,8.8996,11.1030,0.383
2003-10-31,8.1138,8.9841,11.0550,-0.159
2003-11-03,8.4045,9.2123,10.9860,0.227
2003-11-04,8.4620,9.2884,10.9930,0.150
2003-11-05,8.4620,9.2951,11.0015,0.155
2003-11-06,8.5939,9.3729,10.9955,0.816
2003-11-07,8.4316,9.3036,10.9785,-0.505
2003-11-10,8.3741,9.1971,11.0150,0.294
2003-11-11,8.2862,9.1312,11.0150,-0.043
2003-11-12,8.4383,9.3374,11.0650,-0.004
2003-11-13,8.6919,9.6585,11.1700,0.521
2003-11-14,8.5702,9.6078,11.1425,-0.609
2003-11-17,8.5060,9.4827,11.1800,0.284
2003-11-18,8.5803,9.6044,11.1675,-0.233
2003-11-19,8.4485,9.3915,11.1975,0.732
2003-11-20,8.2997,9.3915,11.1875,-1.130
2003-11-21,8.2287,9.2681,11.2035,-0.529
2003-11-24,8.2423,9.2579,11.3125,0.714
2003-11-25,8.4722,9.5909,11.3370,0.146
2003-11-26,8.4451,9.6011,11.3625,-0.055
2003-11-28,8.5431,9.7735,11.3950,-0.395
2003-12-01,8.5668,9.7718,11.4063,-0.002
2003-12-02,8.6649,9.7633,11.3600,0.819
2003-12-03,8.5026,9.5673,11.2590,0.061
2003-12-04,8.5060,9.5334,11.2290,0.188
2003-12-05,8.4891,9.4980,11.2050,0.148
2003-12-08,8.5026,9.5639,11.2400,-0.073
2003-12-09,8.4688,9.4591,11.1725,0.028
2003-12-10,8.3065,9.2647,11.2260,0.650
2003-12-11,8.4552,9.4405,11.1730,0.070
2003-12-12,8.3166,9.4405,11.2400,-0.981
2003-12-15,8.2592,9.3424,11.2940,-0.156
2003-12-16,8.2659,9.2833,11.2920,0.545
2003-12-17,8.2287,9.2816,11.2700,-0.084
2003-12-18,8.5330,9.5622,11.2080,0.017
2003-12-19,8.5972,9.6450,11.2325,0.123
2003-12-22,8.5939,9.6670,11.2710,0.198
2003-12-23,8.6243,9.7194,11.2750,0.046
2003-12-24,8.7223,9.8174,11.2763,0.185
2003-12-26,8.6784,9.7532,11.2270,-0.102
2003-12-29,8.8711,9.9696,11.2350,-0.029
2003-12-30,8.8914,9.9577,11.1990,-0.003
2003-12-31,8.8576,9.9307,11.2420,0.272
2004-01-02,8.9421,9.8698,11.0950,0.521
2004-01-05,9.1753,10.0879,11.0011,0.060
2004-01-06,9.1855,10.0558,10.9680,0.188
2004-01-07,9.2463,10.0490,10.9140,0.423
2004-01-08,9.3140,10.1048,10.8800,0.285
2004-01-09,9.2971,9.9932,10.8450,0.895
2004-01-12,9.2835,10.0067,10.8050,0.241
2004-01-13,9.1787,9.9341,10.8420,0.176
2004-01-14,9.3106,10.0642,10.8200,0.098
2004-01-15,9.1787,9.9729,10.8570,-0.076
2004-01-16,9.1652,9.9374,10.8330,-0.088
2004-01-20,9.1517,9.9391,10.8550,-0.050
2004-01-21,9.4661,10.3888,10.9400,-0.316
2004-01-22,9.7196,10.7336,11.0010,-0.382
2004-01-23,9.7602,10.5950,10.9300,0.688
2004-01-26,9.7196,10.6322,10.9340,-0.044
2004-01-27,9.8414,10.7048,10.8800,0.024
2004-01-28,9.7027,10.5747,10.8970,-0.015
2004-01-29,9.5574,10.6153,11.0973,-0.086
2004-01-30,9.5946,10.5713,11.0120,-0.055
2004-02-02,9.6419,10.6440,10.9700,-0.628
2004-02-03,9.6216,10.6524,11.0840,0.114
2004-02-04,9.5472,10.6322,11.0480,-0.794
2004-02-05,9.6385,10.6322,11.2450,1.941
2004-02-06,9.7129,10.7944,11.1310,0.157
2004-02-09,9.7027,10.8130,11.1105,-0.303
2004-02-10,9.5540,10.6237,11.1000,-0.177
2004-02-11,9.6825,10.6693,11.0011,-0.165
2004-02-12,9.8278,10.7522,10.9685,0.256
2004-02-13,9.8380,10.7505,10.9650,0.343
2004-02-17,10.0476,11.0040,10.9390,-0.118
2004-02-18,9.9428,10.9804,10.9095,-1.214
2004-02-19,10.0374,10.9854,10.9780,0.306
2004-02-20,9.7704,10.7116,10.9415,-0.200
2004-02-23,9.6858,10.6491,10.9490,-0.414
2004-02-24,9.6013,10.6846,11.0530,-0.676
2004-02-25,9.6182,10.7065,11.0750,-0.508
2004-02-26,9.6994,10.7319,11.0765,0.108
2004-02-27,9.7535,10.8367,11.0620,-0.438
2004-03-01,9.9969,10.9550,10.9725,0.128
2004-03-02,9.9597,10.9195,10.9620,-0.016
2004-03-03,9.7433,10.8046,11.0475,-0.376
2004-03-04,9.8211,10.8113,11.0070,-0.012
2004-03-05,9.7737,10.6643,10.9180,0.063
2004-03-08,9.5540,10.5088,10.9450,-0.494
2004-03-09,9.5878,10.5172,10.9690,-0.003
2004-03-10,9.5506,10.4902,10.9470,-0.335
2004-03-11,9.1956,10.1470,10.9800,-0.495
2004-03-12,9.6351,10.5493,10.9680,0.175
2004-03-15,9.6216,10.5984,10.9750,-0.365
2004-03-16,9.6858,10.7336,11.0660,-0.142
2004-03-17,9.8549,10.8080,10.9830,0.145
2004-03-18,9.7670,10.7015,11.1140,1.435
2004-03-19,9.7027,10.6609,10.9890,0.014
2004-03-22,9.5641,10.5307,10.9760,-0.315
2004-03-23,9.6284,10.5984,10.9730,-0.313
2004-03-24,9.7771,10.7674,10.9980,-0.135
2004-03-25,9.9732,10.9770,11.0208,0.130
2004-03-26,9.9563,11.0733,11.0540,-0.611
2004-03-29,9.8447,11.0260,11.1600,-0.356
2004-03-30,9.8718,11.0429,11.2290,0.381
2004-03-31,10.0814,11.1950,11.1830,0.705
2004-04-01,10.0881,11.3083,11.1820,-0.245
2004-04-02,10.4161,11.5787,11.1715,0.497
2004-04-05,10.4296,11.6514,11.1570,-0.130
2004-04-06,10.3417,11.5483,11.1615,-0.047
2004-04-07,10.2099,11.4469,11.2395,0.249
2004-04-08,10.0341,11.4469,11.2100,-1.736
2004-04-12,10.0679,11.3303,11.2285,-0.226
2004-04-13,10.0341,11.2863,11.2685,0.182
2004-04-14,9.8887,11.1984,11.2755,-0.433
2004-04-15,9.9157,11.1866,11.2690,-0.112
2004-04-16,9.7670,11.0361,11.2410,-0.517
2004-04-19,9.7940,11.0733,11.2520,-0.480
2004-04-20,9.8819,11.1764,11.3175,0.066
2004-04-21,9.6926,10.9432,11.3230,0.290
2004-04-22,10.1017,11.4182,11.3170,0.122
2004-04-23,10.5175,11.4182,11.3500,4.547
2004-04-26,10.3924,11.7174,11.2900,0.134
2004-04-27,10.1930,11.4537,11.3060,0.615
2004-04-28,9.8481,11.1579,11.3410,0.098
2004-04-29,9.8042,11.1731,11.4315,0.309
2004-04-30,9.9563,11.2982,11.4020,0.478
2004-05-03,9.9326,11.3877,11.4420,-0.200
2004-05-04,10.0239,11.3996,11.4150,0.375
2004-05-05,9.7704,11.1393,11.3815,-0.172
2004-05-06,9.5168,10.8637,11.4445,0.256
2004-05-07,9.0807,10.5223,11.5450,-0.367
2004-05-10,8.8846,10.3465,11.6350,-0.090
2004-05-11,9.0097,10.4868,11.6160,-0.202
2004-05-12,9.0266,10.4614,11.6300,0.349
2004-05-13,9.1483,10.6524,11.6340,-0.087
2004-05-14,9.3647,10.7420,11.5695,0.860
2004-05-17,9.0874,10.4817,11.5215,-0.111
2004-05-18,9.3241,10.7099,11.4950,0.076
2004-05-19,9.3985,10.8553,11.5400,-0.087
2004-05-20,9.5236,10.9888,11.5680,0.255
2004-05-21,9.5337,11.0345,11.5610,-0.114
2004-05-24,9.5675,11.0125,11.5750,0.562
2004-05-25,9.8684,11.3032,11.4720,0.158
2004-05-26,9.7839,11.1883,11.4725,0.324
2004-05-27,9.9293,11.3066,11.4670,0.701
2004-05-28,9.9191,11.2779,11.4140,0.388
2004-06-01,9.9394,11.3979,11.4885,0.184
2004-06-02,10.0002,11.4097,11.4400,0.268
2004-06-03,9.7602,11.1748,11.4325,-0.147
2004-06-04,9.9529,11.3725,11.4280,0.015
2004-06-07,10.1625,11.5956,11.3440,-0.580
2004-06-08,9.9969,11.3539,11.3505,-0.062
2004-06-09,9.9225,11.2897,11.3865,0.076
2004-06-10,9.9800,11.3725,11.3720,-0.205
2004-06-14,9.8853,11.3201,11.4248,-0.233
2004-06-15,10.1389,11.5162,11.4145,0.493
2004-06-16,9.9901,11.3759,11.3990,0.104
2004-06-17,10.0341,11.3370,11.3550,0.500
2004-06-18,10.0510,11.3607,11.3400,0.327
2004-06-21,10.1862,11.5179,11.3110,0.032
2004-06-22,10.1760,11.4993,11.3200,0.174
2004-06-23,10.0239,11.3776,11.3450,-0.048
2004-06-24,9.9563,11.3015,11.3030,-0.424
2004-06-25,9.9969,11.3134,11.3150,-0.017
2004-06-28,9.7264,11.1967,11.4230,-0.770
2004-06-29,9.6013,11.0919,11.5250,-0.238
2004-06-30,9.8380,11.2880,11.5380,0.559
2004-07-01,9.8075,11.3049,11.5060,-0.180
2004-07-02,9.7433,11.1967,11.4730,-0.163
2004-07-06,9.6622,11.0750,11.4940,0.277
2004-07-07,9.4898,10.8840,11.4625,-0.059
2004-07-08,9.3850,10.8181,11.5350,0.069
2004-07-09,9.5743,10.9922,11.5100,0.253
2004-07-12,9.6216,11.0345,11.5030,0.302
2004-07-13,9.5912,11.0091,11.4950,0.145
2004-07-14,9.5202,10.8806,11.4680,0.341
2004-07-15,9.6723,11.0970,11.4950,0.192
2004-07-16,9.8143,11.1798,11.4300,0.339
2004-07-19,9.5878,10.9381,11.3790,-0.257
2004-07-20,9.6250,10.9719,11.4010,0.014
2004-07-21,9.5844,10.9652,11.4655,0.218
2004-07-22,9.5168,10.9077,11.4455,-0.140
2004-07-23,9.5641,10.9753,11.4393,-0.315
2004-07-26,9.5946,10.9804,11.4830,0.338
2004-07-27,9.8143,11.2390,11.5125,0.531
2004-07-28,9.6960,11.1207,11.4780,0.075
2004-07-29,9.6013,10.9888,11.4390,-0.053
2004-07-30,9.5269,10.8992,11.4100,-0.266
2004-08-02,9.6453,11.0074,11.4298,0.154
2004-08-03,9.7501,11.1359,11.4000,-0.187
2004-08-04,9.7230,11.1595,11.4550,-0.195
2004-08-05,9.6520,11.0547,11.4480,-0.046
2004-08-06,9.3342,10.6710,11.4170,-0.132
2004-08-09,9.3173,10.6541,11.3743,-0.529
2004-08-10,9.4458,10.8063,11.4025,-0.330
2004-08-11,9.3106,10.6761,11.4400,-0.232
2004-08-12,9.2362,10.5831,11.4458,-0.109
2004-08-13,9.2294,10.5392,11.4010,-0.159
2004-08-16,9.3647,10.6423,11.3910,0.235
2004-08-17,9.4661,10.7826,11.3450,-0.402
2004-08-18,9.5844,10.8789,11.3520,0.012
2004-08-19,9.6148,10.9178,11.3575,0.020
2004-08-20,9.7196,10.9787,11.3480,0.466
2004-08-23,9.7332,11.0277,11.3830,0.468
2004-08-24,9.7163,11.0378,11.3800,0.175
2004-08-25,9.7196,11.0429,11.3720,0.093
2004-08-26,9.7230,11.0176,11.3670,0.314
2004-08-27,9.7366,11.0716,11.3825,0.099
2004-08-30,9.5810,10.9483,11.4290,0.017
2004-08-31,9.5675,10.9229,11.3760,-0.356
2004-09-01,9.7433,11.0936,11.4250,0.344
2004-09-02,9.7163,11.1393,11.4850,0.178
2004-09-03,9.6689,11.1224,11.5185,0.133
2004-09-07,9.7332,11.2677,11.5675,-0.079
2004-09-08,9.6926,11.2052,11.5850,0.211
2004-09-09,9.6926,11.1900,11.5725,0.239
2004-09-10,9.6250,11.1663,11.6030,0.014
2004-09-13,10.0239,11.5551,11.5740,0.403
2004-09-14,10.2403,11.7714,11.5995,0.907
2004-09-15,10.0307,11.5314,11.5330,0.321
2004-09-16,10.2065,11.5314,11.5055,1.835
2004-09-17,10.3586,11.8526,11.4795,0.326
2004-09-20,10.3113,11.7883,11.4585,0.228
2004-09-21,10.5479,12.0318,11.4275,0.182
2004-09-22,10.3316,11.7850,11.4020,-0.042
2004-09-23,10.1896,11.6413,11.4170,-0.067
2004-09-24,10.2065,11.6582,11.4150,-0.064
2004-09-27,9.4492,10.8181,11.4390,-0.085
2004-09-28,9.4154,10.7843,11.4050,-0.427
2004-09-29,9.5844,10.9398,11.4305,0.143
2004-09-30,9.5134,10.8333,11.3850,-0.021
2004-10-01,9.6520,10.9533,11.3425,-0.050
2004-10-04,9.8718,11.1156,11.3540,0.835
2004-10-05,9.8211,11.0666,11.3130,0.398
2004-10-06,10.0577,11.3489,11.2790,-0.042
2004-10-07,10.0036,11.2542,11.2810,0.274
2004-10-08,9.7704,11.0074,11.2415,-0.219
2004-10-11,9.7433,10.9871,11.2415,-0.311
2004-10-12,9.6419,10.9128,11.2895,-0.252
2004-10-13,9.3545,10.6423,11.3010,-0.665
2004-10-14,9.4999,10.8181,11.3225,-0.572
2004-10-15,9.5405,10.9263,11.4425,-0.088
2004-10-18,9.4661,10.8350,11.4990,0.462
2004-10-19,9.3478,10.7217,11.4580,-0.103
2004-10-20,9.2700,10.6457,11.4520,-0.279
2004-10-21,9.5574,10.9499,11.4765,0.170
2004-10-22,9.6791,11.1122,11.4420,-0.337
2004-10-25,9.5506,11.0007,11.5150,-0.028
2004-10-26,9.7196,11.1731,11.4990,0.032
2004-10-27,9.8481,11.3049,11.5030,0.207
2004-10-28,9.6723,11.1697,11.5270,-0.183
2004-10-29,9.7974,11.2711,11.5365,0.281
2004-11-01,9.8244,11.2948,11.5290,0.282
2004-11-02,9.8447,11.2525,11.4810,0.446
2004-11-03,9.9867,11.4097,11.4190,-0.051
2004-11-04,10.1051,11.5162,11.4080,0.101
2004-11-05,10.1084,11.4824,11.4015,0.372
2004-11-08,10.1963,11.6295,11.3965,-0.079
2004-11-09,10.1389,11.6007,11.4460,0.036
2004-11-10,9.9901,11.4046,11.4290,0.114
2004-11-11,10.2301,11.6480,11.4290,0.378
2004-11-12,10.3180,11.7021,11.3800,0.340
2004-11-15,10.4465,11.8492,11.3560,0.117
2004-11-16,10.3823,11.8306,11.3500,-0.395
2004-11-17,10.6122,11.9371,11.3265,0.693
2004-11-18,10.5276,11.9236,11.3420,0.142
2004-11-19,10.4026,11.8627,11.3720,-0.278
2004-11-22,10.4533,11.8526,11.3890,0.444
2004-11-23,10.5276,12.0148,11.3510,-0.540
2004-11-24,10.6494,12.0318,11.2885,-0.085
2004-11-26,10.7406,12.1484,11.2430,-0.598
2004-11-29,10.7474,12.1027,11.2705,0.083
2004-11-30,10.8894,12.2092,11.2411,0.259
2004-12-01,11.3289,12.6284,11.1530,0.053
2004-12-02,11.2511,12.5490,11.1590,0.049
2004-12-03,11.2917,12.4915,11.1110,0.438
2004-12-06,11.3255,12.6098,11.1310,-0.027
2004-12-07,11.2376,12.5929,11.1680,-0.340
2004-12-08,11.2241,12.6724,11.2825,-0.070
2004-12-09,11.2444,12.6808,11.2900,0.111
2004-12-10,11.4100,13.0138,11.3285,-0.676
2004-12-13,11.4438,12.8752,11.2910,0.357
2004-12-14,11.4776,12.8955,11.2925,0.509
2004-12-15,11.6568,13.0493,11.1905,-0.037
2004-12-16,11.7312,13.2251,11.2380,-0.315
2004-12-17,11.7819,13.2116,11.2270,0.121
2004-12-20,11.9307,13.2877,11.1515,0.126
2004-12-21,12.1166,13.5159,11.1850,0.270
2004-12-22,12.1673,13.5395,11.1800,0.469
2004-12-23,12.2755,13.6663,11.1375,0.040
2004-12-27,12.2349,13.6274,11.1350,-0.028
2004-12-28,12.2789,13.7745,11.2061,-0.106
2004-12-29,12.3059,13.8455,11.2545,0.030
2004-12-30,12.3397,13.7745,11.2180,0.495
2004-12-31,12.3127,13.7305,11.1540,0.022
2005-01-03,12.2484,13.7576,11.2150,-0.152
2005-01-04,12.1098,13.7457,11.3191,-0.280
2005-01-05,11.8022,13.3975,11.3340,-0.156
2005-01-06,11.8191,13.4821,11.4110,0.035
2005-01-07,11.7515,13.2167,11.3600,1.006
2005-01-10,11.9476,13.4043,11.2550,0.318
2005-01-11,11.9442,13.3316,11.2170,0.496
2005-01-12,12.1538,13.5615,11.1715,0.119
2005-01-13,12.1944,13.6595,11.1980,-0.031
2005-01-14,12.5189,14.0483,11.2375,0.141
2005-01-18,12.6203,14.2326,11.2485,-0.257
2005-01-19,12.4581,14.0128,11.2335,-0.129
2005-01-20,12.2282,13.8015,11.2501,-0.324
2005-01-21,12.2045,13.7424,11.2445,-0.138
2005-01-24,12.0997,13.6257,11.2375,-0.211
2005-01-25,12.1673,13.7525,11.2970,-0.052
2005-01-26,12.3431,13.9537,11.2625,-0.374
2005-01-27,12.5088,14.1413,11.3010,-0.036
2005-01-28,12.5460,14.1210,11.2550,-0.004
2005-01-31,12.6710,14.1802,11.2065,0.139
2005-02-01,13.0260,14.5639,11.1650,-0.139
2005-02-02,13.1274,14.6298,11.1695,0.225
2005-02-03,12.9956,14.5267,11.1660,-0.109
2005-02-04,13.0767,14.5402,11.1345,0.138
2005-02-07,13.0294,14.5301,11.1820,0.271
2005-02-08,13.1443,14.6991,11.2060,0.207
2005-02-09,13.1072,14.6754,11.1900,-0.058
2005-02-10,13.1410,14.6568,11.1540,0.004
2005-02-11,13.2018,14.7363,11.1600,-0.021
2005-02-14,13.2086,14.7042,11.1535,0.191
2005-02-15,13.1849,14.7447,11.1495,-0.300
2005-02-16,13.0767,14.6095,11.1520,-0.180
2005-02-17,13.1274,14.5808,11.1410,0.305
2005-02-18,13.1308,14.5656,11.0755,-0.155
2005-02-22,13.1173,14.5605,11.0430,-0.515
2005-02-23,13.1410,14.6044,11.0870,-0.240
2005-02-24,13.2153,14.7092,11.1015,-0.260
2005-02-25,13.8509,15.3093,11.0910,0.345
2005-02-28,13.5128,14.9780,11.0885,0.038
2005-03-01,13.3066,14.7954,11.1005,-0.165
2005-03-02,13.6312,15.1115,11.1070,0.189
2005-03-03,13.6785,15.2214,11.0905,-0.337
2005-03-04,14.1890,15.7116,11.0495,-0.213
2005-03-07,14.3073,15.7606,11.0305,0.134
2005-03-08,14.2769,15.6829,10.9755,-0.085
2005-03-09,14.0910,15.4783,11.0040,0.177
2005-03-10,13.7055,15.0507,11.0390,0.524
2005-03-11,13.7292,15.1589,11.0215,-0.179
2005-03-14,13.4385,14.9814,11.1335,-0.131
2005-03-15,13.2999,14.9442,11.2080,-0.252
2005-03-16,12.9719,14.5689,11.2040,-0.242
2005-03-17,12.8570,14.4100,11.2085,0.005
2005-03-18,12.7691,14.2241,11.1715,0.287
2005-03-21,12.6338,14.2241,11.2210,-0.335
2005-03-22,12.7488,14.3323,11.1895,-0.468
2005-03-23,12.5696,14.1633,11.2450,-0.203
2005-03-24,12.7251,14.1633,11.2725,1.279
2005-03-28,12.5392,14.1649,11.3295,0.292
2005-03-29,12.3532,13.9215,11.2938,0.215
2005-03-30,12.1808,13.6798,11.2265,-0.037
2005-03-31,12.2552,13.7153,11.1770,-0.129
2005-04-01,12.4581,13.8945,11.1850,0.287
2005-04-04,12.4141,13.9063,11.2070,0.044
2005-04-05,12.2113,13.7086,11.2145,-0.104
2005-04-06,12.2687,13.7373,11.2298,0.293
2005-04-07,12.5020,13.9807,11.1810,-0.016
2005-04-08,12.5290,13.9351,11.1300,0.070
2005-04-11,12.5088,13.8827,11.0885,-0.089
2005-04-12,12.6981,14.0635,11.1190,0.394
2005-04-13,12.6102,13.9351,11.0605,0.089
2005-04-14,12.2180,13.5953,11.0980,-0.263
2005-04-15,11.9509,13.2606,11.0875,-0.076
2005-04-18,11.9205,13.2539,11.1305,0.108
2005-04-19,12.0929,13.4026,11.0790,-0.036
2005-04-20,11.8394,13.0967,11.0615,-0.004
2005-04-21,12.0557,13.3232,11.0390,-0.111
2005-04-22,11.6230,12.8110,11.0360,0.126
2005-04-25,12.2755,13.5953,11.0530,-0.200
2005-04-26,12.4919,13.8607,11.0590,-0.331
2005-04-27,12.2315,13.5683,11.0980,0.046
2005-04-28,11.9678,13.3536,11.1150,-0.384
2005-04-29,12.1707,13.4584,11.0820,0.217
2005-05-02,12.4276,13.7136,11.0270,-0.071
2005-05-03,12.5764,13.8370,11.0255,0.210
2005-05-04,12.9415,14.2410,10.9860,-0.165
2005-05-05,12.9821,14.2816,10.9480,-0.482
2005-05-06,13.1524,14.4294,10.9455,-0.231
2005-05-09,13.0365,14.2924,10.9715,0.074
2005-05-10,12.9698,14.3240,11.0200,-0.219
2005-05-11,12.8749,14.1677,11.0300,0.235
2005-05-12,12.8890,14.2081,10.9960,-0.249
2005-05-13,12.7344,14.0236,11.0210,0.078
2005-05-16,12.8609,14.2151,11.0330,-0.181
2005-05-17,12.8222,14.0746,10.9942,0.159
2005-05-18,13.1243,14.3609,10.9610,0.172
2005-05-19,13.1032,14.3468,10.9305,-0.170
2005-05-20,13.0084,14.2906,10.9720,-0.125
2005-05-23,13.2121,14.4979,10.9575,-0.143
2005-05-24,13.4440,14.6876,10.9820,0.522
2005-05-25,13.2929,14.5471,10.9385,-0.045
2005-05-26,13.4756,14.7508,10.9685,0.203
2005-05-27,13.4545,14.6472,10.8850,-0.013
2005-05-31,13.4194,14.5699,10.9125,0.508
2005-06-01,13.6759,14.8088,10.8450,0.153
2005-06-02,13.9463,15.0968,10.8125,-0.115
2005-06-03,13.6232,14.7824,10.8240,-0.248
2005-06-06,13.9709,15.2479,10.8825,-0.289
2005-06-07,14.1466,15.4235,10.8600,-0.391
2005-06-08,13.9534,15.2110,10.8380,-0.581
2005-06-09,14.1782,15.4341,10.8725,-0.122
2005-06-10,14.1747,15.4165,10.8680,-0.074
2005-06-13,14.2976,15.5588,10.8725,-0.088
2005-06-14,14.5611,15.7151,10.8399,0.439
2005-06-15,14.5365,15.7538,10.8305,-0.063
2005-06-16,14.7473,15.8978,10.7929,0.118
2005-06-17,14.9019,16.1138,10.7850,-0.262
2005-06-20,15.0108,16.2614,10.8300,-0.029
2005-06-21,14.8527,16.0401,10.7905,-0.083
2005-06-22,14.6349,15.7415,10.7585,0.022
2005-06-23,14.4136,15.5641,10.7880,-0.094
2005-06-24,14.3328,15.4183,10.7638,0.060
2005-06-27,14.5681,15.7028,10.8089,0.279
2005-06-28,14.8246,16.0471,10.8415,0.156
2005-06-29,15.1618,16.2930,10.7560,0.092
2005-06-30,14.9019,16.0646,10.7720,-0.077
2005-07-01,14.7754,15.8187,10.7370,0.288
2005-07-05,14.9616,16.1209,10.7550,-0.184
2005-07-06,15.2813,16.4616,10.7715,-0.008
2005-07-07,15.2883,16.4581,10.8010,0.333
2005-07-08,15.4639,16.6513,10.7440,-0.221
2005-07-11,15.5166,16.5529,10.7010,0.311
2005-07-12,15.6290,16.6970,10.6890,0.053
2005-07-13,15.6255,16.6162,10.6922,0.547
2005-07-14,15.5974,16.6513,10.6360,-0.372
2005-07-15,15.2426,16.1665,10.6175,0.107
2005-07-18,15.1583,16.0892,10.5855,-0.270
2005-07-19,15.5412,16.4476,10.6200,0.348
2005-07-20,15.8925,16.8445,10.6565,0.542
2005-07-21,15.7169,16.6478,10.5910,-0.012
2005-07-22,15.8468,16.8515,10.6310,-0.028
2005-07-25,15.6255,16.7356,10.6705,-0.373
2005-07-26,15.6326,16.6829,10.6960,0.226
2005-07-27,15.9628,16.9991,10.6375,-0.110
2005-07-28,16.4827,17.4593,10.6160,0.222
2005-07-29,16.5670,17.5190,10.5995,0.235
2005-08-01,16.5354,17.4944,10.5980,0.170
2005-08-02,16.7391,17.7473,10.5980,-0.041
2005-08-03,16.6021,17.5857,10.5950,0.024
2005-08-04,16.7953,17.7754,10.5780,-0.053
2005-08-05,16.3738,17.3960,10.5960,-0.267
2005-08-08,16.4019,17.4909,10.6050,-0.553
2005-08-09,16.4581,17.4628,10.6375,0.255
2005-08-10,16.4897,17.3925,10.5920,0.422
2005-08-11,16.8902,17.9054,10.5850,-0.152
2005-08-12,16.7145,17.7473,10.6350,0.161
2005-08-15,16.7567,17.7579,10.5965,-0.009
2005-08-16,16.4757,17.4558,10.5750,-0.188
2005-08-17,16.3035,17.3855,10.6075,-0.527
2005-08-18,16.3703,17.4698,10.6520,-0.184
2005-08-19,16.2473,17.4839,10.7575,-0.033
2005-08-22,16.4757,17.6630,10.7280,0.068
2005-08-23,16.2754,17.6033,10.7765,-0.364
2005-08-24,16.0927,17.5014,10.8815,0.057
2005-08-25,15.8785,17.1431,10.8060,0.088
2005-08-26,15.5763,16.8340,10.8575,0.464
2005-08-29,15.5728,16.8796,10.8950,0.515
2005-08-30,15.5482,16.7848,10.8370,0.386
2005-08-31,16.7462,18.0143,10.7940,0.341
2005-09-01,17.5436,18.7696,10.7280,0.273
2005-09-02,17.6033,18.7977,10.6800,0.014
2005-09-06,18.6888,19.9324,10.6906,0.236
2005-09-07,18.2989,19.6549,10.7180,-0.214
2005-09-08,17.8879,19.1947,10.7110,-0.182
2005-09-09,18.0846,19.3036,10.7050,0.290
2005-09-12,17.8668,19.0542,10.6985,0.318
2005-09-13,17.8281,19.2263,10.7600,-0.225
2005-09-14,18.0986,19.5881,10.8370,0.130
2005-09-15,18.3024,19.7919,10.7955,-0.169
2005-09-16,18.2567,19.7919,10.8155,-0.234
2005-09-19,18.3270,19.8059,10.8575,0.468
2005-09-20,17.8984,19.3387,10.8275,0.211
2005-09-21,18.2040,19.6654,10.7800,-0.211
2005-09-22,18.2075,19.6830,10.8470,0.339
2005-09-23,18.0249,19.5038,10.8402,0.182
2005-09-26,18.0495,19.5776,10.8820,0.326
2005-09-27,17.6138,19.1244,10.8880,0.280
2005-09-28,17.6349,19.1666,10.8410,-0.253
2005-09-29,17.8879,19.2755,10.8091,0.310
2005-09-30,18.3726,19.7567,10.7910,0.350
2005-10-03,18.6607,20.0026,10.7630,0.409
2005-10-04,18.3867,19.6689,10.6870,-0.097
2005-10-05,17.9862,19.2122,10.7110,0.275
2005-10-06,17.2450,18.5799,10.7705,-0.033
2005-10-07,17.8246,19.2509,10.7900,-0.094
2005-10-10,17.8879,19.2684,10.7900,0.169
2005-10-11,17.8106,19.2403,10.8045,0.016
2005-10-12,17.2169,18.8082,10.8825,-0.383
2005-10-13,17.0342,18.6291,10.9380,0.016
2005-10-14,16.7145,18.2356,10.9155,0.050
2005-10-17,17.3188,18.8574,10.8465,-0.385
2005-10-18,17.0658,18.4851,10.8340,0.022
2005-10-19,17.4698,18.9207,10.8800,0.457
2005-10-20,16.9323,18.3937,10.8480,-0.139
2005-10-21,17.1256,18.5553,10.9190,0.776
2005-10-24,17.4663,18.9698,10.8605,-0.003
2005-10-25,17.3890,18.9066,10.8440,-0.264
2005-10-26,17.6174,19.2509,10.8885,-0.354
2005-10-27,17.3644,18.9382,10.9060,-0.003
2005-10-28,17.9792,19.4371,10.8300,0.177
2005-10-31,18.2918,19.7181,10.7890,0.086
2005-11-01,18.5167,19.9078,10.7700,0.174
2005-11-02,18.6993,20.0518,10.7430,0.184
2005-11-03,18.3340,19.7076,10.7220,-0.253
2005-11-04,18.7134,20.0589,10.7465,0.257
2005-11-07,19.0050,20.3329,10.7060,0.068
2005-11-08,18.6537,20.0097,10.7415,0.136
2005-11-09,18.5307,19.9148,10.7100,-0.344
2005-11-10,18.9769,20.3118,10.7230,0.183
2005-11-11,18.8364,20.1537,10.7230,0.221
2005-11-14,19.0928,20.3329,10.6865,0.347
2005-11-15,18.9488,20.3329,10.6500,-0.750
2005-11-16,19.4617,20.7193,10.6445,-0.016
2005-11-17,20.0097,21.2849,10.6795,0.397
2005-11-18,20.0026,21.2814,10.6655,0.247
2005-11-21,20.0940,21.3657,10.6415,0.081
2005-11-22,20.0167,21.2603,10.6580,0.346
2005-11-23,19.6900,20.8422,10.6175,0.305
2005-11-25,19.8410,21.0214,10.6072,0.116
2005-11-28,19.6092,20.7333,10.5715,-0.017
2005-11-29,19.4687,20.5928,10.5700,-0.070
2005-11-30,19.7778,20.9371,10.5765,-0.091
2005-12-01,20.4312,21.5273,10.5080,-0.270
2005-12-02,20.5507,21.5237,10.4560,-0.167
2005-12-05,20.6104,21.5659,10.4850,0.204
2005-12-06,20.9687,21.8856,10.4135,-0.228
2005-12-07,20.6279,21.5870,10.4565,-0.080
2005-12-08,20.5963,21.6889,10.5030,-0.261
2005-12-09,20.8141,22.1315,10.6400,0.067
2005-12-12,20.6385,22.1315,10.6225,-0.941
2005-12-13,21.3586,22.6760,10.6325,0.148
2005-12-14,21.5237,23.0554,10.7455,0.316
2005-12-15,21.3411,22.8797,10.7270,0.056
2005-12-16,21.0776,22.6057,10.7650,0.373
2005-12-19,20.8387,22.3317,10.7165,0.000
2005-12-20,21.0038,22.4055,10.6870,0.184
2005-12-21,21.0776,22.4231,10.6420,0.034
2005-12-22,21.0495,22.4652,10.6505,-0.207
2005-12-23,21.0706,22.5741,10.6775,-0.337
2005-12-27,21.0706,22.6409,10.7355,-0.091
2005-12-28,20.9055,22.4898,10.7725,0.136
2005-12-29,21.0600,22.4266,10.6960,0.443
2005-12-30,20.8422,22.2017,10.6275,-0.233
2006-01-03,21.7626,23.1256,10.6430,0.157
2006-01-04,21.9207,23.1608,10.5872,0.203
2006-01-05,21.5589,22.8516,10.5910,-0.082
2006-01-06,21.5870,22.8235,10.5620,-0.102
2006-01-09,21.4289,22.7533,10.5580,-0.565
2006-01-10,21.4184,22.6971,10.6026,0.053
2006-01-11,22.4090,23.7685,10.6080,0.012
2006-01-12,22.0893,23.4137,10.5655,-0.321
2006-01-13,22.0612,23.3364,10.5740,-0.038
2006-01-17,21.8961,23.1608,10.5470,-0.289
2006-01-18,21.4992,22.7111,10.5720,0.078
2006-01-19,22.0331,23.1713,10.5530,0.346
2006-01-20,22.0261,23.1854,10.5220,-0.041
2006-01-23,22.1490,23.4137,10.5215,-0.468
2006-01-24,22.6654,23.8036,10.5050,0.027
2006-01-25,22.7743,23.9442,10.4980,-0.149
2006-01-26,23.2240,24.3587,10.5025,0.133
2006-01-27,22.9922,23.7966,10.4555,1.020
2006-01-30,23.1362,24.1549,10.4369,-0.033
2006-01-31,23.1783,24.2147,10.4400,-0.068
2006-02-01,23.2837,24.3306,10.4315,-0.173
2006-02-02,22.8270,23.9512,10.4870,-0.052
2006-02-03,22.4301,23.5507,10.4910,-0.082
2006-02-06,22.9500,23.5507,10.4590,1.922
2006-02-07,22.2439,23.4137,10.4775,-0.460
2006-02-08,21.8259,22.9500,10.5286,0.129
2006-02-09,21.7696,22.8165,10.4750,-0.056
2006-02-10,20.7931,21.8153,10.5080,0.156
2006-02-13,19.8832,21.0249,10.5085,-0.621
2006-02-14,20.5507,21.6045,10.5125,-0.003
2006-02-15,20.8703,22.0050,10.5226,-0.200
2006-02-16,21.0776,22.1526,10.5130,0.029
2006-02-17,21.3270,22.2544,10.4525,0.169
2006-02-21,21.4675,22.4968,10.4430,-0.348
2006-02-22,21.8504,22.8692,10.4885,0.213
2006-02-23,22.3282,23.4242,10.5050,0.135
2006-02-24,22.3633,23.4453,10.4760,-0.075
2006-02-27,22.0858,23.2029,10.4660,-0.379
2006-02-28,21.6959,22.7989,10.4542,-0.516
2006-03-01,22.0366,23.0870,10.4620,-0.140
2006-03-02,21.7942,22.9430,10.5250,-0.020
2006-03-03,21.9172,23.1432,10.5775,0.172
2006-03-06,21.5694,22.9465,10.6090,-0.277
2006-03-07,20.9160,22.2790,10.6970,0.426
2006-03-08,20.8493,22.3739,10.7750,0.408
2006-03-09,20.8176,22.3598,10.7070,-0.315
2006-03-10,20.9898,22.4476,10.7031,0.080
2006-03-13,21.1443,22.7217,10.7185,-0.256
2006-03-14,21.3235,22.7919,10.6860,-0.025
2006-03-15,22.3423,23.7509,10.6700,0.372
2006-03-16,23.0554,24.5554,10.6210,-0.278
2006-03-17,22.9886,24.5519,10.7000,0.187
2006-03-20,23.1643,24.7135,10.7440,0.705
2006-03-21,22.8481,24.7135,10.7980,-0.170
2006-03-22,23.0835,25.0683,10.8710,0.103
2006-03-23,22.7357,24.7486,10.8555,-0.274
2006-03-24,22.9184,24.9172,10.8580,-0.130
2006-03-27,22.8973,24.9805,10.9390,0.268
2006-03-28,22.0577,24.1374,10.9420,-0.008
2006-03-29,22.4231,24.5414,10.9475,0.026
2006-03-30,22.7462,24.8083,10.9295,0.210
2006-03-31,22.9324,24.9067,10.8980,0.342
2006-04-03,23.1537,25.0894,10.8560,0.185
2006-04-04,23.5015,25.6690,10.8665,-0.511
2006-04-05,23.8598,26.1854,10.9400,-0.316
2006-04-06,23.9582,26.5332,11.0785,0.034
2006-04-07,23.6420,26.2451,11.1600,0.531
2006-04-10,23.8212,26.4700,11.0875,-0.220
2006-04-11,23.4594,25.8657,11.0720,0.419
2006-04-12,23.1818,25.5496,11.0530,0.287
2006-04-13,23.2064,25.5496,11.1001,0.821
2006-04-17,23.2100,25.5952,11.0830,0.501
2006-04-18,23.9793,26.1819,10.9875,0.632
2006-04-19,24.2006,26.4875,10.9980,0.484
2006-04-20,23.3961,25.8341,11.0270,-0.136
2006-04-21,23.3399,25.7955,11.0715,0.176
2006-04-24,22.9781,25.4653,11.0690,-0.121
2006-04-25,23.2626,25.9641,11.0850,-0.683
2006-04-26,23.7158,26.4173,11.1595,0.183
2006-04-27,23.2908,25.9290,11.0990,-0.303
2006-04-28,23.7193,26.2767,11.0890,0.098
2006-05-01,24.0320,26.2767,11.0525,1.083
2006-05-02,24.5554,26.9653,11.0120,0.279
2006-05-03,24.4711,26.8458,10.9640,-0.059
2006-05-04,24.6959,27.1339,10.9710,-0.147
2006-05-05,24.6257,26.9337,10.9485,0.103
2006-05-08,25.1877,27.5484,10.9460,0.080
2006-05-09,25.1491,27.3552,10.9330,0.513
2006-05-10,25.1210,27.1971,10.8410,0.134
2006-05-11,25.1421,27.4184,10.8650,-0.371
2006-05-12,24.0776,26.7686,11.0525,-0.586
2006-05-15,23.3786,26.1292,11.1465,-0.269
2006-05-16,23.1397,25.5952,11.0540,-0.065
2006-05-17,22.0999,24.8118,11.1525,-0.665
2006-05-18,21.7978,24.4184,11.2240,0.194
2006-05-19,21.7907,24.5062,11.1860,-0.535
2006-05-22,20.9090,23.5788,11.2840,0.063
2006-05-23,20.7544,23.4594,11.1830,-1.064
2006-05-24,20.2240,22.6444,11.3050,0.966
2006-05-25,20.9371,23.3645,11.1880,0.256
2006-05-26,21.2638,23.5718,11.1430,0.520
2006-05-30,20.2169,22.8622,11.2575,-0.450
2006-05-31,20.0132,22.6690,11.2880,-0.344
2006-06-01,20.6877,23.2345,11.2820,0.453
2006-06-02,21.1830,23.9125,11.3460,0.509
2006-06-05,20.3750,23.1151,11.2850,-0.527
2006-06-06,19.6724,22.3317,11.3675,0.138
2006-06-07,18.9698,21.6748,11.3250,-0.883
2006-06-08,18.6467,21.2392,11.4425,0.458
2006-06-09,18.1373,20.6701,11.3830,-0.118
2006-06-12,17.2590,19.7778,11.3825,-0.671
2006-06-13,16.7497,19.3387,11.4280,-1.020
2006-06-14,17.4031,19.9605,11.4600,-0.083
2006-06-15,19.1947,21.8364,11.4170,0.358
2006-06-16,18.9417,21.6994,11.4228,-0.289
2006-06-19,18.0986,20.7474,11.4560,-0.066
2006-06-20,18.5659,21.2568,11.4560,0.058
2006-06-21,19.4090,22.0753,11.4230,0.433
2006-06-22,19.5038,22.2615,11.4350,0.185
2006-06-23,19.3633,22.1772,11.4400,-0.115
2006-06-26,19.3773,22.1596,11.4120,-0.208
2006-06-27,18.8469,21.5308,11.4180,-0.053
2006-06-28,18.9488,21.5694,11.3940,0.096
2006-06-29,19.8762,22.3879,11.3925,1.144
2006-06-30,20.0132,22.7954,11.2865,-0.910
2006-07-03,21.2532,23.8388,11.1540,-0.557
2006-07-05,20.7825,23.2908,11.1800,-0.240
2006-07-06,21.3095,23.5507,11.1220,0.636
2006-07-07,20.7439,22.8270,11.0315,0.248
2006-07-10,20.4839,22.5320,10.9560,-0.398
2006-07-11,20.7087,22.7427,10.9940,0.108
2006-07-12,20.5471,22.7954,11.0280,-0.597
2006-07-13,19.8621,22.1034,11.0450,-0.749
2006-07-14,19.3914,21.3551,11.0290,0.148
2006-07-17,19.1455,21.1338,10.9825,-0.508
2006-07-18,19.5635,21.3727,10.9615,0.336
2006-07-19,20.7017,22.5811,10.9080,0.001
2006-07-20,20.2626,22.1596,10.8660,-0.642
2006-07-21,20.0940,22.1174,10.9095,-0.886
2006-07-24,21.0214,22.8903,10.9270,0.349
2006-07-25,21.0003,22.8130,10.9190,0.514
2006-07-26,20.3820,22.3071,10.9410,-0.032
2006-07-27,19.9816,21.8504,10.8952,-0.367
2006-07-28,20.5015,22.2228,10.8950,0.511
2006-07-31,19.8973,21.7802,10.9160,-0.277
2006-08-01,19.6795,21.6537,11.0220,0.171
2006-08-02,20.0940,22.0542,10.9555,-0.182
2006-08-03,20.4734,22.4336,10.9800,0.206
2006-08-04,20.5015,22.3423,10.8910,-0.063
2006-08-07,20.3750,22.2369,10.8805,-0.305
2006-08-08,20.1361,21.9629,10.9110,0.035
2006-08-09,19.7146,21.4640,10.8315,-0.513
2006-08-10,19.5179,21.1479,10.8950,0.553
2006-08-11,19.6162,21.3165,10.8160,-0.467
2006-08-14,19.1876,20.8809,10.8005,-0.753
2006-08-15,19.7146,21.2954,10.8135,0.108
2006-08-16,20.3048,21.8996,10.7405,-0.417
2006-08-17,20.3820,22.0120,10.7505,-0.456
2006-08-18,20.6490,22.3563,10.8390,0.113
2006-08-21,20.5155,22.0612,10.8055,0.484
2006-08-22,20.4382,22.1526,10.8000,-0.358
2006-08-23,19.7497,21.6467,10.8480,-1.027
2006-08-24,19.7286,21.6186,10.9220,-0.328
2006-08-25,20.0237,21.9207,10.9640,0.152
2006-08-28,20.1502,21.9137,10.9320,0.523
2006-08-29,20.2345,22.0050,10.9030,0.257
2006-08-30,20.5155,22.3142,10.8765,-0.002
2006-08-31,20.2977,22.1034,10.9120,0.206
2006-09-01,20.8457,22.6233,10.8940,0.380
2006-09-05,21.0565,22.8551,10.8360,-0.168
2006-09-06,20.3258,22.3563,10.9355,-0.577
2006-09-07,20.2907,22.1947,11.0150,0.701
2006-09-08,19.8902,21.9629,11.0100,-0.290
2006-09-11,19.6865,21.7732,11.0651,0.046
2006-09-12,20.2485,22.2861,11.0320,0.234
2006-09-13,20.5647,22.5811,11.0010,0.186
2006-09-14,20.5507,22.5671,10.9846,0.031
2006-09-15,20.8036,22.7217,10.9455,0.215
2006-09-18,21.4992,23.3751,10.9275,0.505
2006-09-19,20.9441,22.9886,10.9385,-0.343
2006-09-20,21.2532,23.2275,10.9400,0.101
2006-09-21,20.6912,22.8692,10.9905,-0.562
2006-09-22,20.4172,22.5601,11.0705,0.190
2006-09-25,20.9230,23.1713,11.1030,0.257
2006-09-26,21.1408,23.2978,11.0450,0.224
2006-09-27,21.0425,23.2064,11.0135,-0.135
2006-09-28,21.1549,23.3048,11.0505,0.311
2006-09-29,21.1338,23.2908,10.9775,-0.391
2006-10-02,21.0284,23.0238,10.9710,0.202
2006-10-03,21.0776,23.2135,11.0435,0.274
2006-10-04,21.6818,23.7826,11.0560,0.794
2006-10-05,21.9488,24.1409,11.0166,0.163
2006-10-06,21.8996,24.0987,11.0576,0.486
2006-10-09,21.6748,23.9512,11.0576,0.067
2006-10-10,21.8856,24.1339,11.0590,0.288
2006-10-11,21.7099,23.8388,11.0120,0.286
2006-10-12,22.6092,24.5624,10.9400,0.701
2006-10-13,22.8762,24.7521,10.8750,0.508
2006-10-16,23.1362,25.0402,10.8330,0.093
2006-10-17,22.7498,24.6889,10.8685,0.149
2006-10-18,22.8411,24.8435,10.8238,-0.486
2006-10-19,22.8060,24.7240,10.7985,-0.392
2006-10-20,22.7076,24.6116,10.8205,-0.166
2006-10-23,22.6092,24.5133,10.8495,0.068
2006-10-24,22.8341,24.5905,10.8175,0.448
2006-10-25,23.0800,24.7873,10.7830,0.403
2006-10-26,22.4828,24.1971,10.7330,-0.274
2006-10-27,21.4640,23.0659,10.7065,-0.371
2006-10-30,21.0425,22.7146,10.7620,-0.303
2006-10-31,21.5975,23.2908,10.7670,-0.158
2006-11-01,21.4710,23.1292,10.7505,-0.202
2006-11-02,21.3657,23.1292,10.8355,0.093
2006-11-03,21.3235,23.0167,10.8020,0.073
2006-11-06,21.6959,23.5156,10.8250,-0.127
2006-11-07,21.5624,23.3540,10.8110,-0.184
2006-11-08,21.6045,23.4242,10.8660,0.219
2006-11-09,21.7591,23.6772,10.8628,-0.172
2006-11-10,21.9348,23.8950,10.9120,0.168
2006-11-13,22.0823,24.0355,10.9240,0.363
2006-11-14,22.3985,24.2954,10.8655,0.171
2006-11-15,22.7287,24.6186,10.8600,0.263
2006-11-16,22.5039,24.4781,10.8505,-0.246
2006-11-17,22.5320,24.6116,10.9670,0.403
2006-11-20,22.5601,24.6116,10.9590,0.455
2006-11-21,22.8341,24.9840,10.9973,0.510
2006-11-22,22.7989,24.8997,10.9705,0.449
2006-11-24,22.6163,24.8505,11.0225,0.315
2006-11-27,22.2720,24.7029,11.0536,-0.342
2006-11-28,22.3001,24.5484,11.0331,0.226
2006-11-29,22.6865,24.8645,11.0110,0.465
2006-11-30,22.8622,25.2018,11.0000,-0.212
2006-12-01,22.7076,25.2018,10.9860,-1.013
2006-12-04,22.9043,25.0472,10.9631,0.252
2006-12-05,23.1221,25.1034,10.8885,0.291
2006-12-06,23.0027,24.9348,10.8610,0.194
2006-12-07,22.6514,24.6678,10.8675,-0.208
2006-12-08,22.5601,24.4219,10.8525,0.251
2006-12-11,22.6654,24.6186,10.8365,-0.232
2006-12-12,22.8551,24.6186,10.8451,0.682
2006-12-13,22.9324,24.8575,10.8260,-0.124
2006-12-14,23.2697,25.0823,10.7920,0.121
2006-12-15,23.6210,25.4055,10.7675,0.112
2006-12-18,23.6210,25.5320,10.8175,0.078
2006-12-19,23.2767,25.3001,10.8470,-0.205
2006-12-20,23.0167,24.9208,10.8133,-0.129
2006-12-21,22.9605,25.0051,10.8420,-0.445
2006-12-22,22.5952,24.5765,10.8580,-0.173
2006-12-26,22.7919,24.8575,10.8725,-0.310
2006-12-27,23.4804,25.5390,10.8820,0.049
2006-12-28,23.6491,25.5461,10.8740,0.665
2006-12-29,23.8036,25.7217,10.7995,-0.058
2007-01-03,23.9020,25.9114,10.7650,-0.698
2007-01-04,23.6842,25.8973,10.8675,-0.612
2007-01-05,23.2837,25.4688,10.9590,0.188
2007-01-08,23.3961,25.6725,10.9735,0.005
2007-01-09,22.7638,25.0542,11.0245,0.167
2007-01-10,23.0448,25.2580,11.0200,0.544
2007-01-11,23.2978,25.6795,10.9590,-0.574
2007-01-12,23.4172,25.6444,10.9790,0.255
2007-01-16,23.8458,26.0941,10.9921,0.450
2007-01-17,24.4641,26.7405,10.9175,-0.119
2007-01-18,24.4500,26.6913,10.9226,0.054
2007-01-19,24.5905,26.8177,10.8860,-0.181
2007-01-22,24.6608,26.9583,10.9085,-0.212
2007-01-23,25.0753,27.3728,10.9610,0.410
2007-01-24,25.2369,27.4290,10.9487,0.737
2007-01-25,24.1760,26.6842,10.9875,-0.453
2007-01-26,24.1690,26.7896,11.0430,-0.373
2007-01-29,23.7826,26.5086,11.0920,-0.487
2007-01-30,24.5203,27.0566,11.0505,0.146
2007-01-31,24.8575,27.3517,11.0381,0.315
2007-02-01,25.2369,27.5976,10.9840,0.444
2007-02-02,25.6023,27.9700,11.0025,0.711
2007-02-05,25.2018,27.9700,10.9275,-1.540
2007-02-07,25.7639,28.2370,10.9400,-0.182
2007-02-08,25.6444,28.0051,10.9670,0.425
2007-02-09,25.1667,27.6889,10.9555,-0.425
2007-02-12,24.8364,27.4501,11.0120,-0.365
2007-02-13,25.0683,27.4290,10.9900,0.441
2007-02-14,25.9606,28.3634,10.9170,-0.078
2007-02-15,25.8622,28.3423,10.9520,-0.064
2007-02-16,25.6444,28.1035,10.9924,0.306
2007-02-20,25.8622,28.4337,10.9735,-0.189
2007-02-21,26.4032,29.0379,10.9895,-0.076
2007-02-22,26.2978,28.9466,10.9765,-0.279
2007-02-23,25.7147,28.3845,11.0285,-0.088
2007-02-26,25.6725,28.3283,11.0715,0.335
2007-02-27,24.0495,26.8388,11.1475,-0.110
2007-02-28,23.8950,26.7686,11.1575,-0.402
2007-03-01,23.3680,26.0730,11.1846,0.242
2007-03-02,22.6795,25.4407,11.1765,-0.365
2007-03-05,22.5039,25.1175,11.1740,0.113
2007-03-06,23.1994,25.8341,11.1403,0.042
2007-03-07,23.0448,25.8201,11.1550,-0.440
2007-03-08,23.5718,26.3540,11.1451,-0.315
2007-03-09,23.9933,26.6491,11.1170,0.091
2007-03-12,23.9161,26.6632,11.1570,0.075
2007-03-13,23.0097,25.8482,11.1615,-0.642
2007-03-14,23.0800,25.6866,11.1800,0.455
2007-03-15,23.2767,25.9746,11.1420,-0.153
2007-03-16,22.7638,25.5039,11.1580,-0.408
2007-03-19,22.9605,25.5039,11.1490,0.372
2007-03-20,23.2205,25.8833,11.1075,-0.352
2007-03-21,24.1971,26.8318,11.0795,-0.084
2007-03-22,24.5343,26.8950,11.0140,0.473
2007-03-23,24.1058,26.6421,11.0130,-0.354
2007-03-26,23.9793,26.5297,11.0255,-0.344
2007-03-27,23.4313,25.8692,11.0495,0.082
2007-03-28,23.0800,25.5742,11.0875,0.062
2007-03-29,23.0448,25.5390,11.0580,-0.219
2007-03-30,23.0097,25.4617,11.0427,-0.207
2007-04-02,23.0800,25.5601,11.0305,-0.398
2007-04-03,23.3540,25.6866,10.9785,-0.185
2007-04-04,22.9395,25.2861,10.9965,-0.240
2007-04-09,23.4172,25.7920,10.9710,-0.391
2007-04-10,24.8154,27.2252,11.0161,0.410
2007-04-11,24.3938,26.8318,10.9880,-0.104
2007-04-12,24.5905,27.0988,11.0125,-0.068
2007-04-13,24.4430,26.8458,10.9915,0.077
2007-04-16,24.5343,26.8810,10.9865,0.274
2007-04-17,24.3446,26.5999,10.9870,0.555
2007-04-18,24.0214,26.4524,10.9905,-0.195
2007-04-19,24.0566,26.3681,11.0005,0.362
2007-04-20,24.3236,26.6210,10.9864,0.382
2007-04-23,24.2392,26.5226,10.9685,0.242
2007-04-24,23.5015,25.7779,11.0030,0.314
2007-04-25,23.3891,25.5742,10.9385,0.039
2007-04-26,23.2275,25.3774,10.9260,0.004
2007-04-27,23.0097,25.0613,10.9240,0.297
2007-04-30,22.8341,25.0191,10.9295,-0.250
2007-05-02,22.9114,25.0191,10.9285,0.078
2007-05-03,23.7966,26.0238,10.8966,-0.360
2007-05-04,24.4781,26.6140,10.8825,0.091
2007-05-07,24.5203,26.5789,10.8504,0.100
2007-05-08,23.9512,25.9536,10.8475,0.106
2007-05-09,24.3306,26.3189,10.8231,0.054
2007-05-10,23.9020,25.9465,10.8175,-0.349
2007-05-11,24.2322,26.1573,10.8125,0.167
2007-05-14,23.9090,25.8763,10.7981,-0.228
2007-05-15,23.8177,25.7217,10.7975,-0.018
2007-05-16,24.3657,26.1362,10.7951,0.638
2007-05-17,24.4289,26.4102,10.8000,-0.102
2007-05-18,24.6748,26.5578,10.8222,0.549
2007-05-21,24.8294,26.6913,10.7940,0.411
2007-05-22,24.9910,26.9161,10.7641,-0.058
2007-05-23,24.8224,26.7264,10.7705,0.032
2007-05-24,24.4922,26.4805,10.8332,0.198
2007-05-25,24.8997,26.8810,10.7750,-0.192
2007-05-29,25.7147,27.7451,10.7965,0.064
2007-05-30,27.1339,29.1363,10.8125,0.694
2007-05-31,27.3166,29.3049,10.7380,0.094
2007-06-01,27.9067,29.8599,10.7116,0.109
2007-06-04,28.0332,30.0777,10.7465,0.160
2007-06-05,28.1597,30.4009,10.7950,-0.008
2007-06-06,27.5414,29.9653,10.8575,-0.208
2007-06-07,26.7896,29.3330,10.8985,-0.465
2007-06-08,27.4571,29.9091,10.9785,0.785
2007-06-11,27.7803,30.2253,10.9146,0.317
2007-06-12,27.2463,29.9372,10.9243,-0.576
2007-06-13,27.7100,30.1620,10.9580,0.672
2007-06-14,27.7241,30.1339,10.9085,0.361
2007-06-15,28.6796,30.9419,10.8095,0.192
2007-06-18,28.6093,30.7733,10.7665,0.094
2007-06-19,27.3166,29.4033,10.7404,-0.218
2007-06-20,26.8669,29.1363,10.7785,-0.610
2007-06-21,27.3658,29.5719,10.8175,0.105
2007-06-22,27.1690,29.3189,10.7950,0.034
2007-06-25,26.8318,29.0590,10.8151,-0.138
2007-06-26,26.0519,28.3353,10.8350,-0.381
2007-06-27,25.9114,27.9419,10.8671,0.774
2007-06-28,26.1714,28.2018,10.7855,0.090
2007-06-29,25.9255,27.9559,10.7901,0.064
2007-07-02,26.2557,28.2159,10.7710,0.227
2007-07-03,26.3400,29.2065,10.7681,-2.888
2007-07-05,26.2627,28.3634,10.7930,-0.064
2007-07-06,26.2557,28.1878,10.7805,0.416
2007-07-09,25.9957,27.9911,10.7562,-0.106
2007-07-10,25.7639,27.9770,10.7800,-0.728
2007-07-11,25.7990,27.8084,10.8250,0.428
2007-07-12,25.9746,27.9067,10.7805,0.341
2007-07-13,26.1995,28.1878,10.7651,0.057
2007-07-16,25.3283,27.4360,10.7706,-0.568
2007-07-17,24.9980,26.7686,10.7600,0.483
2007-07-18,25.1526,27.0215,10.7510,0.074
2007-07-19,25.2439,27.1058,10.7276,-0.093
2007-07-20,24.5062,26.4805,10.7966,-0.083
2007-07-23,24.4992,26.3821,10.7574,-0.104
2007-07-24,24.1198,26.0098,10.7895,0.055
2007-07-25,23.9301,25.9606,10.8680,0.180
2007-07-26,23.1362,25.3634,10.9445,-0.166
2007-07-27,22.7498,25.0613,11.0110,-0.046
2007-07-30,22.9957,25.1386,10.9790,0.431
2007-07-31,22.7217,24.9208,10.9311,-0.335
2007-08-01,22.0964,24.2533,10.9605,-0.143
2007-08-02,22.6584,24.7802,10.9330,-0.031
2007-08-03,22.2298,24.4570,10.9645,-0.340
2007-08-06,21.9418,24.0425,10.9780,0.188
2007-08-07,22.6795,24.9137,10.9625,-0.206
2007-08-08,23.2978,25.2861,10.9265,0.673
2007-08-09,23.1362,25.3423,10.9770,0.214
2007-08-10,22.6514,24.8505,10.9988,0.255
2007-08-13,22.9043,25.2158,10.9865,-0.206
2007-08-14,22.3212,24.8435,11.0450,-0.764
2007-08-15,21.0425,23.5648,11.1220,-0.685
2007-08-16,20.6842,23.2767,11.2692,0.140
2007-08-17,21.0987,23.4664,11.1320,0.088
2007-08-20,21.0284,23.4242,11.1230,-0.147
2007-08-21,20.8036,23.1643,11.1185,-0.146
2007-08-22,21.7310,24.0987,11.0630,-0.239
2007-08-23,21.7099,24.0355,11.0755,0.039
2007-08-24,22.3985,24.6678,11.0310,0.162
2007-08-27,22.2298,24.6116,11.0405,-0.279
2007-08-28,21.1268,23.5577,11.0990,-0.463
2007-08-29,21.6678,24.0144,11.0850,0.018
2007-08-30,21.8575,24.3025,11.0845,-0.307
2007-08-31,22.6865,25.0051,11.0320,0.091
2007-09-04,23.0238,25.4196,11.0286,-0.109
2007-09-05,22.6725,25.0964,11.0866,0.158
2007-09-06,22.6584,25.1034,11.0550,-0.217
2007-09-07,21.7661,24.4851,11.1255,-1.100
2007-09-10,21.0144,23.4875,11.1475,-0.263
2007-09-11,21.0776,23.4523,11.1076,-0.171
2007-09-12,20.8949,23.2486,11.0675,-0.530
2007-09-13,21.1057,23.4875,11.0731,-0.498
2007-09-14,20.4945,22.7427,11.1095,0.112
2007-09-17,19.9816,22.2509,11.1482,0.112
2007-09-18,21.0425,23.1713,11.0925,0.734
2007-09-19,20.7755,22.8692,10.9880,-0.180
2007-09-20,20.6490,22.7568,10.9676,-0.482
2007-09-21,20.5717,22.5671,10.9456,-0.222
2007-09-24,20.3399,22.3071,10.9385,-0.262
2007-09-25,20.3258,22.0964,10.9413,0.646
2007-09-26,19.9675,21.7380,10.9265,0.366
2007-09-27,20.6139,22.4757,10.9255,0.204
2007-09-28,21.0214,23.0519,10.9315,-0.314
2007-10-01,21.4921,23.3470,10.9130,0.460
2007-10-02,22.7989,24.7873,10.9101,0.349
2007-10-03,22.4266,24.3727,10.8730,0.048
2007-10-04,22.5249,24.5414,10.8910,-0.039
2007-10-05,23.1151,25.0402,10.8474,0.135
2007-10-08,22.9676,24.9840,10.8474,-0.281
2007-10-09,23.0519,24.9629,10.8281,-0.008
2007-10-10,22.7919,24.6257,10.8402,0.330
2007-10-11,22.8341,24.8083,10.8120,-0.484
2007-10-12,23.3891,25.2369,10.8250,0.324
2007-10-15,23.1081,24.9980,10.8085,-0.087
2007-10-16,22.8692,24.6889,10.8368,0.381
2007-10-17,22.7146,24.5835,10.8145,-0.076
2007-10-18,21.9558,23.7404,10.8150,0.020
2007-10-19,21.0214,22.7779,10.7945,-0.379
2007-10-22,20.6701,22.4406,10.8381,-0.170
2007-10-23,20.9160,22.5811,10.8288,0.303
2007-10-24,20.8457,22.5320,10.8425,0.311
2007-10-25,20.8739,22.5811,10.8385,0.190
2007-10-26,21.3657,22.9254,10.7620,0.298
2007-10-29,21.5694,23.1081,10.7087,-0.043
2007-10-30,21.0495,22.6022,10.7180,-0.183
2007-10-31,21.5483,22.7357,10.6996,1.408
2007-11-01,20.4593,21.8504,10.6670,-0.121
2007-11-05,19.5530,21.0495,10.7306,-0.323
2007-11-06,19.7005,21.0354,10.7030,0.238
2007-11-07,19.0893,20.6631,10.7370,-0.808
2007-11-08,18.7591,20.2275,10.8165,0.313
2007-11-09,18.8645,20.7474,10.8806,-1.069
2007-11-12,18.1197,19.7427,10.8806,-0.139
2007-11-13,19.2509,20.9160,10.8921,0.250
2007-11-14,19.0331,20.7895,10.8690,-0.493
2007-11-15,18.5694,20.2556,10.9200,0.109
2007-11-16,18.3516,20.0589,10.9291,-0.011
2007-11-19,17.8387,20.0589,10.9925,-2.242
2007-11-21,17.8879,19.6935,11.0005,-0.081
2007-11-23,18.2040,19.8551,10.9755,0.628
2007-11-26,18.0846,19.9254,10.9870,-0.280
2007-11-27,18.3726,20.0589,10.9745,0.520
2007-11-28,19.9324,21.7310,10.9340,0.290
2007-11-29,19.7638,21.6537,10.9385,-0.162
2007-11-30,20.1010,21.8575,10.8960,0.204
2007-12-03,19.9605,21.6959,10.9070,0.346
2007-12-04,19.2649,20.8317,10.9080,0.876
2007-12-05,19.5108,21.1268,10.8530,0.229
2007-12-06,20.2134,21.8294,10.8346,0.326
2007-12-07,20.3258,21.9629,10.8140,0.080
2007-12-10,20.3750,22.0120,10.8195,0.149
2007-12-11,19.4265,21.1970,10.8001,-1.020
2007-12-12,19.0963,21.1970,10.8105,-2.609
2007-12-13,18.8855,20.3610,10.8300,0.452
2007-12-14,18.5132,20.0097,10.8240,0.145
2007-12-17,17.9019,19.3914,10.8509,0.174
2007-12-18,17.9932,19.5460,10.8601,-0.026
2007-12-19,17.8738,19.4125,10.8455,-0.141
2007-12-20,17.8106,19.2439,10.8405,0.331
2007-12-21,18.1408,19.6443,10.8225,-0.058
2007-12-24,18.4078,19.9535,10.8130,-0.246
2007-12-26,18.8364,20.4804,10.8130,-0.550
2007-12-27,18.5272,20.1994,10.8670,-0.326
2007-12-28,18.6185,20.3329,10.8958,-0.229
2007-12-31,18.1619,19.8762,10.9169,-0.247
2008-01-02,18.1900,19.7989,10.9020,0.161
2008-01-03,18.2602,19.8902,10.8821,-0.097
2008-01-04,17.5576,19.2649,10.9270,-0.414
2008-01-07,17.4523,19.0190,10.9175,0.181
2008-01-08,17.3820,19.1244,10.8887,-1.034
2008-01-09,17.4874,19.0471,10.9730,0.744
2008-01-10,17.8106,19.5038,10.9575,0.062
2008-01-11,17.7684,19.3773,10.9220,0.151
2008-01-14,17.4171,18.9698,10.9155,0.220
2008-01-15,16.5459,18.1970,10.9177,-0.729
2008-01-16,16.5108,18.1478,10.9360,-0.505
2008-01-17,15.7731,17.2977,10.9410,-0.233
2008-01-18,16.1454,17.5085,10.9375,0.860
2008-01-22,16.7426,17.9722,10.9260,1.785
2008-01-23,17.4101,18.9136,10.9529,0.822
2008-01-24,18.2813,19.9394,10.8910,-0.147
2008-01-25,17.1220,18.7239,10.8680,-0.618
2008-01-28,16.8621,18.3726,10.8730,-0.210
2008-01-29,17.9019,19.2298,10.8405,0.919
2008-01-30,17.8457,19.2720,10.8315,0.299
2008-01-31,18.9979,20.7825,10.8190,-1.100
2008-02-01,19.5108,21.0565,10.8120,0.183
2008-02-05,17.7754,19.3563,10.8236,-0.604
2008-02-06,17.8387,19.2579,10.8178,0.206
2008-02-07,18.1408,19.4546,10.7946,0.656
2008-02-08,18.3164,19.7497,10.7580,-0.227
2008-02-11,18.6045,20.0026,10.7725,0.195
2008-02-12,18.3937,19.7567,10.7481,0.066
2008-02-13,18.6607,20.0589,10.7500,0.007
2008-02-14,18.3586,19.7497,10.7457,-0.112
2008-02-15,18.2813,19.7286,10.7660,-0.238
2008-02-19,18.7520,20.1432,10.7460,0.039
2008-02-20,18.9698,20.4382,10.7990,0.231
2008-02-21,19.3071,20.9933,10.7980,-0.693
2008-02-22,19.3773,20.8106,10.7751,0.330
2008-02-25,19.6373,21.0776,10.7915,0.541
2008-02-26,20.0659,21.4711,10.7320,0.296
2008-02-27,19.9464,21.2743,10.7360,0.659
2008-02-28,20.2696,21.6116,10.6730,0.103
2008-02-29,19.3563,20.6560,10.7263,0.513
2008-03-03,19.2368,20.5858,10.7001,-0.011
2008-03-04,18.9558,20.3258,10.7175,-0.049
2008-03-05,19.0120,20.3539,10.7015,-0.041
2008-03-06,18.0424,19.6303,10.7650,-1.058
2008-03-07,17.6701,19.1385,10.8441,0.121
2008-03-10,17.6630,19.1947,10.8490,-0.167
2008-03-11,18.7591,20.2556,10.7970,-0.007
2008-03-12,19.0401,20.5296,10.7810,-0.012
2008-03-13,19.8129,21.2743,10.7775,0.372
2008-03-14,18.3235,19.7919,10.7615,-0.369
2008-03-18,18.2110,19.4546,10.7165,0.315
2008-03-19,17.4031,18.8012,10.6965,-0.989
2008-03-24,18.7029,19.8692,10.6700,0.437
2008-03-25,19.0612,20.2837,10.6810,0.373
2008-03-26,18.8082,20.2485,10.6915,-0.690
2008-03-27,18.8153,20.1432,10.6935,-0.114
2008-03-28,18.1829,19.5038,10.6925,-0.316
2008-03-31,18.3516,19.7567,10.6300,-1.260
2008-04-01,19.3492,20.5085,10.6005,0.013
2008-04-02,19.3211,20.5085,10.5525,-0.585
2008-04-03,19.3071,20.3399,10.5665,0.300
2008-04-04,18.4921,19.5530,10.5661,-0.072
2008-04-07,19.2228,20.2767,10.5400,-0.078
2008-04-08,18.9558,20.0448,10.5610,-0.128
2008-04-09,18.5623,19.6865,10.5565,-0.463
2008-04-10,18.7942,19.7286,10.5490,0.494
2008-04-11,18.2954,19.2790,10.5270,-0.101
2008-04-14,18.0284,18.8645,10.4788,0.144
2008-04-15,18.1127,18.9417,10.4840,0.251
2008-04-16,18.3094,19.2228,10.4616,-0.355
2008-04-17,18.4148,19.3001,10.4775,-0.031
2008-04-18,18.7801,19.7497,10.4605,-0.530
2008-04-21,19.2368,20.2977,10.5245,-0.256
2008-04-22,19.5600,20.5015,10.5165,0.336
2008-04-23,18.9207,19.8762,10.4915,-0.129
2008-04-24,19.3914,20.3258,10.4560,-0.247
2008-04-25,19.6935,20.6701,10.4675,-0.271
2008-04-28,19.5038,20.3610,10.4415,0.019
2008-04-29,19.1876,20.2837,10.5322,-0.369
2008-04-30,19.4265,20.4664,10.5101,-0.239
2008-05-01,19.5881,20.4664,10.4890,0.389
2008-05-02,19.6724,20.5085,10.4575,0.312
2008-05-05,20.1853,21.2111,10.4711,-0.353
2008-05-06,20.4453,21.5905,10.4915,-0.650
2008-05-07,19.7638,20.9020,10.5411,-0.329
2008-05-08,19.9816,21.3235,10.5335,-1.294
2008-05-09,20.0307,21.2181,10.5701,-0.214
2008-05-12,19.9745,20.9582,10.4855,-0.066
2008-05-13,20.0307,21.0214,10.4870,-0.072
2008-05-14,20.3048,21.4008,10.4885,-0.487
2008-05-15,20.7755,21.7521,10.4670,-0.029
2008-05-16,21.6256,22.5179,10.4300,0.167
2008-05-19,22.3914,23.2275,10.3750,0.016
2008-05-20,21.9629,22.7287,10.3965,0.462
2008-05-21,21.6748,22.5320,10.3650,-0.293
2008-05-22,21.9348,22.6936,10.3840,0.368
2008-05-23,21.6467,22.4476,10.3945,0.236
2008-05-27,21.5483,22.3774,10.3970,0.118
2008-05-28,20.9371,21.5905,10.3425,0.295
2008-05-29,20.1853,20.8598,10.3055,-0.277
2008-05-30,19.9816,20.6631,10.3290,-0.117
2008-06-02,19.6443,20.2696,10.3390,0.200
2008-06-03,19.7919,20.5507,10.2900,-0.899
2008-06-04,20.0940,20.8528,10.3200,-0.555
2008-06-05,20.3329,20.9582,10.3120,0.043
2008-06-06,19.6865,20.4312,10.3680,-0.099
2008-06-09,19.1806,19.8200,10.3640,0.297
2008-06-10,18.7942,19.6514,10.3880,-0.651
2008-06-11,18.0354,18.9628,10.4365,-0.739
2008-06-12,18.1619,18.7380,10.3890,0.696
2008-06-13,18.0916,18.6958,10.3665,0.315
2008-06-16,18.0776,18.7380,10.3341,-0.301
2008-06-17,17.9230,18.4851,10.3170,0.033
2008-06-18,17.1291,17.7403,10.2940,-0.607
2008-06-19,17.1080,17.7052,10.3180,-0.300
2008-06-20,16.8059,17.3188,10.2735,-0.307
2008-06-23,16.7216,17.2626,10.2970,-0.257
2008-06-24,16.8480,17.3960,10.2925,-0.317
2008-06-25,17.4804,17.9722,10.2895,0.079
2008-06-26,17.0799,17.5857,10.2721,-0.234
2008-06-27,17.2766,17.8457,10.3011,-0.274
2008-06-30,17.3539,17.9370,10.3035,-0.315
2008-07-01,16.8902,17.5506,10.3850,-0.058
2008-07-02,16.1244,16.7426,10.3710,-0.120
2008-07-03,16.3913,16.9885,10.3695,0.050
2008-07-07,16.1033,16.6864,10.3216,-0.391
2008-07-08,16.5459,17.1923,10.3385,-0.502
2008-07-09,16.4897,17.0307,10.3035,-0.238
2008-07-10,16.1876,16.5810,10.3051,0.606
2008-07-11,15.6185,16.0752,10.3085,0.156
2008-07-14,15.3094,15.7520,10.2955,0.062
2008-07-15,14.9440,15.4358,10.3215,-0.074
2008-07-16,15.2532,15.7660,10.2593,-0.744
2008-07-17,15.8785,16.2438,10.2235,-0.064
2008-07-18,15.8785,16.1595,10.2030,0.256
2008-07-21,15.7590,16.0260,10.1710,0.016
2008-07-22,16.3632,16.3773,10.1259,1.172
2008-07-23,16.2860,16.3281,10.0470,0.211
2008-07-24,15.5131,15.5763,10.0265,-0.142
2008-07-25,15.5623,15.5763,10.0255,0.165
2008-07-28,15.2742,15.3726,10.0740,0.095
2008-07-29,15.7520,15.7731,10.0620,0.486
2008-07-30,15.3304,15.3585,10.0345,0.161
2008-07-31,14.9370,15.0213,10.0345,-0.218
2008-08-01,14.2906,14.1923,9.9720,0.411
2008-08-04,14.2695,14.1923,9.9355,-0.104
2008-08-05,15.3515,15.1829,9.9166,0.267
2008-08-06,15.3304,15.2321,9.9518,0.161
2008-08-07,14.8808,14.8808,10.0070,0.070
2008-08-08,14.9862,15.2461,10.1261,-0.466
2008-08-11,15.3094,15.6466,10.1360,-0.825
2008-08-12,15.4710,15.6536,10.1671,0.485
2008-08-13,15.2461,15.4639,10.2055,0.618
2008-08-14,15.2391,15.4429,10.1680,0.338
2008-08-15,15.2742,15.5904,10.2045,-0.024
2008-08-18,14.8948,15.1267,10.1411,-0.143
2008-08-19,14.5084,14.6981,10.1885,0.570
2008-08-20,14.5998,14.6981,10.1400,0.721
2008-08-21,14.3398,14.4522,10.1060,0.274
2008-08-22,14.4873,14.7051,10.1167,-0.331
2008-08-25,14.2414,14.4382,10.1210,-0.169
2008-08-26,13.9604,14.1220,10.1781,0.616
2008-08-27,14.0236,14.1501,10.1420,0.514
2008-08-28,14.1431,14.4592,10.2035,-0.196
2008-08-29,14.0869,14.5435,10.2970,-0.263
2008-09-02,14.6700,15.1056,10.3850,0.855
2008-09-03,14.7192,15.3515,10.3803,-0.473
2008-09-04,14.2133,14.8808,10.4625,-0.068
2008-09-05,14.2625,14.9229,10.4965,0.320
2008-09-08,14.9581,15.7590,10.5185,-0.161
2008-09-09,14.3468,15.1478,10.5070,-0.486
2008-09-10,14.3679,15.1688,10.6025,0.427
2008-09-11,14.1571,14.9721,10.6590,0.788
2008-09-12,13.1384,13.8480,10.5755,0.336
2008-09-15,12.1969,13.1946,10.7116,-0.983
2008-09-17,11.9721,13.0892,10.8809,-0.477
2008-09-18,12.0283,13.8691,10.8490,-5.909
2008-09-19,13.8339,14.5716,10.6060,0.691
2008-09-22,13.4124,14.1501,10.5935,0.412
2008-09-23,12.6887,13.7215,10.7220,-0.850
2008-09-24,12.6676,13.5880,10.7920,0.610
2008-09-25,12.9206,13.9393,10.7680,-0.190
2008-09-26,12.6747,13.6723,10.7955,0.078
2008-09-29,11.3257,12.6747,10.9160,-2.458
2008-09-30,12.0985,13.1735,10.9726,0.772
2008-10-01,11.5294,12.6817,10.9705,-0.263
2008-10-02,10.5388,11.7824,11.1150,-0.581
2008-10-03,9.5552,10.9885,11.1245,-3.265
2008-10-06,8.2694,9.6957,11.7030,-0.185
2008-10-07,7.8760,9.3304,12.1150,2.266
2008-10-08,7.1102,8.7121,13.1390,7.231
2008-10-09,5.7401,7.3912,12.3788,-3.864
2008-10-10,4.9884,6.2179,12.9806,4.138
2008-10-13,5.8315,6.9275,12.9806,9.269
2008-10-14,6.3022,7.8971,12.4251,-0.842
2008-10-15,5.4169,6.9205,12.7240,-0.404
2008-10-16,4.9392,6.5762,13.1100,-1.535
2008-10-17,5.2483,6.6675,12.8303,0.993
2008-10-20,5.5504,7.1242,12.7810,-0.424
2008-10-21,5.3607,7.0399,13.1850,0.401
2008-10-22,4.7565,6.4989,13.5938,-0.508
2008-10-23,4.7706,6.4287,13.6100,0.997
2008-10-24,4.2436,5.6066,13.5885,2.850
2008-10-27,4.0610,5.3467,13.2743,0.822
2008-10-28,4.5598,5.9369,13.3625,2.630
2008-10-29,4.8970,6.2882,12.9232,0.642
2008-10-30,5.2062,6.6254,12.8650,1.092
2008-10-31,5.3116,6.7519,12.7050,-0.052
2008-11-03,5.5294,7.0540,12.7977,0.317
2008-11-04,5.7050,7.1875,12.4705,-1.016
2008-11-05,5.2835,6.7870,12.6360,-1.633
2008-11-06,5.0024,6.5341,12.9600,-0.779
2008-11-07,4.9181,6.1898,12.8525,2.120
2008-11-10,4.7003,5.9931,12.8150,0.507
2008-11-11,4.3701,5.7472,12.8150,-2.556
2008-11-12,4.0188,5.2483,13.0950,0.272
2008-11-13,3.9556,5.0305,13.2900,4.501
2008-11-14,3.6113,4.7776,13.0028,-1.714
2008-11-18,3.3373,4.3209,13.1450,1.526
2008-11-19,3.2178,4.3771,13.1513,-3.318
2008-11-20,3.0141,4.1734,13.5610,-2.059
2008-11-21,2.8806,4.0680,13.9350,-1.324
2008-11-24,3.2249,4.4122,13.4620,-1.607
2008-11-25,3.5762,4.8619,13.2705,-2.389
2008-11-26,4.6371,6.0703,13.2200,0.986
2008-11-28,4.8830,6.7378,13.3900,-2.961
2008-12-01,4.2507,5.8807,13.5700,-1.913
2008-12-02,4.6090,6.2038,13.4653,0.037
2008-12-03,4.7214,6.4287,13.5500,-0.485
2008-12-04,4.8268,6.6394,13.5100,-1.784
2008-12-05,5.1500,7.0048,13.8002,1.460
2008-12-08,6.6043,8.8877,13.4650,0.056
2008-12-09,6.9626,9.5411,13.5055,-1.444
2008-12-10,7.4544,9.8994,13.4665,1.405
2008-12-11,6.0633,8.0235,13.0910,-1.072
2008-12-15,5.6769,7.5247,13.3055,0.381
2008-12-16,6.6605,8.6207,13.2230,2.163
2008-12-17,6.9837,9.2320,13.1700,-0.373
2008-12-18,6.9205,9.0212,13.1800,1.108
2008-12-19,6.4989,8.5716,13.1225,-0.506
2008-12-22,6.0633,8.0376,13.1830,-0.551
2008-12-23,6.3444,8.4310,13.2210,-0.512
2008-12-24,6.1828,8.2694,13.3300,-0.336
2008-12-26,6.2952,8.3819,13.3650,0.378
2008-12-29,6.3654,8.7191,13.5225,-1.278
2008-12-30,6.4146,8.7823,13.7600,0.503
2008-12-31,6.4216,8.9299,13.8320,-0.531
2009-01-02,7.0188,9.6606,13.7815,0.129
2009-01-05,7.3139,9.7870,13.5225,1.055
2009-01-06,7.4123,9.8432,13.3300,0.379
2009-01-07,7.0259,9.4076,13.3955,0.041
2009-01-08,7.2296,9.8362,13.4950,-0.812
2009-01-09,7.3069,10.0119,13.7080,0.044
2009-01-12,6.5903,9.0844,13.7725,-0.088
2009-01-13,6.8362,9.4147,13.8360,0.466
2009-01-14,6.4989,9.1407,14.0805,0.111
2009-01-15,6.6535,9.2531,14.1600,1.819
2009-01-16,6.8432,9.4849,13.9250,0.466
2009-01-20,5.9228,8.3046,13.9155,-0.755
2009-01-21,6.1968,8.5294,13.9275,1.187
2009-01-22,5.9298,8.3186,13.9675,-0.434
2009-01-23,5.9720,8.3467,14.0700,0.669
2009-01-26,5.8525,8.2062,13.9480,-0.525
2009-01-27,5.9298,8.3889,14.1850,0.269
2009-01-28,6.2530,8.7050,14.1220,1.441
2009-01-29,5.6066,8.0446,14.2021,-1.019
2009-01-30,5.4732,7.9392,14.3330,-1.191
2009-02-02,5.3467,7.9392,14.4960,-2.376
2009-02-03,5.6347,8.1430,14.5825,0.907
2009-02-04,5.8174,8.4170,14.4650,-0.025
2009-02-05,5.7963,8.2835,14.3180,0.190
2009-02-06,6.0563,8.6840,14.1777,-1.123
2009-02-09,6.2390,8.8456,14.1340,-0.310
2009-02-10,5.8385,8.4943,14.3775,-1.177
2009-02-11,5.6066,8.0797,14.5423,0.911
2009-02-12,5.7963,8.3608,14.5880,1.135
2009-02-13,5.6839,8.2413,14.4650,-0.237
2009-02-17,4.9532,7.3772,14.6205,-1.834
2009-02-18,4.8830,7.1594,14.6530,-0.060
2009-02-19,4.4895,6.6465,14.5886,-1.458
2009-02-20,4.2155,6.2811,14.8360,-0.430
2009-02-23,3.9626,5.9720,14.8600,-1.400
2009-02-24,4.4122,6.6324,14.8350,-1.310
2009-02-25,4.1874,6.3725,14.9260,-1.920
2009-02-26,4.0258,6.0774,14.9728,-0.816
2009-02-27,3.7869,5.7753,15.0880,-1.065
2009-03-02,3.3724,5.2202,15.4060,-0.473
2009-03-03,3.5972,5.5575,15.3410,-0.700
2009-03-04,3.7518,5.8244,15.1750,-2.250
2009-03-05,3.2038,4.9251,15.3153,-0.374
2009-03-06,3.0352,4.6582,15.2540,-0.607
2009-03-09,2.8244,4.3701,15.3815,-0.589
2009-03-10,3.2389,5.0024,15.2872,-1.020
2009-03-11,3.5200,5.3045,15.1683,0.653
2009-03-12,4.0961,6.0141,14.9222,1.631
2009-03-13,4.2085,6.0633,14.5850,1.233
2009-03-17,4.0188,5.6066,14.0240,0.523
2009-03-18,4.2155,5.8736,14.1305,1.415
2009-03-19,4.0820,5.8034,14.0600,-1.103
2009-03-20,3.5410,5.1008,14.1400,-1.838
2009-03-23,4.0118,5.7050,14.2725,0.365
2009-03-24,4.2436,6.1055,14.3030,-0.587
2009-03-25,4.3560,6.1898,14.2210,0.080
2009-03-26,4.5457,6.4919,14.2310,-0.352
2009-03-27,4.5176,6.4989,14.3150,-0.491
2009-03-30,4.2225,6.0844,14.3820,-0.190
2009-03-31,4.3912,6.2671,14.2100,-0.434
2009-04-01,4.6652,6.5411,13.8882,-0.948
2009-04-02,5.2413,7.1594,13.8300,1.248
2009-04-03,5.2483,7.0750,13.6310,1.116
2009-04-06,5.2062,7.0329,13.6500,1.045
2009-04-07,5.1710,6.9837,13.5750,0.515
2009-04-08,5.2272,6.9907,13.3625,-0.083
2009-04-13,5.7120,7.5177,13.0880,-0.556
2009-04-14,5.4591,7.2156,13.0835,-1.014
2009-04-15,5.5504,7.1804,13.1685,1.792
2009-04-16,5.7753,7.5317,13.0470,0.043
2009-04-17,5.9650,7.7285,13.1350,1.378
2009-04-20,5.3116,7.1594,13.3285,-1.115
2009-04-21,5.4732,7.2015,13.1220,-0.273
2009-04-22,5.4591,7.2015,13.1288,-0.477
2009-04-23,5.4521,7.2085,13.3270,0.797
2009-04-24,5.7120,7.5177,13.2445,0.633
2009-04-27,5.2975,7.3701,13.7072,-1.475
2009-04-28,5.1289,7.0610,13.8850,0.856
2009-04-29,5.1640,7.0610,13.5750,-0.720
2009-04-30,5.2553,7.1664,13.8010,1.207
2009-05-04,6.4708,8.5575,13.3005,0.573
2009-05-05,6.8081,8.9931,13.2030,-0.049
2009-05-06,7.2858,9.5411,13.1975,0.779
2009-05-07,7.0118,9.2109,13.0860,-0.383
2009-05-08,7.0821,9.1969,13.1061,0.924
2009-05-11,6.7800,8.8526,13.1100,0.406
2009-05-12,6.4006,8.4100,13.2325,0.709
2009-05-13,6.0071,7.9744,13.3153,0.305
2009-05-14,6.2460,8.2624,13.3010,0.549
2009-05-15,6.1968,8.2554,13.2075,-0.859
2009-05-18,6.6746,8.7332,13.1200,0.274
2009-05-19,6.8362,8.8596,12.9530,-0.053
2009-05-20,7.1102,9.2039,12.8845,-0.465
2009-05-21,6.7378,8.7964,13.0875,0.247
2009-05-22,6.6675,8.7823,13.1675,-0.032
2009-05-26,7.0048,9.2179,13.1335,-0.197
2009-05-27,6.8783,9.1055,13.1501,-0.664
2009-05-28,7.0610,9.3374,13.2300,0.046
2009-05-29,7.1315,9.3455,13.1820,0.591
2009-06-01,7.9134,10.4489,13.1565,-0.360
2009-06-02,7.9938,10.5804,13.2825,0.353
2009-06-03,7.5480,10.0543,13.3050,-0.116
2009-06-04,7.6065,10.0835,13.2557,-0.006
2009-06-05,7.5992,10.0470,13.2950,0.559
2009-06-08,7.4165,9.9374,13.4570,0.433
2009-06-09,7.5553,10.2150,13.5000,-0.150
2009-06-10,7.8695,10.6535,13.6360,0.727
2009-06-11,7.9938,10.6608,13.4400,0.777
2009-06-12,8.2860,11.1723,13.4010,-0.610
2009-06-15,7.5261,10.0762,13.4305,0.315
2009-06-16,7.0073,9.4844,13.3420,-1.425
2009-06-17,6.6858,9.0094,13.4700,-0.040
2009-06-18,6.9416,9.3528,13.3410,-0.985
2009-06-19,6.8100,9.1848,13.3380,-1.106
2009-06-22,6.5397,8.7464,13.3715,-0.021
2009-06-23,6.5251,8.7464,13.3219,-0.614
2009-06-24,6.6785,8.8706,13.2825,0.002
2009-06-25,6.8612,9.0459,13.2890,0.795
2009-06-26,6.9489,9.2067,13.2425,-0.051
2009-06-29,7.0146,9.2213,13.1835,0.287
2009-06-30,6.8246,8.9948,13.1700,-0.075
2009-07-01,7.0219,9.2286,13.0965,-0.350
2009-07-02,6.5762,8.7683,13.1600,-1.300
2009-07-06,6.3424,8.4395,13.2535,-0.398
2009-07-07,6.0428,8.1034,13.2698,-1.045
2009-07-08,5.7432,7.8330,13.4790,-1.171
2009-07-09,5.8674,7.9572,13.5545,-0.053
2009-07-10,5.6921,7.8038,13.7200,0.074
2009-07-13,5.7725,7.9791,13.8025,-0.147
2009-07-14,5.7578,7.8988,13.7850,0.486
2009-07-15,6.1889,8.4249,13.5965,-0.119
2009-07-16,6.3716,8.6733,13.5680,-0.326
2009-07-17,6.4885,8.6587,13.3900,0.340
2009-07-20,6.7224,8.9510,13.3180,0.021
2009-07-21,6.6712,8.8925,13.3053,-0.183
2009-07-22,6.8100,9.0240,13.2335,-0.133
2009-07-23,7.1827,9.4624,13.1625,-0.087
2009-07-24,7.1608,9.4259,13.2210,0.439
2009-07-27,7.0439,9.3821,13.2205,-0.743
2009-07-28,7.0000,9.2798,13.2590,0.017
2009-07-29,6.4082,8.5345,13.2700,-0.361
2009-07-30,6.8758,9.0971,13.2210,-0.073
2009-07-31,6.8612,9.0825,13.2025,-0.264
2009-08-03,7.1315,9.3894,13.1310,-0.266
2009-08-04,7.2923,9.6451,13.1025,-0.937
2009-08-05,7.5042,9.8278,13.1095,0.100
2009-08-06,7.7526,10.1128,12.9970,-0.363
2009-08-07,7.9864,10.3247,12.9305,0.021
2009-08-10,7.9718,10.2954,12.9192,0.034
2009-08-11,7.8695,10.2004,12.9925,0.236
2009-08-12,8.0084,10.3977,12.9668,-0.129
2009-08-13,8.1399,10.5146,12.8705,-0.363
2009-08-14,7.8622,10.1566,12.8799,-0.297
2009-08-17,8.0084,10.4196,12.9850,-0.199
2009-08-18,8.4176,10.8873,12.9598,0.199
2009-08-19,8.8998,11.4938,12.8820,-0.253
2009-08-20,9.3309,12.0564,12.8675,-0.413
2009-08-21,9.3967,12.0564,12.8200,-0.082
2009-08-24,9.2652,11.9541,12.8470,-0.428
2009-08-25,9.3601,12.2025,12.8722,-1.262
2009-08-26,9.6232,12.7286,13.1590,-0.514
2009-08-27,9.7693,12.8967,13.2370,0.271
2009-08-28,9.6890,12.8090,13.2670,0.354
2009-08-31,9.7036,12.9186,13.3361,0.172
2009-09-01,8.9363,12.1660,13.5725,-0.305
2009-09-02,8.9290,12.1514,13.5780,-0.227
2009-09-03,9.2140,12.4729,13.5681,0.231
2009-09-04,9.0825,12.1733,13.4260,0.171
2009-09-08,9.5136,12.7140,13.2880,-0.569
2009-09-09,9.4697,12.7067,13.4360,0.133
2009-09-10,9.3528,12.4656,13.4000,0.539
2009-09-11,9.1409,12.1368,13.3290,0.389
2009-09-14,9.1555,12.2464,13.3990,0.173
2009-09-15,9.5574,12.6994,13.3365,0.369
2009-09-17,10.3100,13.6639,13.2466,-0.048
2009-09-18,10.3758,13.8100,13.2490,-0.457
2009-09-21,9.5355,12.6775,13.3425,0.357
2009-09-22,9.4990,12.6044,13.3240,0.413
2009-09-23,9.5355,12.7505,13.3475,-0.181
2009-09-24,9.3382,12.5679,13.4605,0.015
2009-09-25,9.4917,12.9771,13.5210,-1.105
2009-09-28,9.6451,13.0501,13.4885,-0.309
2009-09-29,9.5063,12.8236,13.5525,0.466
2009-09-30,9.4405,12.7286,13.4805,-0.018
2009-10-01,9.0313,12.3998,13.6540,-0.552
2009-10-02,8.8852,12.1148,13.6700,0.258
2009-10-05,9.0825,12.3852,13.6620,0.188
2009-10-06,9.3967,12.6044,13.4890,0.561
2009-10-07,9.2140,12.3048,13.4675,0.846
2009-10-08,9.5282,12.6044,13.3200,0.691
2009-10-09,9.6305,12.8017,13.2620,-0.232
2009-10-12,9.6597,12.8017,13.2620,0.071
2009-10-13,9.8570,12.9917,13.1610,-0.145
2009-10-14,10.1712,13.2547,13.0650,0.256
2009-10-15,10.1201,13.1890,13.0930,0.464
2009-10-16,9.7328,12.7359,13.0810,-0.035
2009-10-19,9.8935,12.8309,13.0832,0.881
2009-10-20,9.6524,12.6263,12.9587,-0.935
2009-10-21,9.6670,12.5313,12.8990,-0.493
2009-10-22,9.6159,12.4144,12.9515,0.319
2009-10-23,9.3309,12.1733,13.0132,-0.253
2009-10-26,8.6952,11.5303,13.1220,-1.044
2009-10-27,8.2787,10.8873,13.2300,0.601
2009-10-28,7.6649,10.2297,13.2815,-0.484
2009-10-29,8.1983,10.7777,13.1577,0.088
2009-10-30,7.5846,10.0470,13.1555,-0.688
2009-11-03,7.7526,10.2735,13.3150,0.478
2009-11-04,7.9864,10.6096,13.2855,0.007
2009-11-05,7.9938,10.6754,13.3318,-0.171
2009-11-06,8.0595,10.7996,13.3754,-0.182
2009-11-09,8.6075,11.4791,13.3058,-0.228
2009-11-10,8.4468,11.1796,13.2451,0.074
2009-11-11,8.6806,11.3915,13.2451,0.931
2009-11-12,8.3079,10.9896,13.2526,0.188
2009-11-13,8.4541,10.9969,13.0735,0.505
2009-11-17,8.5710,11.1942,13.1000,0.302
2009-11-18,8.4687,10.9823,12.9760,0.061
2009-11-19,8.1691,10.6608,13.0470,-0.024
2009-11-20,8.1034,10.5877,13.0850,0.147
2009-11-23,8.2860,10.8069,13.0081,-0.262
2009-11-24,8.1472,10.5146,12.9315,0.199
2009-11-25,8.2057,10.5439,12.8585,0.070
2009-11-27,8.0230,10.2297,12.9195,1.326
2009-11-30,8.2495,10.7338,12.9160,-0.734
2009-12-01,8.3956,10.8215,12.8537,-0.277
2009-12-02,8.3518,10.6754,12.7740,-0.064
2009-12-03,8.2714,10.4781,12.6335,-0.271
2009-12-04,8.4395,10.7046,12.6318,-0.411
2009-12-07,8.3079,10.5731,12.6450,-0.640
2009-12-08,8.0157,10.3247,12.8410,-0.307
2009-12-09,7.9499,10.3027,12.9670,0.057
2009-12-10,8.0960,10.5439,12.9805,-0.330
2009-12-11,8.2349,10.6608,12.9350,-0.084
2009-12-14,8.2860,10.6242,12.7830,-0.303
2009-12-15,8.3226,10.6096,12.7121,-0.282
2009-12-16,8.3956,10.6827,12.7065,-0.138
2009-12-17,8.3737,10.7923,12.9601,0.557
2009-12-18,8.4833,10.8434,12.8688,0.678
2009-12-21,8.5491,11.0626,12.8210,-0.921
2009-12-22,8.7244,11.2526,12.9530,0.428
2009-12-23,8.7317,11.3111,12.8810,-0.563
2009-12-24,8.7756,11.3403,12.8810,-0.322
2009-12-28,8.7171,11.3476,12.9355,-0.631
2009-12-29,8.8779,11.5668,13.0775,0.374
2009-12-30,8.7683,11.5084,13.0700,-0.419
2009-12-31,8.6368,11.3257,13.0576,-0.425
2010-01-04,9.0021,11.6326,12.9110,-0.086
2010-01-05,9.0679,11.6399,12.8160,-0.159
2010-01-06,9.0386,11.5303,12.7420,-0.115
2010-01-07,9.1044,11.6253,12.7590,-0.077
2010-01-08,9.0679,11.5084,12.7256,0.270
2010-01-11,9.0825,11.5303,12.6660,-0.229
2010-01-12,8.8706,11.3988,12.7155,-1.047
2010-01-13,8.8267,11.2745,12.7620,-0.088
2010-01-14,8.7317,11.1211,12.7200,-0.129
2010-01-15,8.5856,10.9530,12.6845,-0.572
2010-01-19,8.7317,11.0553,12.6500,-0.088
2010-01-20,8.4687,10.8288,12.7700,-0.132
2010-01-21,8.0522,10.4196,12.7825,-1.218
2010-01-22,7.7088,10.0470,12.9295,-0.795
2010-01-25,7.5846,9.7912,12.9101,0.005
2010-01-26,7.8403,10.0981,12.9525,0.565
2010-01-27,7.2338,9.4113,12.9275,-0.635
2010-01-28,6.8393,8.9583,12.9293,-1.290
2010-01-29,6.7150,8.7829,13.0285,-0.389
2010-02-02,6.9708,8.9802,12.8620,-0.160
2010-02-03,6.9416,9.0021,12.9700,0.012
2010-02-04,6.5616,8.6368,13.0890,-0.559
2010-02-05,6.8320,9.0313,13.1940,-0.191
2010-02-08,6.9196,9.1994,13.1436,-1.136
2010-02-09,6.8977,8.9948,13.0680,0.213
2010-02-10,6.9416,9.0825,13.0520,-0.246
2010-02-11,6.9927,9.0386,13.0415,0.895
2010-02-12,6.9562,9.0240,12.9820,0.072
2010-02-16,7.1242,9.1482,12.8510,0.078
2010-02-17,7.0804,9.1629,12.8771,-0.495
2010-02-18,6.9562,8.9510,12.8455,-0.172
2010-02-19,7.1388,9.1336,12.8235,0.228
2010-02-22,7.1315,9.2067,12.7987,-0.861
2010-02-23,6.9489,9.0240,12.8535,-1.023
2010-02-24,6.9416,8.9144,12.8500,0.061
2010-02-25,6.9489,8.9144,12.8535,0.194
2010-02-26,6.9854,8.9656,12.7575,-0.602
2010-03-01,7.0658,9.0167,12.7411,-0.157
2010-03-02,7.1023,9.0679,12.7176,-0.391
2010-03-03,7.3654,9.3894,12.6865,-0.483
2010-03-04,7.2046,9.1921,12.7175,-0.322
2010-03-05,7.4092,9.3894,12.6585,-0.111
2010-03-08,7.5042,9.5574,12.6650,-0.558
2010-03-09,7.5992,9.6232,12.6275,-0.284
2010-03-10,7.5042,9.4113,12.5951,0.428
2010-03-11,7.5992,9.5501,12.6125,0.360
2010-03-12,7.6430,9.5867,12.5457,0.021
2010-03-16,7.6430,9.5793,12.5201,-0.107
2010-03-17,7.8915,9.8862,12.4825,-0.361
2010-03-18,7.8257,9.7986,12.4710,-0.399
2010-03-19,7.7745,9.8059,12.5600,-0.418
2010-03-22,7.9207,9.9447,12.6135,0.463
2010-03-23,8.0376,10.0689,12.5270,-0.002
2010-03-24,7.6430,9.6597,12.5370,-0.804
2010-03-25,7.3434,9.3017,12.4900,-1.395
2010-03-26,7.3434,9.2140,12.5407,-0.052
2010-03-29,7.5480,9.4478,12.4615,-0.443
2010-03-30,7.5992,9.4551,12.4125,-0.240
2010-03-31,7.4603,9.3090,12.3005,-1.422
2010-04-05,7.8915,9.7182,12.2725,-0.344
2010-04-06,7.9718,9.7620,12.2444,-0.010
2010-04-07,7.6430,9.4478,12.2290,-1.071
2010-04-08,7.7745,9.5501,12.2355,-0.393
2010-04-09,7.9280,9.6890,12.1880,-0.272
2010-04-12,7.8841,9.6305,12.1685,-0.381
2010-04-13,7.8476,9.6305,12.1876,-0.687
2010-04-14,7.9499,9.7255,12.1901,-0.354
2010-04-15,7.8988,9.6232,12.1980,0.122
2010-04-16,7.7526,9.5720,12.2698,-0.624
2010-04-19,7.6869,9.4405,12.3347,0.434
2010-04-20,7.7307,9.4917,12.2220,-0.455
2010-04-21,7.7965,9.5136,12.1797,-0.186
2010-04-22,8.0595,9.8716,12.2636,0.124
2010-04-23,8.7975,10.7704,12.2016,-0.334
2010-04-26,8.9071,10.8142,12.1556,0.119
2010-04-27,8.4395,10.4854,12.2684,-1.254
2010-04-28,8.6806,10.6973,12.4135,0.733
2010-04-29,8.9290,10.8946,12.2335,0.264
2010-04-30,8.6806,10.7338,12.2281,-1.110
2010-05-04,8.3883,10.5000,12.4165,-0.806
2010-05-05,8.0157,10.2297,12.6270,-1.058
2010-05-06,7.6942,9.9958,12.8531,-1.065
2010-05-07,7.4896,9.6963,12.8328,-0.877
2010-05-10,8.3299,10.3831,12.5125,0.382
2010-05-11,8.2130,10.3173,12.5025,-0.476
2010-05-12,8.6295,10.6827,12.4381,0.475
2010-05-13,8.4176,10.4854,12.3580,-0.792
2010-05-14,8.0814,10.1931,12.5820,-0.246
2010-05-17,8.0230,10.1493,12.7223,0.569
2010-05-18,7.9134,10.1201,12.5970,-1.498
2010-05-19,7.7307,9.9374,12.9305,0.592
2010-05-20,7.3142,9.6451,13.1207,-0.501
2010-05-21,7.4165,9.6451,12.9701,-0.268
2010-05-24,7.4603,9.7182,12.9524,-0.568
2010-05-25,7.3946,9.6816,13.1398,0.358
2010-05-26,7.6869,10.0835,12.9870,-0.998
2010-05-27,8.1910,10.4927,12.8532,0.337
2010-05-28,7.9134,10.4927,12.8633,-2.988
2010-06-01,7.8111,10.1858,12.9195,-0.926
2010-06-02,8.2679,10.5629,12.8388,0.494
2010-06-03,8.1463,10.4109,12.7534,-0.207
2010-06-04,7.6524,10.0157,12.8825,-1.573
2010-06-07,7.6524,9.9701,12.8934,-1.039
2010-06-08,7.8803,10.2057,12.9060,-0.346
2010-06-09,7.8044,10.0689,12.8002,-0.786
2010-06-10,8.1767,10.3729,12.7335,0.375
2010-06-11,8.2983,10.5705,12.6755,-0.491
2010-06-14,8.2603,10.5477,12.5962,-1.354
2010-06-15,8.5491,10.7604,12.5777,-0.071
2010-06-16,8.5339,10.7604,12.5858,-0.185
2010-06-17,8.4427,10.6464,12.5842,-0.207
2010-06-18,8.4275,10.6388,12.5430,-0.642
2010-06-21,8.4807,10.6692,12.4555,-0.995
2010-06-22,8.2679,10.4413,12.5179,-0.877
2010-06-23,8.1159,10.3045,12.6452,-0.405
2010-06-24,7.8424,10.0233,12.7033,-0.608
2010-06-25,7.8727,10.0613,12.6967,-0.651
2010-06-28,7.8348,9.9929,12.6482,-0.834
2010-06-29,7.4016,9.5750,12.8375,-0.764
2010-06-30,7.3484,9.5294,12.8306,-1.059
2010-07-01,7.1508,9.3470,13.0350,-0.277
2010-07-02,7.0596,9.2938,13.0810,-0.636
2010-07-06,7.1128,9.3090,12.9323,-1.187
2010-07-07,7.2952,9.4230,12.8955,-0.164
2010-07-08,7.2572,9.3622,12.7821,-0.918
2010-07-09,7.3104,9.3774,12.7823,-0.352
2010-07-12,7.3332,9.4306,12.8279,-0.250
2010-07-13,7.5004,9.5674,12.7071,-0.382
2010-07-14,7.5612,9.6206,12.6961,-0.216
2010-07-15,7.4852,9.6054,12.7656,-0.521
2010-07-16,7.0140,9.1266,12.9256,-0.663
2010-07-19,7.1128,9.1950,12.9111,-0.126
2010-07-20,7.3712,9.4838,12.8451,-0.162
2010-07-21,7.2496,9.4154,12.7785,-1.609
2010-07-22,7.5004,9.6054,12.7520,-0.425
2010-07-23,7.4624,9.5142,12.7666,0.134
2010-07-26,7.5612,9.6130,12.6958,-0.140
2010-07-27,7.3484,9.3318,12.6525,-0.367
2010-07-28,7.2116,9.2254,12.6770,-0.902
2010-07-29,7.0444,9.0278,12.7278,-0.685
2010-07-30,7.1736,9.1038,12.6421,-0.383
2010-08-02,7.3712,9.3394,12.5771,-0.734
2010-08-03,7.2344,9.1494,12.5820,-0.514
2010-08-04,7.2724,9.1722,12.5460,-0.526
2010-08-05,7.2116,9.1038,12.5441,-0.631
2010-08-06,7.2040,9.1950,12.6667,-0.760
2010-08-09,7.1356,9.0582,12.6305,-0.503
2010-08-10,7.0976,8.9822,12.6900,0.275
2010-08-11,6.7937,8.6935,12.7314,-0.508
2010-08-12,6.6569,8.5187,12.7170,-0.624
2010-08-13,6.5429,8.3667,12.7225,-0.508
2010-08-16,6.5125,8.2907,12.6533,-0.606
2010-08-17,6.5809,8.3515,12.5833,-0.845
2010-08-18,6.6721,8.4807,12.5975,-0.891
2010-08-19,6.4745,8.2679,12.7310,-0.305
2010-08-20,6.3909,8.2375,12.7705,-0.923
2010-08-23,6.1781,8.0475,12.8751,-1.157
2010-08-24,5.8134,7.5992,12.9184,-1.174
2010-08-25,6.0034,7.8651,13.0291,-0.551
2010-08-26,5.8666,7.7360,12.9753,-1.602
2010-08-27,6.0185,7.9031,13.0008,-0.994
2010-08-30,5.9046,7.8120,13.1436,-0.656
2010-08-31,5.8894,7.8120,13.1671,-0.734
2010-09-01,6.1781,8.1311,13.0400,-0.920
2010-09-02,6.2161,8.1387,13.0550,-0.290
2010-09-03,6.4365,8.3363,12.9450,-0.051
2010-09-07,6.4061,8.4503,13.0599,-0.994
2010-09-08,6.4593,8.4427,13.0135,-0.437
2010-09-09,6.4517,8.4351,13.0127,-0.470
2010-09-10,6.4669,8.3971,12.9605,-0.187
2010-09-13,6.5885,8.5187,12.8635,-0.512
2010-09-14,6.5733,8.4807,12.8177,-0.651
2010-09-15,6.5277,8.3743,12.7772,-0.403
2010-09-20,6.3605,8.1691,12.7710,-0.564
2010-09-21,6.4213,8.1995,12.7638,-0.043
2010-09-22,6.4821,8.2071,12.6960,0.275
2010-09-23,6.3529,8.0627,12.6413,-0.395
2010-09-24,6.6113,8.3287,12.5485,-0.391
2010-09-27,6.6189,8.3439,12.5176,-0.703
2010-09-28,6.6189,8.2907,12.4926,-0.265
2010-09-29,6.5277,8.1919,12.4885,-0.486
2010-09-30,6.4593,8.1919,12.6270,-0.436
2010-10-01,6.5505,8.2603,12.5433,-0.531
2010-10-04,6.3149,7.9943,12.6081,-0.406
2010-10-05,6.4517,8.0779,12.5141,-0.052
2010-10-06,6.4517,8.0475,12.4800,0.052
2010-10-07,6.2845,7.9183,12.5452,-0.433
2010-10-08,6.3681,7.9183,12.4671,0.263
2010-10-11,6.1401,7.6600,12.4671,-0.065
2010-10-12,6.1933,7.7208,12.4285,-0.303
2010-10-13,6.1933,7.6980,12.3705,-0.474
2010-10-14,6.1401,7.6600,12.4156,-0.478
2010-10-15,6.0110,7.4928,12.4150,-0.403
2010-10-18,5.9046,7.3104,12.4205,0.319
2010-10-19,5.8590,7.3560,12.4625,-0.738
2010-10-20,6.1173,7.6448,12.4025,-0.755
2010-10-21,6.1249,7.6296,12.3885,-0.546
2010-10-22,6.2237,7.7284,12.4021,-0.125
2010-10-25,6.2009,7.7056,12.3278,-0.794
2010-10-26,6.6265,8.2375,12.3820,-0.396
2010-10-27,6.6189,8.2603,12.4650,-0.119
2010-10-28,6.7177,8.3515,12.4061,-0.209
2010-10-29,6.6645,8.2223,12.3415,0.032
2010-11-01,6.5657,8.1463,12.3417,-0.530
2010-11-03,6.9912,8.5643,12.2962,0.377
2010-11-04,7.3332,8.9518,12.2371,0.245
2010-11-05,7.3408,8.9594,12.2121,0.058
2010-11-08,7.4472,9.0810,12.2460,0.427
2010-11-09,7.1888,8.7998,12.2155,-0.208
2010-11-10,7.2572,8.8910,12.2560,0.038
2010-11-11,7.2572,8.8834,12.2560,0.124
2010-11-12,7.0444,8.7011,12.2678,-0.679
2010-11-16,6.7557,8.4199,12.4450,-0.148
2010-11-17,6.7937,8.4427,12.3633,-0.515
2010-11-18,6.9608,8.6251,12.2951,-0.773
2010-11-19,7.0596,8.6935,12.3000,-0.116
2010-11-22,7.0596,8.7011,12.3001,-0.203
2010-11-23,6.8241,8.5339,12.4730,-0.260
2010-11-24,7.0900,8.8302,12.4016,-0.424
2010-11-26,6.8925,8.7163,12.4940,-1.203
2010-11-29,6.9153,8.6859,12.5668,0.051
2010-11-30,6.8697,8.6023,12.4540,-0.544
2010-12-01,6.9912,8.7239,12.3735,-0.840
2010-12-02,7.2800,8.9594,12.3471,0.327
2010-12-03,7.3864,9.0962,12.3549,0.326
2010-12-06,7.5080,9.3166,12.3870,-0.177
2010-12-07,7.5308,9.4154,12.4255,-0.616
2010-12-08,7.4852,9.3394,12.4362,-0.328
2010-12-09,7.5156,9.4230,12.4725,-0.522
2010-12-10,7.4396,9.3090,12.4542,-0.468
2010-12-13,7.5688,9.4078,12.3855,-0.356
2010-12-14,7.6524,9.4762,12.3633,-0.162
2010-12-15,7.5536,9.4154,12.3965,-0.548
2010-12-16,7.6524,9.4762,12.4496,0.535
2010-12-17,7.6676,9.5370,12.4286,-0.076
2010-12-20,7.8272,9.7117,12.4115,0.030
2010-12-21,8.2603,10.1601,12.3710,0.578
2010-12-22,8.1539,10.0157,12.3311,0.389
2010-12-23,8.0779,9.9701,12.3353,-0.058
2010-12-27,8.0323,9.9245,12.3661,0.084
2010-12-28,8.0247,9.9245,12.3623,-0.041
2010-12-29,8.1767,10.0917,12.3600,0.146
2010-12-30,8.1539,10.0841,12.3825,0.124
2011-01-03,8.3363,10.2057,12.2535,0.090
2011-01-04,8.3363,10.1601,12.2545,0.547
2011-01-05,8.3135,10.1449,12.1964,-0.053
2011-01-06,8.0703,9.9245,12.2361,-0.500
2011-01-07,8.1767,10.0081,12.2440,0.035
2011-01-10,7.9639,9.7497,12.2400,-0.019
2011-01-11,8.1083,9.8485,12.1765,0.249
2011-01-12,8.2147,9.8865,12.0589,0.197
2011-01-13,7.9867,9.6814,12.0887,-0.273
2011-01-14,7.9867,9.6282,12.0582,0.025
2011-01-18,7.7816,9.3850,12.0451,-0.128
2011-01-19,7.6676,9.2786,12.0681,-0.273
2011-01-20,7.7588,9.3394,12.0798,0.354
2011-01-21,7.6600,9.2634,12.0570,-0.300
2011-01-24,8.0855,9.6814,12.0422,0.572
2011-01-25,8.0247,9.6662,12.0855,0.332
2011-01-26,7.8879,9.4230,12.0390,0.778
2011-01-27,7.8803,9.4838,12.0415,0.056
2011-01-28,7.1964,8.7998,12.1400,-0.720
2011-01-31,7.1964,8.7087,12.1541,0.436
2011-02-01,7.2952,8.7543,12.0053,0.044
2011-02-02,7.2040,8.7011,12.0280,-0.414
2011-02-03,7.3712,8.8226,12.0400,0.593
2011-02-04,7.2268,8.6631,11.9977,0.086
2011-02-08,7.4548,8.9518,11.9816,-0.221
2011-02-09,7.3788,8.8758,12.0568,0.232
2011-02-10,7.2344,8.7391,12.0757,-0.034
2011-02-11,7.1660,8.6631,12.0673,-0.180
2011-02-14,7.3332,8.8606,12.0446,-0.317
2011-02-15,7.1432,8.7011,12.1299,-0.418
2011-02-16,7.2876,8.7922,12.0875,0.189
2011-02-17,7.3864,8.7998,12.0441,1.096
2011-02-18,7.3636,8.8226,12.0085,0.226
2011-02-22,6.8849,8.3363,12.0983,-0.081
2011-02-23,6.8773,8.3515,12.1824,0.319
2011-02-24,6.7785,8.2527,12.1762,0.011
2011-02-25,6.8773,8.3439,12.1261,-0.054
2011-02-28,6.8317,8.2679,12.1130,0.088
2011-03-01,6.6417,8.2679,12.0882,-2.894
2011-03-02,6.7177,8.1159,12.1114,0.248
2011-03-03,6.7481,8.0703,12.0301,0.591
2011-03-04,6.7557,8.0551,12.0066,0.697
2011-03-07,6.6417,7.9791,12.0320,0.152
2011-03-08,6.7557,8.1159,12.0010,-0.104
2011-03-09,6.5961,7.8955,11.9681,-0.016
2011-03-10,6.5353,7.8424,11.9641,-0.299
2011-03-11,6.6721,7.9639,11.9211,-0.127
2011-03-14,6.7329,8.0019,11.9188,0.285
2011-03-15,6.6873,8.0247,12.0033,0.028
2011-03-16,6.4593,7.8424,12.0842,-0.469
2011-03-17,6.4365,7.8196,12.0997,-0.404
2011-03-18,6.5201,7.8500,12.0584,0.156
2011-03-22,6.5961,7.9183,11.9870,-0.147
2011-03-23,6.5885,7.9411,12.0040,-0.407
2011-03-24,6.8697,7.9411,11.9532,3.404
2011-03-25,6.9627,8.2588,11.9330,0.603
2011-03-28,6.9943,8.4010,11.9561,-0.460
2011-03-29,7.0417,8.4248,11.9650,0.008
2011-03-30,7.0970,8.5038,11.9211,-0.510
2011-03-31,7.0575,8.4010,11.9170,0.112
2011-04-01,7.2551,8.4010,11.8290,2.154
2011-04-04,7.2630,8.6065,11.8552,0.045
2011-04-05,7.2472,8.6065,11.8216,-0.455
2011-04-06,7.2709,8.5670,11.7866,0.034
2011-04-07,7.1603,8.4089,11.7922,0.411
2011-04-08,6.9864,8.1877,11.7460,0.226
2011-04-11,6.8599,8.0296,11.7412,0.309
2011-04-12,6.8125,8.0375,11.8230,0.211
2011-04-13,6.8836,8.0691,11.8055,0.711
2011-04-14,6.9232,8.1086,11.7600,0.407
2011-04-15,7.0022,8.1165,11.7022,0.956
2011-04-18,6.6703,7.8557,11.7785,0.011
2011-04-19,6.7809,7.9190,11.6960,0.151
2011-04-20,6.8599,7.9743,11.6203,-0.035
2011-04-25,6.9469,7.9743,11.6175,1.207
2011-04-26,6.8994,7.9743,11.5736,0.136
2011-04-27,6.8125,7.9743,11.5954,-0.939
2011-04-28,6.8678,7.9743,11.5486,-0.538
2011-04-29,6.8599,7.8873,11.5237,0.226
2011-05-02,6.8283,7.8557,11.5050,0.003
2011-05-03,6.6465,7.6740,11.5580,0.106
2011-05-04,6.3067,7.3815,11.6295,-0.639
2011-05-05,6.2988,7.4052,11.6930,-0.541
2011-05-06,6.3541,7.4290,11.5831,-0.928
2011-05-09,6.2751,7.4290,11.6303,-1.761
2011-05-10,6.4727,7.5001,11.5920,0.041
2011-05-11,6.3857,7.4606,11.6041,-0.677
2011-05-12,6.4806,7.5238,11.6698,0.517
2011-05-13,6.4648,7.5238,11.7463,0.929
2011-05-16,6.5280,7.5238,11.7220,1.706
2011-05-17,6.5201,7.5238,11.7661,1.965
2011-05-18,6.5438,7.5238,11.7173,1.911
2011-05-19,6.5596,7.5238,11.6716,1.759
2011-05-20,6.5359,7.5238,11.6555,1.251
2011-05-23,6.4569,7.5238,11.7335,0.696
2011-05-24,6.4569,7.5238,11.6986,0.397
2011-05-25,6.5201,7.6502,11.6820,-0.437
2011-05-26,6.5754,7.6977,11.6910,-0.134
2011-05-27,6.6703,7.7688,11.6113,-0.306
2011-05-31,6.8046,7.8873,11.5790,-0.105
2011-06-01,6.6228,7.7925,11.6362,-1.104
2011-06-02,6.6386,7.7530,11.6839,0.046
2011-06-03,6.5833,7.6977,11.6585,-0.292
2011-06-06,6.4806,7.6660,11.6931,-1.151
2011-06-07,6.5280,7.7056,11.7350,-0.583
2011-06-08,6.4015,7.6265,11.7920,-1.021
2011-06-09,6.3699,7.5080,11.7786,-0.068
2011-06-10,6.0933,7.2630,11.8668,-0.443
2011-06-13,5.9985,7.1444,11.8800,-0.255
2011-06-14,6.2119,7.3578,11.7986,-0.390
2011-06-15,6.1012,7.2709,11.8819,-0.295
2011-06-16,6.0696,7.2788,11.9717,-0.171
2011-06-17,6.1091,7.3025,11.9040,-0.414
2011-06-20,6.1882,7.3657,11.8842,-0.157
2011-06-21,6.3778,7.5554,11.8068,-0.334
2011-06-22,6.3541,7.5554,11.7793,-0.936
2011-06-23,6.3857,7.5870,11.8687,-0.105
2011-06-24,6.3225,7.5554,11.8832,-0.559
2011-06-27,6.4411,7.6660,11.8936,-0.069
2011-06-28,6.5438,7.7688,11.8375,-0.290
2011-06-29,6.8204,8.0217,11.7680,0.057
2011-06-30,6.7967,7.9506,11.7191,0.183
2011-07-01,6.8441,7.9585,11.6294,0.011
2011-07-05,6.6465,7.7214,11.6226,0.047
2011-07-06,6.6070,7.6819,11.6361,0.080
2011-07-07,6.7256,7.7925,11.5725,-0.120
2011-07-08,6.6149,7.6898,11.6279,0.026
2011-07-11,6.3778,7.5080,11.7268,-0.384
2011-07-12,6.3304,7.4764,11.7889,-0.181
2011-07-13,6.3936,7.4764,11.7111,0.151
2011-07-14,6.2751,7.3657,11.7086,-0.251
2011-07-15,6.1882,7.2788,11.7123,-0.426
2011-07-18,6.1091,7.1682,11.7972,0.543
2011-07-19,6.1486,7.2077,11.7042,-0.155
2011-07-20,6.0538,7.0733,11.6708,-0.114
2011-07-21,6.1961,7.1998,11.6198,-0.001
2011-07-22,5.9274,6.8836,11.6240,0.092
2011-07-25,5.8088,6.7888,11.6630,-0.206
2011-07-26,5.8167,6.7651,11.6226,-0.067
2011-07-27,5.7061,6.6624,11.6479,-0.240
2011-07-28,5.3109,6.2751,11.6731,-1.205
2011-07-29,5.5638,6.5280,11.7235,-0.081
2011-08-01,5.3978,6.3304,11.7525,0.212
2011-08-02,5.0027,5.9432,11.7629,-0.985
2011-08-03,4.9000,5.7851,11.8384,0.271
2011-08-04,4.4732,5.4295,12.0080,-1.069
2011-08-05,4.5680,5.5006,12.0402,-0.011
2011-08-08,3.9832,4.9158,12.1768,-1.333
2011-08-09,4.2361,5.1054,12.3440,2.421
2011-08-10,3.8963,4.8683,12.3850,-0.880
2011-08-11,4.1096,5.1212,12.4100,-0.414
2011-08-12,4.0780,5.0106,12.2825,-0.035
2011-08-15,4.3941,5.3662,12.2501,0.310
2011-08-16,4.4890,5.5243,12.2489,-0.467
2011-08-17,4.4021,5.3899,12.1875,-0.463
2011-08-18,4.0622,5.0343,12.3565,-0.294
2011-08-19,3.9358,4.8683,12.2327,-1.106
2011-08-22,3.8725,4.8367,12.3227,-1.338
2011-08-23,4.0701,5.0264,12.3155,-0.275
2011-08-24,4.1571,5.1845,12.4222,-0.395
2011-08-25,4.0069,5.0422,12.4155,-1.338
2011-08-26,3.9516,4.9237,12.4657,0.046
2011-08-29,4.2203,5.2635,12.4157,-0.451
2011-08-30,4.1492,5.2319,12.4831,-1.003
2011-08-31,4.2440,5.2635,12.3262,-0.613
2011-09-01,4.1571,5.1529,12.2556,-1.128
2011-09-02,3.9911,4.9869,12.3630,-1.057
2011-09-06,3.9200,4.9000,12.5201,0.161
2011-09-07,4.1571,5.1766,12.4702,0.142
2011-09-08,4.1492,5.2161,12.4996,-0.571
2011-09-09,3.9121,4.9948,12.6470,-0.945
2011-09-12,3.8409,4.9790,12.7750,-1.450
2011-09-13,3.8883,4.9948,12.9367,0.710
2011-09-14,3.9358,5.1212,12.9540,-0.446
2011-09-15,4.0306,5.2319,12.9083,-0.555
2011-09-19,3.6354,4.8209,13.1856,-0.568
2011-09-20,3.2956,4.4021,13.1664,-1.429
2011-09-21,3.0822,4.2677,13.4127,-3.130
2011-09-22,2.6397,3.7303,13.8748,-1.818
2011-09-23,2.7977,3.8014,13.7753,1.382
2011-09-26,2.9321,3.9674,13.6683,1.015
2011-09-27,2.9163,3.9516,13.3376,-1.568
2011-09-28,2.7345,3.7382,13.3779,-2.141
2011-09-29,2.7108,3.7461,13.4715,-2.516
2011-09-30,2.4974,3.4853,13.7701,-1.330
2011-10-03,2.0548,2.9163,13.8767,-2.224
2011-10-04,2.2919,3.1771,13.9310,0.497
2011-10-05,2.3077,3.1613,13.6701,-0.208
2011-10-06,2.3314,3.1375,13.5291,0.531
2011-10-07,2.2287,3.0348,13.3016,-2.316
2011-10-10,2.3314,3.1059,13.3016,-0.153
2011-10-11,2.2919,3.0743,13.3210,-0.692
2011-10-12,2.7187,3.5959,13.2303,0.027
2011-10-13,2.9242,3.9121,13.3621,-0.122
2011-10-14,2.9637,3.9595,13.2906,-0.519
2011-10-17,2.6159,3.5406,13.2904,-1.805
2011-10-18,2.8293,3.8251,13.4215,-0.725
2011-10-19,2.8214,3.8093,13.3802,-0.898
2011-10-20,2.7582,3.8014,13.7675,-0.107
2011-10-21,2.7819,3.8172,13.5759,-1.062
2011-10-24,3.0032,4.0464,13.4546,-0.142
2011-10-25,2.8451,3.8804,13.4430,-1.436
2011-10-26,2.9321,3.9674,13.4697,-0.453
2011-10-27,3.5169,4.6233,13.1711,0.190
2011-10-28,3.5011,4.5522,13.1025,0.771
2011-10-31,3.4537,4.6075,13.1690,-1.289
2011-11-01,3.1850,4.3783,13.6665,-0.585
2011-11-03,3.5485,4.7419,13.4270,0.479
2011-11-04,3.6987,4.9790,13.4735,0.089
2011-11-07,3.7461,5.0264,13.4550,0.278
2011-11-08,3.8251,5.0738,13.3826,0.891
2011-11-09,3.4300,4.6550,13.4955,-0.559
2011-11-10,3.4774,4.6629,13.5477,1.034
2011-11-11,3.6592,4.9474,13.5477,0.201
2011-11-14,3.5801,4.8209,13.4865,0.154
2011-11-15,3.6671,4.9790,13.5851,0.055
2011-11-16,3.5643,4.8367,13.5919,0.163
2011-11-17,3.4537,4.7103,13.6281,-0.076
2011-11-18,3.3746,4.6312,13.7015,-0.161
2011-11-22,3.2482,4.5601,13.9810,-0.413
2011-11-23,2.9716,4.2124,14.1426,-0.232
2011-11-25,2.7503,4.1096,14.2542,-4.606
2011-11-28,3.2561,4.5601,14.0432,0.274
2011-11-29,3.4142,4.6866,13.9252,1.445
2011-11-30,3.6829,5.0185,13.6201,-0.048
2011-12-01,3.7303,5.0106,13.5875,1.156
2011-12-02,3.7777,5.1212,13.5425,-0.103
2011-12-05,3.9911,5.3978,13.4890,-0.264
2011-12-06,3.9516,5.3346,13.5000,0.000
2011-12-07,4.0227,5.4216,13.5107,0.247
2011-12-08,3.7619,5.1687,13.6807,-0.428
2011-12-09,4.0069,5.4532,13.6128,0.025
2011-12-13,3.7382,5.1924,13.7896,-0.723
2011-12-14,3.6829,5.0975,13.9400,0.714
2011-12-15,3.7303,5.1608,13.8313,-0.025
2011-12-16,3.9753,5.4532,13.8850,1.220
2011-12-19,3.7540,5.1924,13.8610,0.213
2011-12-20,4.0385,5.5480,13.7866,0.355
2011-12-21,4.0227,5.5322,13.8523,0.726
2011-12-22,4.3230,5.9353,13.8290,0.725
2011-12-23,4.2993,5.9274,13.8189,0.233
2011-12-27,4.2124,5.8878,13.9727,-0.034
2011-12-28,4.1571,5.7772,13.9927,0.686
2011-12-29,4.2598,5.9511,13.9755,0.037
2011-12-30,4.2598,5.8483,13.9510,1.616
2012-01-03,4.4258,6.0143,13.6736,0.620
2012-01-04,4.4890,6.1249,13.6968,0.384
2012-01-05,4.4021,6.0143,13.7502,0.642
2012-01-09,4.2203,5.7693,13.7344,0.468
2012-01-10,4.2677,5.8088,13.6211,0.073
2012-01-11,4.4258,6.0064,13.6517,0.591
2012-01-12,4.5601,6.1249,13.5976,1.236
2012-01-13,4.4574,6.0617,13.6140,0.108
2012-01-17,4.5285,6.0775,13.4614,0.304
2012-01-18,4.8920,6.4885,13.3284,0.491
2012-01-19,5.0896,6.7177,13.2269,0.213
2012-01-20,5.0817,6.7019,13.2276,0.299
2012-01-23,5.0659,6.6386,13.1477,0.329
2012-01-24,5.0501,6.6228,13.1654,0.390
2012-01-25,5.2082,6.7730,13.1560,1.165
2012-01-26,5.3583,6.9469,12.9517,-0.100
2012-01-27,5.3188,6.8362,12.9251,0.562
2012-01-30,5.3109,6.8994,12.9761,-0.115
2012-01-31,5.3820,6.9785,13.0356,0.535
2012-02-01,5.6191,7.2077,12.9514,0.970
2012-02-02,6.2119,7.9031,12.8011,0.617
2012-02-03,6.4806,8.1956,12.7203,0.585
2012-02-07,6.5359,8.2509,12.6289,0.039
2012-02-08,6.6861,8.4722,12.6905,0.151
2012-02-09,6.7809,8.5670,12.7230,0.704
2012-02-10,6.6544,8.5196,12.7996,-0.025
2012-02-13,6.7651,8.5670,12.7206,0.450
2012-02-14,6.5517,8.3457,12.7618,0.185
2012-02-15,6.5043,8.3299,12.7556,-0.400
2012-02-16,6.6782,8.5038,12.8560,0.960
2012-02-17,6.7335,8.5433,12.8138,0.993
2012-02-21,6.5359,8.3141,12.7470,0.207
2012-02-22,6.3857,8.1639,12.8305,0.359
2012-02-23,6.2356,7.9822,12.8358,0.272
2012-02-24,5.8167,7.4685,12.8804,0.317
2012-02-27,6.1091,7.8478,12.8655,0.151
2012-02-28,6.0775,7.7846,12.8646,0.435
2012-02-29,6.0696,7.7767,12.7941,-0.144
2012-03-01,6.1565,7.8241,12.7661,0.452
2012-03-02,6.3778,8.1244,12.7745,0.282
2012-03-05,6.2909,8.0770,12.8241,-0.118
2012-03-06,5.9748,7.7372,12.9900,0.311
2012-03-07,6.0222,7.7530,12.9293,0.429
2012-03-08,6.3304,8.0138,12.7780,0.939
2012-03-09,6.3541,8.0296,12.6307,-0.048
2012-03-12,6.1565,7.8004,12.7203,0.396
2012-03-13,6.3462,7.9664,12.6370,0.670
2012-03-14,6.2751,7.9585,12.6757,-0.055
2012-03-15,6.2356,7.8715,12.6686,0.357
2012-03-16,5.9906,7.5554,12.6701,0.460
2012-03-20,6.1486,7.8478,12.7046,-0.461
2012-03-21,6.4174,8.1639,12.7031,-0.146
2012-03-22,6.2514,7.9901,12.8326,0.401
2012-03-23,6.2988,8.0138,12.8120,0.702
2012-03-26,6.3699,8.0691,12.6808,0.105
2012-03-27,6.4357,8.1617,12.6578,-0.191
2012-03-28,6.3206,8.0631,12.8014,0.349
2012-03-29,6.4110,8.1700,12.8533,0.861
2012-03-30,6.3782,8.1371,12.8115,0.421
2012-04-02,6.4110,8.1453,12.7569,0.407
2012-04-03,6.2713,7.9974,12.7301,-0.174
2012-04-04,6.1069,7.8247,12.8327,0.154
2012-04-09,5.9590,7.6850,12.9840,0.678
2012-04-10,5.6055,7.3891,13.1782,-0.027
2012-04-11,5.6713,7.4549,13.1580,0.099
2012-04-12,5.8028,7.5946,13.0630,-0.190
2012-04-13,5.5891,7.3809,13.1460,-0.453
2012-04-16,5.4823,7.2330,13.2290,0.270
2012-04-17,5.6877,7.4713,13.0850,-0.387
2012-04-18,5.5809,7.3973,13.1270,-0.964
2012-04-19,5.4740,7.2658,13.2286,-0.337
2012-04-20,5.5727,7.3234,13.1211,-0.156
2012-04-23,5.5069,7.2494,13.2053,0.312
2012-04-24,5.5316,7.3562,13.1545,-1.084
2012-04-25,5.8932,7.7754,13.1684,-0.193
2012-04-26,5.8850,7.7590,13.2077,0.177
2012-04-27,5.9425,7.7015,12.9909,0.239
2012-04-30,5.9425,7.7426,12.9900,-0.300
2012-05-02,5.8275,7.5124,12.9580,0.517
2012-05-03,5.6055,7.3316,12.9853,-0.718
2012-05-04,5.5069,7.2494,13.1631,-0.008
2012-05-07,5.6713,7.4795,13.1555,-0.249
2012-05-08,5.5644,7.4631,13.3250,-0.649
2012-05-09,5.4905,7.3973,13.4910,0.133
2012-05-10,5.5233,7.4878,13.4585,-0.723
2012-05-11,5.3590,7.2741,13.4905,-0.612
2012-05-14,5.0302,6.8467,13.6663,0.405
2012-05-15,4.7096,6.4932,13.7332,-0.391
2012-05-16,4.5288,6.2631,13.8078,-0.156
2012-05-17,4.5042,6.2549,13.7890,-0.705
2012-05-18,4.2494,5.8768,13.8275,-0.017
2012-05-21,4.5781,6.2960,13.7925,0.293
2012-05-22,4.5535,6.3206,13.7420,-1.000
2012-05-23,4.5453,6.3371,14.0294,0.626
2012-05-24,4.4959,6.2713,14.0018,0.380
2012-05-25,4.4959,6.3124,14.0114,-0.205
2012-05-29,4.8165,6.6905,13.9321,0.297
2012-05-30,4.5288,6.4193,14.0861,-0.622
2012-05-31,4.5535,6.6165,14.3045,-1.557
2012-06-01,4.1754,6.0329,14.3650,-0.580
2012-06-04,4.1918,5.9672,14.2427,0.052
2012-06-05,4.2000,6.0001,14.2592,-0.186
2012-06-06,4.4384,6.2302,14.0951,0.414
2012-06-07,4.3727,6.1645,13.9588,-0.986
2012-06-08,4.4384,6.2055,14.0210,0.283
2012-06-11,4.2740,6.0329,13.9785,-0.970
2012-06-12,4.3562,6.1069,13.9823,-0.261
2012-06-13,4.1425,5.8686,13.9755,-1.349
2012-06-14,4.3398,6.0658,13.9943,0.122
2012-06-15,4.5206,6.2713,13.9234,0.365
2012-06-18,4.5453,6.3042,13.9125,0.308
2012-06-19,4.8001,6.5508,13.6982,0.373
2012-06-20,4.7836,6.5672,13.7296,0.008
2012-06-21,4.5617,6.3535,13.7550,-1.242
2012-06-22,4.6932,6.4932,13.8470,0.084
2012-06-25,5.0302,7.0028,13.9675,0.330
2012-06-26,5.1288,7.0439,13.8516,0.856
2012-06-27,5.1946,7.0357,13.6701,0.929
2012-06-28,5.3096,7.2001,13.6670,0.786
2012-06-29,5.5316,7.3809,13.4110,0.508
2012-07-03,5.5480,7.3562,13.2921,0.248
2012-07-05,5.3754,7.1919,13.3448,-0.257
2012-07-06,5.3672,7.2165,13.4914,0.340
2012-07-09,5.2192,6.9699,13.4518,0.730
2012-07-10,5.2603,7.0686,13.3002,-1.022
2012-07-11,5.3507,7.1425,13.3270,-0.163
2012-07-12,5.3507,7.1836,13.4519,0.197
2012-07-13,5.5809,7.3891,13.3450,0.793
2012-07-16,5.5480,7.3480,13.2695,0.189
2012-07-17,5.5727,7.3480,13.2230,0.282
2012-07-18,5.4083,7.1097,13.1066,-0.299
2012-07-19,5.5727,7.3480,13.2040,0.138
2012-07-20,5.8439,7.7836,13.2976,-0.163
2012-07-23,5.5973,7.5782,13.5275,-0.084
2012-07-24,5.5398,7.5535,13.7200,0.623
2012-07-25,5.5069,7.4878,13.6626,0.482
2012-07-26,5.8110,7.7919,13.4441,0.264
2012-07-27,6.1234,8.0960,13.2690,0.359
2012-07-30,5.9097,7.8576,13.2625,-0.254
2012-07-31,5.7206,7.6275,13.2669,-0.498
2012-08-01,5.6877,7.6521,13.2677,-1.383
2012-08-02,5.8110,7.7508,13.3959,0.434
2012-08-03,5.9590,7.8083,13.1177,0.109
2012-08-06,6.0412,7.9809,13.0597,-1.144
2012-08-07,5.9097,7.8330,13.1797,-0.564
2012-08-08,5.9508,7.8330,13.1690,0.046
2012-08-09,5.9672,7.8165,13.1265,0.209
2012-08-10,6.1727,8.0549,13.0965,0.362
2012-08-13,6.0905,7.9809,13.1620,0.443
2012-08-14,6.1398,8.0467,13.1421,0.277
2012-08-15,6.2466,8.1700,13.1501,0.544
2012-08-16,6.3535,8.3590,13.1272,-0.223
2012-08-17,6.4603,8.4658,13.1582,0.411
2012-08-20,6.3617,8.2932,13.1160,0.612
2012-08-21,6.4521,8.4330,13.1086,0.295
2012-08-22,6.6987,8.7864,13.1602,0.333
2012-08-23,6.5508,8.5809,13.1375,0.293
2012-08-24,6.6494,8.7453,13.1727,0.157
2012-08-27,6.5097,8.5727,13.1740,0.037
2012-08-28,6.4686,8.5234,13.1825,0.045
2012-08-29,6.3535,8.4412,13.2855,-0.003
2012-08-30,6.2631,8.3261,13.3938,0.751
2012-08-31,6.1398,8.0138,13.2401,1.440
2012-09-04,6.1809,8.1124,13.1781,0.405
2012-09-05,6.2877,8.2193,13.1084,0.279
2012-09-06,6.5097,8.5069,13.0445,-0.181
2012-09-07,6.6494,8.6056,12.9901,0.372
2012-09-10,6.5179,8.4905,12.9920,-0.265
2012-09-11,6.6412,8.5974,12.9975,0.401
2012-09-12,6.8220,8.8604,13.0302,0.325
2012-09-14,6.8795,8.7124,12.7410,0.606
2012-09-17,6.9124,8.8193,12.7409,-0.139
2012-09-18,6.8795,8.8111,12.8136,0.046
2012-09-19,7.0357,9.0412,12.8317,-0.146
2012-09-20,7.0028,9.0083,12.9050,0.320
2012-09-21,6.9371,8.9672,12.8305,-0.743
2012-09-24,6.8795,8.8686,12.9125,0.165
2012-09-25,6.7809,8.7042,12.8210,-0.120
2012-09-26,6.5425,8.4165,12.9170,0.409
2012-09-27,6.8056,8.7206,12.8446,0.239
2012-09-28,6.8467,8.8028,12.8630,0.046
2012-10-01,6.9864,8.9343,12.8172,0.226
2012-10-02,7.0357,9.0248,12.8478,0.161
2012-10-03,7.0357,8.9919,12.8481,0.530
2012-10-04,7.3727,9.3946,12.7550,0.098
2012-10-05,7.4960,9.5672,12.7054,-0.453
2012-10-08,7.3809,9.4357,12.7054,-0.615
2012-10-09,7.2001,9.2713,12.8889,0.095
2012-10-10,7.1014,9.1809,12.9230,-0.041
2012-10-11,7.2823,9.4028,12.8901,-0.169
2012-10-12,7.2576,9.3371,12.8925,0.212
2012-10-15,7.2330,9.3042,12.8165,-0.366
2012-10-16,7.5699,9.7152,12.8103,-0.184
2012-10-17,7.4960,9.6494,12.8001,-0.565
2012-10-18,7.5782,9.7152,12.8271,0.056
2012-10-19,7.3727,9.5179,12.8605,-0.381
2012-10-22,7.4220,9.5919,12.8594,-0.497
2012-10-23,7.4384,9.6412,12.9810,0.152
2012-10-24,7.5699,9.8302,12.9997,0.106
2012-10-25,7.5864,9.8385,12.9815,0.100
2012-10-26,7.4138,9.6905,13.0198,-0.391
2012-10-31,7.4302,9.7563,13.0877,-0.326
2012-11-05,7.4384,9.7398,13.0486,-0.346
2012-11-06,7.4384,9.6987,12.9652,-0.564
2012-11-07,7.3480,9.6330,13.0639,-0.349
2012-11-08,7.2412,9.5590,13.1158,-0.645
2012-11-09,7.1097,9.4111,13.1763,-0.459
2012-11-12,7.0850,9.3946,13.1763,-0.630
2012-11-13,7.1508,9.5015,13.2206,-0.502
2012-11-14,6.9453,9.2713,13.2225,-0.948
2012-11-15,7.0028,9.3124,13.2531,-0.339
2012-11-16,7.0193,9.2878,13.1831,-0.368
2012-11-20,7.4220,9.6905,13.0145,-0.322
2012-11-21,7.4467,9.7152,13.0500,0.028
2012-11-23,7.4713,9.7070,12.9822,-0.078
2012-11-26,7.4549,9.6987,13.0055,-0.034
2012-11-27,7.3480,9.6248,12.9766,-0.930
2012-11-28,7.4302,9.6987,13.0273,-0.198
2012-11-29,7.4056,9.6412,12.9775,-0.318
2012-11-30,7.3152,9.4686,12.9171,-0.206
2012-12-03,7.3316,9.5919,12.9255,-1.204
2012-12-04,7.3398,9.5426,12.9596,-0.319
2012-12-05,7.3316,9.5261,12.9260,-0.518
2012-12-06,7.4220,9.5837,12.9076,-0.038
2012-12-07,7.4302,9.5754,12.8503,-0.286
2012-12-10,7.3973,9.5179,12.7982,-0.532
2012-12-11,7.4220,9.5179,12.7516,-0.564
2012-12-13,7.4302,9.5590,12.8003,-0.503
2012-12-14,7.5535,9.6412,12.7760,0.095
2012-12-17,7.9398,10.0933,12.7537,0.326
2012-12-18,8.0056,10.2083,12.7202,-0.246
2012-12-19,8.2193,10.5042,12.7310,-0.383
2012-12-20,8.1946,10.4714,12.7780,-0.003
2012-12-21,8.0220,10.4303,12.9322,-0.537
2012-12-24,7.9891,10.4138,12.9848,-0.385
2012-12-26,7.9316,10.3892,13.0100,-0.675
2012-12-27,7.9974,10.3974,13.0125,0.088
2012-12-28,7.9563,10.4056,12.9880,-0.692
2012-12-31,8.1124,10.4385,12.9635,0.748
2013-01-02,8.4987,10.9070,12.7600,-0.574
2013-01-03,8.4741,10.8166,12.7452,-0.150
2013-01-04,8.5069,10.8659,12.7513,-0.169
2013-01-07,8.5809,10.9481,12.7728,0.111
2013-01-08,8.5727,10.9398,12.7891,0.218
2013-01-09,8.6713,11.0467,12.7460,0.052
2013-01-10,8.6549,10.9809,12.6452,-0.334
2013-01-11,8.6220,10.9398,12.6591,-0.230
2013-01-14,8.5398,10.7837,12.6368,0.073
2013-01-15,8.4576,10.6768,12.6471,0.184
2013-01-16,8.5234,10.7919,12.6291,-0.256
2013-01-17,8.4823,10.6851,12.5857,-0.089
2013-01-18,8.4905,10.8083,12.6568,-0.574
2013-01-22,8.5316,10.8166,12.6746,-0.029
2013-01-23,8.6631,11.0385,12.6587,-0.653
2013-01-24,8.8686,11.2275,12.6208,-0.309
2013-01-25,8.7946,11.1946,12.6992,-0.234
2013-01-28,8.7700,11.2768,12.7723,-0.670
2013-01-29,9.1316,11.6714,12.6901,-0.713
2013-01-30,8.9097,11.4166,12.7491,-0.504
2013-01-31,8.9179,11.4001,12.7344,-0.383
2013-02-01,9.0083,11.3919,12.6356,-0.082
2013-02-05,8.8439,11.2111,12.6260,-0.399
2013-02-06,8.9097,11.3508,12.6731,-0.524
2013-02-07,8.5234,10.8823,12.7381,-0.231
2013-02-08,8.5398,10.9152,12.7271,-0.426
2013-02-11,8.4576,10.7837,12.7556,0.042
2013-02-12,8.6467,10.9892,12.7326,0.185
2013-02-13,8.7700,11.1946,12.7236,-0.322
2013-02-14,9.0001,11.4823,12.6965,-0.482
2013-02-15,8.9672,11.4248,12.6883,-0.411
2013-02-19,9.0083,11.3919,12.6681,0.175
2013-02-20,8.6220,11.0220,12.6821,-0.794
2013-02-21,8.4330,10.8001,12.7543,-0.412
2013-02-22,8.5234,10.8494,12.7480,0.149
2013-02-25,8.3015,10.6933,12.7287,-1.184
2013-02-26,8.4001,10.8001,12.8798,0.176
2013-02-27,8.7535,11.1946,12.8264,0.295
2013-02-28,8.8275,11.2768,12.7788,0.032
2013-03-01,9.0412,11.5234,12.7956,0.393
2013-03-04,9.1152,11.5810,12.7700,0.511
2013-03-05,9.3042,11.8111,12.7401,0.360
2013-03-06,9.3864,12.0001,12.7420,-0.333
2013-03-07,9.5097,12.1727,12.7845,-0.124
2013-03-08,9.7974,12.4193,12.6525,-0.187
2013-03-11,9.7809,12.2796,12.5470,-0.061
2013-03-12,9.9946,12.3618,12.4502,0.661
2013-03-13,9.8385,12.2467,12.3971,-0.407
2013-03-14,9.8960,12.3371,12.4476,-0.154
2013-03-15,10.2001,12.6988,12.4325,-0.138
2013-03-19,9.9124,12.3042,12.4452,0.260
2013-03-20,10.0933,12.5179,12.3950,-0.059
2013-03-21,10.0111,12.4440,12.3592,-0.571
2013-03-22,10.0357,12.4193,12.3714,-0.030
2013-03-25,9.9700,12.3453,12.3605,-0.178
2013-03-26,10.0439,12.4358,12.3453,-0.291
2013-03-27,9.9700,12.3536,12.3786,-0.098
2013-04-01,10.0522,12.4604,12.3404,-0.446
2013-04-02,10.0439,12.3864,12.2775,-0.444
2013-04-03,9.6659,11.9426,12.3205,-0.283
2013-04-04,9.5919,11.8275,12.3381,0.060
2013-04-05,10.2083,12.4440,12.2390,0.402
2013-04-08,10.3892,12.6412,12.1583,-0.077
2013-04-09,10.2987,12.5344,12.1283,-0.349
2013-04-10,10.2248,12.3864,12.1156,0.012
2013-04-11,10.2494,12.3536,12.0680,0.125
2013-04-12,10.0604,12.1810,12.0871,-0.171
2013-04-15,9.4357,11.6303,12.1729,-1.240
2013-04-16,9.6741,11.7782,12.1650,-0.082
2013-04-17,9.4933,11.5810,12.2350,0.294
2013-04-18,9.1480,11.2357,12.2690,-0.107
2013-04-19,9.3207,11.4741,12.2320,-0.637
2013-04-22,9.2631,11.4166,12.3071,-0.143
2013-04-23,9.5225,11.7194,12.2437,-0.514
2013-04-24,9.5738,11.7279,12.2850,0.286
2013-04-25,9.6422,11.7877,12.1175,-0.881
2013-04-26,9.8388,12.0185,12.1786,-0.302
2013-04-29,9.5995,11.7023,12.1240,-0.546
2013-04-30,9.6165,11.7023,12.1323,-0.301
2013-05-02,9.6849,11.8390,12.1540,-0.574
2013-05-03,10.1380,12.3092,12.0880,-0.442
2013-05-06,10.1893,12.3861,12.1065,-0.408
2013-05-07,10.2406,12.3690,12.0750,-0.029
2013-05-08,10.0867,12.1382,12.0308,-0.026
2013-05-09,9.9243,11.9331,11.9760,-0.400
2013-05-10,10.2577,12.4032,12.1313,0.328
2013-05-13,10.1294,12.3348,12.1425,-0.285
2013-05-14,10.2833,12.5656,12.1525,-0.548
2013-05-15,10.6081,12.9417,12.2316,0.260
2013-05-16,10.5483,12.9417,12.2421,-0.220
2013-05-17,10.5654,13.0101,12.3153,0.011
2013-05-20,10.3260,12.7195,12.3355,0.143
2013-05-21,10.1038,12.4716,12.3225,-0.170
2013-05-22,9.8473,12.1981,12.3185,-0.554
2013-05-23,9.8388,12.1639,12.4651,0.825
2013-05-24,9.8132,12.2664,12.5404,0.323
2013-05-28,9.7191,12.2237,12.5387,-0.304
2013-05-29,9.6935,12.2835,12.6373,-0.273
2013-05-30,9.8644,12.6426,12.7778,-0.300
2013-05-31,9.8302,12.7622,12.7791,-1.568
2013-06-03,9.6251,12.2237,12.7900,0.710
2013-06-04,9.3345,11.9160,12.7240,-0.326
2013-06-05,9.0951,11.7108,12.8296,-0.360
2013-06-06,9.2661,11.8732,12.9000,0.674
2013-06-07,9.3601,11.9502,12.7386,-0.223
2013-06-10,9.3772,12.0869,12.8535,-0.281
2013-06-11,8.9669,11.5313,12.8650,0.040
2013-06-12,8.7617,11.3176,12.8449,-0.559
2013-06-13,9.0182,11.4886,12.7795,0.315
2013-06-14,8.9413,11.3860,12.6980,-0.284
2013-06-17,8.8130,11.3005,12.7776,-0.350
2013-06-18,9.0096,11.5997,12.8845,0.076
2013-06-19,8.9413,11.8219,12.8721,-2.645
2013-06-20,8.4882,11.3860,13.4050,-0.066
2013-06-21,8.3942,11.2321,13.4147,0.253
2013-06-24,8.2403,10.9415,13.3945,0.877
2013-06-25,8.5566,11.3176,13.2570,0.229
2013-06-26,8.9156,11.7108,13.2150,0.608
2013-06-27,9.1037,11.7963,13.0365,0.608
2013-06-28,9.0438,11.7621,12.9925,-0.101
2013-07-01,9.1550,11.8903,12.9000,-0.676
2013-07-02,8.8814,11.5484,12.9790,-0.184
2013-07-03,8.8558,11.5570,13.0310,-0.147
2013-07-05,8.9156,11.6339,13.0440,-0.038
2013-07-08,8.8900,11.4886,12.9490,0.201
2013-07-09,8.9669,11.5997,12.8675,-0.531
2013-07-10,8.9583,11.6253,12.9475,-0.228
2013-07-11,9.4712,12.1553,12.8475,0.106
2013-07-12,9.6507,12.3947,12.8295,-0.107
2013-07-15,9.6251,12.2152,12.7390,0.379
2013-07-16,9.4627,11.9416,12.6280,0.066
2013-07-17,9.6080,12.0527,12.5310,-0.107
2013-07-18,9.7106,12.1553,12.5375,0.159
2013-07-19,9.7362,12.1895,12.5525,0.262
2013-07-22,9.8473,12.3092,12.5040,0.032
2013-07-23,9.7961,12.2579,12.5125,-0.005
2013-07-24,9.7106,12.2835,12.6425,-0.056
2013-07-25,9.9243,12.4630,12.6550,0.771
2013-07-26,10.0012,12.6340,12.7120,0.630
2013-07-29,9.7277,12.4289,12.7340,-0.335
2013-07-30,9.6849,12.3947,12.7540,-0.343
2013-07-31,9.8388,12.5827,12.8570,0.533
2013-08-01,10.1294,13.0272,12.8240,-0.286
2013-08-02,10.1722,12.9332,12.6805,-0.266
2013-08-05,10.3004,13.0529,12.6765,0.034
2013-08-06,10.3175,13.0614,12.6440,-0.122
2013-08-07,10.1380,12.9161,12.6900,-0.395
2013-08-08,10.4372,13.2238,12.6170,-0.418
2013-08-09,10.3944,13.1383,12.6010,-0.307
2013-08-12,10.3859,13.1640,12.5620,-0.891
2013-08-13,10.6167,13.4974,12.7515,0.300
2013-08-14,10.6594,13.5657,12.7205,-0.047
2013-08-15,10.3089,13.2751,12.8335,-0.340
2013-08-16,10.3260,13.3178,12.8685,-0.224
2013-08-19,10.3089,13.5145,12.9900,-0.911
2013-08-20,10.4201,13.5828,12.9795,-0.428
2013-08-21,10.1893,13.5401,13.1700,-0.892
2013-08-22,10.3602,13.5999,13.1555,0.217
2013-08-23,10.3346,13.4888,12.9930,-0.453
2013-08-26,9.9670,13.1640,13.1420,-0.496
2013-08-27,9.7106,12.7708,13.3145,1.240
2013-08-28,9.5225,12.7280,13.2295,-1.023
2013-08-29,9.5653,12.7622,13.2850,-0.429
2013-08-30,9.6080,12.9674,13.3355,-1.192
2013-09-03,9.6251,12.8819,13.4330,0.369
2013-09-04,9.5140,12.7195,13.2930,-0.570
2013-09-05,9.4798,12.7195,13.3990,-0.138
2013-09-06,9.6849,12.8477,13.1775,-0.665
2013-09-09,9.7790,12.8819,13.1530,-0.152
2013-09-10,9.9499,13.1298,13.1420,-0.408
2013-09-11,10.0354,13.1469,13.0870,-0.103
2013-09-12,9.8388,12.8990,13.0970,-0.102
2013-09-13,9.9072,12.9759,13.0490,-0.370
2013-09-17,9.8388,12.7537,12.9180,-0.344
2013-09-18,10.1551,12.9588,12.9700,1.638
2013-09-19,10.3004,13.1383,12.7380,-0.135
2013-09-20,10.0439,13.0101,12.7770,-1.360
2013-09-23,10.0098,12.8734,12.7990,-0.481
2013-09-24,9.7191,12.6169,12.8605,-0.932
2013-09-25,9.7448,12.7280,12.9340,-0.975
2013-09-26,9.6849,12.6426,13.0465,-0.056
2013-09-27,9.6336,12.7195,13.1465,-0.429
2013-09-30,9.5567,12.5314,13.1550,0.323
2013-10-01,9.7790,12.8904,13.1771,-0.036
2013-10-02,9.7619,12.8306,13.1530,0.071
2013-10-03,9.6593,12.7195,13.2465,0.595
2013-10-04,9.7277,12.7537,13.0855,-0.192
2013-10-07,9.5140,12.4887,13.0880,-0.295
2013-10-08,9.1977,12.1724,13.1520,-0.621
2013-10-09,9.1293,12.1040,13.2020,-0.426
2013-10-10,9.3174,12.2322,13.0700,-0.445
2013-10-11,9.2319,12.0271,13.0475,0.151
2013-10-14,9.2404,12.0100,13.0475,0.387
2013-10-15,9.0609,11.8048,12.9485,-0.613
2013-10-16,9.0951,11.7194,12.8585,-0.208
2013-10-17,9.0524,11.6168,12.7665,-0.517
2013-10-18,9.1891,11.8561,12.8010,-0.785
2013-10-21,9.0524,11.7450,12.9590,-0.120
2013-10-22,9.2233,11.8903,12.8610,-0.237
2013-10-23,9.0438,11.7194,12.9335,-0.192
2013-10-24,9.3772,12.1810,12.9770,-0.100
2013-10-25,9.5567,12.3348,12.8750,-0.248
2013-10-28,9.4028,12.1981,12.8625,-0.850
2013-10-29,9.3687,12.1297,12.8740,-0.564
2013-10-30,9.0524,11.7536,12.8765,-0.828
2013-10-31,9.0438,11.8476,12.9995,-0.769
2013-11-01,8.9840,11.7536,13.0815,-0.010
2013-11-04,9.1208,11.8903,12.9855,-0.392
2013-11-05,8.7276,11.5399,13.1400,-0.623
2013-11-06,8.7105,11.4971,13.1495,-0.377
2013-11-07,8.6164,11.4458,13.1975,-0.649
2013-11-08,8.8472,11.6937,13.2430,0.194
2013-11-11,8.8643,11.7536,13.2430,-0.124
2013-11-12,8.8045,11.6168,13.1980,0.029
2013-11-13,8.9925,11.7792,13.0850,-0.106
2013-11-14,9.1977,11.9844,13.0070,-0.175
2013-11-15,9.3003,12.0698,12.9505,-0.211
2013-11-19,9.1550,11.8903,12.8965,-0.703
2013-11-20,9.0609,11.9074,12.9805,-1.225
2013-11-21,9.2661,12.0869,13.0635,0.147
2013-11-22,9.1208,11.8390,12.9985,0.140
2013-11-25,9.1550,11.9416,13.0130,-0.237
2013-11-26,9.3088,12.1724,13.0665,-0.074
2013-11-27,9.2917,12.2322,13.0960,-0.522
2013-11-29,9.3430,12.3519,13.1110,-0.828
2013-12-02,9.3430,12.3605,13.2030,-0.201
2013-12-03,9.2917,12.1895,13.2165,0.746
2013-12-04,9.5311,12.4459,13.1020,0.335
2013-12-05,9.4028,12.3263,13.0185,-0.691
2013-12-06,9.8473,12.7280,12.9380,0.098
2013-12-09,9.8815,12.7451,12.8505,-0.368
2013-12-10,9.9243,12.8135,12.8850,-0.204
2013-12-11,9.7961,12.7451,12.9225,-0.676
2013-12-13,9.7704,12.6426,12.9575,0.138
2013-12-16,9.6764,12.5827,12.9450,-0.450
2013-12-17,9.7106,12.5998,12.9530,-0.172
2013-12-18,9.9585,12.9503,12.9925,-0.091
2013-12-19,9.7619,12.7879,12.9710,-0.983
2013-12-20,9.9756,12.9674,12.9475,-0.397
2013-12-23,9.9841,12.9588,12.9725,-0.054
2013-12-26,10.0012,13.0358,13.0555,0.164
2013-12-27,10.0525,13.1212,13.0730,0.155
2013-12-30,10.0439,13.1041,13.0490,0.017
2014-01-02,9.8302,12.9161,13.1155,-0.180
2014-01-03,9.8559,12.9075,13.1055,0.070
2014-01-06,9.9072,12.9674,13.0930,0.032
2014-01-07,9.9670,12.9674,13.0450,0.267
2014-01-08,10.0269,13.1469,13.0905,-0.162
2014-01-09,10.3944,13.5828,13.1550,0.670
2014-01-10,10.7705,13.9248,12.9965,0.525
2014-01-13,10.3773,13.5230,13.0135,-0.137
2014-01-14,10.6680,13.9590,13.0865,0.012
2014-01-15,10.8475,14.2923,13.1640,-0.089
2014-01-16,10.5910,14.0701,13.3115,0.200
2014-01-17,10.6936,14.0872,13.2680,0.718
2014-01-21,10.9842,14.5317,13.2970,0.510
2014-01-22,11.0697,14.6855,13.3180,0.389
2014-01-23,10.8646,14.4718,13.3785,0.438
2014-01-24,10.6081,14.2410,13.4560,0.233
2014-01-27,10.5739,14.1897,13.4450,0.190
2014-01-28,10.8047,14.3009,13.3135,0.587
2014-01-29,10.6167,14.2581,13.3415,-0.659
2014-01-30,10.6423,14.2325,13.3105,-0.471
2014-01-31,10.5739,14.1299,13.3585,-0.033
2014-02-04,10.5141,14.0701,13.3605,-0.161
2014-02-05,10.7791,14.3265,13.3375,0.350
2014-02-06,10.9842,14.6172,13.2175,-0.676
2014-02-07,10.9671,14.6086,13.3305,0.076
2014-02-10,10.7791,14.3864,13.3035,-0.323
2014-02-11,10.9500,14.5830,13.2845,-0.249
2014-02-12,11.0013,14.6855,13.3125,-0.272
2014-02-13,11.0013,14.6257,13.3380,0.327
2014-02-14,11.1125,14.7796,13.2505,-0.372
2014-02-18,11.3262,15.0104,13.2285,-0.184
2014-02-19,11.3518,15.1728,13.2720,-0.703
2014-02-20,11.4544,15.2326,13.2935,-0.038
2014-02-21,11.3176,15.0275,13.2710,-0.052
2014-02-24,11.3091,15.0446,13.2035,-0.749
2014-02-25,11.0697,14.6513,13.2110,-0.185
2014-02-26,11.1979,14.9163,13.3175,-0.023
2014-02-27,11.2749,14.9591,13.2960,0.214
2014-02-28,11.1808,14.8223,13.2255,-0.237
2014-03-03,10.8304,14.4291,13.3315,0.065
2014-03-04,11.0783,14.7454,13.2820,-0.212
2014-03-05,11.0526,14.6599,13.2520,-0.088
2014-03-06,11.1039,14.6513,13.1425,-0.396
2014-03-07,11.0954,14.6086,13.1740,0.058
2014-03-10,10.8475,14.4205,13.2200,-0.556
2014-03-11,10.7705,14.3180,13.2325,-0.460
2014-03-12,10.7021,14.2154,13.2700,-0.096
2014-03-13,10.5226,14.0444,13.2290,-0.883
2014-03-14,10.3089,13.6341,13.2275,0.015
2014-03-18,10.5910,14.0615,13.1670,-0.827
2014-03-19,10.5654,14.0017,13.1685,-0.633
2014-03-20,10.6509,14.2496,13.2625,-0.869
2014-03-21,11.0355,14.6428,13.2200,-0.368
2014-03-24,10.9842,14.4718,13.1945,0.147
2014-03-25,11.0783,14.6086,13.1415,-0.343
2014-03-26,10.9158,14.3864,13.1260,-0.405
2014-03-27,10.8817,14.3265,13.0680,-0.742
2014-03-28,10.7363,14.0957,13.0880,-0.312
2014-03-31,10.7962,14.1043,13.0560,-0.062
2014-04-01,10.8475,14.1556,13.0265,-0.177
2014-04-02,11.1466,14.6086,13.1005,-0.041
2014-04-03,11.0526,14.5744,13.1335,-0.401
2014-04-04,11.6082,15.0702,13.0265,0.340
2014-04-07,11.2920,14.7197,13.0090,-0.204
2014-04-08,11.2920,14.7796,12.9500,-1.059
2014-04-09,11.3176,14.7454,13.0525,0.183
2014-04-10,11.0697,14.5231,13.0455,-0.565
2014-04-11,10.9671,14.3522,13.0740,-0.096
2014-04-14,10.9586,14.3009,13.0510,0.008
2014-04-15,10.8133,14.2410,13.0960,-0.562
2014-04-16,11.1296,14.5659,13.0545,-0.253
2014-04-21,11.1125,14.5317,13.0400,-0.282
2014-04-22,11.0236,14.4373,13.0500,-0.357
2014-04-23,11.1036,14.5795,13.0920,-0.293
2014-04-24,11.0058,14.4551,13.0955,-0.294
2014-04-25,11.0147,14.4995,13.1350,-0.219
2014-04-28,10.8191,14.2417,13.1425,-0.160
2014-04-29,11.1036,14.5707,13.1155,-0.053
2014-04-30,11.2369,14.8729,13.0835,-1.150
2014-05-02,11.4681,15.0063,12.9985,-0.663
2014-05-05,11.4503,14.9974,13.0080,-0.686
2014-05-06,11.3880,14.8907,13.0025,-0.560
2014-05-07,11.4858,14.9262,12.9800,-0.118
2014-05-08,11.5125,14.9262,12.9455,-0.152
2014-05-09,11.1302,14.4640,12.9860,-0.071
2014-05-12,11.2903,14.6684,12.9575,-0.267
2014-05-13,11.3880,14.7484,12.9260,-0.192
2014-05-14,11.1391,14.4551,12.8850,-0.708
2014-05-15,11.0413,14.3128,12.9745,0.089
2014-05-16,11.1658,14.4551,12.9220,-0.184
2014-05-19,11.1302,14.3840,12.8945,-0.223
2014-05-20,11.0769,14.3128,12.9365,0.117
2014-05-21,11.1480,14.4373,12.9150,-0.275
2014-05-22,11.2191,14.5351,12.8815,-0.572
2014-05-23,11.4236,14.6595,12.8630,0.236
2014-05-27,11.4947,14.8196,12.8870,-0.043
2014-05-28,11.5481,14.9440,12.8710,-0.539
2014-05-29,11.5747,14.9085,12.8455,-0.269
2014-05-30,11.4414,14.7218,12.8605,-0.052
2014-06-02,11.4592,14.8551,12.9110,-0.405
2014-06-03,11.4592,14.8818,12.9375,-0.380
2014-06-04,11.4058,14.7840,12.9460,-0.122
2014-06-05,11.4414,14.7840,12.8765,-0.348
2014-06-06,11.5392,15.0063,12.9070,-0.751
2014-06-09,11.6281,15.1663,12.9880,-0.420
2014-06-10,12.0015,15.6641,13.0435,-0.064
2014-06-11,11.8681,15.4774,13.0295,-0.090
2014-06-12,11.6992,15.2374,12.9860,-0.294
2014-06-13,11.6547,15.1929,13.0215,-0.110
2014-06-16,11.6459,15.2463,13.0264,-0.498
2014-06-17,11.6103,15.2374,13.0910,-0.252
2014-06-18,11.8148,15.3796,13.0660,0.374
2014-06-19,11.9303,15.5574,12.9955,-0.343
2014-06-20,11.8592,15.4152,13.0065,0.062
2014-06-23,11.7792,15.3796,12.9950,-0.472
2014-06-24,11.6370,15.2818,13.0195,-0.858
2014-06-25,11.6636,15.2107,13.0195,-0.166
2014-06-26,11.7348,15.2907,13.0200,-0.079
2014-06-27,11.7525,15.2107,13.0010,0.452
2014-06-30,11.7614,15.2730,12.9695,-0.124
2014-07-01,11.9570,15.4508,12.9455,0.182
2014-07-02,12.0370,15.6197,12.9625,-0.107
2014-07-03,12.0815,15.7086,12.9665,-0.275
2014-07-07,11.9748,15.5930,13.0030,-0.142
2014-07-08,11.9037,15.4685,13.0020,0.056
2014-07-09,11.9392,15.4508,12.9725,0.242
2014-07-10,11.8503,15.4152,12.9985,-0.075
2014-07-11,11.7259,15.2552,12.9820,-0.214
2014-07-14,11.8592,15.4241,12.9773,-0.221
2014-07-15,11.7436,15.2463,12.9735,-0.070
2014-07-16,11.7792,15.2463,12.9350,-0.065
2014-07-17,11.4592,14.9618,12.9700,-0.664
2014-07-18,11.7525,15.2641,12.9610,-0.207
2014-07-21,11.5925,15.0685,12.9685,-0.231
2014-07-22,11.6014,15.0685,12.9355,-0.408
2014-07-23,11.6014,15.0329,12.9260,-0.246
2014-07-24,11.5303,14.9707,12.9550,-0.222
2014-07-25,11.5125,14.9618,12.9500,-0.355
2014-07-28,11.3258,14.8018,12.9875,-0.624
2014-07-29,11.2991,14.7929,13.0655,-0.203
2014-07-30,11.2991,14.8551,13.1375,-0.073
2014-07-31,11.1658,14.7396,13.2370,0.275
2014-08-01,11.1125,14.6329,13.2140,0.349
2014-08-04,11.1213,14.7307,13.1980,-0.358
2014-08-05,11.0947,14.7573,13.2810,-0.152
2014-08-06,11.1125,14.7662,13.2545,-0.252
2014-08-07,11.0502,14.7040,13.2665,-0.301
2014-08-08,11.2280,14.9440,13.2340,-0.568
2014-08-11,11.3080,14.9440,13.1920,-0.177
2014-08-12,11.3080,14.8818,13.1700,0.073
2014-08-13,11.3436,14.9174,13.1060,-0.338
2014-08-14,11.3880,14.9885,13.0710,-0.688
2014-08-15,11.3703,14.9085,13.1015,-0.079
2014-08-18,11.4503,14.9707,13.0495,-0.191
2014-08-19,11.4147,14.9974,13.0570,-0.621
2014-08-20,11.4414,15.0863,13.0825,-0.783
2014-08-21,11.4503,15.0507,13.0935,-0.387
2014-08-22,11.4503,15.0774,13.1375,-0.229
2014-08-25,11.6192,15.3085,13.1305,-0.339
2014-08-26,11.7436,15.3885,13.1050,0.010
2014-08-27,11.6992,15.3352,13.0850,-0.175
2014-08-28,11.7259,15.3619,13.1175,0.127
2014-08-29,11.7614,15.4419,13.0690,-0.459
2014-09-02,11.8325,15.5219,13.1310,0.099
2014-09-03,11.8237,15.5130,13.0915,-0.220
2014-09-04,11.8859,15.6463,13.1115,-0.397
2014-09-05,11.9214,15.5308,13.0680,0.310
2014-09-08,11.8859,15.6374,13.0755,-0.614
2014-09-09,11.7970,15.5752,13.2040,0.010
2014-09-10,11.8503,15.6463,13.2090,0.043
2014-09-11,11.8503,15.6641,13.2120,-0.048
2014-09-12,11.8148,15.6197,13.2485,0.212
2014-09-15,11.7081,15.5041,13.2315,-0.081
2014-09-17,11.8059,15.6286,13.1805,-0.434
2014-09-18,11.8414,15.6286,13.2355,0.283
2014-09-19,11.7970,15.6019,13.2390,0.103
2014-09-22,11.7525,15.6108,13.2595,-0.176
2014-09-23,11.7081,15.6019,13.2925,-0.249
2014-09-24,11.7792,15.6641,13.2990,0.007
2014-09-25,11.6814,15.6108,13.3800,0.121
2014-09-26,11.6281,15.6374,13.4445,-0.026
2014-09-29,11.5747,15.6286,13.4823,-0.148
2014-09-30,11.5925,15.5574,13.4270,0.050
2014-10-01,11.3169,15.2552,13.4610,-0.141
2014-10-02,11.1925,15.0151,13.4100,-0.040
2014-10-03,11.2014,15.1574,13.4725,-0.438
2014-10-06,11.2458,15.1841,13.3970,-0.777
2014-10-07,11.1125,15.0418,13.4370,-0.731
2014-10-08,11.1391,14.8996,13.4855,0.819
2014-10-09,10.8458,14.5262,13.3940,0.004
2014-10-10,10.3835,14.0195,13.4270,-0.553
2014-10-13,9.9656,13.4594,13.4270,-0.583
2014-10-14,10.1079,13.5839,13.4015,-0.278
2014-10-15,9.9301,13.5039,13.5615,-0.275
2014-10-16,10.0545,13.6817,13.5605,-0.345
2014-10-17,10.3124,14.0106,13.5155,-0.520
2014-10-20,10.3924,14.1084,13.5365,-0.289
2014-10-21,10.4635,14.2684,13.5060,-0.956
2014-10-22,10.3035,13.9750,13.5430,-0.151
2014-10-23,10.5879,14.4195,13.5240,-0.696
2014-10-24,10.7391,14.5618,13.5290,-0.226
2014-10-27,10.5791,14.4106,13.5727,-0.361
2014-10-28,10.8546,14.6507,13.4880,-0.068
2014-10-29,10.7835,14.5351,13.4150,-0.475
2014-10-30,10.7746,14.5440,13.4300,-0.506
2014-10-31,10.9347,14.7484,13.4825,-0.039
2014-11-03,10.9169,14.8729,13.5405,-0.611
2014-11-04,10.9080,14.7840,13.5930,0.292
2014-11-05,10.8013,14.7662,13.5935,-0.565
2014-11-06,10.8991,14.8907,13.6205,-0.306
2014-11-07,10.9169,14.7662,13.5625,0.269
2014-11-10,11.0324,14.9529,13.5475,-0.045
2014-11-11,11.0413,14.9974,13.5475,-0.261
2014-11-12,11.0591,14.9796,13.5600,0.111
2014-11-13,10.9080,14.8018,13.6120,0.312
2014-11-14,10.9880,14.8729,13.5360,0.003
2014-11-18,11.0147,14.9174,13.5450,0.013
2014-11-19,11.0591,15.0151,13.6070,0.220
2014-11-20,11.1302,15.1841,13.6170,-0.185
2014-11-21,11.2636,15.2818,13.6255,0.428
2014-11-24,11.3258,15.4419,13.6415,0.053
2014-11-25,11.2458,15.2907,13.6410,0.325
2014-11-26,11.2725,15.4508,13.7155,0.065
2014-11-28,11.1213,15.3530,13.9210,0.841
2014-12-01,10.7746,15.0329,13.9355,-0.119
2014-12-02,10.4190,14.7307,14.0695,-0.486
2014-12-03,10.3746,14.6684,14.0920,-0.331
2014-12-04,10.3479,14.6062,14.1020,-0.093
2014-12-05,10.2057,14.6862,14.3260,-0.446
2014-12-08,10.0368,14.4551,14.4270,0.173
2014-12-09,9.8767,14.1617,14.3655,0.189
2014-12-10,9.4589,13.7883,14.5175,-0.409
2014-12-11,9.4500,13.9306,14.7050,-0.246
2014-12-15,8.8722,13.1216,14.7940,0.030
2014-12-16,8.8544,13.1394,14.7440,-0.643
2014-12-17,9.1300,13.4150,14.5655,-0.870
2014-12-18,9.6456,14.0284,14.5585,0.101
2014-12-19,9.4945,13.9395,14.6635,-0.124
2014-12-22,9.3967,13.8328,14.6405,-0.546
2014-12-23,9.2011,13.6728,14.7075,-1.026
2014-12-24,9.1211,13.5216,14.7460,-0.530
2014-12-26,9.0767,13.3972,14.7460,-0.095
2014-12-29,9.1389,13.5216,14.7125,-0.562
2014-12-30,9.1744,13.5216,14.7230,-0.104
2014-12-31,9.0589,13.3705,14.7500,-0.065
2015-01-02,8.7655,13.0505,14.8060,-0.554
2015-01-05,8.5344,12.7393,14.9700,0.288
2015-01-06,8.6410,12.9171,14.8785,-0.469
2015-01-07,8.9166,13.2105,14.7875,-0.189
2015-01-08,9.0767,13.3794,14.6095,-0.888
2015-01-09,9.0944,13.3349,14.5765,-0.588
2015-01-12,8.9522,13.1305,14.6370,-0.207
2015-01-13,8.8277,12.9260,14.5755,-0.458
2015-01-14,8.5699,12.4371,14.5740,0.424
2015-01-15,8.4099,12.3748,14.5920,-0.833
2015-01-16,8.3566,12.1792,14.6110,0.251
2015-01-20,8.4010,12.3482,14.6465,-0.353
2015-01-21,8.3121,12.3304,14.7250,-0.736
2015-01-22,8.6410,12.6949,14.6015,-0.612
2015-01-23,8.4544,12.4282,14.6400,-0.410
2015-01-26,8.5610,12.4637,14.5640,0.037
2015-01-27,8.5255,12.5171,14.5775,-0.711
2015-01-28,8.2766,12.2859,14.6855,-1.069
2015-01-29,8.3388,12.3659,14.8805,0.344
2015-01-30,7.9032,11.8325,15.0050,0.221
2015-02-03,8.3655,12.1970,14.7515,1.175
2015-02-04,7.8143,11.6103,14.7935,-0.433
2015-02-05,8.8722,13.1305,14.7480,-0.349
2015-02-06,8.8011,13.0682,14.9175,0.465
2015-02-09,8.9522,13.2549,14.8090,0.018
2015-02-10,8.6499,12.9527,14.9530,-0.142
2015-02-11,8.4632,12.8104,15.1025,-0.225
2015-02-12,8.8544,13.1927,14.8905,-0.061
2015-02-13,8.7477,13.0505,14.8730,-0.306
2015-02-17,8.8811,13.2816,14.8850,-0.468
2015-02-18,8.7566,13.0594,14.9610,0.317
2015-02-19,8.7388,13.1483,14.9370,-0.723
2015-02-20,8.8544,13.3083,15.0625,0.215
2015-02-23,8.9433,13.4416,15.0780,0.321
2015-02-24,9.1833,13.6817,14.9755,0.518
2015-02-25,9.0855,13.5127,14.9190,0.311
2015-02-26,9.1300,13.6994,14.9465,-0.389
2015-02-27,9.0233,13.4683,14.9390,0.086
2015-03-02,9.0322,13.5039,14.9895,0.259
2015-03-03,8.8722,13.2994,14.9350,-0.367
2015-03-04,8.7033,13.1216,15.0825,0.039
2015-03-05,8.7833,13.2727,15.1810,0.461
2015-03-06,8.2321,12.7838,15.4480,-0.523
2015-03-09,8.2766,12.8015,15.4635,-0.024
2015-03-10,8.1610,12.7038,15.5815,0.097
2015-03-11,8.3032,12.8193,15.4610,0.143
2015-03-12,8.6233,13.2816,15.3660,-0.234
2015-03-13,8.6144,13.2994,15.4985,0.388
2015-03-17,8.5344,13.1394,15.4250,0.189
2015-03-18,8.5344,12.9705,15.4285,1.517
2015-03-19,8.2410,12.7038,15.3055,-0.712
2015-03-20,8.4277,12.7038,15.0500,-0.158
2015-03-23,8.6144,12.8371,14.9565,0.366
2015-03-24,8.7033,13.0238,14.9450,-0.129
2015-03-25,8.6410,12.9438,14.9330,-0.310
2015-03-26,8.3921,12.7304,15.0855,-0.554
2015-03-27,8.4188,12.7927,15.1720,-0.154
2015-03-30,8.4455,12.8993,15.2490,-0.162
2015-03-31,8.4188,12.8638,15.2450,-0.228
2015-04-01,8.3921,12.7393,15.1130,-0.442
2015-04-06,9.0055,13.3616,14.8225,-0.099
2015-04-07,9.0322,13.4327,14.9200,0.322
2015-04-08,8.8011,13.1571,14.9065,-0.288
2015-04-09,8.7388,13.2105,15.0550,-0.410
2015-04-10,8.6766,13.2283,15.1670,-0.518
2015-04-13,8.5966,13.2460,15.3110,-0.633
2015-04-14,8.7122,13.3172,15.2135,-0.472
2015-04-15,8.9522,13.6461,15.3610,0.772
2015-04-16,8.9700,13.6016,15.2160,0.346
2015-04-17,8.7833,13.4327,15.3190,0.167
2015-04-20,8.6499,13.3794,15.3940,-0.476
2015-04-21,8.7122,13.4505,15.3810,-0.374
2015-04-22,8.9077,13.7083,15.4275,0.249
2015-04-23,9.0144,13.8150,15.3305,0.033
2015-04-24,9.2278,14.1528,15.3825,0.295
2015-04-27,9.3078,14.2506,15.3175,0.046
2015-04-28,9.2733,14.1642,15.2185,-0.365
2015-04-29,9.3010,14.0717,15.1680,0.256
2015-04-30,8.8942,13.6834,15.3855,0.006
2015-05-04,9.0052,13.8776,15.5120,0.657
2015-05-05,8.9959,13.8129,15.3410,-0.088
2015-05-06,8.9312,13.6927,15.2945,-0.240
2015-05-07,9.0329,13.7944,15.3325,0.401
2015-05-08,9.3658,14.1180,15.1210,0.312
2015-05-11,9.3288,14.2751,15.2855,-0.110
2015-05-12,9.2825,14.2382,15.2980,-0.265
2015-05-13,9.3473,14.2012,15.2385,0.300
2015-05-14,9.5692,14.3399,15.1160,0.871
2015-05-15,9.6893,14.4878,14.9970,0.299
2015-05-18,9.4952,14.3399,15.1280,0.171
2015-05-19,9.4397,14.3121,15.1910,0.194
2015-05-20,9.3565,14.1642,15.1900,0.341
2015-05-21,9.2825,14.1457,15.2580,0.124
2015-05-22,9.0329,13.8683,15.2915,-0.401
2015-05-26,8.9035,13.6557,15.3310,-0.042
2015-05-27,9.1346,13.9146,15.3570,0.815
2015-05-28,8.8110,13.5817,15.3765,-0.246
2015-05-29,8.5984,13.3321,15.3688,-0.881
2015-06-01,8.4874,13.2212,15.4685,-0.699
2015-06-02,8.7093,13.4800,15.4345,-0.279
2015-06-03,8.5152,13.2674,15.4555,-0.805
2015-06-04,8.4504,13.1749,15.5575,-0.214
2015-06-05,8.5521,13.4430,15.6925,-0.168
2015-06-08,8.5984,13.4708,15.6735,0.044
2015-06-09,8.6354,13.5078,15.5530,-0.572
2015-06-10,8.8295,13.6372,15.4610,0.103
2015-06-11,8.8572,13.6002,15.3990,0.287
2015-06-12,8.8388,13.6187,15.3975,-0.068
2015-06-15,8.6908,13.4615,15.4190,-0.454
2015-06-16,8.8110,13.5540,15.4230,0.260
2015-06-17,8.9312,13.6649,15.4300,0.848
2015-06-18,8.9405,13.7204,15.2710,-0.492
2015-06-19,8.8572,13.6372,15.3440,-0.342
2015-06-22,8.9405,13.7204,15.3265,-0.130
2015-06-23,8.9405,13.7944,15.3970,-0.208
2015-06-24,8.7278,13.6002,15.4450,-0.883
2015-06-25,8.7925,13.6372,15.4860,-0.155
2015-06-26,8.7833,13.6649,15.5630,0.033
2015-06-29,8.3487,13.1657,15.6555,-0.724
2015-06-30,8.4689,13.3229,15.6902,-0.262
2015-07-01,8.3765,13.2489,15.7780,-0.245
2015-07-02,8.4689,13.2489,15.6895,0.290
2015-07-06,8.2470,13.0362,15.7430,-0.406
2015-07-07,8.3025,13.1749,15.8330,-0.224
2015-07-08,8.0436,12.7774,15.8110,-0.466
2015-07-09,8.1453,12.9530,15.7940,-0.682
2015-07-10,8.3303,13.1472,15.7305,-0.329
2015-07-13,8.4042,13.2581,15.7295,-0.292
2015-07-14,8.4135,13.2489,15.6715,-0.481
2015-07-15,8.2933,13.1472,15.7740,-0.497
2015-07-16,8.2748,13.1564,15.7985,-0.635
2015-07-17,8.3303,13.2674,15.9160,-0.067
2015-07-20,8.3303,13.3876,15.9885,-0.514
2015-07-21,8.1823,13.1564,15.9565,-0.762
2015-07-22,8.1916,13.2581,16.1065,-0.486
2015-07-23,8.0159,12.9715,16.1325,-0.307
2015-07-24,7.4242,12.1764,16.2265,-1.064
2015-07-27,7.2393,11.8713,16.2665,-0.805
2015-07-28,7.7293,12.5740,16.2565,-0.070
2015-07-29,7.8680,12.8328,16.1945,-0.710
2015-07-30,7.6923,12.6017,16.4755,0.569
2015-07-31,7.8587,12.6942,16.0610,-0.569
2015-08-03,7.7570,12.5832,16.1015,-0.741
2015-08-04,7.5721,12.3983,16.1660,-1.268
2015-08-05,7.4149,12.2504,16.3775,-0.870
2015-08-06,7.6276,12.4445,16.3615,0.284
2015-08-07,7.8772,12.7404,16.1780,0.027
2015-08-10,8.0344,12.9068,16.1535,0.554
2015-08-11,7.4704,12.2966,16.3335,-0.771
2015-08-12,7.4704,12.1856,16.2960,-0.097
2015-08-13,7.3872,12.1672,16.3735,-0.589
2015-08-14,7.4334,12.2319,16.3655,-0.545
2015-08-17,7.3502,12.1209,16.3995,-0.552
2015-08-18,7.4612,12.2504,16.4220,0.019
2015-08-19,7.2485,12.1117,16.5260,-1.096
2015-08-20,6.9157,11.6494,16.6630,-1.080
2015-08-21,6.4257,11.0484,16.9250,-1.566
2015-08-24,6.3240,10.9098,17.0825,-0.979
2015-08-25,6.3887,11.0484,17.0080,-1.652
2015-08-26,6.5459,11.2056,17.0890,-0.173
2015-08-27,7.1006,11.8713,16.8815,0.973
2015-08-28,7.1006,11.8713,16.7800,0.366
2015-08-31,7.2670,12.1394,16.7315,0.160
2015-09-01,6.7215,11.4737,16.8775,-1.129
2015-09-02,6.9804,11.7141,16.9415,0.954
2015-09-03,6.9989,11.7788,16.7850,-0.265
2015-09-04,6.7955,11.5754,16.8620,-1.010
2015-09-08,7.0359,11.7973,16.7840,0.099
2015-09-09,6.9896,11.7604,16.8015,-0.142
2015-09-10,7.1746,11.9822,16.7575,0.338
2015-09-11,7.1468,11.9453,16.8230,0.652
2015-09-14,7.2485,12.1394,16.7955,0.287
2015-09-15,7.2670,12.1487,16.7680,0.302
2015-09-17,7.4057,12.2966,16.5880,-0.098
2015-09-18,7.1191,11.8898,16.5615,-0.837
2015-09-21,7.0821,11.8528,16.6925,-0.262
2015-09-22,6.7862,11.5570,16.8790,-0.887
2015-09-23,6.4904,11.1871,17.1040,-0.769
2015-09-24,6.4811,11.0669,17.0620,-0.080
2015-09-25,6.4442,10.9467,16.9630,-0.142
2015-09-28,6.1298,10.5584,17.0115,-1.238
2015-09-29,6.2592,10.6879,17.0895,0.083
2015-09-30,6.4626,10.9005,16.8980,0.184
2015-10-01,6.4904,10.9837,16.8915,-0.187
2015-10-02,6.5921,11.0577,16.8115,0.222
2015-10-05,6.7955,11.3166,16.6990,0.276
2015-10-06,6.8695,11.3905,16.6820,0.607
2015-10-07,7.2023,11.8713,16.5735,0.551
2015-10-08,7.3317,12.0192,16.5015,0.659
2015-10-09,7.2763,11.9360,16.4125,0.051
2015-10-12,7.1283,11.7788,16.4125,-0.675
2015-10-13,7.1468,11.8436,16.5680,-0.023
2015-10-14,7.3595,12.0470,16.5715,1.235
2015-10-15,7.1930,11.7696,16.4280,0.401
2015-10-16,7.3040,11.9453,16.3820,0.169
2015-10-19,7.1746,11.8436,16.5225,0.089
2015-10-20,7.1561,11.8621,16.5715,-0.029
2015-10-21,6.9249,11.6217,16.6650,-0.699
2015-10-22,6.4719,10.7526,16.5135,-0.607
2015-10-23,6.4534,10.7341,16.5380,-0.573
2015-10-26,6.2315,10.3735,16.4900,-0.942
2015-10-27,6.0281,10.0314,16.5525,-0.532
2015-10-28,6.1206,10.1794,16.4440,-1.127
2015-10-29,5.9911,9.9852,16.6155,-0.307
2015-10-30,5.8340,9.6801,16.5300,-0.378
2015-11-03,5.9449,9.7263,16.3730,0.075
2015-11-04,5.9357,9.8188,16.5245,-0.106
2015-11-05,5.9634,9.8835,16.5815,0.047
2015-11-06,5.7507,9.6709,16.8430,0.156
2015-11-09,5.5288,9.2733,16.8540,0.485
2015-11-10,5.5104,9.2548,16.7625,-0.195
2015-11-11,5.4919,9.1624,16.7625,0.474
2015-11-12,5.4364,9.1346,16.7320,-0.421
2015-11-13,5.1220,8.6446,16.6965,-1.071
2015-11-17,5.4549,9.1439,16.7700,0.043
2015-11-18,5.5104,9.1993,16.7655,0.425
2015-11-19,5.5843,9.2456,16.5700,0.083
2015-11-20,5.7322,9.4582,16.5080,0.048
2015-11-23,5.6121,9.2918,16.5240,-0.198
2015-11-24,5.6768,9.3565,16.4570,-0.152
2015-11-25,5.7692,9.4767,16.5450,0.723
2015-11-27,5.7692,9.6061,16.5885,-0.373
2015-11-30,5.8247,9.7171,16.6005,-0.492
2015-12-01,5.7785,9.5599,16.5305,-0.082
2015-12-02,5.6305,9.3842,16.5880,-0.472
2015-12-03,5.5196,9.2548,16.7180,-0.293
2015-12-04,5.5104,9.2178,16.6555,-0.435
2015-12-07,5.3347,9.0052,16.9000,0.116
2015-12-08,5.1035,8.7186,17.0245,-0.344
2015-12-09,5.1683,8.8295,17.0505,-0.197
2015-12-10,5.0943,8.8018,17.0945,-1.060
2015-12-11,4.7615,8.3395,17.3570,-0.900
2015-12-14,4.6320,8.0806,17.3580,-0.499
2015-12-15,4.8077,8.2748,17.1490,-0.363
2015-12-16,4.9464,8.4135,17.1800,1.003
2015-12-17,4.9464,8.4504,17.1190,0.204
2015-12-18,4.8354,8.3025,16.9930,-1.032
2015-12-21,4.7522,8.1638,17.1640,-0.087
2015-12-22,4.8909,8.4042,17.1855,0.012
2015-12-23,5.2607,9.0052,17.1865,0.402
2015-12-24,5.2145,8.9867,17.2760,0.243
2015-12-28,5.0203,8.6816,17.2610,-0.184
2015-12-29,4.9834,8.6076,17.2065,-0.383
2015-12-30,4.8909,8.5614,17.3390,-0.947
2015-12-31,5.1498,8.7186,17.1950,1.565
2016-01-04,4.8354,8.4320,17.3600,-0.446
2016-01-05,4.7707,8.3118,17.3595,-0.361
2016-01-06,4.7152,8.2933,17.4360,-0.866
2016-01-07,4.2807,7.6368,17.6525,-1.052
2016-01-08,3.9848,7.1838,17.9145,-0.629
2016-01-11,4.0033,7.2393,17.9560,-0.703
2016-01-12,4.1235,7.3872,17.9230,0.046
2016-01-13,3.9663,7.1376,17.8595,-0.755
2016-01-14,4.1143,7.3595,17.8930,0.030
2016-01-15,3.9941,7.3225,18.2475,-0.468
2016-01-19,3.7722,6.9527,18.1845,-1.339
2016-01-20,3.6797,6.8140,18.5945,0.415
2016-01-21,3.9294,7.2855,18.4655,-0.408
2016-01-22,4.0311,7.4427,18.4500,-0.072
2016-01-25,3.6705,6.9064,18.5600,-1.361
2016-01-26,3.8554,7.0544,18.4750,0.971
2016-01-27,3.7907,7.0266,18.3780,-0.856
2016-01-28,3.9479,7.2115,18.3120,0.246
2016-01-29,4.1882,7.5814,18.2110,0.605
2016-02-02,3.9941,7.4242,18.4895,-0.530
2016-02-03,4.2992,7.7663,18.3930,1.818
2016-02-04,4.8077,8.7093,18.2255,0.608
2016-02-05,4.6413,8.5521,18.3720,-0.295
2016-02-08,4.2345,7.9142,18.6485,-0.222
2016-02-09,4.0958,7.6831,18.8627,0.556
2016-02-10,4.0588,7.6738,18.8470,-0.315
2016-02-11,3.9479,7.5536,19.1925,0.308
2016-02-12,4.1790,7.8310,19.0040,1.415
2016-02-16,4.3454,8.1268,18.7890,0.465
2016-02-17,4.8632,8.8480,18.2750,0.446
2016-02-18,4.6598,8.5152,18.1705,-0.565
2016-02-19,4.7060,8.5614,18.2720,0.437
2016-02-22,5.0573,9.0606,18.0190,0.575
2016-02-23,4.9186,8.9497,18.2000,0.025
2016-02-24,4.9371,8.9867,18.2270,0.136
2016-02-25,5.0388,9.0791,18.1305,0.622
2016-02-26,5.0296,9.1624,18.1850,-0.175
2016-02-29,5.1220,9.2456,18.0675,0.094
2016-03-01,5.4087,9.6339,17.9000,0.494
2016-03-02,5.4271,9.6246,17.8415,0.605
2016-03-03,5.4179,9.6801,17.9015,0.194
2016-03-04,5.5011,9.7356,17.7575,0.339
2016-03-07,5.7785,10.1609,17.7370,0.870
2016-03-08,5.4549,9.8095,17.9210,-0.345
2016-03-09,5.6213,9.9575,17.7045,-0.053
2016-03-10,5.6583,10.0314,17.8955,0.941
2016-03-11,5.6305,9.9575,17.6905,0.033
2016-03-14,5.6768,10.0869,17.7770,0.047
2016-03-15,5.5196,9.8650,17.9245,0.290
2016-03-16,5.7507,10.0962,17.9405,2.189
2016-03-17,6.0096,10.4105,17.3920,0.398
2016-03-18,6.3794,11.0577,17.2950,-0.221
2016-03-22,6.6660,11.5015,17.3300,0.442
2016-03-23,6.3240,11.1132,17.5200,-0.302
2016-03-28,6.5181,11.2981,17.4535,0.693
2016-03-29,6.5736,11.2888,17.4885,1.837
2016-03-30,6.6938,11.5107,17.2550,0.342
2016-03-31,6.7308,11.6032,17.2140,-0.145
2016-04-01,6.7123,11.6032,17.3205,0.197
2016-04-04,6.6013,11.5107,17.4575,0.118
2016-04-05,6.5274,11.5107,17.7480,0.643
2016-04-06,6.5551,11.5292,17.6655,0.440
2016-04-07,6.3979,11.4090,17.9125,0.449
2016-04-08,6.4442,11.4275,17.7600,0.151
2016-04-11,6.5274,11.5200,17.6385,-0.058
2016-04-12,6.6845,11.6402,17.5155,0.585
2016-04-13,6.7585,11.7788,17.4905,0.358
2016-04-14,6.7123,11.6402,17.3670,0.146
2016-04-15,6.7955,11.8713,17.5580,0.507
2016-04-18,6.8695,11.9083,17.4515,0.671
2016-04-19,6.9712,12.0192,17.2935,0.302
2016-04-20,7.0174,12.0839,17.2590,0.226
2016-04-21,6.9527,12.0655,17.4150,0.353
2016-04-22,7.0081,12.2134,17.4440,0.095
2016-04-25,6.7770,11.9083,17.6010,0.167
2016-04-26,6.8879,11.9083,17.3860,0.563
2016-04-27,6.9527,12.0100,17.3790,0.608
2016-04-28,6.9989,12.1209,17.2175,-0.582
2016-04-29,7.1635,12.2788,17.1900,0.286
2016-05-02,7.1442,12.3077,17.2425,0.087
2016-05-03,6.8077,12.0192,17.5415,-0.645
2016-05-04,6.6923,11.8654,17.7050,-0.140
2016-05-05,6.5673,11.6923,17.7850,-0.106
2016-05-06,6.5673,11.7212,17.9155,0.380
2016-05-09,6.4808,11.7308,18.1325,0.175
2016-05-10,6.7019,12.0096,18.0095,0.501
2016-05-11,6.6058,11.8558,17.9265,-0.118
2016-05-12,6.5769,11.8173,18.0345,0.371
2016-05-13,6.3365,11.5288,18.1470,-0.260
2016-05-16,6.3846,11.5865,18.2160,0.377
2016-05-17,6.4135,11.6731,18.2850,0.462
2016-05-18,6.2692,11.5673,18.3375,-0.615
2016-05-19,6.1731,11.3269,18.5460,1.074
2016-05-20,6.2212,11.3846,18.3770,0.422
2016-05-23,6.2019,11.4615,18.4710,-0.052
2016-05-24,6.2596,11.5288,18.4435,0.139
2016-05-25,6.3462,11.6250,18.4500,0.720
2016-05-26,6.3173,11.6538,18.4500,0.014
2016-05-27,6.2404,11.5192,18.4280,-0.169
2016-05-31,6.1154,11.2788,18.4130,-0.165
2016-06-01,6.0577,11.2308,18.5475,0.042
2016-06-02,5.9519,11.1250,18.6320,-0.318
2016-06-03,6.1731,11.4135,18.6120,0.665
2016-06-06,6.0865,11.3654,18.6140,-0.316
2016-06-07,6.3558,11.5962,18.4360,1.046
2016-06-08,6.5962,11.9423,18.1250,0.111
2016-06-09,6.3269,11.5769,18.2885,-0.051
2016-06-10,6.0288,11.2596,18.5260,-0.804
2016-06-13,5.8942,11.1250,18.8145,-0.317
2016-06-14,5.6731,10.7981,18.9785,-0.291
2016-06-15,5.9038,11.1538,18.8630,-0.156
2016-06-16,5.9519,11.2692,18.9875,0.284
2016-06-17,6.0962,11.5000,18.8615,-0.015
2016-06-20,6.2596,11.7308,18.6660,-0.397
2016-06-21,6.1923,11.5865,18.6550,-0.300
2016-06-22,6.2692,11.6635,18.5300,-0.399
2016-06-23,6.5385,11.8942,18.3010,0.604
2016-06-24,5.6538,10.8077,18.8545,-1.366
2016-06-27,5.2788,10.2019,19.1520,-0.901
2016-06-28,5.4712,10.2788,18.9100,0.653
2016-06-29,5.6731,10.5000,18.5355,0.146
2016-06-30,5.9327,10.8654,18.4935,0.978
2016-07-01,5.9135,10.8750,18.3930,0.015
2016-07-05,5.5865,10.5096,18.7805,-0.170
2016-07-06,5.6442,10.5962,18.7535,-0.106
2016-07-07,5.8173,10.9423,18.8785,0.365
2016-07-08,6.0192,11.0962,18.5615,0.689
2016-07-11,6.2981,11.5865,18.4915,0.514
2016-07-12,6.5481,11.9231,18.2935,0.467
2016-07-13,6.4327,11.7981,18.4020,0.334
2016-07-14,6.5192,11.9135,18.3240,0.272
2016-07-15,6.5288,12.0000,18.5190,0.756
2016-07-18,6.8173,12.4904,18.4800,0.865
2016-07-19,6.4808,12.0385,18.5355,-0.216
2016-07-20,6.6250,12.3558,18.5820,-0.366
2016-07-21,6.5288,12.1346,18.6150,0.155
2016-07-22,6.6346,12.2596,18.6140,0.735
2016-07-25,6.5865,12.2981,18.7560,0.452
2016-07-26,6.7019,12.5288,18.7902,0.512
2016-07-27,6.8269,12.8365,18.8715,0.365
2016-07-28,7.1538,13.4904,18.9085,0.270
2016-07-29,7.3558,13.7404,18.7610,0.435
2016-08-01,7.3077,13.7212,18.8325,0.299
2016-08-02,7.0673,13.4135,18.9150,-0.340
2016-08-03,7.2596,13.6442,18.9005,0.563
2016-08-04,7.2692,13.7404,18.8450,-0.302
2016-08-05,7.5577,14.1538,18.8685,0.752
2016-08-08,7.5769,14.0192,18.5785,0.411
2016-08-09,7.8558,14.4231,18.3800,0.110
2016-08-10,8.1058,14.9038,18.3510,-0.194
2016-08-11,8.3558,15.1635,18.2640,0.643
2016-08-12,8.3942,15.3077,18.2500,0.077
2016-08-15,8.5481,15.4327,18.0450,-0.050
2016-08-16,8.4712,15.2500,17.9750,-0.151
2016-08-17,8.4038,15.2115,18.2765,0.971
2016-08-18,8.3558,15.1154,18.0575,-0.178
2016-08-19,8.3173,15.1635,18.2525,0.117
2016-08-22,8.2885,15.1635,18.3165,0.119
2016-08-23,8.1250,14.9712,18.3730,-0.288
2016-08-24,8.0096,14.7788,18.4955,0.239
2016-08-25,7.8173,14.2692,18.4385,1.014
2016-08-26,8.0288,14.9327,18.2950,-1.633
2016-08-29,8.0865,15.0481,18.5625,-0.249
2016-08-30,7.9904,14.9904,18.7850,0.130
2016-08-31,7.9712,14.9712,18.8490,0.359
2016-09-01,7.9615,14.8750,18.8260,0.762
2016-09-02,8.1538,15.0481,18.6440,1.023
2016-09-06,8.2019,14.9904,18.3385,0.338
2016-09-07,8.0385,14.8077,18.3505,-0.383
2016-09-08,7.9423,14.8365,18.6100,-0.377
2016-09-09,7.5000,14.2308,18.8395,-0.711
2016-09-12,7.7212,14.5385,19.0705,1.281
2016-09-13,7.3942,14.0865,19.1651,0.600
2016-09-14,7.2692,13.9423,19.2075,0.144
2016-09-15,7.2596,14.0288,19.2425,-0.424
2016-09-19,7.0865,13.9135,19.6205,-0.067
2016-09-20,7.0865,14.0481,19.8485,0.126
2016-09-21,7.2212,14.1635,19.8425,1.166
2016-09-22,7.5000,14.7115,19.5550,-0.308
2016-09-23,7.4327,14.7308,19.7360,-0.418
2016-09-26,7.2596,14.4904,19.8605,-0.500
2016-09-27,7.6346,14.7981,19.4650,0.424
2016-09-28,7.7885,15.0865,19.5120,0.731
2016-09-29,7.8750,15.3462,19.3825,-0.537
2016-09-30,7.6346,14.7692,19.3355,-0.050
2016-10-03,7.6250,14.7692,19.3350,-0.178
2016-10-04,7.5962,14.7115,19.2360,-0.677
2016-10-05,7.7885,14.9423,19.2455,0.314
2016-10-06,7.8558,15.1154,19.2320,-0.047
2016-10-07,7.8173,15.0096,19.3325,0.688
2016-10-10,8.1827,15.4038,19.3325,2.696
2016-10-11,8.0673,15.3365,18.9685,-0.222
2016-10-12,8.0096,15.2115,18.9990,0.039
2016-10-13,8.1635,15.4615,19.0440,0.549
2016-10-14,8.0385,15.3365,19.0475,-0.165
2016-10-17,8.1923,15.4519,18.8850,0.125
2016-10-18,8.3942,15.6731,18.6575,-0.074
2016-10-19,8.5385,15.8173,18.5605,0.193
2016-10-20,8.6635,16.0481,18.5910,0.362
2016-10-21,8.7885,16.2788,18.6315,0.586
2016-10-24,8.7981,16.2885,18.5835,0.377
2016-10-25,8.7692,16.2212,18.4850,-0.069
2016-10-26,8.6827,16.2308,18.6680,-0.135
2016-10-27,8.6154,16.2115,18.8140,-0.016
2016-10-28,8.3654,15.7981,18.7170,-0.890
2016-10-31,8.3462,15.7308,18.7900,-0.307
2016-11-01,8.0577,15.4808,19.1000,-0.585
2016-11-03,8.1827,15.5865,19.2255,0.931
2016-11-04,8.0096,15.2212,19.1180,0.602
2016-11-07,8.6442,16.0192,18.6365,0.566
2016-11-08,8.6346,16.0962,18.4350,-1.107
2016-11-09,8.0192,15.7308,19.7745,0.806
2016-11-10,7.2404,14.8846,20.4935,-0.313
2016-11-11,7.1442,14.8173,20.4935,-1.190
2016-11-14,7.2019,14.8173,20.8415,1.300
2016-11-15,7.3750,14.8942,20.3450,0.740
2016-11-16,7.4135,14.8942,20.2720,0.902
2016-11-17,7.7115,15.6154,20.1845,-0.320
2016-11-18,7.4135,15.2885,20.4250,-0.958
2016-11-22,7.5288,15.4808,20.5125,-0.240
2016-11-23,7.5769,15.6346,20.6530,0.090
2016-11-25,7.7596,15.9038,20.6505,0.755
2016-11-28,7.5577,15.6058,20.5740,-0.363
2016-11-29,7.5385,15.5577,20.5950,-0.207
2016-11-30,7.5096,15.3942,20.4565,-0.209
2016-12-01,7.4423,15.3942,20.7375,0.255
2016-12-02,7.5288,15.5385,20.6130,-0.124
2016-12-05,7.7308,15.8558,20.5725,0.305
2016-12-06,7.8942,16.0481,20.3750,0.227
2016-12-07,8.1923,16.6058,20.3280,0.286
2016-12-08,8.5865,17.3750,20.3765,0.698
2016-12-09,8.4327,17.2308,20.3330,-0.491
2016-12-13,8.4135,17.0096,20.2560,0.192
2016-12-14,7.9904,16.3846,20.2295,-1.346
2016-12-15,7.8750,15.9904,20.6140,1.521
2016-12-16,7.6827,15.6731,20.4170,0.081
2016-12-19,7.6635,15.5673,20.4120,0.484
2016-12-20,7.7692,15.8558,20.4305,0.108
2016-12-21,7.7404,15.8654,20.5100,0.064
2016-12-22,7.4712,15.4808,20.7095,-0.054
2016-12-23,7.5192,15.4327,20.6110,0.422
2016-12-27,7.7692,16.0192,20.7085,0.435
2016-12-28,7.6827,15.9423,20.7350,-0.077
2016-12-29,7.6442,15.7885,20.6755,0.104
2016-12-30,7.7212,15.9038,20.6170,0.093
2017-01-03,7.5962,15.9038,20.9060,-0.147
2017-01-04,7.6538,16.3462,21.3855,0.134
2017-01-05,7.6538,16.3654,21.3950,0.061
2017-01-06,7.7212,16.3654,21.2960,0.474
2017-01-09,7.5865,16.1923,21.3375,-0.028
2017-01-10,7.5000,16.2596,21.6245,-0.254
2017-01-11,7.5096,16.3654,21.8750,0.378
2017-01-12,7.7212,16.7115,21.7045,0.280
2017-01-13,7.6635,16.4327,21.5435,0.469
2017-01-17,7.9712,17.0577,21.5825,0.856
2017-01-18,7.9904,17.4423,21.8510,0.100
2017-01-19,7.9808,17.4135,21.8910,0.329
2017-01-20,8.5000,18.1923,21.8910,2.281
2017-01-23,8.4904,18.0481,21.4355,0.839
2017-01-24,8.7981,18.7885,21.3840,0.135
2017-01-25,9.1250,19.1154,21.3110,1.731
2017-01-26,8.8173,18.5769,21.2950,1.074
2017-01-27,8.9423,18.6154,21.0245,0.996
2017-01-30,8.9423,18.4615,20.7530,0.522
2017-01-31,8.9038,18.5192,20.8355,0.175
2017-02-01,8.7788,18.1635,20.8155,0.606
2017-02-02,8.9038,18.1923,20.6260,0.950
2017-02-03,8.8654,18.0481,20.3565,-0.007
2017-02-07,8.4423,17.3654,20.6415,0.350
2017-02-08,8.3654,17.0962,20.4990,0.304
2017-02-09,8.5962,17.4327,20.4155,0.670
2017-02-10,8.6923,17.5673,20.3135,0.511
2017-02-13,8.7404,17.6538,20.3250,0.629
2017-02-14,8.7019,17.5865,20.3450,0.668
2017-02-15,8.6058,17.3846,20.2900,0.440
2017-02-16,8.3846,17.0000,20.3405,0.322
2017-02-17,8.3462,16.9904,20.4615,0.513
2017-02-21,8.6731,17.3077,20.4230,2.342
2017-02-22,8.4808,16.8269,19.9155,0.374
2017-02-23,8.3173,16.3750,19.7350,0.239
2017-02-24,8.2115,16.2788,19.8690,0.225
2017-02-27,8.4712,16.8077,19.8290,-0.061
2017-02-28,8.1346,16.3558,19.9975,-0.542
2017-03-01,8.7885,17.3654,19.8785,0.603
2017-03-02,8.3077,16.6346,19.9265,-0.483
2017-03-03,8.5000,16.5865,19.5775,0.328
2017-03-06,8.6923,17.0096,19.5360,-0.167
2017-03-07,8.5385,16.6635,19.5050,-0.055
2017-03-08,8.3365,16.4615,19.6045,-0.718
2017-03-09,8.3077,16.5000,19.7885,-0.366
2017-03-10,8.2788,16.2788,19.6540,-0.047
2017-03-13,8.3942,16.4135,19.5590,0.029
2017-03-14,8.2115,16.1827,19.6260,-0.412
2017-03-15,8.5385,16.4615,19.4490,0.880
2017-03-16,8.7596,16.8269,19.1725,-0.193
2017-03-17,8.7885,16.7404,19.1320,0.440
2017-03-21,8.4712,16.2596,19.0915,-0.535
2017-03-22,8.4904,16.2500,19.0645,-0.391
2017-03-23,8.5000,16.1635,18.9920,-0.125
2017-03-24,8.5288,16.0962,18.8520,-0.109
2017-03-27,8.5192,16.1538,18.8205,-0.744
2017-03-28,8.4327,16.0769,18.8650,-1.049
2017-03-29,8.6058,16.0865,18.8300,0.734
2017-03-30,8.4808,15.9231,18.6650,-0.589
2017-03-31,8.7212,16.2981,18.8290,0.755
2017-04-03,8.7115,16.2885,18.7325,0.187
2017-04-04,9.0096,16.9038,18.8180,0.298
2017-04-05,8.9423,16.8077,18.7235,-0.384
2017-04-06,8.9038,16.7500,18.7450,-0.357
2017-04-07,8.9808,16.7981,18.6480,-0.302
2017-04-10,8.9231,16.7788,18.6910,-0.600
2017-04-11,8.8750,16.6635,18.7485,-0.145
2017-04-12,8.6538,16.2212,18.7665,0.118
2017-04-17,8.6538,16.0577,18.5480,-0.041
2017-04-18,8.4904,15.9038,18.4780,-1.354
2017-04-19,8.3173,15.7692,18.8680,-0.483
2017-04-20,8.5096,16.0385,18.8480,0.003
2017-04-21,8.4423,16.0192,18.8425,-0.698
2017-04-24,8.6346,16.2019,18.6900,-0.394
2017-04-25,8.7885,16.6731,18.9305,-0.216
2017-04-26,8.7596,16.7885,19.1490,-0.087
2017-04-27,8.8750,16.9327,19.1190,0.209
2017-04-28,8.8654,16.6538,18.9340,0.792
2017-05-02,8.9327,16.7404,18.7800,0.210
2017-05-03,8.7600,16.5600,18.7950,-0.577
2017-05-04,8.6000,16.3900,19.0145,-0.229
2017-05-05,8.8300,16.7200,19.0040,0.362
2017-05-08,8.6800,16.6400,19.1055,-0.339
2017-05-09,8.7500,16.7900,19.1225,-0.344
2017-05-10,8.8400,16.7400,18.9705,0.179
2017-05-11,8.7500,16.4100,18.8825,0.684
2017-05-12,8.7300,16.3100,18.7640,0.435
2017-05-15,8.8100,16.3800,18.6600,0.363
2017-05-16,8.7000,16.1800,18.6195,0.117
2017-05-17,8.4500,15.8200,18.6280,-0.502
2017-05-18,8.2500,15.5800,18.9265,0.221
2017-05-19,8.5500,15.9600,18.6780,0.061
2017-05-22,8.4800,15.8000,18.6695,0.201
2017-05-23,8.5800,15.9400,18.6380,0.322
2017-05-24,8.4900,15.6800,18.5665,0.529
2017-05-25,8.3600,15.5200,18.4660,-0.531
2017-05-26,8.3800,15.5500,18.4990,-0.308
2017-05-30,8.4300,15.7100,18.6590,0.124
2017-05-31,8.2700,15.4200,18.6550,0.050
2017-06-01,8.4500,15.7100,18.5775,-0.076
2017-06-02,8.5100,15.9400,18.6700,-0.325
2017-06-05,8.6600,15.8900,18.3895,0.222
2017-06-06,8.8000,16.1200,18.2825,-0.195
2017-06-07,8.8200,16.1400,18.2305,-0.376
2017-06-08,8.9800,16.3900,18.1775,-0.406
2017-06-09,9.2700,16.8000,18.1855,0.345
2017-06-12,9.2800,16.8400,18.1725,0.143
2017-06-13,9.2700,16.7300,18.0780,0.169
2017-06-14,9.2900,16.7300,17.9300,-0.437
2017-06-15,9.1400,16.5300,18.0900,0.026
2017-06-16,9.2400,16.6000,17.9195,-0.255
2017-06-19,9.2300,16.6700,17.9360,-0.690
2017-06-20,9.0200,16.5400,18.1255,-1.154
2017-06-21,9.1000,16.6800,18.1540,-0.958
2017-06-22,9.1400,16.6200,18.1120,-0.395
2017-06-23,9.1900,16.5300,17.9620,-0.139
2017-06-26,9.1900,16.4400,17.8830,-0.034
2017-06-27,9.1400,16.5000,17.9735,-0.438
2017-06-28,9.3900,16.8100,17.8890,-0.073
2017-06-29,9.3000,16.7800,18.0310,-0.067
2017-06-30,9.4200,17.0500,18.0760,-0.131
2017-07-03,9.6600,17.5100,18.2215,0.525
2017-07-05,9.7800,17.8900,18.3295,0.203
2017-07-06,9.6600,17.7000,18.3070,-0.087
2017-07-07,9.8600,17.8000,18.1440,0.506
2017-07-10,10.0700,18.0400,17.9810,0.371
2017-07-11,10.1500,18.1600,17.9530,0.343
2017-07-12,10.2600,18.2600,17.7670,-0.170
2017-07-13,10.2000,17.9800,17.7390,0.633
2017-07-14,10.2600,18.0000,17.5620,0.103
2017-07-17,10.0400,17.5700,17.6000,0.571
2017-07-18,9.8400,17.1700,17.4990,0.285
2017-07-19,9.8400,17.2000,17.4775,-0.012
2017-07-20,9.9800,17.4600,17.5120,0.097
2017-07-21,10.1800,17.9100,17.5630,-0.172
2017-07-24,10.1200,17.9000,17.6835,-0.024
2017-07-25,10.1000,17.9300,17.7630,0.059
2017-07-26,9.8600,17.3000,17.7560,1.199
2017-07-27,9.5900,17.0200,17.6915,-0.316
2017-07-28,9.6100,17.1500,17.7535,-0.518
2017-07-31,9.7100,17.2000,17.8590,0.820
2017-08-01,9.9300,17.6100,17.8085,0.419
2017-08-02,9.8700,17.5200,17.8200,0.390
2017-08-03,9.7000,17.3000,17.8845,0.277
2017-08-04,9.7900,17.5000,17.8650,-0.058
2017-08-07,9.7100,17.4300,17.9660,0.086
2017-08-08,9.6500,17.2500,17.9135,0.212
2017-08-09,9.5600,17.1700,17.9835,0.129
2017-08-10,9.2900,16.6900,17.8740,-0.510
2017-08-11,9.2200,16.5000,17.8380,-0.323
2017-08-14,9.3000,16.6100,17.7685,-0.514
2017-08-15,9.2600,16.5500,17.8365,-0.202
2017-08-16,9.3200,16.5200,17.7290,0.021
2017-08-17,9.1400,16.4200,17.7470,-1.213
2017-08-18,9.2000,16.3700,17.7560,-0.211
2017-08-21,9.1800,16.2400,17.6460,-0.252
2017-08-22,9.1300,16.2000,17.6400,-0.584
2017-08-23,9.0900,16.1500,17.7070,-0.336
2017-08-24,9.0600,16.1100,17.7050,-0.430
2017-08-25,9.1300,16.1600,17.6140,-0.485
2017-08-28,9.1200,16.2800,17.8250,-0.145
2017-08-29,9.1600,16.4000,17.8710,-0.184
2017-08-30,9.5100,16.8900,17.7441,-0.091
2017-08-31,9.3100,16.7100,17.7875,-0.897
2017-09-01,9.4700,16.8400,17.7835,0.006
2017-09-05,9.1500,16.4200,17.8325,-0.629
2017-09-06,9.2000,16.3400,17.7980,0.209
2017-09-07,9.1700,16.1600,17.7040,0.461
2017-09-08,9.1700,16.2100,17.7245,0.268
2017-09-11,9.1200,16.1200,17.6470,-0.161
2017-09-12,9.1500,16.2100,17.7510,0.198
2017-09-13,9.0100,15.9800,17.7865,0.286
2017-09-14,9.1200,16.1500,17.7220,0.077
2017-09-15,9.0600,16.0000,17.6865,0.150
2017-09-18,9.0700,16.1400,17.7580,-0.208
2017-09-19,9.1300,16.2400,17.7675,-0.113
2017-09-20,9.3400,16.6500,17.6895,-0.769
2017-09-21,9.3400,16.7200,17.8250,-0.427
2017-09-22,9.3500,16.5800,17.7355,0.016
2017-09-25,9.1800,16.5000,17.9050,-0.383
2017-09-26,9.1400,16.4700,18.0070,-0.070
2017-09-27,8.9800,16.4200,18.1010,-1.007
2017-09-28,9.0100,16.3600,18.2370,0.437
2017-09-29,9.0800,16.5500,18.1480,-0.433
2017-10-02,9.0800,16.5700,18.2110,-0.208
2017-10-03,9.0700,16.5600,18.2110,-0.257
2017-10-04,9.0300,16.5400,18.2175,-0.542
2017-10-05,8.9400,16.4900,18.3145,-0.709
2017-10-06,8.9400,16.6200,18.5165,-0.399
2017-10-09,8.6300,16.1800,18.5165,-1.238
2017-10-10,8.3900,15.9100,18.6605,-1.595
2017-10-11,8.1800,15.4000,18.6950,-0.698
2017-10-12,7.9900,15.0900,18.7625,-0.654
2017-10-13,8.0200,15.2900,18.8890,-0.922
2017-10-16,7.8100,14.9000,19.0915,0.070
2017-10-17,8.0900,15.3400,19.0405,0.416
2017-10-18,8.0300,15.2100,18.9125,-0.153
2017-10-19,8.0900,15.3000,18.8390,-0.387
2017-10-20,7.9600,15.1800,19.0170,-0.280
2017-10-23,8.0800,15.4600,19.0695,-0.335
2017-10-24,8.2200,15.8900,19.1760,-0.801
2017-10-25,8.1000,15.5200,19.1000,-0.316
2017-10-26,8.1600,15.7500,19.0545,-1.280
2017-10-27,8.2100,15.7500,19.1785,-0.028
2017-10-30,8.0400,15.5100,19.1655,-0.651
2017-10-31,8.1100,15.5800,19.1290,-0.426
2017-11-01,7.9600,15.3000,19.1350,-0.448
2017-11-03,7.9000,15.1700,19.1890,-0.070
2017-11-06,8.0500,15.3700,19.0800,-0.069
2017-11-07,8.0800,15.5200,19.1420,-0.343
2017-11-08,8.1800,15.6800,19.0705,-0.512
2017-11-09,8.2400,15.7600,19.0670,-0.310
2017-11-10,8.1000,15.5400,19.0670,-0.616
2017-11-13,7.9100,15.1900,19.1675,-0.188
2017-11-14,7.8100,15.0800,19.1455,-0.845
2017-11-15,7.7300,14.9100,19.2565,-0.166
2017-11-16,7.8500,15.0200,19.1005,-0.174
2017-11-17,7.8500,14.9100,18.9275,-0.348
2017-11-21,7.8200,14.7700,18.8045,-0.439
2017-11-22,7.8500,14.6400,18.7045,0.294
2017-11-24,7.8200,14.6500,18.5200,-1.142
2017-11-27,7.7400,14.4400,18.5405,-0.621
2017-11-28,7.8400,14.6000,18.5775,-0.241
2017-11-29,7.7800,14.5100,18.5125,-0.739
2017-11-30,7.5900,14.2600,18.6335,-0.822
2017-12-01,7.5100,14.0600,18.6200,-0.543
2017-12-04,7.4400,13.8700,18.6575,0.081
2017-12-05,7.2900,13.7700,18.7150,-0.921
2017-12-06,7.1900,13.6000,18.8895,-0.136
2017-12-07,7.3200,13.8900,18.9365,-0.205
2017-12-08,7.4700,14.1900,18.9560,-0.210
2017-12-11,7.4900,14.2900,18.9650,-0.596
2017-12-13,7.5600,14.4700,19.1400,-0.001
2017-12-14,7.4800,14.3600,19.1030,-0.494
2017-12-15,7.3900,14.1900,19.1160,-0.446
2017-12-18,7.4800,14.3200,19.0335,-0.579
2017-12-19,7.4000,14.2600,19.2150,-0.287
2017-12-20,7.5200,14.4900,19.2130,-0.289
2017-12-21,7.5400,14.6800,19.3825,-0.447
2017-12-22,7.4500,14.7100,19.5905,-0.782
2017-12-26,7.4900,14.7800,19.7325,-0.002
2017-12-27,7.4900,14.7800,19.7245,-0.043
2017-12-28,7.4900,14.7500,19.7160,0.117
2017-12-29,7.5000,14.7000,19.6395,0.202
2018-01-02,7.7400,15.0700,19.4840,0.070
2018-01-03,7.8800,15.2500,19.3680,0.079
2018-01-04,7.9500,15.3900,19.2540,-0.540
2018-01-05,7.8900,15.1800,19.2392,-0.002
2018-01-08,7.8500,15.1500,19.2200,-0.411
2018-01-09,7.7200,14.9500,19.3060,-0.306
2018-01-10,7.7500,15.0100,19.2290,-0.716
2018-01-11,7.9400,15.3300,19.3245,0.089
2018-01-12,8.0300,15.3100,19.0535,-0.066
2018-01-16,8.1400,15.3600,18.8600,-0.052
2018-01-17,8.1400,15.2900,18.6280,-0.829
2018-01-18,8.1800,15.2500,18.6545,0.062
2018-01-19,8.2000,15.2700,18.5870,-0.188
2018-01-22,8.2500,15.4000,18.7425,0.406
2018-01-23,8.3200,15.6200,18.7665,-0.040
2018-01-24,8.3900,15.5800,18.5315,-0.206
2018-01-25,8.2600,15.4300,18.4880,-1.030
2018-01-26,8.4500,15.7000,18.5080,-0.387
2018-01-29,8.2900,15.5100,18.5875,-0.651
2018-01-30,8.3800,15.7700,18.6950,-0.657
2018-01-31,8.2900,15.4800,18.6215,-0.276
2018-02-01,8.3200,15.3400,18.3600,-0.420
2018-02-02,8.1200,15.2100,18.5465,-0.988
2018-02-06,8.0200,14.9200,18.6940,0.487
2018-02-07,7.8000,14.7000,18.6450,-1.067
2018-02-08,7.3600,14.0300,18.9010,-0.847
2018-02-09,7.4300,13.9600,18.8815,0.494
2018-02-12,7.3800,13.7900,18.6400,-0.244
2018-02-13,7.3700,13.7800,18.6325,-0.347
2018-02-14,7.6200,14.1400,18.6035,0.254
2018-02-15,7.4800,13.9400,18.5195,-0.627
2018-02-16,7.4700,13.9100,18.4780,-0.769
2018-02-20,7.2000,13.5200,18.6390,-0.739
2018-02-21,7.0400,13.2800,18.6610,-1.074
2018-02-22,7.2100,13.5000,18.6450,-0.422
2018-02-23,7.0900,13.2300,18.5585,-0.544
2018-02-26,6.9600,13.0500,18.6540,-0.512
2018-02-27,6.7300,12.6900,18.8068,-0.260
2018-02-28,6.5500,12.4500,18.8405,-0.879
2018-03-01,6.9200,13.1000,18.8115,-0.629
2018-03-02,6.9200,13.1000,18.8455,-0.450
2018-03-05,6.8900,13.0100,18.8635,-0.100
2018-03-06,6.9900,13.1500,18.7365,-0.404
2018-03-07,6.9100,13.0000,18.8055,-0.042
2018-03-08,7.2400,13.5500,18.7040,-0.061
2018-03-09,7.3500,13.7200,18.5670,-0.534
2018-03-12,7.2400,13.5500,18.6245,-0.486
2018-03-13,7.3300,13.6800,18.5425,-0.646
2018-03-14,7.2100,13.4400,18.6035,-0.200
2018-03-15,7.1300,13.3800,18.7000,-0.351
2018-03-16,6.9400,13.0700,18.7300,-0.546
2018-03-20,6.6700,12.6200,18.7465,-0.920
2018-03-21,6.8100,12.6500,18.5930,0.094
2018-03-22,6.6400,12.4300,18.5300,-1.014
2018-03-23,6.9400,12.9900,18.5705,-0.786
2018-03-26,7.0200,12.9200,18.2900,-0.622
2018-03-27,6.8200,12.6500,18.3200,-1.231
2018-03-28,6.5200,12.0300,18.2600,-1.035
2018-04-02,6.5300,11.9900,18.3110,-0.275
2018-04-03,6.6000,12.1200,18.1955,-0.916
2018-04-04,6.7900,12.4000,18.2310,-0.171
2018-04-05,6.8800,12.6300,18.1270,-1.256
2018-04-06,6.8700,12.6600,18.3290,-0.537
2018-04-09,7.0400,13.0400,18.2245,-1.610
2018-04-10,7.0800,12.9800,18.2715,-0.337
2018-04-11,7.1100,13.0500,18.2210,-0.727
2018-04-12,7.1300,13.0600,18.1510,-0.906
2018-04-13,7.1000,12.8900,18.0795,-0.415
2018-04-16,6.9700,12.6000,18.0250,-0.290
2018-04-17,7.1300,12.9200,17.9705,-0.828
2018-04-18,7.1900,13.0500,18.0355,-0.632
2018-04-19,6.9500,12.8500,18.3355,-0.831
2018-04-20,6.8200,12.6900,18.6145,0.040
2018-04-23,6.7700,12.8600,18.8950,-0.529
2018-04-24,6.6100,12.5000,18.7950,-0.612
2018-04-25,6.6200,12.4700,19.0200,0.972
2018-04-26,6.4500,12.1600,18.8695,0.089
2018-04-27,6.2200,11.6700,18.6675,-0.504
2018-04-30,6.2100,11.7000,18.7715,-0.367
2018-05-02,5.9600,11.4400,19.0730,-0.634
2018-05-03,5.9400,11.4400,19.1125,-0.762
2018-05-04,5.9600,11.5400,19.1965,-0.857
2018-05-07,5.8100,11.3500,19.4480,-0.447
2018-05-08,5.9400,11.6700,19.6110,-0.181
2018-05-09,5.9600,11.6700,19.5165,-0.327
2018-05-10,6.0400,11.6800,19.3020,-0.185
2018-05-11,6.0000,11.7200,19.3650,-0.862
2018-05-14,5.8900,11.6000,19.5085,-0.944
2018-05-15,5.8300,11.5700,19.7160,-0.653
2018-05-16,6.0200,11.8500,19.7300,0.232
2018-05-17,5.8400,11.5600,19.7400,-0.275
2018-05-18,5.8700,11.6700,19.9320,0.258
2018-05-21,6.0100,11.8900,19.8870,0.522
2018-05-22,6.0300,11.9100,19.7140,-0.189
2018-05-23,6.1000,11.9100,19.7730,1.272
2018-05-24,6.0200,11.7700,19.7175,0.849
2018-05-25,6.0500,11.7500,19.5440,0.631
2018-05-29,5.9700,11.7500,19.7360,0.276
2018-05-30,5.9600,11.7400,19.7000,0.010
2018-05-31,5.9600,11.8600,20.0005,0.508
2018-06-01,5.9500,11.8400,19.8585,-0.204
2018-06-04,6.0200,12.0100,19.9860,0.180
2018-06-05,5.9600,12.1400,20.3720,0.014
2018-06-06,6.0400,12.2500,20.2690,-0.061
2018-06-07,5.9500,12.2000,20.4920,-0.060
2018-06-08,6.0300,12.2400,20.4905,0.946
2018-06-11,6.1900,12.7000,20.5260,0.044
2018-06-12,6.1200,12.6700,20.6127,-0.434
2018-06-13,6.1100,12.6300,20.5919,-0.383
2018-06-14,6.2000,12.8900,20.6700,-0.579
2018-06-15,6.2500,12.8700,20.6450,0.257
2018-06-18,6.1700,12.6500,20.6600,0.769
2018-06-19,6.2100,12.7100,20.5080,0.200
2018-06-20,6.3300,12.8800,20.3610,0.066
2018-06-21,6.1800,12.5500,20.3910,0.411
2018-06-22,6.3700,12.7500,20.1025,0.434
2018-06-25,6.3300,12.6000,20.1080,1.019
2018-06-26,6.6000,13.1400,19.8635,-0.229
2018-06-27,6.4200,12.9400,20.0560,-0.495
2018-06-28,6.5700,13.0100,19.8300,0.141
2018-06-29,6.5600,13.0600,19.6495,-1.301
2018-07-02,6.3400,12.6900,20.1690,0.766
2018-07-03,6.6300,12.9600,19.5660,0.095
2018-07-05,6.9700,13.4500,19.2455,-0.267
2018-07-06,6.9600,13.3400,19.0655,-0.528
2018-07-09,6.9700,13.4500,19.1650,-0.684
2018-07-10,7.0300,13.3100,19.0165,0.440
2018-07-11,6.9400,13.2700,18.9955,-0.657
2018-07-12,6.8600,13.0500,18.7855,-1.250
2018-07-13,6.7700,12.8600,18.8845,-0.585
2018-07-16,6.7000,12.6300,18.8425,-0.044
2018-07-17,6.6300,12.5800,18.8715,-0.542
2018-07-18,6.7600,12.8200,18.8860,-0.414
2018-07-19,6.6800,12.7800,19.0555,-0.398
2018-07-20,6.6500,12.7300,19.0975,-0.237
2018-07-23,6.7000,12.7200,19.0705,0.450
2018-07-24,6.9700,13.1700,18.8490,-0.245
2018-07-25,7.0500,13.2300,18.7990,0.176
2018-07-26,7.4300,13.8200,18.6375,0.200
2018-07-27,7.4500,13.9300,18.5595,-0.741
2018-07-30,7.5300,14.0100,18.5375,-0.366
2018-07-31,7.4500,13.8900,18.5980,-0.248
2018-08-01,7.4300,13.9000,18.6255,-0.441
2018-08-02,7.3800,13.7800,18.6270,-0.241
2018-08-03,7.4700,13.8800,18.5725,-0.046
2018-08-06,7.5100,13.9300,18.5215,-0.146
2018-08-07,7.4600,13.7700,18.4585,0.000
2018-08-08,7.4300,13.7900,18.4780,-0.441
2018-08-09,7.1000,13.2800,18.6805,-0.127
2018-08-10,6.9900,13.2800,18.9380,-0.319
2018-08-13,6.8700,13.1800,19.2655,0.420
2018-08-14,7.0600,13.4200,19.0040,-0.024
2018-08-15,6.7900,13.1200,19.2195,-0.533
2018-08-16,6.5800,12.5900,19.0085,-0.655
2018-08-17,6.7100,12.7500,19.0605,0.311
2018-08-20,6.7000,12.7700,19.0345,-0.132
2018-08-21,6.9600,13.1900,18.8680,-0.439
2018-08-22,7.1200,13.3900,18.8160,0.052
2018-08-23,6.9900,13.3000,18.8630,-0.863
2018-08-24,6.9900,13.2700,18.8180,-0.876
2018-08-27,7.3700,13.8300,18.6615,-0.553
2018-08-28,7.1400,13.5600,18.9225,-0.364
2018-08-29,7.2800,13.7800,19.0415,0.597
2018-08-30,7.1400,13.6800,19.1575,-0.011
2018-08-31,7.0900,13.5300,19.2135,0.683
2018-09-04,6.9200,13.4100,19.3505,-0.145
2018-09-05,6.7800,13.1300,19.4270,0.316
2018-09-06,6.7700,13.0700,19.3610,0.286
2018-09-07,6.7900,13.1700,19.2110,-0.955
2018-09-10,6.7900,13.1100,19.2940,-0.072
2018-09-11,6.8000,13.1100,19.2100,-0.360
2018-09-12,6.9700,13.3100,19.0705,-0.134
2018-09-13,7.0700,13.3400,18.8800,0.061
2018-09-14,7.1200,13.4400,18.8695,-0.037
2018-09-17,7.1000,13.3800,18.8455,0.002
2018-09-18,7.1900,13.5800,18.7372,-0.795
2018-09-19,7.1700,13.4900,18.7545,-0.319
2018-09-20,7.1600,13.4800,18.8665,0.211
2018-09-21,7.0600,13.2800,18.8375,0.145
2018-09-24,6.9000,13.1300,18.8560,-0.909
2018-09-25,6.9000,13.1500,18.9820,-0.399
2018-09-26,6.9400,13.0700,18.8955,0.333
2018-09-27,7.0500,13.3200,18.8290,-0.342
2018-09-28,7.0400,13.1400,18.7050,0.216
2018-10-01,7.1100,13.3600,18.6625,-0.681
2018-10-02,6.9700,13.1200,18.7380,-0.454
2018-10-03,6.8200,12.9900,18.8340,-1.118
2018-10-04,6.5700,12.6600,19.1740,-0.495
2018-10-05,6.4200,12.1300,19.0140,0.635
2018-10-08,6.3400,12.0600,19.0140,-0.042
2018-10-09,6.3800,12.1800,19.0085,-0.432
2018-10-10,6.2000,11.9300,19.0745,-0.870
2018-10-11,6.0700,11.6000,19.0205,-0.470
2018-10-12,6.2200,11.7700,18.9235,0.004
2018-10-15,6.3200,11.9900,18.8095,-0.854
2018-10-16,6.4300,12.1000,18.7740,-0.234
2018-10-17,6.2400,11.8300,18.8010,-0.830
2018-10-18,5.8600,11.3200,19.1590,-0.820
2018-10-19,5.9000,11.4000,19.2285,-0.484
2018-10-22,5.6500,11.0200,19.3675,-0.702
2018-10-23,5.5600,10.7600,19.4075,0.284
2018-10-24,5.3700,10.5800,19.4575,-1.241
2018-10-25,5.3100,10.4200,19.4130,-1.072
2018-10-26,5.2700,10.2400,19.4390,0.043
2018-10-29,4.8900,9.7600,19.7610,-0.993
2018-10-30,5.0800,10.1200,19.9865,0.327
2018-10-31,5.0400,10.1400,20.2550,0.676
2018-11-01,5.4100,10.8800,20.1325,0.107
2018-11-05,5.4800,10.9900,19.9780,-0.383
2018-11-06,5.6100,11.0600,19.8560,0.716
2018-11-07,5.6400,11.2200,19.8000,-0.471
2018-11-08,5.3200,10.6600,20.0450,0.037
2018-11-09,5.3100,10.7100,20.3795,1.041
2018-11-12,5.0300,10.2400,20.3795,0.106
2018-11-13,4.9700,10.0900,20.4500,0.730
2018-11-14,4.9700,10.0800,20.3565,0.369
2018-11-15,4.9900,10.0000,20.3135,1.364
2018-11-16,5.0500,10.1400,20.1770,0.487
2018-11-20,4.8800,9.9400,20.3625,-0.031
2018-11-21,4.6800,9.4200,20.1810,0.262
2018-11-23,4.7500,9.5100,20.4400,2.093
2018-11-26,4.5600,9.3100,20.5420,0.614
2018-11-27,4.6600,9.5000,20.4755,0.438
2018-11-28,4.9200,9.9400,20.4305,1.125
2018-11-29,5.1100,10.3600,20.2550,-0.094
2018-11-30,5.1400,10.4700,20.2975,-0.354
2018-12-03,5.1500,10.4700,20.2365,-0.460
2018-12-04,4.8900,10.0300,20.4960,-0.074
2018-12-06,4.9800,10.0900,20.4220,0.794
2018-12-07,5.0200,10.1900,20.2850,-0.068
2018-12-10,4.7500,9.6900,20.3783,-0.106
2018-12-11,4.6800,9.5600,20.2885,-0.680
2018-12-13,4.6200,9.4200,20.2545,-0.663
2018-12-14,4.6500,9.4800,20.2955,-0.449
2018-12-17,4.6500,9.4300,20.1165,-0.804
2018-12-18,4.7800,9.6900,20.1255,-0.722
2018-12-19,4.8300,9.7700,20.0260,-0.997
2018-12-20,4.8100,9.6200,19.9275,-0.362
2018-12-21,4.7800,9.5500,19.9275,-0.258
2018-12-24,4.6900,9.4200,19.9275,-0.786
2018-12-26,4.7700,9.5000,19.8836,-0.163
2018-12-27,4.7900,9.4700,19.6630,-0.543
2018-12-28,4.7900,9.4600,19.6535,-0.486
2018-12-31,4.8200,9.4900,19.6350,-0.273
2019-01-02,4.9700,9.7700,19.6065,-0.262
2019-01-03,4.8600,9.5800,19.6095,-0.520
2019-01-04,4.9100,9.6100,19.4400,-0.676
2019-01-07,5.0700,9.8900,19.3140,-0.989
2019-01-08,5.2100,10.1100,19.3550,-0.258
2019-01-09,5.3000,10.2000,19.2310,-0.074
2019-01-10,5.2700,10.1600,19.1600,-0.617
2019-01-11,5.2400,10.0400,19.1200,-0.210
2019-01-14,5.2300,9.9500,19.1200,0.500
2019-01-15,5.2000,9.9300,19.0555,-0.213
2019-01-16,5.3400,10.1900,18.9700,-0.589
2019-01-17,5.4600,10.4000,19.0535,0.031
2019-01-18,5.5700,10.6800,19.1130,-0.319
2019-01-22,5.4100,10.3900,19.1375,-0.352
2019-01-23,5.2400,9.9900,19.0870,0.116
2019-01-24,5.2500,10.0000,18.9860,-0.323
2019-01-25,5.3200,10.1000,18.9275,-0.303
2019-01-28,5.3200,10.1300,19.0405,-0.004
2019-01-29,5.3000,10.0800,18.9850,-0.178
2019-01-30,5.3500,10.2300,19.1635,0.220
2019-01-31,5.4400,10.3300,19.0525,0.335
2019-02-01,5.3400,10.2000,19.1275,0.138
2019-02-05,5.5000,10.4900,19.0830,0.054
2019-02-06,5.3200,10.1500,19.1075,0.150
2019-02-07,4.9400,9.4600,19.1100,-0.208
2019-02-08,4.8600,9.3100,19.1060,-0.263
2019-02-11,4.9000,9.4600,19.2820,-0.125
2019-02-12,5.0200,9.6300,19.2455,0.324
2019-02-13,4.8300,9.3600,19.4050,0.135
2019-02-14,4.9000,9.5000,19.3485,-0.202
2019-02-15,4.9200,9.5000,19.3360,0.140
2019-02-19,4.8900,9.4200,19.1855,-0.406
2019-02-20,5.0100,9.7200,19.1855,-1.112
2019-02-21,5.0000,9.6700,19.2835,-0.292
2019-02-22,4.9700,9.5800,19.1310,-0.750
2019-02-25,4.9300,9.4400,19.0940,-0.282
2019-02-26,4.9200,9.5300,19.1550,-1.110
2019-02-27,4.8700,9.3900,19.2095,-0.372
2019-02-28,4.8500,9.4600,19.2650,-1.231
2019-03-01,4.8700,9.4400,19.3065,-0.400
2019-03-04,4.8100,9.3400,19.3000,-0.607
2019-03-05,4.7600,9.1700,19.2750,0.053
2019-03-06,4.7400,9.1800,19.3815,0.074
2019-03-07,4.6600,9.0900,19.5795,0.375
2019-03-08,4.6300,9.0300,19.4835,-0.101
2019-03-11,4.7000,9.2000,19.4275,-0.751
2019-03-12,4.7300,9.1300,19.3005,-0.009
2019-03-13,4.7100,9.1300,19.3350,-0.254
2019-03-14,4.6600,9.0300,19.3000,-0.401
2019-03-15,4.7700,9.1600,19.2150,0.061
2019-03-19,4.8900,9.2900,18.9925,-0.029
2019-03-20,4.9700,9.3900,18.8950,0.009
2019-03-21,4.9100,9.3200,18.8550,-0.667
2019-03-22,4.5400,8.7500,19.1640,-0.566
2019-03-25,4.8000,9.1300,18.9950,-0.136
2019-03-26,4.7100,9.0000,19.1035,-0.025
2019-03-27,4.7400,9.2000,19.3420,-0.347
2019-03-28,4.5600,8.8800,19.3665,-0.550
2019-03-29,4.6400,9.0700,19.3980,-0.764
2019-04-01,4.7600,9.1900,19.2140,-0.480
2019-04-02,4.7600,9.1500,19.2245,0.009
2019-04-03,4.8000,9.2600,19.1685,-0.638
2019-04-04,4.8800,9.3600,19.1775,-0.015
2019-04-05,4.9700,9.5000,19.0735,-0.215
2019-04-08,5.1000,9.7100,18.9615,-0.408
2019-04-09,4.9700,9.4600,18.9050,-0.679
2019-04-10,4.9400,9.3800,18.8285,-0.839
2019-04-11,4.7800,9.0400,18.8525,-0.315
2019-04-12,4.7900,9.0100,18.7555,-0.290
2019-04-15,4.8000,9.0700,18.8610,-0.184
2019-04-16,4.8700,9.1800,18.9620,0.594
2019-04-17,4.9100,9.2400,18.8405,0.116
2019-04-22,4.8400,9.1500,18.8370,-0.359
2019-04-23,4.7800,9.0600,18.9490,-0.026
2019-04-24,4.8200,9.1900,19.0100,-0.296
2019-04-25,4.6000,8.8200,19.0965,-0.404
2019-04-26,4.6100,8.7700,18.9510,-0.383
2019-04-29,4.5700,8.7000,19.0185,-0.098
2019-04-30,4.6000,8.7700,18.9945,-0.371
2019-05-02,4.5700,8.7100,19.1260,0.351
2019-05-03,4.6400,8.8100,18.9820,-0.027
2019-05-06,4.6100,8.7600,18.9775,-0.130
2019-05-07,4.5300,8.6200,19.0425,0.073
2019-05-08,4.5000,8.6200,19.0700,-0.447
2019-05-09,4.5200,8.6900,19.2740,0.251
2019-05-10,4.5200,8.5900,19.1385,0.705
2019-05-13,4.3400,8.3000,19.1955,0.372
2019-05-14,4.3800,8.3800,19.1455,0.068
2019-05-15,4.4100,8.4000,19.0610,0.070
2019-05-16,4.4000,8.4100,19.0730,-0.213
2019-05-17,4.3800,8.3800,19.1665,0.178
2019-05-20,4.3900,8.3700,19.1000,0.178
2019-05-21,4.3800,8.3000,19.0360,0.455
2019-05-22,4.3400,8.2400,18.9830,-0.017
2019-05-23,4.3200,8.2000,19.0170,0.187
2019-05-24,4.2100,8.0200,19.0620,0.064
2019-05-28,4.0300,7.6500,19.1735,1.006
2019-05-29,4.1900,7.9800,19.2250,0.943
2019-05-30,4.2300,8.0900,19.0895,-0.187
2019-05-31,4.1200,7.9900,19.6520,1.334
2019-06-03,4.1300,8.1200,19.7680,0.544
2019-06-04,4.2900,8.2900,19.5560,1.201
2019-06-05,4.1900,8.1900,19.5510,0.023
2019-06-06,4.1100,8.0200,19.7198,1.058
2019-06-07,4.1300,8.1000,19.6675,0.280
2019-06-10,4.3900,8.3900,19.1810,0.363
2019-06-11,4.2500,8.1100,19.1315,0.258
2019-06-12,4.1600,8.0200,19.1530,-0.653
2019-06-13,4.2200,8.0200,19.1760,0.901
2019-06-14,4.1700,7.9100,19.1300,0.850
2019-06-17,4.1000,7.8600,19.1710,0.001
2019-06-18,4.1500,7.9400,19.1185,-0.073
2019-06-19,4.1500,7.9200,19.1670,0.433
2019-06-20,4.1300,7.8300,18.9905,0.167
2019-06-21,4.1700,7.9600,19.0770,-0.061
2019-06-24,4.1600,8.0000,19.1810,-0.259
2019-06-25,4.1100,7.9500,19.2205,-0.634
2019-06-26,4.2000,8.0000,19.1250,0.406
2019-06-27,4.2100,8.0200,19.1630,0.594
2019-06-28,4.2400,8.0900,19.2089,0.675
2019-07-01,4.3200,8.1500,19.0760,1.115
2019-07-02,4.2900,8.1200,19.0790,0.799
2019-07-03,4.2500,8.0000,19.0435,1.169
2019-07-05,4.3000,8.1100,19.0320,0.910
2019-07-08,4.2800,8.0600,18.9040,0.384
2019-07-09,4.0100,7.6700,18.8940,-1.219
2019-07-10,3.9800,7.5700,19.2270,1.088
2019-07-11,4.0500,7.7300,19.0995,0.069
2019-07-12,4.0200,7.6700,19.0255,-0.284
2019-07-15,4.0700,7.6700,18.9700,0.662
2019-07-16,4.0000,7.6000,19.0855,0.450
2019-07-17,3.9100,7.4200,19.0090,0.169
2019-07-18,3.7600,7.0600,19.0000,1.190
2019-07-19,3.7600,7.0900,19.0145,0.839
2019-07-22,3.7200,7.0400,19.0700,0.768
2019-07-23,3.6900,7.0500,19.1318,0.137
2019-07-24,3.7400,7.1000,19.0900,0.559
2019-07-25,3.6600,6.9500,19.0400,0.268
2019-07-26,3.6300,6.8700,19.0690,0.758
2019-07-29,3.6400,6.8900,19.0670,0.731
2019-07-30,3.6700,6.9200,19.0750,1.164
2019-07-31,3.5600,6.8100,18.9930,-0.712
2019-08-01,3.4000,6.4800,19.1700,0.583
2019-08-02,3.2700,6.2600,19.3115,0.876
2019-08-05,3.1000,6.0800,19.5545,-0.298
2019-08-06,3.1200,6.0400,19.6125,1.310
2019-08-07,3.1300,6.1000,19.6825,0.994
2019-08-08,3.1800,6.1400,19.4935,0.960
2019-08-09,3.1600,6.0800,19.4430,1.052
2019-08-12,3.0300,5.8700,19.5525,0.927
2019-08-13,3.0200,5.8400,19.4210,0.431
2019-08-14,2.9600,5.8200,19.6323,-0.152
2019-08-15,2.8900,5.6200,19.6335,0.962
2019-08-16,2.9700,5.8100,19.5570,-0.027
2019-08-19,2.9900,5.9000,19.8110,0.398
2019-08-20,3.0100,5.9800,19.7565,-0.557
2019-08-21,3.1100,6.0600,19.6652,0.922
2019-08-22,3.1300,6.1600,19.7400,0.302
2019-08-23,3.1200,6.1800,19.8645,0.287
2019-08-26,3.1500,6.2100,19.9175,1.031
2019-08-27,3.2000,6.4100,20.0055,-0.129
2019-08-28,3.2700,6.5100,20.0120,0.521
2019-08-29,3.5700,7.1600,20.1185,0.312
2019-08-30,3.7500,7.4700,20.0674,0.740
2019-09-03,3.5700,7.0800,19.9920,0.807
2019-09-04,3.7500,7.3900,19.7790,0.367
2019-09-05,3.8800,7.6500,19.6935,-0.117
2019-09-06,3.8300,7.4700,19.5575,0.275
2019-09-09,3.9500,7.7000,19.5365,0.220
2019-09-10,4.0400,7.8400,19.5005,0.487
2019-09-11,3.9300,7.5700,19.5500,1.495
2019-09-12,3.8700,7.4800,19.4210,0.480
2019-09-13,3.9500,7.6200,19.3555,0.334
2019-09-17,4.0500,7.8400,19.4170,0.305
2019-09-18,3.9800,7.7400,19.3480,-0.510
2019-09-19,3.9800,7.7600,19.4050,-0.474
2019-09-20,4.1100,7.9800,19.4400,0.123
2019-09-23,4.0300,7.8400,19.4420,-0.062
2019-09-24,3.9900,7.7900,19.4485,-0.386
2019-09-25,4.0000,7.7800,19.5600,0.566
2019-09-26,3.9800,7.7700,19.6435,0.619
2019-09-27,3.9600,7.7800,19.6810,0.176
2019-09-30,3.9200,7.6900,19.7420,0.635
2019-10-01,3.8000,7.5000,19.7755,0.196
2019-10-02,3.6900,7.2600,19.7760,0.514
2019-10-03,3.6800,7.1800,19.6985,0.962
2019-10-04,3.7500,7.3000,19.5385,0.369
2019-10-07,3.7000,7.2100,19.5500,0.326
2019-10-08,3.7600,7.3500,19.5820,0.175
2019-10-09,3.8600,7.4700,19.5750,1.151
2019-10-10,3.9100,7.5600,19.4575,0.633
2019-10-11,4.0700,7.7900,19.3316,1.001
2019-10-14,4.1000,7.8500,19.3316,0.968
2019-10-15,4.1100,7.8400,19.2480,0.905
2019-10-16,4.1300,7.8600,19.1990,0.880
2019-10-17,4.0700,7.8100,19.1550,-0.178
2019-10-18,4.0800,7.7200,19.1410,1.160
2019-10-21,4.0800,7.7400,19.1460,0.925
2019-10-22,4.1400,7.8700,19.1000,0.475
2019-10-23,4.1900,7.9400,19.1130,0.861
2019-10-24,3.9000,7.4100,19.1010,0.532
2019-10-25,3.9800,7.5200,19.0490,0.818
2019-10-28,4.0900,7.7900,19.0460,-0.002
2019-10-29,4.0100,7.6600,19.1010,-0.007
2019-10-30,3.8400,7.3300,19.1670,0.411
2019-10-31,3.7700,7.2300,19.1740,-0.019
2019-11-01,3.8600,7.3200,19.0990,0.713
2019-11-04,3.8700,7.4200,19.1660,-0.037
2019-11-05,3.8600,7.4000,19.2190,0.250
2019-11-06,3.8900,7.4000,19.2000,0.930
2019-11-07,3.8800,7.4200,19.1280,0.022
2019-11-08,3.8300,7.2900,19.1080,0.389
2019-11-11,3.7700,7.1900,19.1080,0.191
2019-11-12,3.6300,6.9900,19.2700,0.072
2019-11-13,3.6400,7.0600,19.4260,0.157
2019-11-14,3.6500,7.0800,19.4400,0.220
2019-11-15,3.6900,7.0800,19.2050,0.094
2019-11-19,3.6900,7.1100,19.3420,0.383
2019-11-20,3.6100,7.0200,19.4800,0.175
2019-11-21,3.6200,6.9800,19.4220,0.727
2019-11-22,3.6600,7.0600,19.4020,0.583
2019-11-25,3.7100,7.1800,19.4620,0.563
2019-11-26,3.7000,7.2100,19.4930,0.033
2019-11-27,3.7900,7.3400,19.5370,0.879
2019-11-29,3.7300,7.1500,19.5430,1.952
2019-12-02,3.6300,7.0700,19.5670,0.464
2019-12-03,3.5200,6.8900,19.5550,-0.096
2019-12-04,3.5400,6.8400,19.4820,0.828
2019-12-05,3.6100,6.9500,19.3640,0.581
2019-12-06,3.5300,6.7600,19.3310,0.944
2019-12-09,3.5700,6.8600,19.2290,0.069
2019-12-10,3.5800,6.8600,19.2140,0.271
2019-12-11,3.6600,7.0100,19.1780,0.130
2019-12-13,3.7600,7.1400,19.0660,0.404
2019-12-16,3.8100,7.1700,18.9810,0.861
2019-12-17,3.7800,7.1300,18.9100,0.252
2019-12-18,3.8900,7.3500,18.9580,0.336
2019-12-19,3.8700,7.3100,18.9410,0.276
2019-12-20,3.8200,7.2300,18.9140,-0.067
2019-12-23,3.8700,7.2500,18.9310,1.052
2019-12-24,3.8400,7.2300,18.9550,0.674
2019-12-26,3.8900,7.3300,18.9440,0.535
2019-12-27,3.8500,7.2300,18.8190,0.212
2019-12-30,3.7900,7.1600,18.8630,-0.153
2019-12-31,3.7800,7.1600,18.8600,-0.432
2020-01-02,3.8400,7.1600,18.8890,1.304
2020-01-03,3.8000,7.1900,18.8650,-0.296
2020-01-06,3.8400,7.2000,18.8210,0.379
2020-01-07,3.7600,7.0700,18.8760,0.387
2020-01-08,3.8400,7.2000,18.7730,0.123
2020-01-09,3.8000,7.1000,18.8300,0.780
2020-01-10,3.8300,7.1800,18.7680,0.113
2020-01-13,3.8300,7.1500,18.8200,0.812
2020-01-14,3.8200,7.1200,18.8040,0.887
2020-01-15,3.7000,6.9500,18.8100,0.140
2020-01-16,3.9200,7.2900,18.7770,0.968
2020-01-17,4.2100,7.8200,18.7280,0.825
2020-01-21,4.1400,7.7100,18.7020,0.423
2020-01-22,4.2400,7.8900,18.6930,0.454
2020-01-23,4.2400,7.8800,18.8330,1.335
2020-01-24,4.2200,7.8700,18.8450,1.049
2020-01-27,4.1500,7.7850,18.9599,1.071
2020-01-28,4.3500,8.0500,18.7800,1.482
2020-01-29,4.2700,7.9500,18.6762,0.311
2020-01-30,4.2000,7.8500,18.7990,0.581
2020-01-31,4.0400,7.5950,18.8900,0.481
2020-02-04,4.2800,7.9450,18.6760,0.608
2020-02-05,4.1900,7.7500,18.6200,0.668
2020-02-06,4.1900,7.7500,18.6700,0.938
2020-02-07,4.1800,7.7900,18.7550,0.637
2020-02-10,4.1500,7.7350,18.7670,0.689
2020-02-11,4.3500,8.0500,18.6940,1.017
2020-02-12,4.1200,7.6500,18.6270,0.318
2020-02-13,3.9500,7.2800,18.6420,1.148
2020-02-14,3.9000,7.1500,18.5700,1.291
2020-02-18,3.7800,7.0000,18.5890,0.381
2020-02-19,3.7800,6.9500,18.5880,1.097
2020-02-20,3.7400,7.0000,18.8200,0.553
2020-02-21,3.7900,7.1000,18.8130,0.424
2020-02-24,3.7400,7.0500,19.0890,1.266
2020-02-25,3.6400,6.9000,19.0540,0.517
2020-02-26,3.3800,6.4400,19.1630,0.576
2020-02-27,3.2300,6.1700,19.3470,1.282
2020-02-28,3.2800,6.3400,19.7300,2.073
2020-03-02,3.3800,6.4100,19.5830,3.261
2020-03-03,3.4200,6.5900,19.3300,0.317
2020-03-04,3.4700,6.7300,19.5330,0.712
2020-03-05,3.1900,6.2600,19.8250,1.025
2020-03-06,2.9200,5.8800,20.1710,0.169
2020-03-09,2.5600,5.3900,20.9260,-0.611
2020-03-10,2.7100,5.6700,21.0510,0.614
2020-03-11,2.6000,5.6500,21.2050,-2.419
2020-03-12,2.3500,5.2300,22.3260,0.318
2020-03-13,2.4600,5.3700,21.8850,0.255
2020-03-17,2.1700,5.0700,23.1400,-0.959
2020-03-18,1.9900,4.7400,23.7200,-0.416
2020-03-19,1.8600,4.5700,24.0870,-1.965
2020-03-20,1.7300,4.3200,24.0260,-3.785
2020-03-23,1.6300,4.2400,25.1270,-3.403
2020-03-24,1.7500,4.4700,25.1320,-1.608
2020-03-25,1.7300,4.2900,24.3950,-1.624
2020-03-26,1.9900,4.6100,23.1300,-0.155
2020-03-27,1.8500,4.2900,23.4100,0.952
2020-03-30,1.8300,4.3400,24.2650,2.316
2020-03-31,2.1200,4.9300,23.4480,0.831
2020-04-01,1.9100,4.5900,24.4530,1.754
2020-04-02,1.8800,4.4600,24.0340,1.309
2020-04-03,1.7400,4.2100,24.6900,2.044
2020-04-06,1.9500,4.6100,24.6280,4.175
2020-04-07,2.0600,4.9300,24.0350,0.430
2020-04-08,2.1200,5.0100,24.0390,1.722
2020-04-13,2.1900,5.0900,23.7230,2.069
2020-04-14,2.1100,4.8500,23.5990,2.668
2020-04-15,2.0600,4.8400,24.0640,2.421
2020-04-16,1.9800,4.7200,24.1240,1.198
2020-04-17,2.1700,5.0500,23.8310,2.403
2020-04-20,2.1000,4.9700,24.0370,1.565
2020-04-21,1.9700,4.6800,24.4330,2.848
2020-04-22,1.9400,4.6900,24.5850,1.695
2020-04-23,1.9200,4.6700,24.6820,1.476
2020-04-24,1.8600,4.6300,24.8225,-0.281
2020-04-27,1.9300,4.6800,24.8320,2.405
2020-04-28,2.0900,5.0500,24.3940,0.957
2020-04-29,2.2300,5.2200,23.9270,2.217
2020-04-30,2.1200,5.0700,23.9790,0.267
2020-05-04,2.1500,5.1300,24.3853,2.200
2020-05-05,2.2000,5.1800,23.7938,1.055
2020-05-06,2.0800,5.0200,24.2950,0.665
2020-05-07,2.1300,5.0800,23.9610,0.466
2020-05-08,2.2100,5.1200,23.6190,1.949
2020-05-11,2.1800,5.1300,23.9130,1.619
2020-05-12,2.1100,5.0500,24.0370,0.432
2020-05-13,1.9300,4.6400,24.3110,1.121
2020-05-14,1.9300,4.5700,24.1720,2.083
2020-05-15,1.9500,4.6200,24.0493,1.507
2020-05-18,2.0400,4.7200,23.5900,1.957
2020-05-19,1.9900,4.6500,23.6140,1.058
2020-05-20,2.1100,4.8300,23.2150,1.415
2020-05-21,2.1600,4.8700,22.9240,1.675
2020-05-22,2.1200,4.7700,22.7380,1.058
2020-05-26,2.2300,4.9400,22.3360,0.829
2020-05-27,2.4200,5.3000,22.3580,2.087
2020-05-28,2.4100,5.2900,22.1910,1.097
2020-05-29,2.4000,5.2500,22.1700,1.349
2020-06-01,2.4600,5.3300,21.9910,1.497
2020-06-02,2.7500,5.8200,21.7220,2.638
2020-06-03,2.9300,6.3000,21.6350,0.620
2020-06-04,2.8600,6.1800,21.8510,1.123
2020-06-05,3.0200,6.4600,21.5450,0.721
2020-06-08,3.1400,6.6800,21.6380,1.712
2020-06-09,2.9100,6.4000,21.7280,-1.205
2020-06-10,2.7600,5.9800,21.9410,1.266
2020-06-11,2.6100,5.8500,22.5210,0.478
2020-06-12,2.8500,6.1900,22.2980,2.664
2020-06-15,2.6900,5.9300,22.5210,2.161
2020-06-16,2.8400,6.2400,22.1750,0.925
2020-06-17,2.8400,6.2600,22.3680,1.478
2020-06-18,2.9200,6.6000,22.6690,0.293
2020-06-19,2.8600,6.3500,22.6100,1.834
2020-06-22,2.9300,6.4700,22.4570,1.699
2020-06-23,2.8800,6.3700,22.3890,1.225
2020-06-24,2.7700,6.2600,22.7116,0.497
2020-06-25,2.8800,6.3700,22.8300,3.219
2020-06-26,2.7400,6.2800,22.9460,0.115
2020-06-29,2.8400,6.4500,23.1230,1.813
2020-06-30,2.8800,6.4800,23.0821,2.587
2020-07-01,2.7500,6.2400,22.8230,0.582
2020-07-02,2.8200,6.3800,22.5200,-0.460
2020-07-06,2.8700,6.4300,22.2750,-0.577
2020-07-07,2.7800,6.3700,22.6360,-1.212
2020-07-08,2.7500,6.2900,22.8550,-0.078
2020-07-09,2.6500,5.9900,22.7020,0.435
2020-07-10,2.6400,5.9600,22.5070,-0.305
2020-07-13,2.7300,6.1900,22.4320,-1.067
2020-07-14,2.7500,6.1300,22.5920,1.351
2020-07-15,2.8900,6.3600,22.3710,1.654
2020-07-16,2.9000,6.4400,22.2880,0.365
2020-07-17,2.8400,6.3700,22.4800,0.225
2020-07-20,2.8000,6.3000,22.5800,0.356
2020-07-21,2.8300,6.2700,22.3190,0.738
2020-07-22,2.8300,6.2900,22.2560,0.134
2020-07-23,2.8100,6.2800,22.3140,-0.156
2020-07-24,2.8300,6.2400,22.3630,1.422
2020-07-27,3.1700,6.8000,22.0130,2.619
2020-07-28,3.0900,6.7800,21.9570,0.070
2020-07-29,3.1600,6.8900,22.0030,0.914
2020-07-30,3.1300,6.7700,22.1830,2.560
2020-07-31,3.0600,6.8200,22.2260,-0.276
2020-08-03,3.1200,7.0300,22.5740,0.186
2020-08-04,3.1800,7.1500,22.7460,1.164
2020-08-05,3.2800,7.2800,22.4230,1.027
2020-08-06,3.2900,7.3000,22.3590,0.769
2020-08-07,3.3000,7.3200,22.4830,1.358
2020-08-10,3.3600,7.4700,22.4930,1.173
2020-08-11,3.3800,7.5100,22.3380,0.536
2020-08-12,3.3400,7.3900,22.3180,0.869
2020-08-13,3.3600,7.4000,22.2800,1.163
2020-08-14,3.4100,7.5000,22.0190,0.113
2020-08-17,3.5500,7.8100,22.0420,0.191
2020-08-18,3.4600,7.6200,22.1800,0.712
2020-08-19,3.3800,7.4800,22.0460,-0.380
2020-08-20,3.4900,7.6700,22.1480,0.778
2020-08-21,3.4600,7.5700,22.0420,0.747
2020-08-24,3.5000,7.6600,21.9740,0.403
2020-08-25,3.5400,7.7200,21.9610,0.702
2020-08-26,3.5000,7.6600,21.9450,0.271
2020-08-27,3.4100,7.5600,22.1150,-0.248
2020-08-28,3.3900,7.3800,21.8700,0.460
2020-08-31,3.2100,7.0200,21.8800,0.050
2020-09-01,3.2900,7.2000,21.7510,-0.610
2020-09-02,3.2800,7.0900,21.8320,1.000
2020-09-03,3.1400,6.8600,21.6630,-0.843
2020-09-04,3.1800,6.8700,21.5950,-0.041
2020-09-08,3.1200,6.8100,21.7320,-0.435
2020-09-09,3.2200,6.9200,21.5200,0.136
2020-09-10,3.5000,7.5200,21.2850,-0.934
2020-09-11,3.7900,8.0400,21.3270,0.534
2020-09-14,3.9400,8.3000,21.1230,0.271
2020-09-15,3.9900,8.4300,21.0550,-0.345
2020-09-17,3.9000,8.1400,20.9930,0.581
2020-09-18,3.8300,8.1500,20.9490,-1.553
2020-09-21,3.6500,7.8200,21.5160,0.426
2020-09-22,3.6700,7.9900,21.5850,-0.855
2020-09-23,3.5300,7.9800,22.1160,-2.169
2020-09-24,3.5600,7.8800,22.2800,0.656
2020-09-25,3.5900,7.9900,22.4510,0.875
2020-09-28,3.7200,8.3000,22.5070,0.875
2020-09-29,3.6200,8.1400,22.4660,-0.090
2020-09-30,3.8000,8.3800,22.0910,0.174
2020-10-01,3.7200,8.1500,21.9760,0.308
2020-10-02,3.7700,8.1800,21.7200,0.103
2020-10-05,3.9700,8.4400,21.4301,0.803
2020-10-06,3.8400,8.3400,21.5210,-0.911
2020-10-07,3.8800,8.3900,21.5330,-0.420
2020-10-08,4.0900,8.7100,21.4160,0.564
2020-10-09,4.0500,8.7100,21.1530,-1.642
2020-10-12,3.9800,8.3800,21.1530,0.464
2020-10-13,3.8900,8.2600,21.3920,0.744
2020-10-14,3.9900,8.4700,21.3460,0.556
2020-10-15,4.1300,8.7700,21.3940,0.749
2020-10-16,4.1000,8.6900,21.1740,-0.100
2020-10-19,4.0500,8.6900,21.1369,-1.491
2020-10-20,4.2000,8.8200,21.0650,0.310
2020-10-21,4.2300,8.8900,21.0896,0.348
2020-10-22,4.2200,8.8400,21.0260,0.373
2020-10-23,4.1900,8.6600,20.8961,1.102
2020-10-26,4.0900,8.4800,20.9580,1.083
2020-10-27,3.9800,8.2700,20.8670,0.424
2020-10-28,3.9200,8.3700,21.1520,-0.937
2020-10-29,3.9800,8.4400,21.3670,0.759
2020-10-30,4.1500,8.7600,21.2760,0.794
2020-11-03,4.2600,9.0000,21.1560,0.138
2020-11-04,4.0100,8.4400,20.9360,-0.529
2020-11-05,4.1300,8.5900,20.8340,0.168
2020-11-06,4.0200,8.3400,20.6300,-0.560
2020-11-09,4.2900,8.7100,20.4000,0.478
2020-11-10,4.5600,9.2100,20.4330,1.167
2020-11-11,4.5100,9.2000,20.4330,0.166
2020-11-12,4.3600,9.0400,20.5170,-1.046
2020-11-13,4.4400,9.0700,20.4500,0.108
2020-11-17,4.6500,9.3200,20.3060,1.312
2020-11-18,4.8300,9.7400,20.2460,0.399
2020-11-19,4.6800,9.4500,20.1830,-0.046
2020-11-20,4.6200,9.2300,20.0830,0.524
2020-11-23,4.6200,9.2800,20.1090,0.112
2020-11-24,4.8800,9.7900,20.0120,-0.247
2020-11-25,4.7000,9.4200,20.0150,-0.137
2020-11-27,4.6800,9.3100,20.0150,0.612
2020-11-30,4.6000,9.2000,20.1500,0.750
2020-12-01,5.0200,10.0200,20.0470,0.435
2020-12-02,4.9800,9.9700,20.0470,0.134
2020-12-03,5.3100,10.5800,19.8870,-0.189
2020-12-04,5.6000,10.9900,19.7440,0.606
2020-12-07,5.6300,11.1600,19.8100,-0.062
2020-12-08,5.5500,10.9600,19.7150,-0.166
2020-12-09,5.3200,10.5900,19.8520,-0.271
2020-12-10,5.5000,10.9900,19.9870,0.026
2020-12-11,5.3700,10.7600,20.0930,0.278
2020-12-14,5.2400,10.5800,20.2180,0.135
2020-12-15,5.3000,10.5200,20.0830,1.179
2020-12-16,5.3000,10.5200,19.9500,0.509
2020-12-17,5.3800,10.7200,19.7880,-0.691
2020-12-18,5.1700,10.3000,19.9813,0.294
2020-12-21,5.1300,10.2300,20.0400,0.494
2020-12-22,5.0100,10.1500,20.0540,-1.014
2020-12-23,5.1300,10.3700,20.0800,-0.665
2020-12-24,5.1400,10.2500,20.0800,0.694
2020-12-28,5.1000,10.3200,20.0610,-0.861
2020-12-29,5.0900,10.2600,19.9050,-1.251
2020-12-30,5.1800,10.3700,19.9340,-0.426
2020-12-31,5.1700,10.2700,19.8920,0.138
2021-01-04,5.1600,10.3900,19.9380,-0.982
2021-01-05,5.3400,10.6600,19.9200,-0.213
2021-01-06,5.8400,11.5500,19.7130,-0.326
2021-01-07,5.7400,11.6500,19.9280,-1.814
2021-01-08,5.7600,11.5700,19.9410,-0.726
2021-01-11,5.6400,11.3600,20.0760,-0.327
2021-01-12,5.8100,11.5400,19.9270,0.326
2021-01-13,5.7000,11.4100,19.7880,-1.147
2021-01-14,6.1800,12.1700,19.7230,0.155
2021-01-15,6.3900,12.6600,19.7470,-0.329
2021-01-19,6.6800,13.0700,19.6642,0.503
2021-01-20,6.6700,13.0400,19.6642,0.583
2021-01-21,6.4600,12.7100,19.7270,0.265
2021-01-22,6.2400,12.3400,19.9250,0.755
2021-01-25,6.2000,12.4300,20.1400,0.457
2021-01-26,6.2100,12.3800,20.0800,0.724
2021-01-27,5.8300,11.8400,20.2200,-0.437
2021-01-28,6.0700,12.1700,20.2300,0.901
2021-01-29,5.7300,11.7600,20.2550,-1.309
2021-02-02,6.2600,12.5200,20.1510,0.755
2021-02-03,6.4000,12.8900,20.2170,0.379
2021-02-04,6.4100,13.0100,20.4570,0.791
2021-02-05,6.4300,12.9100,20.1300,0.260
2021-02-08,6.4300,12.8700,20.1120,0.482
2021-02-09,6.3900,12.8000,20.0970,0.328
2021-02-10,6.3800,12.7400,20.0500,0.407
2021-02-11,6.6700,13.2700,19.9600,0.326
2021-02-12,6.6800,13.2700,19.9300,0.326
2021-02-16,6.5100,13.1000,20.2180,0.473
2021-02-17,6.4100,12.9300,20.1860,0.071
2021-02-18,6.1200,12.4100,20.4360,0.780
2021-02-19,6.3300,12.9300,20.4000,-0.130
2021-02-22,6.3300,13.0900,20.6720,-0.035
2021-02-23,6.4900,13.2900,20.6040,0.617
2021-02-24,6.9000,14.0100,20.4600,0.767
2021-02-25,6.5400,13.6600,20.8910,0.020
2021-02-26,6.6100,13.9400,20.9350,-0.731
2021-03-01,6.8400,14.0700,20.6070,0.179
2021-03-02,6.9500,14.3700,20.6240,-0.253
2021-03-03,7.2400,15.1800,20.9203,-0.222
2021-03-04,6.7700,14.3400,20.8206,-1.705
2021-03-05,6.8500,14.6300,21.2770,-0.378
2021-03-08,6.9300,14.9100,21.4500,-0.303
2021-03-09,7.0100,14.9100,21.2580,-0.055
2021-03-10,6.9900,14.6100,20.9500,0.233
2021-03-11,7.3800,15.2000,20.6960,0.485
2021-03-12,7.2900,15.1000,20.7411,0.134
2021-03-16,7.0800,14.6800,20.5670,-0.808
2021-03-17,7.1300,14.5600,20.6720,1.230
2021-03-18,6.8900,14.1800,20.4400,-0.683
2021-03-19,6.7000,13.8900,20.4971,-1.130
2021-03-22,6.6700,13.8200,20.5880,-0.635
2021-03-23,6.3800,13.2600,20.6290,-0.744
2021-03-24,6.3600,13.4400,20.7930,-1.605
2021-03-25,6.5600,13.5700,20.7830,0.469
2021-03-26,6.7100,13.8300,20.5730,-0.185
2021-03-29,6.7000,13.9300,20.5850,-0.991
2021-03-30,7.1900,14.9000,20.5970,-0.609
2021-03-31,6.9700,14.4200,20.4410,-1.197
2021-04-05,7.1700,14.6600,20.2420,-0.999
2021-04-06,6.9700,14.1700,20.1410,-0.930
2021-04-07,7.1000,14.4400,20.1800,-0.777
2021-04-08,7.1200,14.3800,20.0900,-0.528
2021-04-09,7.1400,14.4200,20.1620,-0.169
2021-04-12,7.0200,14.2000,20.1010,-0.627
2021-04-13,6.9100,13.9600,20.0520,-0.745
2021-04-14,7.3100,14.6900,20.0580,-0.188
2021-04-15,7.4700,14.9700,19.9180,-0.610
2021-04-16,7.5200,15.0400,19.9120,-0.440
2021-04-19,7.3400,14.5600,19.8110,-0.129
2021-04-20,7.3500,14.7100,19.8720,-0.708
2021-04-21,7.4500,14.8500,19.8840,-0.245
2021-04-22,7.3000,14.7000,19.8740,-1.306
2021-04-23,7.5800,15.0700,19.8520,-0.147
2021-04-26,7.6400,15.2000,19.8430,-0.263
2021-04-27,7.7000,15.4000,19.9740,-0.130
2021-04-28,7.6400,15.2500,19.9420,-0.094
2021-04-29,8.0700,16.1400,20.1090,0.545
2021-04-30,7.8900,16.0900,20.1690,-1.098
2021-05-03,8.1200,16.4200,20.2000,-0.107
2021-05-04,8.2300,16.6000,20.2560,0.426
2021-05-05,8.3100,16.8600,20.2160,-0.359
2021-05-06,8.5900,17.2400,20.1770,0.534
2021-05-07,8.6200,17.1300,19.9010,0.144
2021-05-10,8.4800,16.8800,19.8700,-0.179
2021-05-11,8.5900,17.1000,19.8550,-0.261
2021-05-12,7.8800,15.9300,20.1160,-0.493
2021-05-13,8.0900,16.1400,20.0460,0.478
2021-05-14,8.3400,16.6200,19.8600,-0.342
2021-05-17,8.5200,16.8700,19.8000,-0.002
2021-05-18,8.3600,16.6100,19.8280,-0.203
2021-05-19,8.1500,16.2700,19.8000,-0.817
2021-05-20,8.3200,16.6300,19.8770,-0.555
2021-05-21,8.2400,16.5400,19.9400,-0.662
2021-05-24,8.3500,16.5900,19.8630,-0.026
2021-05-25,8.0000,15.9000,19.8880,0.065
2021-05-26,8.0100,15.9700,19.8940,-0.219
2021-05-27,8.1000,16.2100,19.9700,-0.212
2021-05-28,8.2800,16.4700,19.9300,0.195
2021-06-01,8.8900,17.6400,19.8970,0.275
2021-06-02,8.3600,16.7300,19.8950,-0.584
2021-06-03,8.2000,16.5600,20.0650,-0.644
2021-06-04,8.2300,16.3700,19.9270,0.183
2021-06-07,8.4300,16.8500,19.7800,-1.041
2021-06-08,8.5200,16.8800,19.7720,-0.203
2021-06-09,8.3800,16.6300,19.6860,-0.801
2021-06-10,8.2900,16.4200,19.6750,-0.666
2021-06-11,8.3100,16.6200,19.9610,-0.195
2021-06-14,8.0500,16.1000,19.9150,-0.425
2021-06-15,8.0300,16.1500,20.1690,0.283
2021-06-16,7.9600,16.2100,20.0440,-1.573
2021-06-17,7.6000,15.6500,20.4680,-0.603
2021-06-18,7.4500,15.5400,20.6710,-0.902
2021-06-21,7.7300,15.9300,20.5970,-0.053
2021-06-22,7.8200,15.9400,20.5830,0.978
2021-06-23,7.9200,16.1400,20.2600,-0.583
2021-06-24,8.6100,17.1800,20.0440,0.453
2021-06-25,8.6600,17.2600,19.7930,-0.691
2021-06-28,8.5800,17.0200,19.7800,-0.286
2021-06-29,8.4200,16.7400,19.8020,-0.399
2021-06-30,8.4000,16.8200,19.9060,-0.588
2021-07-01,8.3500,16.7500,19.9870,-0.363
2021-07-02,8.3300,16.4700,19.8440,0.365
2021-07-06,8.1400,16.3400,19.9840,-0.447
2021-07-07,8.3100,16.5800,19.9870,0.176
2021-07-08,8.1400,16.2800,19.9650,-0.175
2021-07-09,8.4000,16.7100,19.8810,-0.060
2021-07-12,8.3100,16.5800,19.8440,-0.541
2021-07-13,7.8800,15.9300,19.9910,-1.112
2021-07-14,7.8600,15.6600,19.8920,-0.159
2021-07-15,7.9700,15.9800,19.9280,-0.609
2021-07-16,7.8700,15.7100,19.8380,-0.621
2021-07-19,7.6200,15.3700,20.0000,-0.846
2021-07-20,7.8600,15.8800,20.1470,-0.280
2021-07-21,8.2200,16.5500,20.1530,0.095
2021-07-22,8.1000,16.3200,20.1934,0.225
2021-07-23,8.0800,16.3000,20.0300,-0.710
2021-07-26,8.2100,16.4700,20.0100,-0.254
2021-07-27,8.0200,16.0800,19.9750,-0.373
2021-07-28,8.4000,16.7600,19.9410,-0.057
2021-07-29,8.5500,16.9700,19.8590,0.056
2021-07-30,8.1300,16.2400,19.8460,-0.648
2021-08-02,8.0400,16.1000,19.8560,-0.843
2021-08-03,8.2700,16.5000,19.8960,-0.279
2021-08-04,8.1100,16.3200,19.9690,-0.767
2021-08-05,8.0500,16.0800,19.9252,-0.250
2021-08-06,7.9400,16.0200,20.0180,-0.785
2021-08-09,7.9500,15.9900,20.0670,-0.230
2021-08-10,7.9500,16.0400,20.0860,-0.447
2021-08-11,8.1500,16.2700,19.9560,-0.036
2021-08-12,7.9900,16.0200,19.8910,-0.793
2021-08-13,8.0800,16.1000,19.8620,-0.320
2021-08-16,8.0000,16.0000,19.8850,-0.575
2021-08-17,7.8600,15.8100,19.9830,-0.654
2021-08-18,7.8800,15.8800,20.0110,-0.701
2021-08-19,7.6700,15.5400,20.1110,-0.739
2021-08-20,7.7100,15.7900,20.4250,-0.268
2021-08-23,7.9200,16.2100,20.3640,-0.504
2021-08-24,8.0600,16.4100,20.3180,-0.205
2021-08-25,8.2100,16.7100,20.2660,-0.429
2021-08-26,8.0200,16.4000,20.3570,-0.449
2021-08-27,8.2500,16.7100,20.2020,-0.259
2021-08-30,8.1400,16.4500,20.1270,-0.405
2021-08-31,8.2000,16.5000,20.0740,-0.238
2021-09-01,8.0500,16.2100,19.9640,-0.857
2021-09-02,8.0400,16.1600,19.9670,-0.659
2021-09-03,8.0600,16.1100,19.8890,-0.493
2021-09-07,7.8500,15.7800,19.9440,-0.786
2021-09-08,7.6800,15.4300,19.9370,-0.767
2021-09-09,7.6300,15.2800,19.9300,-0.480
2021-09-10,7.7000,15.3500,19.8640,-0.356
2021-09-13,7.6200,15.2200,19.8680,-0.529
2021-09-14,7.6300,15.2600,19.8980,-0.510
2021-09-15,7.5900,15.1600,19.8980,-0.379
2021-09-17,7.2400,14.6000,19.9841,-0.901
2021-09-20,7.0300,14.1900,20.1610,-0.119
2021-09-21,7.0800,14.3600,20.1170,-0.816
2021-09-22,7.2800,14.6900,20.0130,-0.821
2021-09-23,7.5000,15.1100,20.0250,-0.604
2021-09-24,7.3200,14.7900,20.0940,-0.549
2021-09-27,7.5100,15.1800,20.0935,-0.591
2021-09-28,7.2900,14.9000,20.3310,-0.528
2021-09-29,7.1100,14.6600,20.4910,-0.620
2021-09-30,7.1700,14.8900,20.5620,-0.988
2021-10-01,7.1700,14.6700,20.4910,0.150
2021-10-04,7.0200,14.4600,20.5340,-0.312
2021-10-05,6.8000,14.0800,20.5620,-0.695
2021-10-06,6.7200,13.8800,20.6460,-0.042
2021-10-07,6.6500,13.7800,20.5930,-0.622
2021-10-08,6.5200,13.6100,20.7460,-0.614
2021-10-11,6.6600,13.9400,20.7460,-0.884
2021-10-12,6.8500,14.3500,20.7680,-0.864
2021-10-13,6.8100,14.0700,20.6480,-0.062
2021-10-14,7.0800,14.6400,20.5920,-0.416
2021-10-15,7.1600,14.7200,20.4520,-0.519
2021-10-18,7.1700,14.7200,20.3160,-1.042
2021-10-19,7.0600,14.3800,20.2670,-0.497
2021-10-20,7.1700,14.4700,20.1690,-0.061
2021-10-21,6.9000,14.0900,20.2690,-0.741
2021-10-22,6.7100,13.6200,20.2120,-0.424
2021-10-25,6.8000,13.7900,20.2110,-0.337
2021-10-26,6.8200,13.8700,20.2190,-0.581
2021-10-27,6.7600,13.8600,20.2200,-1.380
2021-10-28,6.6000,13.5100,20.3320,-0.673
2021-10-29,6.4300,13.2400,20.5510,-0.194
2021-11-01,6.3300,13.1800,20.8510,0.142
2021-11-03,6.2900,13.0500,20.8270,0.385
2021-11-04,6.1300,12.7100,20.6290,-0.507
2021-11-05,6.3400,12.9400,20.4250,0.073
2021-11-08,6.9700,14.2600,20.3360,-0.602
2021-11-09,6.6800,13.6300,20.2800,-0.609
2021-11-10,6.5000,13.4800,20.4680,-1.304
2021-11-11,6.6000,13.7000,20.4680,-1.395
2021-11-12,6.5700,13.6100,20.5190,-0.948
2021-11-16,6.4300,13.4400,20.8230,-0.378
2021-11-17,6.3200,13.1100,20.6910,-0.254
2021-11-18,6.2200,13.0100,20.7270,-0.906
2021-11-19,6.1600,12.9200,20.7990,-0.834
2021-11-22,6.1200,12.9900,20.9720,-1.194
2021-11-23,6.2900,13.3800,21.2390,-0.154
2021-11-24,6.1500,13.2800,21.3970,-0.910
2021-11-26,5.8500,12.7100,21.8530,0.582
2021-11-29,6.3200,13.7200,21.7300,0.097
2021-11-30,6.1500,13.3000,21.4530,-0.800
2021-12-01,6.1400,13.2900,21.3050,-1.571
2021-12-02,6.2100,13.2900,21.3090,-0.430
2021-12-03,6.0300,12.8800,21.4390,0.370
2021-12-06,6.0500,12.8800,21.2220,-0.316
2021-12-07,6.1300,13.0000,21.0470,-0.755
2021-12-08,6.1300,12.9300,20.9590,-0.635
2021-12-09,5.9800,12.6400,21.0120,-0.592
2021-12-10,6.0300,12.6600,20.8730,-0.581
2021-12-13,5.9800,12.6600,20.9540,-1.023
2021-12-14,6.1100,13.0800,21.1980,-0.979
2021-12-15,6.1700,13.1100,21.2300,-0.085
2021-12-16,6.2900,13.1900,20.8720,-0.466
2021-12-17,6.4800,13.5900,20.7310,-1.150
2021-12-20,6.2700,13.1400,20.7380,-1.045
2021-12-21,6.6200,13.8700,20.8060,-0.695
2021-12-22,6.6400,13.8200,20.7490,-0.309
2021-12-23,6.7000,13.9600,20.6480,-0.901
2021-12-27,6.7600,14.0400,20.6760,-0.449
2021-12-28,6.7400,14.0200,20.5810,-1.059
2021-12-29,6.6400,13.7100,20.5830,-0.313
2021-12-30,6.8100,14.0300,20.5140,-0.427
2021-12-31,6.7800,13.9900,20.5140,-0.583
2022-01-03,6.6800,13.7800,20.5700,-0.285
2022-01-04,6.6700,13.7000,20.5010,-0.189
2022-01-05,6.6200,13.6900,20.4390,-1.164
2022-01-06,6.6000,13.4600,20.4350,0.201
2022-01-07,6.5500,13.3500,20.3970,0.075
2022-01-10,6.3700,13.0600,20.4550,-0.231
2022-01-11,6.4800,13.2800,20.3530,-0.687
2022-01-12,6.7700,13.7500,20.3670,0.280
2022-01-13,6.7300,13.8000,20.3600,-0.708
2022-01-14,6.8200,13.9200,20.3160,-0.463
2022-01-18,6.7000,13.7500,20.3780,-0.704
2022-01-19,6.5800,13.5900,20.4700,-0.888
2022-01-20,6.2900,13.0400,20.4230,-1.487
2022-01-21,5.8500,12.1100,20.4680,-1.125
2022-01-24,5.7300,11.8900,20.6590,-0.441
2022-01-25,5.9600,12.3600,20.6770,-0.295
2022-01-26,5.9800,12.5300,20.6480,-1.456
2022-01-27,5.9500,12.4300,20.7600,-0.626
2022-01-28,6.1000,12.6600,20.8340,0.385
2022-01-31,6.1200,12.6000,20.6370,0.237
2022-02-01,6.2200,12.7300,20.5690,0.502
2022-02-02,6.2600,12.8200,20.5898,0.540
2022-02-03,6.0500,12.4100,20.5540,0.203
2022-02-04,5.9800,12.3300,20.7180,0.481
2022-02-08,5.8800,12.2300,20.6360,-0.785
2022-02-09,6.0800,12.4700,20.5000,-0.048
2022-02-10,5.5900,11.5900,20.4330,-1.449
2022-02-11,5.6000,11.5600,20.4060,-1.147
2022-02-14,5.4100,11.1300,20.4020,-0.831
2022-02-15,5.6900,11.6800,20.3630,-0.800
2022-02-16,5.7100,11.6700,20.3120,-0.616
2022-02-17,5.6300,11.5000,20.2850,-0.692
2022-02-18,5.5800,11.4200,20.2990,-0.816
2022-02-22,5.4900,11.2800,20.2820,-1.287
2022-02-23,5.1300,10.5200,20.2450,-1.277
2022-02-24,5.0400,10.4000,20.6430,0.039
2022-02-25,5.1400,10.5600,20.4150,-0.632
2022-02-28,5.1000,10.5200,20.4030,-1.088
2022-03-01,4.9800,10.4100,20.5790,-1.553
2022-03-02,5.0900,10.5500,20.6190,-0.521
2022-03-03,5.1000,10.5700,20.7140,-0.055
2022-03-04,4.7400,10.0300,20.9360,-1.060
2022-03-07,4.4300,9.5400,21.2360,-1.388
2022-03-08,4.7600,10.2900,21.3960,-1.025
2022-03-09,4.9600,10.4700,20.9520,-0.743
2022-03-10,4.7300,9.9800,20.9740,-0.594
2022-03-11,4.7800,10.1000,20.9640,-0.784
2022-03-14,4.7200,9.9600,20.9060,-0.927
2022-03-15,4.9200,10.3000,20.8850,-0.239
2022-03-16,5.0900,10.5800,20.7280,-0.278
2022-03-17,5.1800,10.6500,20.5510,-0.043
2022-03-18,5.2700,10.8100,20.4040,-0.528
2022-03-22,5.2600,10.7600,20.2650,-0.935
2022-03-23,5.2000,10.5800,20.1700,-0.866
2022-03-24,5.2700,10.6900,20.1200,-0.812
2022-03-25,5.3300,10.6900,19.9400,-0.580
2022-03-28,5.2100,10.5400,20.1400,-0.446
2022-03-29,5.4400,10.9200,20.0120,-0.307
2022-03-30,5.3200,10.6100,19.8330,-0.555
2022-03-31,5.2900,10.6900,19.9110,-1.469
2022-04-01,5.2900,10.5600,19.8370,-0.627
2022-04-04,5.2700,10.5800,19.7450,-1.648
2022-04-05,5.0700,10.2000,19.9320,-0.926
2022-04-06,4.8500,9.8600,20.0450,-1.401
2022-04-07,4.7500,9.6800,20.1600,-1.074
2022-04-08,4.5300,9.2100,20.0770,-1.250
2022-04-11,4.5200,9.1200,20.0100,-0.828
2022-04-12,4.5400,9.0200,19.8410,-0.135
2022-04-13,4.7400,9.4700,19.8020,-0.885
2022-04-18,4.6000,9.2100,19.9311,-0.453
2022-04-19,4.7700,9.6700,20.0500,-1.098
2022-04-20,4.8900,9.8300,19.9990,-0.514
2022-04-21,4.5800,9.3300,20.1650,-1.012
2022-04-22,4.4000,8.9800,20.3120,-0.476
2022-04-25,4.4000,8.9000,20.2560,0.142
2022-04-26,4.1400,8.5800,20.4340,-1.402
2022-04-27,4.2900,8.7300,20.4480,0.483
2022-04-28,4.5400,9.2500,20.5610,0.916
2022-04-29,4.4000,8.9800,20.3590,-0.245
2022-05-02,4.3600,8.9900,20.4310,-0.913
2022-05-03,4.4700,9.0700,20.3460,0.272
2022-05-04,4.5800,9.1500,20.2260,1.241
2022-05-05,4.2700,8.7100,20.2910,-0.525
2022-05-06,4.1900,8.5100,20.1110,-0.981
2022-05-09,3.9900,8.1300,20.3020,-0.363
2022-05-10,4.0200,8.2100,20.4030,-0.097
2022-05-11,3.9600,8.1300,20.2540,-1.346
2022-05-12,4.0000,8.1800,20.3060,-0.704
2022-05-13,4.1200,8.2600,20.1270,0.391
2022-05-16,4.3700,8.7000,20.0570,0.746
2022-05-17,4.4900,8.8900,19.9730,0.876
2022-05-18,4.3000,8.6400,19.9930,-0.498
2022-05-19,4.4000,8.7200,19.9250,0.539
2022-05-20,4.4100,8.8100,19.8630,-0.572
2022-05-23,4.3600,8.7300,19.8280,-0.974
2022-05-24,4.2100,8.4000,19.8790,-0.368
2022-05-25,4.3100,8.5900,19.8370,-0.469
2022-05-26,4.4100,8.7800,19.8010,-0.544
2022-05-27,4.5700,9.0400,19.5750,-1.042
2022-05-31,4.6700,9.2600,19.6800,-0.750
2022-06-01,4.4600,8.8600,19.7500,-0.581
2022-06-02,4.3900,8.6300,19.5550,-0.526
2022-06-03,4.3600,8.5500,19.6010,-0.046
2022-06-06,4.3900,8.6200,19.5940,-0.212
2022-06-07,4.3500,8.6100,19.6010,-0.971
2022-06-08,4.2700,8.4000,19.5700,-0.519
2022-06-09,4.1000,8.1600,19.6120,-1.459
2022-06-10,3.8500,7.8300,19.9140,-2.083
2022-06-13,3.6300,7.5600,20.4110,-1.995
2022-06-14,3.5700,7.4900,20.6710,-1.475
2022-06-15,3.5500,7.1900,20.6610,2.012
2022-06-16,3.3200,6.8200,20.5410,-0.006
2022-06-17,3.4600,6.9500,20.4290,1.704
2022-06-21,3.6300,7.3500,20.1950,-0.261
2022-06-22,3.6200,7.2800,20.0470,-0.316
2022-06-23,3.7300,7.4900,20.0120,-0.341
2022-06-24,3.8900,7.8300,19.9060,-1.106
2022-06-27,3.9200,7.8700,19.8790,-0.984
2022-06-28,3.9100,7.8700,19.9830,-0.720
2022-06-29,3.8700,7.8500,20.1630,-0.598
2022-06-30,3.9200,7.8300,20.1180,0.718
2022-07-01,3.8600,7.8100,20.3180,0.419
2022-07-05,3.9400,8.0100,20.5510,1.087
2022-07-06,3.8800,8.0400,20.6940,-0.133
2022-07-07,3.9300,8.0300,20.5990,0.815
2022-07-08,3.9000,8.0700,20.4440,-1.200
2022-07-11,3.7700,7.8500,20.7350,-0.419
2022-07-12,3.8700,8.0800,20.7490,-0.621
2022-07-13,3.8700,8.0800,20.7250,-0.735
2022-07-14,3.7700,7.9200,20.8580,-0.714
2022-07-15,3.9000,8.0400,20.5780,-0.181
2022-07-18,3.8800,7.9500,20.3890,-0.491
2022-07-19,3.9800,8.1600,20.4640,-0.188
2022-07-20,3.9100,8.1100,20.4690,-1.315
2022-07-21,3.9900,8.2500,20.6630,-0.066
2022-07-22,3.9800,8.2200,20.5020,-0.732
2022-07-25,4.0400,8.3100,20.4640,-0.512
2022-07-26,3.8800,8.0000,20.4720,-0.711
2022-07-27,3.9600,8.0300,20.5070,1.130
2022-07-28,3.9900,8.1300,20.3830,0.035
2022-07-29,4.0100,8.2300,20.3630,-0.783
2022-08-01,4.1200,8.3800,20.2510,-0.437
2022-08-02,4.0700,8.5400,20.5200,-2.206
2022-08-03,4.3100,8.8900,20.5530,-0.356
2022-08-04,4.3000,8.7800,20.3280,-0.444
2022-08-05,4.3500,8.8600,20.3940,0.129
2022-08-08,4.4200,9.0100,20.2912,-0.458
2022-08-09,4.2900,8.7500,20.2810,-0.565
2022-08-10,4.5200,8.9900,19.9640,0.375
2022-08-11,4.5300,9.0300,19.9220,-0.059
2022-08-12,4.6600,9.2100,19.8690,0.532
2022-08-15,4.5300,9.0500,19.8400,-0.690
2022-08-16,4.5500,9.1000,19.9180,-0.410
2022-08-17,4.4700,9.0000,20.0670,-0.334
2022-08-18,4.3800,8.8800,20.0850,-0.932
2022-08-19,4.2700,8.6600,20.1860,-0.469
2022-08-22,4.1500,8.3700,20.1630,-0.028
2022-08-23,4.2100,8.3800,20.0170,0.563
2022-08-24,4.1500,8.2300,19.8960,0.326
2022-08-25,4.2100,8.3700,19.9440,0.316
2022-08-26,4.0300,8.0300,19.9130,-0.063
2022-08-29,3.9300,7.8200,20.0150,0.587
2022-08-30,3.8400,7.7100,20.0950,0.084
2022-08-31,3.7400,7.4700,20.0860,0.564
2022-09-01,3.7800,7.6600,20.2200,-0.220
2022-09-02,3.9300,7.8000,19.9270,0.401
2022-09-06,3.8000,7.6300,20.1090,0.150
2022-09-07,3.8400,7.7300,20.0260,-0.518
2022-09-08,3.8200,7.6700,19.9850,-0.466
2022-09-09,3.9600,7.8800,19.8870,-0.060
2022-09-12,4.0400,8.0000,19.8000,-0.010
2022-09-13,3.8800,7.7200,20.0660,0.850
2022-09-14,3.8200,7.5600,19.9530,0.821
2022-09-15,3.6500,7.2600,20.0670,0.888
2022-09-19,3.7100,7.3600,20.0000,0.815
2022-09-20,3.5600,7.1300,19.9950,-0.165
2022-09-21,3.6000,7.1900,19.9950,0.114
2022-09-22,3.5000,7.0500,19.9640,-0.888
2022-09-23,3.4400,6.9700,20.1760,-0.423
2022-09-26,3.3000,6.7500,20.3730,-0.399
2022-09-27,3.2800,6.7200,20.3160,-0.839
2022-09-28,3.4000,6.8300,20.3050,1.079
2022-09-29,3.4000,6.9000,20.1500,-0.710
2022-09-30,3.4300,6.9600,20.1150,-0.870
2022-10-03,3.4800,7.0000,20.0330,-0.407
2022-10-04,3.7300,7.4700,19.9700,-0.284
2022-10-05,3.6100,7.3000,20.1070,-0.567
2022-10-06,3.5900,7.2900,20.1110,-0.962
2022-10-07,3.5400,7.1200,20.0300,-0.413
2022-10-10,3.4300,6.8900,20.0300,-0.286
2022-10-11,3.3800,6.8300,19.9470,-1.287
2022-10-12,3.3900,6.8400,20.0250,-0.753
2022-10-13,3.3500,6.7500,19.9920,-0.780
2022-10-14,3.2000,6.5000,20.0680,-1.204
2022-10-17,3.4400,6.9200,19.9780,-0.687
2022-10-18,3.4600,7.0100,20.0400,-1.086
2022-10-19,3.3500,6.7700,20.1260,-0.410
2022-10-20,3.3800,6.8200,20.0310,-0.726
2022-10-21,3.5000,6.9900,19.8980,-0.368
2022-10-24,3.5200,7.0700,19.9450,-0.698
2022-10-25,3.6100,7.2500,19.8670,-1.076
2022-10-26,3.7000,7.4300,19.8660,-1.071
2022-10-27,3.5300,7.0500,19.8380,-0.669
2022-10-28,3.7600,7.4500,19.8240,0.051
2022-10-31,3.8600,7.7200,19.8480,-0.760
2022-11-01,3.9300,7.7800,19.7350,-0.310
2022-11-03,3.7400,7.4100,19.6750,-0.696
2022-11-04,4.0400,7.9300,19.5320,-0.493
2022-11-07,4.0300,7.9000,19.4670,-0.694
2022-11-08,4.1000,8.0400,19.4640,-0.743
2022-11-09,4.0200,7.9600,19.5710,-1.162
2022-11-10,4.3800,8.5200,19.3700,-0.422
2022-11-11,4.5700,8.9300,19.3700,-0.872
2022-11-14,4.4800,8.7100,19.3920,-0.257
2022-11-15,4.4900,8.7400,19.3810,-0.434
2022-11-16,4.5900,8.9100,19.3140,-0.504
2022-11-17,4.5000,8.7900,19.4400,-0.478
2022-11-18,4.5000,8.7400,19.4870,0.334
2022-11-22,4.4700,8.7300,19.4510,-0.406
2022-11-23,4.5700,8.9100,19.3730,-0.635
2022-11-25,4.5400,8.7500,19.3330,0.311
2022-11-28,4.4300,8.5900,19.3080,-0.426
2022-11-29,4.3900,8.4700,19.2200,-0.383
2022-11-30,4.5700,8.8200,19.3660,0.343
2022-12-01,4.4900,8.6700,19.1500,-0.826
2022-12-02,4.3800,8.5000,19.3420,-0.332
2022-12-05,4.1900,8.3400,19.7600,-0.726
2022-12-06,4.2400,8.4600,19.8450,-0.540
2022-12-07,4.2000,8.3400,19.7020,-0.781
2022-12-08,4.2100,8.3100,19.6730,-0.333
2022-12-09,4.1700,8.3000,19.7970,-0.538
2022-12-13,4.1800,8.2000,19.6410,0.121
2022-12-14,4.1800,8.2700,19.6980,-0.438
2022-12-15,4.0200,7.9700,19.7860,-0.201
2022-12-16,4.0300,8.0300,19.7870,-0.695
2022-12-19,4.0600,8.1000,19.7260,-1.126
2022-12-20,4.0800,8.1300,19.7950,-0.660
2022-12-21,4.1900,8.2300,19.7150,0.372
2022-12-22,4.1300,8.1500,19.5920,-0.718
2022-12-23,4.2400,8.2400,19.4300,-0.020
2022-12-27,4.1600,8.1900,19.4000,-1.460
2022-12-28,4.1100,8.0400,19.3980,-0.839
2022-12-29,4.1500,8.1300,19.3570,-1.191
2022-12-30,4.0500,7.9200,19.4960,-0.305
2023-01-03,4.1200,8.0300,19.4210,-0.356
2023-01-04,4.3800,8.4800,19.3300,-0.159
2023-01-05,4.3900,8.5500,19.3750,-0.519
2023-01-06,4.5900,8.8000,19.1720,-0.001
2023-01-09,4.4800,8.6200,19.1760,-0.338
2023-01-10,4.5100,8.5800,19.1050,0.424
2023-01-11,4.9400,9.3500,19.0180,0.480
2023-01-12,5.0400,9.5500,18.8750,-0.387
2023-01-13,4.9800,9.4000,18.7850,-0.479
2023-01-17,4.9900,9.3500,18.7400,0.013
2023-01-18,4.8800,9.3000,18.7480,-1.623
2023-01-19,4.8500,9.2800,19.0660,-0.355
2023-01-20,4.9900,9.4400,18.9120,-0.031
2023-01-23,4.9900,9.4500,18.8240,-0.601
2023-01-24,5.0200,9.5100,18.8410,-0.545
2023-01-25,5.0800,9.5900,18.8440,-0.180
2023-01-26,5.3200,9.9900,18.8360,0.308
2023-01-27,5.3700,10.0800,18.7730,0.011
2023-01-30,5.2900,9.9300,18.7700,-0.007
2023-01-31,5.3400,10.0200,18.7980,0.181
2023-02-01,5.5100,10.2500,18.7080,0.567
2023-02-02,5.5200,10.3000,18.6180,-0.222
2023-02-03,5.4300,10.3100,18.8830,-0.548
2023-02-07,5.2800,9.9300,19.0300,1.187
2023-02-08,5.2600,9.9600,18.9570,0.114
2023-02-09,5.2600,9.8800,18.9590,0.936
2023-02-10,5.2000,9.6900,18.7080,0.394
2023-02-13,5.2600,9.7800,18.6260,0.177
2023-02-14,5.2500,9.6900,18.5410,0.454
2023-02-15,5.3100,9.8500,18.6010,0.275
2023-02-16,5.1800,9.5800,18.5130,0.102
2023-02-17,5.1400,9.4200,18.4160,0.486
2023-02-21,4.9700,9.1200,18.3920,0.228
2023-02-22,4.9300,9.0700,18.3500,-0.259
2023-02-23,4.9300,9.1100,18.4350,-0.236
2023-02-24,4.8500,8.9200,18.3990,0.039
2023-02-27,4.9000,8.9700,18.4080,0.557
2023-02-28,4.9800,9.1000,18.3450,0.394
2023-03-01,5.1900,9.3900,18.0950,0.014
2023-03-02,5.4300,9.7900,18.1120,0.458
2023-03-03,5.6700,10.1700,18.0130,0.426
2023-03-06,5.5500,9.9600,18.0150,0.385
2023-03-07,5.3200,9.6200,18.1310,0.267
2023-03-08,5.3800,9.6700,17.9490,-0.139
2023-03-09,5.2300,9.5700,18.0860,-1.160
2023-03-10,5.0200,9.2800,18.3590,-0.687
2023-03-13,5.0000,9.4700,18.7700,-0.898
2023-03-14,5.0900,9.4300,18.7190,1.039
2023-03-15,4.8700,9.2300,18.9570,0.022
2023-03-16,4.9800,9.3200,18.9130,1.059
2023-03-17,4.8300,9.2000,18.9800,-0.355
2023-03-21,5.0100,9.3000,18.6700,0.577
2023-03-22,5.0500,9.3300,18.5270,0.280
2023-03-23,5.0700,9.4100,18.4890,-0.383
2023-03-24,5.0200,9.2600,18.4980,0.281
2023-03-27,5.0300,9.1900,18.3920,0.666
2023-03-28,5.1500,9.3800,18.2420,0.156
2023-03-29,5.3800,9.7200,18.0940,0.150
2023-03-30,5.4200,9.7900,18.0950,0.179
2023-03-31,5.5300,9.9200,18.0250,0.482
2023-04-03,5.4100,9.7600,18.1140,0.406
2023-04-04,5.4000,9.7600,18.1580,0.464
2023-04-05,5.2500,9.6100,18.3080,0.018
2023-04-10,5.4100,9.8100,18.1610,0.154
2023-04-11,5.5200,10.0200,18.1950,0.236
2023-04-12,5.6600,10.2200,18.0710,0.080
2023-04-13,6.0000,10.7600,18.0100,0.428
2023-04-14,5.9800,10.8100,18.0490,-0.154
2023-04-17,6.0200,10.8600,18.1014,0.341
2023-04-18,5.9300,10.6800,18.0679,0.321
2023-04-19,5.9000,10.6100,18.0427,0.332
2023-04-20,5.8600,10.5400,18.0136,0.152
2023-04-21,5.7800,10.3500,18.0100,0.578
2023-04-24,5.8000,10.4200,18.0074,0.233
2023-04-25,5.8100,10.5400,18.0660,-0.414
2023-04-26,5.7900,10.4900,18.1074,-0.055
2023-04-27,5.8900,10.6300,18.0706,0.128
2023-04-28,6.0000,10.8100,17.9973,-0.107
2023-05-02,6.3800,11.4600,18.0570,0.527
2023-05-03,6.3100,11.3100,17.8960,-0.156
2023-05-04,6.3500,11.3300,17.9560,0.636
2023-05-05,6.6100,11.7000,17.7481,0.269
2023-05-08,6.5500,11.6600,17.8197,0.102
2023-05-09,6.7400,11.9500,17.7453,0.086
2023-05-10,6.6300,11.6200,17.6074,0.462
2023-05-11,6.6600,11.7000,17.6120,0.253
2023-05-12,6.6100,11.5900,17.6024,0.390
2023-05-15,6.5800,11.4800,17.5540,0.614
2023-05-16,6.6100,11.5300,17.4297,-0.078
2023-05-17,6.6300,11.6200,17.5912,0.370
2023-05-18,6.5900,11.6500,17.7162,0.214
2023-05-19,6.5000,11.5000,17.6920,-0.002
2023-05-22,6.3400,11.3300,17.8395,-0.174
2023-05-23,6.1700,11.0800,17.9628,0.028
2023-05-24,6.1700,11.0000,17.8120,-0.091
2023-05-25,6.2300,11.1000,17.8332,0.091
2023-05-26,6.3000,11.0900,17.6647,0.350
2023-05-30,6.0200,10.5700,17.6730,0.654
2023-05-31,6.0000,10.6200,17.7488,0.276
2023-06-01,6.0700,10.6400,17.5493,0.117
2023-06-02,6.3700,11.1300,17.4976,0.143
2023-06-05,6.4000,11.1700,17.4640,0.062
2023-06-06,6.7200,11.6400,17.4124,0.525
2023-06-07,6.8700,11.9300,17.3411,-0.140
2023-06-08,6.8700,11.9900,17.4095,-0.247
2023-06-09,6.9600,12.0600,17.2912,-0.210
2023-06-12,6.9000,11.9800,17.3080,-0.313
2023-06-13,7.1400,12.3300,17.2140,-0.318
2023-06-14,7.2600,12.4700,17.1100,-0.386
2023-06-15,7.3000,12.5300,17.1787,0.083
2023-06-16,7.2000,12.4000,17.0765,-0.846
2023-06-20,7.0200,12.1100,17.1908,-0.347
2023-06-21,7.0100,12.0500,17.1601,-0.172
2023-06-22,6.8800,11.8300,17.1472,-0.277
2023-06-23,6.9000,11.8700,17.1723,-0.178
2023-06-26,6.8900,11.8200,17.1345,-0.121
2023-06-27,7.0400,12.0400,17.0833,-0.111
2023-06-28,6.9600,11.9000,17.0731,-0.144
2023-06-29,6.9900,11.9700,17.0976,-0.157
2023-06-30,7.0800,12.1000,17.1439,0.313
2023-07-03,7.0800,12.1700,17.0578,-0.765
2023-07-05,6.9700,11.8900,16.9966,-0.365
2023-07-06,6.5700,11.3500,17.2568,-0.108
2023-07-07,6.6900,11.5300,17.1073,-0.739
2023-07-10,6.8100,11.6900,17.0485,-0.684
2023-07-11,6.9600,11.9000,17.0853,-0.073
2023-07-12,7.0400,11.9300,16.8480,-0.578
2023-07-13,7.3400,12.3700,16.8998,0.279
2023-07-14,7.3200,12.2700,16.8002,0.226
2023-07-17,7.3500,12.3500,16.8047,0.012
2023-07-18,7.4400,12.5300,16.7423,-0.588
2023-07-19,7.4600,12.4800,16.7590,0.178
2023-07-20,7.4600,12.6200,16.8359,-0.479
2023-07-21,7.4100,12.6100,16.9228,-0.557
2023-07-24,7.3800,12.4700,16.8164,-0.477
2023-07-25,7.4400,12.6200,16.9099,-0.309
2023-07-26,7.5400,12.7600,16.8769,-0.273
2023-07-27,7.5200,12.7900,16.7073,-1.768
2023-07-28,7.6700,12.8200,16.6635,-0.305
2023-07-31,7.6200,12.7600,16.7183,-0.162
2023-08-01,7.6400,12.8800,16.8414,-0.102
2023-08-02,7.5600,12.8800,17.0430,0.035
2023-08-03,7.5000,12.9700,17.3356,0.244
2023-08-04,7.6600,13.0900,17.0579,-0.181
2023-08-07,7.8700,13.4100,17.0564,0.100
2023-08-08,7.9200,13.5400,17.1512,0.323
2023-08-09,7.9300,13.5600,17.0760,-0.138
2023-08-10,7.8400,13.3500,16.9410,-0.511
2023-08-11,7.7800,13.2300,16.9950,-0.060
2023-08-14,7.9700,13.5600,17.0746,0.357
2023-08-15,8.0000,13.6800,17.1114,0.067
2023-08-16,8.0700,13.8300,17.0640,-0.429
2023-08-17,7.6900,13.2000,17.1160,-0.286
2023-08-18,7.8000,13.3000,17.0598,0.050
2023-08-21,7.9600,13.5300,17.0310,0.197
2023-08-22,8.0600,13.6300,16.9166,0.035
2023-08-23,8.1400,13.6800,16.7987,-0.043
2023-08-24,8.0100,13.4500,16.8180,0.158
2023-08-25,8.1500,13.6600,16.7970,0.216
2023-08-28,8.2700,13.8400,16.7116,-0.141
2023-08-29,8.3700,14.0300,16.8436,0.485
2023-08-30,8.3100,13.9200,16.7435,-0.044
2023-08-31,7.9700,13.5900,16.8810,-1.000
2023-09-01,8.0700,13.7600,17.1523,0.595
2023-09-05,7.7400,13.4500,17.3392,-0.219
2023-09-06,7.5900,13.2800,17.5490,0.299
2023-09-07,7.3800,13.0200,17.5396,-0.582
2023-09-08,7.1900,12.7000,17.5710,-0.523
2023-09-11,7.0500,12.2000,17.3680,0.364
2023-09-12,6.9500,11.9800,17.2553,0.104
2023-09-13,6.8900,11.8500,17.1055,-0.543
2023-09-14,6.8500,11.7400,17.1090,-0.173
2023-09-15,6.8200,11.6700,17.0680,-0.254
2023-09-18,6.9400,11.9200,17.1116,-0.374
2023-09-19,7.1200,12.2100,17.0624,-0.504
2023-09-20,7.1200,12.2000,17.0270,-0.629
2023-09-21,6.8000,11.7200,17.1577,-0.450
2023-09-22,6.6800,11.5100,17.1431,-0.507
2023-09-25,6.6600,11.6200,17.3711,-0.438
2023-09-26,6.5400,11.4800,17.4958,-0.329
2023-09-27,6.5500,11.6300,17.7030,-0.297
2023-09-28,6.6300,11.6200,17.5990,0.414
2023-09-29,6.5000,11.3500,17.4064,-0.316
2023-10-02,6.4500,11.4300,17.5457,-0.989
2023-10-03,6.1400,11.0500,17.9134,-0.463
2023-10-04,6.2500,11.2700,17.9505,-0.452
2023-10-05,5.8600,10.6800,18.3190,0.514
2023-10-06,5.8100,10.6400,18.1600,-0.837
2023-10-09,5.8900,10.7700,18.1600,-0.685
2023-10-10,6.0700,10.9400,17.9800,-0.239
2023-10-11,6.4100,11.4800,17.8190,-0.505
2023-10-12,6.1700,11.1400,17.8990,-0.865
2023-10-13,6.1600,11.1400,18.0525,-0.176
2023-10-16,6.4500,11.5500,17.9564,0.276
2023-10-17,6.3700,11.5400,17.9022,-1.181
2023-10-18,6.0900,11.1400,18.2492,-0.236
2023-10-19,6.0300,11.0700,18.2860,-0.393
2023-10-20,6.0000,10.9400,18.2152,-0.099
2023-10-23,5.9400,10.8400,18.1033,-0.799
2023-10-24,5.9400,10.8200,18.2818,0.364
2023-10-25,6.0000,11.0500,18.2970,-0.650
2023-10-26,6.2000,11.3300,18.1841,-0.493
2023-10-27,5.9500,10.7800,18.0496,-0.376
2023-10-30,5.9400,10.7600,18.0210,-0.516
2023-10-31,5.9700,10.7900,18.0530,-0.115
2023-11-01,6.1400,10.9500,17.9460,0.629
2023-11-03,6.6900,11.6800,17.3706,-0.506
2023-11-06,6.7100,11.8400,17.5236,-0.690
2023-11-07,6.7900,11.9300,17.4680,-0.580
2023-11-08,6.8800,12.1400,17.4792,-0.942
2023-11-09,6.8200,12.2900,17.4832,-2.982
2023-11-10,6.9400,12.2800,17.4832,-1.194
2023-11-13,6.8400,12.1200,17.5770,-0.803
2023-11-14,7.0900,12.3200,17.4010,0.140
2023-11-15,7.0000,12.1900,17.3256,-0.509
2023-11-16,6.8800,11.8900,17.3019,0.115
2023-11-17,6.9800,12.0700,17.2099,-0.476
2023-11-21,6.8200,11.7900,17.2096,-0.450
2023-11-22,6.7600,11.6600,17.2014,-0.273
2023-11-24,6.7200,11.8800,17.1255,-3.128
2023-11-27,6.7000,11.5300,17.1520,-0.331
2023-11-28,6.7700,11.6600,17.1180,-0.610
2023-11-29,6.9300,12.0600,17.2022,-1.152
2023-11-30,6.9100,12.0700,17.3758,-0.525
2023-12-01,7.2000,12.3900,17.2032,-0.030
2023-12-04,7.0400,12.3000,17.4136,-0.332
2023-12-05,6.9500,12.1100,17.4726,0.276
2023-12-06,6.9900,12.1400,17.2642,-0.596
2023-12-07,7.0000,12.2400,17.4351,-0.289
2023-12-08,7.0900,12.3300,17.3809,-0.056
2023-12-11,7.1100,12.4400,17.4230,-0.420
2023-12-13,7.4600,12.9100,17.4146,0.630
2023-12-14,7.8500,13.5200,17.2848,0.359
2023-12-15,7.8100,13.4800,17.1810,-0.457
2023-12-18,7.8700,13.5700,17.2043,-0.223
2023-12-19,7.9900,13.6100,17.0730,0.230
2023-12-20,7.8300,13.4300,17.0780,-0.431
2023-12-21,8.0900,13.7900,17.0534,0.045
2023-12-22,8.2100,13.9500,16.9830,-0.050
2023-12-26,8.1300,13.8000,16.9675,-0.039
2023-12-27,8.1000,13.7500,16.9138,-0.362
2023-12-28,7.8900,13.4300,16.9090,-0.661
2023-12-29,7.7500,13.2100,16.8998,-0.853
2024-01-02,7.6100,13.0100,17.0140,-0.479
2024-01-03,7.4200,12.6600,17.0560,-0.035
2024-01-04,7.4300,12.6600,17.0480,0.053
2024-01-05,7.6800,13.0100,16.9141,-0.154
2024-01-08,7.7400,13.0600,16.8030,-0.417
2024-01-09,7.8000,13.2500,16.9360,-0.301
2024-01-10,7.8700,13.3600,16.9880,0.072
2024-01-11,7.8300,13.2500,16.9867,0.382
2024-01-12,7.8500,13.2200,16.8510,0.061
2024-01-16,7.4100,12.8000,17.1499,-0.718
2024-01-17,7.4300,12.8600,17.2650,-0.250
2024-01-18,7.4100,12.7400,17.2035,0.061
2024-01-19,7.4600,12.7900,17.1160,-0.168
2024-01-22,7.4300,12.8200,17.1342,-0.696
2024-01-23,7.5100,13.0300,17.3620,0.068
2024-01-24,7.7400,13.3900,17.1590,-0.814
2024-01-25,8.1200,13.9800,17.2283,0.067
2024-01-26,8.2400,14.1400,17.1442,-0.093
2024-01-29,8.3200,14.3200,17.2418,0.176
2024-01-30,8.3500,14.3500,17.1794,-0.036
2024-01-31,8.2800,14.2700,17.1762,-0.337
2024-02-01,8.4200,14.3700,17.1020,0.208
2024-02-02,8.5700,14.7300,17.1550,-0.191
2024-02-06,8.6800,14.8000,17.0265,-0.142
2024-02-07,8.7400,14.9100,17.0430,-0.097
2024-02-08,7.9800,13.6600,17.1182,0.002
2024-02-09,7.6600,13.1200,17.0937,-0.200
2024-02-12,7.7900,13.3400,17.0591,-0.382
2024-02-13,7.6000,13.1100,17.2020,-0.278
2024-02-14,7.5700,12.9900,17.0970,-0.366
2024-02-15,7.6800,13.1500,17.0810,-0.242
2024-02-16,7.8300,13.3900,17.0620,-0.227
2024-02-20,7.8300,13.4300,17.0444,-0.627
2024-02-21,7.9500,13.5600,17.0580,0.008
2024-02-22,8.0100,13.7100,17.1330,0.099
2024-02-23,8.1500,14.0000,17.1034,-0.434
2024-02-26,8.0800,13.8500,17.1077,-0.195
2024-02-27,7.9600,13.6300,17.0716,-0.301
2024-02-28,7.6800,13.1900,17.0896,-0.494
2024-02-29,7.6400,13.0400,17.0580,-0.059
2024-03-01,7.8400,13.3500,17.0055,-0.132
2024-03-04,7.7500,13.2300,16.9628,-0.634
2024-03-05,7.6900,13.1100,16.9287,-0.700
2024-03-06,7.8600,13.2600,16.8610,-0.055
2024-03-07,7.9000,13.3400,16.8688,-0.102
2024-03-08,7.9100,13.3000,16.8082,-0.035
2024-03-11,8.1200,13.6600,16.8134,-0.055
2024-03-12,8.0800,13.5600,16.8281,0.274
2024-03-13,8.1600,13.6000,16.7300,0.380
2024-03-14,8.4600,14.1000,16.6940,0.164
2024-03-15,8.3700,14.0800,16.6889,-0.791
2024-03-19,8.2600,13.9100,16.8420,0.011
2024-03-20,8.4300,14.0800,16.7713,0.413
2024-03-21,8.4600,14.1800,16.7390,-0.133
2024-03-22,8.5900,14.4300,16.7249,-0.439
2024-03-25,8.5900,14.4200,16.7097,-0.460
2024-03-26,8.8000,14.6600,16.6870,0.168
2024-03-27,8.8500,14.6900,16.5370,-0.373
2024-04-01,9.0700,15.0800,16.6560,0.179
2024-04-02,9.0200,15.0000,16.5727,-0.343
2024-04-03,9.1500,15.1300,16.5490,0.082
2024-04-04,8.8300,14.7100,16.5076,-0.910
2024-04-05,8.8000,14.6000,16.4809,-0.663
2024-04-08,8.8700,14.5000,16.3250,-0.136
2024-04-09,8.7600,14.3900,16.3579,-0.420
2024-04-10,8.5800,14.1200,16.5073,0.306
2024-04-11,8.7400,14.3500,16.4345,0.096
2024-04-12,8.5600,14.2600,16.6577,-0.007
2024-04-15,8.4000,14.0600,16.6390,-0.592
2024-04-16,8.4000,14.3500,16.9944,-0.521
2024-04-17,8.1800,13.8900,16.9775,-0.017
2024-04-18,8.0800,13.7800,17.1169,0.366
2024-04-19,7.9900,13.6600,17.2062,0.642
2024-04-22,8.1800,14.0400,17.1180,-0.267
2024-04-23,8.2700,14.0100,17.0097,0.407
2024-04-24,8.1200,13.8500,17.1010,0.260
2024-04-25,8.1800,14.0400,17.1850,0.123
2024-04-26,8.2700,14.1900,17.1436,-0.086
2024-04-29,8.1100,13.7900,17.0137,0.059
2024-04-30,7.9100,13.5500,17.0642,-0.385
2024-05-02,7.8200,13.3300,16.9286,-0.689
2024-05-03,8.0000,13.5900,17.0320,0.262
2024-05-06,7.9800,13.4500,16.9016,0.279
2024-05-07,7.8100,13.2300,16.9080,-0.188
2024-05-08,7.7600,13.1000,16.9039,0.133
2024-05-09,7.8900,13.2100,16.8590,0.695
2024-05-10,7.9500,13.3200,16.7650,0.061
2024-05-13,7.9500,13.3500,16.8070,0.087
2024-05-14,7.9100,13.2800,16.8402,0.306
2024-05-15,7.9100,13.1700,16.6831,0.200
2024-05-16,7.8400,13.0800,16.6839,0.001
2024-05-17,7.7900,12.8900,16.6162,0.419
2024-05-20,7.8600,13.0300,16.5621,-0.094
2024-05-21,7.7500,12.8600,16.5946,0.006
2024-05-22,7.6100,12.6900,16.6206,-0.329
2024-05-23,7.5900,12.7600,16.7065,-0.625
2024-05-24,7.6100,12.7200,16.6813,-0.201
2024-05-28,7.5800,12.7400,16.7039,-0.616
2024-05-29,7.5100,12.7100,16.9370,0.076
2024-05-30,7.6200,12.9700,16.9232,-0.575
2024-05-31,7.5300,12.7900,16.9940,0.051
2024-06-03,6.8900,12.1600,17.5780,-0.401
2024-06-04,6.9000,12.3500,17.8580,-0.227
2024-06-05,7.0600,12.4400,17.5340,-0.490
2024-06-06,6.9300,12.3700,17.5212,-1.842
2024-06-07,6.6100,12.1600,18.2662,-0.708
2024-06-10,6.6800,12.1900,18.4040,0.852
2024-06-11,6.4500,11.9000,18.4350,-0.079
2024-06-12,6.6200,12.3700,18.7390,0.285
2024-06-13,6.6300,12.1900,18.5611,0.952
2024-06-14,6.4300,11.8300,18.4519,0.292
2024-06-17,6.5000,12.0500,18.4897,-0.263
2024-06-18,6.4800,11.9600,18.3918,-0.352
2024-06-20,6.3900,11.7700,18.3950,-0.133
2024-06-21,6.2900,11.3900,18.1995,0.505
2024-06-24,6.3600,11.4500,18.0039,0.004
2024-06-25,6.3400,11.5500,18.1250,-0.509
2024-06-26,6.3200,11.6000,18.1658,-1.028
2024-06-27,6.3400,11.7200,18.3180,-0.908
2024-06-28,6.3900,11.7000,18.2610,-0.267
2024-07-01,6.2800,11.5500,18.3860,-0.031
2024-07-02,6.1400,11.2100,18.2249,-0.178
2024-07-03,6.1800,11.1100,18.1141,0.761
2024-07-05,6.1800,11.1500,18.0870,0.249
2024-07-08,6.2900,11.3500,17.9935,-0.283
2024-07-09,6.2700,11.2100,17.9441,0.365
2024-07-10,6.6800,11.8900,17.8331,0.189
2024-07-11,6.8400,12.1400,17.8318,0.469
2024-07-12,6.8800,12.1600,17.6530,-0.121
2024-07-15,6.7400,11.9400,17.7660,0.287
2024-07-16,6.8600,12.0600,17.6590,0.448
2024-07-17,6.4700,11.4700,17.7487,0.117
2024-07-18,6.3400,11.3800,17.8452,-0.581
2024-07-19,6.1500,11.1600,17.9387,-1.144
2024-07-22,6.4400,11.5300,17.9260,0.124
2024-07-23,6.4900,11.7700,18.0738,-0.341
2024-07-24,6.2100,11.3800,18.3789,0.293
2024-07-25,6.3700,11.7300,18.3491,-0.355
2024-07-26,6.4200,11.8000,18.3960,0.087
2024-07-29,6.4300,11.9300,18.6591,0.568
2024-07-30,6.2800,11.7500,18.7983,0.471
2024-07-31,6.4200,11.9600,18.5975,-0.171
2024-08-01,6.2500,11.7600,18.6418,-0.926
2024-08-02,6.0400,11.5800,18.9991,-0.903
2024-08-05,6.0000,11.6500,19.4450,0.146
2024-08-06,6.1300,11.9600,19.3187,-0.984
2024-08-07,6.1900,11.9700,19.1741,-0.846
2024-08-08,6.3700,12.0500,19.1130,1.037
2024-08-09,6.3700,11.9700,18.8245,0.177
2024-08-12,6.2700,11.9100,18.9940,-0.006
2024-08-13,6.3300,12.0400,19.0499,0.154
2024-08-14,6.3900,12.0300,18.8242,-0.011
2024-08-15,6.8400,12.6700,18.6539,0.705
2024-08-16,6.6800,12.4200,18.6169,0.130
2024-08-19,6.6600,12.4200,18.7425,0.503
2024-08-20,6.5500,12.4300,18.8923,-0.447
2024-08-21,6.4500,12.4600,19.1910,-0.657
2024-08-22,6.3700,12.3800,19.4370,0.011
2024-08-23,6.5800,12.4900,19.0940,0.591
2024-08-26,6.3200,12.1900,19.4050,0.607
2024-08-27,6.0000,11.8100,19.6486,-0.176
2024-08-28,6.0000,11.7400,19.5288,-0.194
2024-08-29,6.0500,11.9300,19.7880,0.350
2024-08-30,6.1300,11.9900,19.6576,0.501
2024-09-03,5.9500,11.8000,19.8300,-0.010
2024-09-04,5.7700,11.4700,19.8161,-0.315
2024-09-05,5.8400,11.6600,19.9926,0.134
2024-09-06,5.6800,11.3900,20.0399,-0.064
2024-09-09,5.6700,11.2800,19.8845,-0.049
2024-09-10,5.6000,11.2400,20.0831,0.058
2024-09-11,5.7700,11.4000,19.8377,0.407
2024-09-12,5.9600,11.6600,19.6029,0.200
2024-09-13,6.0100,11.5900,19.2589,-0.133
2024-09-17,6.1300,11.7500,19.2769,0.568
2024-09-18,6.1800,11.9800,19.2802,-0.541
2024-09-19,6.3600,12.3300,19.2449,-0.732
2024-09-20,6.4400,12.6500,19.3230,-1.628
2024-09-23,6.4200,12.5300,19.3865,-0.669
2024-09-24,6.4700,12.5800,19.3435,-0.515
2024-09-25,6.3500,12.5100,19.5715,-0.656
2024-09-26,6.4100,12.5800,19.5690,-0.288
2024-09-27,6.2200,12.2600,19.6428,-0.344
2024-09-30,6.1000,12.0500,19.6903,-0.323
2024-10-02,5.9100,11.5400,19.3734,-0.783
2024-10-03,5.9700,11.6500,19.4841,-0.154
2024-10-04,5.9200,11.4400,19.1551,-0.876
2024-10-07,5.8800,11.4200,19.3477,-0.381
2024-10-08,6.0800,11.8000,19.3761,-0.164
2024-10-09,6.0500,11.8100,19.4026,-0.605
2024-10-10,6.1600,12.0100,19.4816,-0.078
2024-10-11,6.1400,11.9000,19.4312,0.258
2024-10-14,6.0200,11.7100,19.4312,-0.106
2024-10-15,5.9200,11.7000,19.5715,-0.972
2024-10-16,5.9300,11.8400,19.8835,-0.415
2024-10-17,5.9400,11.7800,19.8860,0.274
2024-10-18,5.9700,11.9000,19.8161,-0.586
2024-10-21,5.8800,11.7800,20.0494,0.077
2024-10-22,5.8400,11.6600,19.8992,-0.333
2024-10-23,5.9000,11.7100,19.9284,0.408
2024-10-24,6.0200,11.9600,19.8520,-0.076
2024-10-25,5.9800,11.9400,19.9126,-0.270
2024-10-28,5.4600,10.9800,20.0444,-0.326
2024-10-29,5.2500,10.5800,20.0000,-0.756
2024-10-30,5.2400,10.6000,20.1720,-0.282
2024-10-31,5.2200,10.4900,20.0314,-0.320
2024-11-01,5.1800,10.5400,20.0273,-1.574
2024-11-04,5.1700,10.4700,20.0880,-0.807
2024-11-05,5.2700,10.6200,20.2417,0.446
2024-11-06,5.7500,11.5500,20.2500,0.812
2024-11-07,6.0800,12.1000,19.8839,-0.088
2024-11-08,5.8900,11.9800,20.2230,-0.573
2024-11-11,5.6500,11.5800,20.2230,-1.330
2024-11-12,5.4500,11.2400,20.5914,-0.157
2024-11-13,5.3200,10.9700,20.5908,-0.143
2024-11-14,5.3300,10.9600,20.5104,-0.255
2024-11-15,5.4700,11.2100,20.3376,-0.761
2024-11-19,5.4400,10.9000,20.1465,0.548
2024-11-20,5.4300,11.0300,20.3099,-0.016
2024-11-21,5.4500,11.0700,20.4431,0.646
2024-11-22,5.5000,11.3300,20.4845,-0.561
2024-11-25,5.7500,11.6700,20.3320,0.179
2024-11-26,5.4400,11.2200,20.7360,0.538
2024-11-27,5.4300,11.1800,20.6488,0.289
2024-11-29,5.5700,11.0600,20.3142,2.306
2024-12-02,5.7000,11.6600,20.4351,-0.103
2024-12-03,5.7100,11.6600,20.3230,-0.477
2024-12-04,5.7600,11.7400,20.2576,-0.610
2024-12-05,5.8300,11.8000,20.1920,-0.238
2024-12-06,5.8100,11.7500,20.2363,0.062
2024-12-09,5.8400,11.8500,20.1870,-0.513
2024-12-10,5.7300,11.5200,20.2400,0.673
2024-12-11,5.5500,11.1200,20.1342,0.490
2024-12-13,5.6000,11.2800,20.1391,-0.019
2024-12-16,5.6000,11.1700,20.1412,0.976
2024-12-17,5.6200,11.3400,20.2650,0.431
2024-12-18,5.5400,11.3500,20.1588,-1.604
2024-12-19,5.6200,11.2900,20.4137,1.616
2024-12-20,5.6500,11.3100,20.0664,0.243
2024-12-23,5.5600,11.1900,20.2010,0.373
2024-12-24,5.6600,11.3400,20.1610,0.627
2024-12-26,5.7000,11.4500,20.1750,0.434
2024-12-27,5.6800,11.4800,20.2220,0.053
2024-12-30,5.5700,11.4000,20.5460,0.387
2024-12-31,5.6400,11.7100,20.8557,0.449
2025-01-02,5.6900,11.7000,20.6250,0.304
2025-01-03,5.6600,11.6300,20.6490,0.493
2025-01-06,5.7300,11.6300,20.2771,-0.096
2025-01-07,5.7100,11.5100,20.3255,0.833
2025-01-08,5.6900,11.5900,20.3720,0.014
2025-01-10,5.5700,11.5600,20.7124,-0.201
2025-01-13,5.3800,11.1000,20.7901,0.766
2025-01-14,5.4000,11.0700,20.5144,0.070
2025-01-15,5.5600,11.3000,20.4700,0.720
2025-01-16,5.4500,11.3100,20.7958,0.210
2025-01-17,5.3600,11.1300,20.7010,-0.308
2025-01-21,5.5100,11.3300,20.5571,-0.027
2025-01-22,5.5800,11.4200,20.4838,0.087
2025-01-23,5.7700,11.7200,20.3605,0.239
2025-01-24,5.9800,12.0700,20.2317,0.237
2025-01-27,5.9000,12.1800,20.7208,0.372
2025-01-28,5.8400,12.0100,20.5534,-0.057
2025-01-29,5.8900,12.1700,20.5702,-0.445
2025-01-30,6.0800,12.4300,20.4287,-0.075
2025-01-31,5.9300,12.2400,20.6290,-0.057
2025-02-04,6.0800,12.4300,20.4413,-0.014
2025-02-05,5.9800,12.2500,20.5827,0.477
2025-02-06,6.7800,13.8400,20.5022,0.437
2025-02-07,6.6900,13.7700,20.5889,0.029
2025-02-10,6.6400,13.6700,20.6780,0.440
2025-02-11,6.6200,13.5800,20.5498,0.176
2025-02-12,6.5900,13.5000,20.4826,-0.015
2025-02-13,6.6600,13.5900,20.5031,0.479
2025-02-14,6.7100,13.6500,20.3097,-0.163
2025-02-18,6.7200,13.6300,20.2490,-0.166
2025-02-19,6.6600,13.5600,20.4428,0.405
2025-02-20,6.7100,13.6200,20.3652,0.331
2025-02-21,6.5300,13.3500,20.3521,-0.450
2025-02-24,6.3900,13.1100,20.4401,-0.372
2025-02-25,6.4400,13.2000,20.5295,0.159
2025-02-26,6.4600,13.2500,20.4272,-0.408
2025-02-27,6.2900,12.9000,20.4818,-0.131
2025-02-28,6.2000,12.6800,20.5254,0.361
2025-03-03,5.9300,12.2800,20.4555,-1.221
2025-03-04,5.9300,12.2900,20.8270,0.492
2025-03-05,6.2600,12.7200,20.3860,0.327
2025-03-06,6.3600,12.9300,20.3132,-0.084
2025-03-07,6.0600,12.3600,20.2660,-0.638
2025-03-10,5.9000,12.0500,20.2860,-0.674
2025-03-11,5.9900,12.1000,20.3490,0.736
2025-03-12,6.0000,12.1500,20.1678,-0.406
2025-03-13,5.8700,11.8400,20.0913,-0.392
2025-03-14,6.0200,11.9800,19.8545,-0.230
2025-03-18,6.0700,12.1400,19.9858,-0.071
2025-03-19,6.1000,12.2800,20.0570,-0.368
2025-03-20,6.0300,12.1900,20.1342,-0.403
2025-03-21,5.9100,11.9500,20.1940,-0.128
2025-03-24,6.0600,12.1800,20.0960,-0.015
2025-03-25,6.2800,12.6100,20.0713,-0.041
2025-03-26,5.9900,12.0700,20.1100,-0.200
2025-03-27,6.0200,12.2600,20.2783,-0.428
2025-03-28,5.6600,11.5900,20.4198,-0.279
2025-03-31,5.6100,11.4900,20.4582,-0.113
2025-04-01,5.7000,11.6100,20.3290,-0.194
2025-04-02,5.6900,11.6300,20.5000,0.297
2025-04-03,5.5600,11.1100,19.9508,-0.156
2025-04-04,5.1400,10.4700,20.4910,0.596
2025-04-07,5.1100,10.6400,20.7140,-0.518
2025-04-08,5.0800,10.6100,20.7089,-0.847
2025-04-09,5.3300,10.8800,20.9441,2.603
2025-04-10,5.0200,10.2500,20.5029,0.414
2025-04-11,5.1800,10.5000,20.3700,0.492
2025-04-14,5.3300,10.7500,20.1255,-0.215
2025-04-15,5.2300,10.5400,19.9704,-0.906
2025-04-16,5.2000,10.4200,19.9648,-0.368
2025-04-21,5.2900,10.4500,19.6628,-0.463
2025-04-22,5.4600,10.8000,19.5840,-0.992
2025-04-23,5.6100,11.0700,19.6327,-0.506
2025-04-24,5.6900,11.1800,19.5896,-0.300
2025-04-25,5.9200,11.6700,19.5585,-0.783
2025-04-28,6.1900,12.1000,19.5507,0.016
2025-04-29,6.0900,11.9300,19.5851,-0.022
2025-04-30,6.1700,12.1300,19.5914,-0.347
2025-05-02,6.1500,12.1100,19.6685,-0.115
2025-05-05,6.1100,12.0300,19.6316,-0.292
2025-05-06,6.1900,12.2000,19.6870,-0.113
2025-05-07,6.4200,12.6300,19.5831,-0.456
2025-05-08,6.4600,12.5900,19.5850,0.492
2025-05-09,6.4100,12.4500,19.4834,0.312
2025-05-12,6.5600,12.9100,19.6130,-0.340
2025-05-13,6.8200,13.2000,19.4181,0.327
2025-05-14,6.8200,13.3100,19.3501,-0.851
2025-05-15,6.8500,13.4000,19.4860,-0.389
2025-05-16,6.8500,13.3600,19.5250,0.109
2025-05-19,6.9000,13.3900,19.3707,-0.181
2025-05-20,7.0300,13.5800,19.2670,-0.260
2025-05-21,7.0100,13.5800,19.3190,-0.275
2025-05-22,7.0000,13.5400,19.3232,-0.102
2025-05-23,7.1300,13.8000,19.2798,-0.388
2025-05-27,7.1900,13.8700,19.2309,-0.310
2025-05-28,7.0600,13.7700,19.4170,-0.447
2025-05-29,7.0400,13.5800,19.3390,0.255
2025-05-30,6.8500,13.3000,19.3901,-0.134
2025-06-02,6.8200,13.1200,19.2450,0.039
2025-06-03,6.8200,13.0800,19.2572,0.408
2025-06-04,6.7800,13.0200,19.2042,0.003
2025-06-05,6.8100,13.0600,19.1774,-0.001
2025-06-06,6.7300,12.8800,19.1226,-0.081
2025-06-09,6.7700,12.9000,19.0515,-0.017
2025-06-10,6.9100,13.2300,19.0519,-0.492
2025-06-11,6.9600,13.2200,18.8436,-0.793
2025-06-12,6.9900,13.2600,18.8879,-0.433
2025-06-13,6.7700,12.8600,18.9085,-0.458
2025-06-16,6.9000,13.0100,18.9266,0.379
2025-06-17,6.8100,12.9600,18.9581,-0.382
2025-06-18,6.8600,13.0600,19.0068,-0.163
2025-06-20,6.7800,12.9400,19.1369,0.269
2025-06-23,6.7900,12.9900,19.1600,0.151
2025-06-24,6.9400,13.2100,19.0210,-0.071
2025-06-25,6.7400,12.7900,18.9159,-0.318
2025-06-26,6.8300,12.9600,18.8741,-0.532
2025-06-27,6.8100,12.8600,18.8283,-0.295
2025-06-30,6.9300,12.9900,18.8292,0.451
2025-07-01,7.1000,13.2800,18.7381,0.181
2025-07-02,7.1700,13.4700,18.7503,-0.193
2025-07-03,7.2300,13.4900,18.6440,-0.077
2025-07-07,7.1400,13.3300,18.6647,-0.026
2025-07-08,7.2100,13.3700,18.7084,0.888
2025-07-09,7.3600,13.7000,18.5610,-0.285
2025-07-10,7.4100,13.7500,18.6313,0.406
2025-07-11,7.3900,13.7300,18.6727,0.503
2025-07-14,7.3800,13.8100,18.7585,0.245
2025-07-15,7.2700,13.7100,18.7928,-0.347
2025-07-16,7.3700,13.7600,18.7302,0.321
2025-07-17,7.7400,14.5300,18.7629,-0.052
2025-07-18,7.6200,14.2700,18.7037,-0.125
2025-07-21,7.7300,14.3900,18.6335,0.095
2025-07-22,7.9100,14.7200,18.5963,-0.070
2025-07-23,7.9700,14.7800,18.5784,0.183
2025-07-24,8.2500,15.2900,18.5589,0.138
2025-07-25,8.4100,15.5400,18.5676,0.485
2025-07-28,8.4100,15.7400,18.7314,0.083
2025-07-29,8.6400,16.1700,18.7694,0.289
2025-07-30,8.5400,16.0900,18.7987,-0.223
2025-07-31,8.7000,16.4600,18.7970,-0.648
2025-08-01,8.4000,15.8400,18.8770,0.105
2025-08-04,8.2100,15.5100,18.8514,-0.213
2025-08-05,8.3300,15.6000,18.7715,0.235
2025-08-06,8.3900,15.5900,18.6400,0.314
2025-08-07,8.5700,16.0000,18.6879,0.097
2025-08-08,8.6200,16.0600,18.5421,-0.478
2025-08-11,8.6500,16.1800,18.6474,-0.309
2025-08-12,8.7700,16.2300,18.5583,0.281
2025-08-13,8.6900,16.1800,18.6538,0.186
2025-08-14,8.5000,16.0000,18.8160,-0.040
2025-08-15,8.5300,15.9600,18.7330,0.121
2025-08-18,8.6400,16.1900,18.7821,0.233
2025-08-19,8.6500,16.2400,18.8090,0.183
2025-08-20,8.6500,16.2000,18.7834,0.294
2025-08-21,8.7900,16.4600,18.7849,0.315
2025-08-22,8.9000,16.5300,18.5921,0.103
2025-08-25,8.8700,16.5100,18.6316,0.098
2025-08-26,8.9700,16.7200,18.6658,0.139
2025-08-27,8.9300,16.6500,18.7039,0.316
2025-08-28,9.0400,16.8600,18.6638,0.072
2025-08-29,9.0900,16.9200,18.6381,0.130
2025-09-02,9.1600,17.1500,18.7163,-0.034
2025-09-03,9.1600,17.1700,18.6732,-0.381
2025-09-04,9.2300,17.3400,18.7419,-0.238
2025-09-05,9.4000,17.6000,18.6770,-0.248
2025-09-08,9.5100,17.6800,18.6301,0.211
2025-09-09,9.3900,17.4500,18.6330,0.266
2025-09-10,9.1800,17.0000,18.5980,0.429
2025-09-11,9.4900,17.4900,18.5196,0.487
2025-09-12,9.3800,17.2700,18.4821,0.383
2025-09-15,9.5400,17.4700,18.3353,0.125
2025-09-17,9.4300,17.2800,18.3350,0.057
2025-09-18,9.3200,17.1100,18.3710,0.069
2025-09-19,9.0700,16.6300,18.3749,0.217
2025-09-22,9.2200,16.9100,18.4322,0.500
2025-09-23,9.1400,16.7500,18.3067,-0.106
2025-09-24,8.9800,16.5600,18.4453,0.023
2025-09-25,8.9800,16.6400,18.4410,-0.481
2025-09-26,9.0000,16.5200,18.3835,0.152
2025-09-29,9.0500,16.6200,18.3441,-0.112
2025-09-30,8.9900,16.4600,18.3442,0.191
2025-10-01,8.8900,16.2900,18.3588,0.190
2025-10-02,9.0600,16.6700,18.4829,0.453
2025-10-03,9.0700,16.6800,18.3830,-0.040
2025-10-06,8.9900,16.4900,18.3456,0.016
2025-10-07,9.1000,16.7100,18.3814,0.102
2025-10-08,9.2800,16.9600,18.3550,0.433
2025-10-09,9.1200,16.7700,18.3800,-0.044
2025-10-10,9.1500,16.9700,18.5195,-0.145
2025-10-13,9.3200,17.1700,18.5195,0.525
2025-10-14,9.5500,17.6700,18.4904,-0.066
2025-10-15,9.8300,18.1600,18.4793,0.028
2025-10-16,9.7000,17.8900,18.4029,-0.219
2025-10-17,9.6500,17.7000,18.4297,0.478
2025-10-20,9.5600,17.6100,18.3874,-0.180
2025-10-21,9.1600,16.8200,18.4230,0.330
2025-10-22,9.2000,16.9500,18.4179,-0.033
2025-10-23,9.3300,17.1900,18.3981,-0.143
2025-10-24,9.3600,17.2700,18.3930,-0.314
2025-10-27,9.3600,17.1300,18.3920,0.496
2025-10-28,10.2900,18.9600,18.4133,-0.067
2025-10-29,10.2700,18.9700,18.4194,-0.281
2025-10-30,10.1300,18.7800,18.5430,0.022
2025-10-31,10.1500,18.8400,18.5465,-0.081
2025-11-03,10.1500,18.7900,18.4832,-0.157
2025-11-04,10.0400,18.7200,18.6114,-0.182
2025-11-05,10.2700,19.1000,18.5993,0.008
2025-11-06,10.1900,18.9500,18.6203,0.127
2025-11-07,10.2000,18.8400,18.4738,0.017
2025-11-10,10.3500,19.0100,18.3908,0.129
2025-11-11,10.5100,19.2700,18.3908,0.305
2025-11-12,10.3600,18.9200,18.3031,0.222
2025-11-13,10.1900,18.6100,18.2706,0.042
2025-11-14,10.1100,18.4900,18.3299,0.225
2025-11-18,10.2100,18.6700,18.3570,0.388
2025-11-19,10.3300,18.9900,18.3368,-0.253
2025-11-20,10.1700,18.7400,18.3920,-0.189
2025-11-21,10.0300,18.5300,18.4540,-0.111
2025-11-24,10.0700,18.6000,18.5131,0.230
2025-11-25,10.4200,19.1900,18.4311,0.079
2025-11-26,10.5700,19.3500,18.3444,0.207
2025-11-28,10.7900,19.4000,18.2915,1.735
2025-12-01,10.6000,19.3400,18.2811,0.196
2025-12-02,10.7500,19.6600,18.3050,0.091
2025-12-03,10.8800,19.8900,18.2800,-0.007
2025-12-04,10.9800,20.0000,18.2285,0.074
2025-12-05,10.8300,19.6600,18.1887,0.195
2025-12-08,10.9800,19.9900,18.2319,0.143
2025-12-09,10.9600,19.9000,18.1778,0.115
2025-12-10,10.8700,19.7600,18.2198,0.227
2025-12-11,11.1900,20.1400,18.0301,0.177
2025-12-15,11.6600,20.9400,17.9755,0.093
2025-12-16,11.5300,20.6400,17.9417,0.227
2025-12-17,11.2200,20.1600,18.0319,0.356
2025-12-18,11.5600,20.8600,17.9700,-0.416
2025-12-19,11.6600,21.0200,17.9977,-0.165
2025-12-22,11.7800,21.1500,17.9900,0.200
2025-12-23,11.8800,21.3600,17.9240,-0.310
2025-12-24,11.8400,21.3000,17.9209,-0.383
2025-12-26,11.9800,21.3600,17.9088,0.444
2025-12-29,11.7900,21.3200,17.9620,-0.670
2025-12-30,11.6100,20.8900,17.9474,-0.254
2025-12-31,11.4900,20.6800,18.0057,0.041
2026-01-02,11.5700,20.6900,17.8763,-0.034
2026-01-05,11.8400,21.2400,17.8800,-0.330
2026-01-06,11.9200,21.4100,17.9599,-0.008
2026-01-07,11.5300,20.7500,17.9532,-0.241
2026-01-08,12.2700,22.0900,17.9863,-0.094
2026-01-09,12.4200,22.3100,17.9787,0.088
2026-01-12,12.4400,22.2400,17.9056,0.155
2026-01-13,12.3600,22.0200,17.8535,0.213
2026-01-14,12.5700,22.3900,17.8052,-0.040
2026-01-15,12.3500,21.8100,17.6607,0.004
2026-01-16,12.4900,22.0300,17.6720,0.192
2026-01-20,12.4900,22.0300,17.6066,-0.179
2026-01-21,12.9200,22.5800,17.4325,-0.253
2026-01-22,12.9900,22.6300,17.4706,0.284
2026-01-23,12.9100,22.4100,17.4536,0.547
2026-01-26,12.7600,22.0900,17.3061,-0.034
2026-01-27,12.8800,22.0700,17.2321,0.566
2026-01-28,13.1700,22.6300,17.2493,0.386
2026-01-29,12.8900,22.2000,17.2600,0.217
2026-01-30,12.4800,21.7200,17.3493,-0.313
2026-02-03,12.7500,21.8900,17.2239,0.322
2026-02-04,12.1000,20.9700,17.2962,-0.198
2026-02-05,11.9500,20.8500,17.4122,-0.203
2026-02-06,12.2000,21.0800,17.2695,-0.053
2026-02-09,12.7900,21.9400,17.1896,0.207
2026-02-10,12.9400,22.2500,17.2201,0.147
2026-02-11,12.9400,22.2400,17.1984,0.066
2026-02-12,12.2700,21.1800,17.2309,-0.178
2026-02-13,12.5700,21.5400,17.1661,0.175
2026-02-17,12.5000,21.4900,17.1510,-0.238
2026-02-18,12.5700,21.6100,17.1454,-0.269
2026-02-19,12.6300,21.8200,17.2736,-0.016
2026-02-20,12.9000,22.0900,17.1520,0.163
2026-02-23,12.3400,21.3700,17.2397,-0.450
2026-02-24,12.5700,21.6400,17.1734,-0.245
2026-02-25,12.7400,21.9200,17.1597,-0.267
2026-02-26,12.7600,21.9500,17.2347,0.189
2026-02-27,12.5100,21.6200,17.2207,-0.356
2026-03-02,12.1500,21.0900,17.3667,0.050
2026-03-03,11.4000,20.2500,17.6348,-0.723
2026-03-04,11.9400,21.0100,17.5454,-0.289
2026-03-05,11.3400,20.0700,17.6951,-0.019
2026-03-06,10.9200,19.4500,17.7980,-0.075
2026-03-09,10.9300,19.3700,17.7615,0.224
2026-03-10,10.7600,18.8900,17.4765,-0.451
2026-03-11,10.6100,18.8200,17.6444,-0.528
2026-03-12,10.3800,18.6200,17.8350,-0.576
2026-03-13,10.4100,18.7100,17.9437,-0.164
2026-03-17,10.5600,18.6500,17.7144,0.302
2026-03-18,10.2700,18.3600,17.6840,-1.081
2026-03-19,10.3000,18.3100,17.8663,0.504
2026-03-20,9.9900,17.9400,17.8874,-0.393
2026-03-23,10.6300,18.9400,17.8134,-0.023
2026-03-24,10.8500,19.3300,17.8211,0.030
2026-03-25,11.3300,20.1700,17.7461,-0.316
2026-03-26,10.9600,19.7600,17.7662,-1.459
2026-03-27,10.7500,19.4800,18.0240,-0.535
2026-03-30,10.7100,19.4400,18.1189,-0.178
2026-03-31,11.4400,20.5200,18.0327,0.533
2026-04-01,11.5900,20.7200,17.7957,-0.457
2026-04-06,11.3600,20.2300,17.7891,-0.107
2026-04-07,11.3100,20.1000,17.7635,-0.047
2026-04-08,11.7800,20.6200,17.4120,-0.527
2026-04-09,11.9100,20.6800,17.3485,-0.087
2026-04-10,11.9200,20.6300,17.3023,-0.027
2026-04-13,11.8900,20.5900,17.3609,0.253
2026-04-14,11.8200,20.4200,17.2627,-0.076
2026-04-15,11.8700,20.5800,17.2822,-0.321
2026-04-16,11.6600,20.1800,17.2637,-0.250
2026-04-17,11.9700,20.7800,17.2380,-0.703
2026-04-20,12.0000,20.7900,17.3092,-0.091
2026-04-21,11.7900,20.5600,17.3340,-0.599
2026-04-23,12.5100,21.8600,17.3503,-0.708
2026-04-24,12.3600,21.5500,17.3853,-0.287
2026-04-27,12.2400,21.2700,17.3840,0.038
2026-04-28,12.1300,21.0600,17.3756,0.079
2026-04-29,12.1700,21.3600,17.4931,-0.332
2026-04-30,12.3000,21.4600,17.5161,0.395
2026-05-04,11.8900,20.8000,17.5019,0.047
2026-05-05,12.8700,22.3800,17.3741,-0.087
2026-05-06,13.5500,23.4000,17.2577,-0.068
2026-05-07,13.1400,22.7500,17.2400,-0.425
2026-05-08,13.1100,22.6100,17.2070,-0.228
2026-05-11,13.2900,22.8700,17.1880,-0.119
2026-05-12,13.1700,22.7000,17.2543,0.105
2026-05-13,13.2500,22.7300,17.1836,0.168
2026-05-14,13.1600,22.6400,17.2090,0.031
2026-05-15,12.5600,21.8200,17.3600,-0.073
2026-05-18,12.7000,22.0000,17.2864,-0.210
2026-05-19,12.2700,21.4000,17.3766,-0.369
2026-05-20,12.6700,21.9300,17.3009,-0.045
2026-05-21,12.5900,21.7200,17.3561,0.605
2026-05-22,12.5600,21.8300,17.3241,-0.325
2026-05-26,13.1000,22.6700,17.3311,0.149
2026-05-27,13.2100,23.0100,17.3704,-0.277
2026-05-28,13.0600,22.6300,17.3370,0.054
2026-05-29,13.0900,22.7700,17.3498,-0.260
2026-06-01,13.1000,22.7700,17.3726,-0.052
2026-06-02,13.0600,22.6700,17.2874,-0.409
2026-06-03,12.9000,22.4500,17.3190,-0.483
2026-06-04,12.9400,22.3900,17.2875,-0.089
2026-06-05,12.4700,21.7100,17.5068,0.557
2026-06-08,12.0400,21.1100,17.4306,-0.585
2026-06-09,12.0800,21.1000,17.4149,-0.298
2026-06-10,11.8000,20.5700,17.3989,-0.191
2026-06-11,12.7000,21.8700,17.3689,0.862
2026-06-12,12.9800,22.3100,17.2080,0.116
2026-06-15,12.8900,22.2600,17.1934,-0.439
2026-06-16,12.9800,22.3600,17.1924,-0.198
2026-06-17,12.6000,21.9100,17.1796,-1.204
2026-06-18,12.7300,22.1500,17.3764,-0.135
2026-06-22,12.5800,21.8000,17.3287,-0.002
2026-06-23,12.1600,21.3700,17.5430,-0.176
2026-06-24,12.0200,21.1200,17.6173,0.265
2026-06-25,12.3800,21.6800,17.5276,0.088
2026-06-26,12.2800,21.5100,17.4460,-0.401
2026-06-29,12.1400,21.3100,17.5157,-0.216
2026-06-30,12.0000,21.0000,17.4490,-0.291
2026-07-01,12.1300,21.3100,17.5261,-0.239
2026-07-02,12.2900,21.4300,17.4524,0.089
2026-07-06,12.3200,21.4100,17.4426,0.370
2026-07-07,12.1100,21.2300,17.4980,-0.188
2026-07-08,12.1700,21.3600,17.6270,0.431
2026-07-09,12.3700,21.6600,17.5353,0.144
2026-07-10,12.4800,21.8200,17.4732,-0.062
2026-07-13,12.4500,21.7900,17.4961,-0.034
2026-07-14,12.8000,22.2400,17.4287,0.309
2026-07-15,13.0700,22.6400,17.3858,0.368
2026-07-16,13.1000,22.7400,17.4280,0.399
2026-07-17,12.9700,22.6900,17.5120,0.102
2026-07-20,12.4900,21.8100,17.4390,-0.132
2026-07-21,12.7000,22.0700,17.3885,0.061
2026-07-22,12.7200,22.1700,17.3905,-0.222
2026-07-23,12.2600,21.4800,17.5148,-0.032
2026-07-24,12.0600,21.1800,17.4526,-0.624
2026-07-27,12.2000,21.3700,17.4420,-0.425
2026-07-28,12.0000,20.9900,17.4193,-0.414
2026-07-29,11.7000,20.5100,17.5130,-0.096
2026-07-30,11.9300,20.7400,17.3380,-0.269
2026-07-31,11.8200,20.5400,17.3235,-0.310
2026-08-03,11.8400,20.6000,17.3102,-0.508
2026-08-04,11.6100,20.1000,17.2612,-0.297
2026-08-05,11.5500,19.9000,17.2303,0.005
2026-08-06,11.3000,19.4800,17.2255,-0.078
2026-08-07,11.3300,19.4800,17.1357,-0.335
2026-08-10,11.3000,19.4300,17.1305,-0.373
2026-08-11,11.1900,19.1600,17.1070,-0.090
2026-08-12,11.2400,19.2300,17.0621,-0.271
2026-08-13,11.0800,18.9100,17.0540,-0.075
2026-08-14,11.0600,18.8900,17.0120,-0.396
2026-08-17,11.1100,18.9500,17.0151,-0.244
2026-08-18,10.6600,18.2600,17.0520,-0.452
2026-08-19,10.6600,18.1500,16.9621,-0.377
2026-08-20,10.6000,18.0600,16.9483,-0.525
2026-08-21,11.1100,18.8300,16.8909,-0.341
2026-08-24,11.0300,18.7700,16.9639,-0.313
2026-08-25,11.0000,18.6900,16.9331,-0.340
2026-08-26,10.9800,18.6800,16.9750,-0.222
2026-08-27,10.9300,18.5800,16.9585,-0.239
2026-08-28,10.8700,18.5800,17.0430,-0.292
2026-08-31,10.7400,18.3200,16.9989,-0.345
2026-09-01,10.4500,17.8300,16.9901,-0.423
2026-09-02,10.5800,18.0000,16.9872,-0.153
2026-09-03,10.8700,18.4500,16.9102,-0.372
2026-09-04,11.0300,18.6400,16.9102,0.064
