date,adr_usd,local_px,fx,premium_pct
2001-04-11,1.0100,47.1300,46.7500,0.186
2001-04-12,1.0220,46.6725,46.7500,2.370
2001-04-16,1.0500,47.6350,47.0700,3.755
2001-04-17,1.1040,48.6425,46.9500,6.559
2001-04-18,1.2000,53.6425,46.9500,5.029
2001-04-19,1.1750,56.5100,46.8800,-2.523
2001-04-20,1.1250,57.4575,46.8800,-8.210
2001-04-23,1.1200,56.2000,46.8200,-6.693
2001-04-24,1.1240,56.1475,46.8800,-6.152
2001-04-25,1.1700,55.6025,46.8800,-1.354
2001-04-26,1.2400,56.4725,46.7800,2.718
2001-04-27,1.1650,56.5150,46.8800,-3.362
2001-04-30,1.2050,56.0400,46.8800,0.804
2001-05-01,1.2000,56.0400,46.8700,0.364
2001-05-02,1.2600,56.4575,46.8700,4.603
2001-05-03,1.2570,56.9175,46.8700,3.511
2001-05-04,1.2050,56.8550,46.8700,-0.662
2001-05-07,1.2150,57.6025,46.8400,-1.201
2001-05-08,1.2000,57.5350,46.8300,-2.327
2001-05-09,1.2250,58.7425,46.8500,-2.300
2001-05-10,1.2250,58.4475,46.8800,-1.744
2001-05-11,1.2000,58.3850,46.8500,-3.708
2001-05-14,1.2000,62.0800,47.0000,-9.149
2001-05-15,1.2300,61.5300,47.0300,-5.986
2001-05-16,1.2400,62.0875,46.9700,-6.192
2001-05-17,1.2250,61.7400,46.9900,-6.766
2001-05-18,1.3200,62.2875,46.9800,-0.440
2001-05-21,1.3980,63.5700,47.0000,3.360
2001-05-22,1.3850,68.1250,47.0600,-4.326
2001-05-23,1.4000,67.0700,47.0200,-1.852
2001-05-24,1.4000,66.0900,47.0200,-0.396
2001-05-25,1.3850,66.1300,47.0200,-1.523
2001-05-29,1.6500,69.8050,47.0200,11.142
2001-05-30,1.4100,71.1600,47.0000,-6.872
2001-05-31,1.6010,70.1425,47.0000,7.277
2001-06-01,1.6520,71.9375,47.0500,8.047
2001-06-04,1.6700,73.9850,47.0600,6.225
2001-06-05,1.6430,72.3475,47.0000,6.736
2001-06-06,1.7300,72.1000,47.0300,12.846
2001-06-07,1.7250,73.1650,47.0000,10.811
2001-06-08,1.7600,73.3450,47.0300,12.854
2001-06-11,1.7550,74.0425,47.0400,11.497
2001-06-12,1.7080,75.7900,47.0800,6.099
2001-06-13,1.6250,74.5575,47.0900,2.634
2001-06-14,1.6160,74.5025,47.0000,1.946
2001-06-15,1.5610,72.4975,47.0500,1.307
2001-06-18,1.6150,71.1875,47.0200,6.672
2001-06-19,1.6750,72.6700,47.0200,8.378
2001-06-20,1.7000,72.9825,47.0100,9.502
2001-06-21,1.7370,73.1125,47.0500,11.781
2001-06-22,1.7070,74.9000,47.0400,7.206
2001-06-25,1.7750,76.5750,47.0600,9.085
2001-06-26,1.8070,84.5625,47.0700,0.583
2001-06-27,1.8300,79.6025,47.0400,8.141
2001-06-28,1.7900,79.0275,47.0600,6.593
2001-06-29,1.8550,80.3875,47.0900,8.664
2001-07-02,1.8100,80.4525,47.1800,6.144
2001-07-03,1.7700,77.6075,47.1700,7.581
2001-07-05,1.8100,78.5425,47.1800,8.726
2001-07-06,1.8650,80.5300,47.1700,9.241
2001-07-09,1.8750,78.4450,47.1900,12.794
2001-07-10,1.8700,78.2325,47.1900,12.799
2001-07-11,1.8450,79.2150,47.2100,9.957
2001-07-12,1.8450,80.2575,47.2000,8.506
2001-07-13,1.8900,79.6000,47.2100,12.094
2001-07-16,2.0430,81.1325,47.2000,18.854
2001-07-17,1.9490,80.7700,47.1600,13.798
2001-07-18,1.7800,79.1125,47.1200,6.018
2001-07-19,2.0000,83.4200,47.1600,13.066
2001-07-20,2.0590,81.6175,47.1700,18.998
2001-07-23,2.1500,83.7750,47.1700,21.057
2001-07-24,2.0240,83.1525,47.1100,14.670
2001-07-25,2.0200,79.5850,47.1900,19.776
2001-07-26,2.0200,80.2825,47.2000,18.761
2001-07-27,2.0750,79.2150,47.1900,23.612
2001-07-30,2.0270,79.9850,47.1900,19.590
2001-07-31,2.3780,84.4775,47.1800,32.809
2001-08-01,2.4550,91.6325,47.1600,26.350
2001-08-02,2.4990,91.3775,47.1100,28.837
2001-08-03,2.4600,93.7275,47.1700,23.804
2001-08-06,2.3510,90.9050,47.1600,21.966
2001-08-07,2.5400,92.4850,47.1100,29.382
2001-08-08,2.4930,90.3450,47.1900,30.217
2001-08-09,2.4480,91.5600,47.1800,26.143
2001-08-10,2.4400,89.5300,47.1700,28.554
2001-08-13,2.3990,88.6650,47.1700,27.627
2001-08-14,2.2410,89.8350,47.1500,17.619
2001-08-15,2.1850,89.8350,47.1600,14.704
2001-08-16,2.0500,84.8850,47.1600,13.893
2001-08-17,2.0840,84.5025,47.1700,16.331
2001-08-20,2.1780,84.0425,47.1800,22.269
2001-08-21,2.3500,84.4750,47.1800,31.249
2001-08-22,2.3530,84.4750,47.1800,31.417
2001-08-23,2.4200,89.7675,47.1700,27.163
2001-08-24,2.3960,90.3125,47.1700,25.142
2001-08-27,2.3600,90.4625,47.1900,23.110
2001-08-28,2.3420,92.4925,47.1900,19.490
2001-08-29,2.3700,93.4725,47.1600,19.574
2001-08-30,2.3350,92.9525,47.1800,18.518
2001-08-31,2.3240,88.5675,47.1700,23.773
2001-09-04,2.3510,88.7600,47.2200,25.072
2001-09-05,2.5170,94.7150,47.2000,25.431
2001-09-06,2.5000,98.5900,47.2200,19.738
2001-09-07,2.3990,100.0425,47.2700,13.353
2001-09-10,2.3530,94.6450,47.3800,17.793
2001-09-17,2.1400,89.4300,47.7700,14.310
2001-09-18,2.1490,91.8350,48.0500,12.440
2001-09-19,2.1440,92.3275,47.9600,11.371
2001-09-20,1.9840,88.4525,48.0300,7.732
2001-09-21,1.8270,88.0000,48.0800,-0.179
2001-09-24,1.9950,86.3250,48.0800,11.115
2001-09-25,2.0020,89.9625,48.9100,8.843
2001-09-26,1.9650,88.5875,47.9100,6.271
2001-09-27,2.2550,88.3575,47.9100,22.273
2001-09-28,2.2250,89.4875,47.9000,19.098
2001-10-01,2.2110,89.2800,48.0300,18.945
2001-10-02,2.1900,89.2800,48.0300,17.816
2001-10-03,2.0000,88.2300,47.9600,8.716
2001-10-04,2.0000,89.6425,48.0400,7.181
2001-10-05,1.9560,89.8100,48.0500,4.650
2001-10-08,1.8940,89.4675,48.0500,1.720
2001-10-09,1.8760,89.4525,48.1700,1.022
2001-10-10,2.0030,182.9450,48.0900,-47.348
2001-10-11,2.0600,185.8150,48.0900,-46.686
2001-10-12,1.9850,185.3400,48.0700,-48.517
2001-10-15,2.0900,92.7100,48.0700,8.366
2001-10-16,2.1000,93.3600,48.0500,8.082
2001-10-17,2.0400,96.9950,48.0500,1.059
2001-10-18,2.0000,96.3950,48.0800,-0.244
2001-10-19,2.0910,98.1200,48.0800,2.462
2001-10-22,2.1500,97.4750,48.0500,5.984
2001-10-23,2.2000,99.9500,48.0300,5.719
2001-10-24,2.3060,107.8400,48.0800,2.812
2001-10-25,2.2800,110.1200,48.0000,-0.618
2001-10-26,2.4000,110.1200,48.0200,4.657
2001-10-29,2.3500,104.1650,48.0200,8.335
2001-10-30,2.2790,103.1100,48.0300,6.159
2001-10-31,2.4900,104.1700,48.0400,14.831
2001-11-01,2.4110,108.2200,48.0500,7.049
2001-11-02,2.1850,103.8100,48.0400,1.115
2001-11-05,2.1750,99.3750,48.0200,5.100
2001-11-06,2.2000,100.9100,48.0400,4.735
2001-11-07,2.1500,101.0250,48.0400,2.238
2001-11-08,2.2200,105.1550,48.0700,1.484
2001-11-09,2.2050,107.3800,48.0500,-1.331
2001-11-12,2.1650,107.5100,48.0500,-3.239
2001-11-13,2.0800,104.4600,48.1100,-4.204
2001-11-14,2.1120,104.1200,48.1100,-2.412
2001-11-15,2.1500,106.6900,48.0300,-3.211
2001-11-16,2.1550,106.6900,48.0300,-2.986
2001-11-19,1.7550,96.0250,48.0000,-12.273
2001-11-20,1.7930,90.9300,48.0300,-5.292
2001-11-21,1.8450,92.2450,48.0300,-3.935
2001-11-23,1.9000,95.7700,48.1000,-4.573
2001-11-26,1.8840,95.2400,48.0500,-4.949
2001-11-27,1.8850,97.0800,48.0800,-6.643
2001-11-28,1.8400,96.0200,47.9900,-8.038
2001-11-29,1.8400,95.0000,48.0100,-7.012
2001-11-30,1.7600,95.0000,47.9800,-11.111
2001-12-03,1.7930,92.8350,47.9300,-7.429
2001-12-04,1.8450,92.2000,47.9300,-4.088
2001-12-05,1.8800,95.4000,47.9400,-5.527
2001-12-06,1.8630,93.8950,47.9000,-4.960
2001-12-07,1.8750,93.8600,47.8600,-4.392
2001-12-10,1.9010,94.9400,47.8700,-4.149
2001-12-11,1.9250,93.0150,47.8500,-0.972
2001-12-12,1.8750,92.6250,47.8400,-3.158
2001-12-13,1.9490,92.9950,47.8400,0.264
2001-12-14,1.9600,92.8550,47.8600,1.024
2001-12-17,1.9450,92.8550,47.8600,0.251
2001-12-18,1.9200,92.6250,47.8600,-0.792
2001-12-19,1.8650,90.0750,47.8000,-1.030
2001-12-20,1.9000,90.3000,47.8300,0.639
2001-12-21,1.8800,90.8150,47.8500,-0.944
2001-12-24,1.9250,90.0800,47.9500,2.469
2001-12-26,1.8500,90.1850,47.9500,-1.638
2001-12-27,1.8200,89.4850,48.2100,-1.948
2001-12-28,1.8730,91.3900,48.2900,-1.032
2001-12-31,1.8950,92.3750,48.2700,-0.978
2002-01-02,1.9200,93.5600,48.2700,-0.942
2002-01-03,1.9690,95.8350,48.2800,-0.805
2002-01-04,1.9150,93.6150,48.3000,-1.197
2002-01-07,1.9450,96.1650,48.2800,-2.351
2002-01-08,1.9700,97.5550,48.3000,-2.464
2002-01-09,1.9710,97.1200,48.3200,-1.937
2002-01-10,1.9500,96.0550,48.4100,-1.723
2002-01-11,1.9550,95.0050,48.4400,-0.321
2002-01-14,1.9450,96.7250,48.3600,-2.755
2002-01-15,1.9830,96.5100,48.3100,-0.737
2002-01-16,1.9800,96.1050,48.3000,-0.490
2002-01-17,1.9500,96.2200,48.3100,-2.095
2002-01-18,2.0100,97.5750,48.2700,-0.566
2002-01-22,2.2010,99.9650,48.3000,6.346
2002-01-23,2.2750,100.2100,48.3500,9.766
2002-01-24,2.2650,99.0850,48.3500,10.524
2002-01-25,2.2000,96.5500,48.3800,10.239
2002-01-28,2.2400,94.2200,48.3700,14.996
2002-01-29,2.1990,94.9750,48.4300,12.132
2002-01-30,2.0990,94.2450,48.5300,8.085
2002-01-31,2.0500,92.5450,48.5600,7.567
2002-02-01,2.0840,93.8000,48.5500,7.866
2002-02-04,2.0560,92.5600,48.6100,7.976
2002-02-05,2.1020,93.3100,48.6900,9.684
2002-02-06,2.1150,93.3100,48.7100,10.408
2002-02-07,2.0410,93.2300,48.7200,6.658
2002-02-08,2.1000,95.4700,48.7000,7.123
2002-02-11,2.1210,95.1700,48.7500,8.646
2002-02-12,2.0600,95.2800,48.6900,5.270
2002-02-13,2.0410,95.8950,48.9000,4.077
2002-02-14,2.0250,95.3500,48.7100,3.448
2002-02-15,1.9980,96.2200,48.7100,1.146
2002-02-19,1.9700,97.2700,48.6700,-1.429
2002-02-20,2.0000,97.1200,48.6400,0.165
2002-02-21,2.0200,97.7500,48.6900,0.618
2002-02-22,2.1350,99.5950,48.7900,4.590
2002-02-25,2.2400,101.3400,48.8200,7.911
2002-02-26,2.3800,110.7550,48.7500,4.758
2002-02-27,2.3750,108.2050,48.7600,7.024
2002-02-28,2.1690,105.2950,48.7600,0.442
2002-03-01,2.2500,105.1950,48.7600,4.292
2002-03-04,2.2100,106.6800,48.7200,0.929
2002-03-05,2.1450,105.2300,48.7200,-0.690
2002-03-06,2.1370,101.9150,48.7100,2.137
2002-03-07,2.1600,103.0800,48.7600,2.175
2002-03-08,2.2000,105.5500,48.7600,1.631
2002-03-11,2.1350,105.8550,48.7600,-1.655
2002-03-12,2.1000,104.0250,48.7600,-1.566
2002-03-13,2.1590,107.3250,48.7400,-1.952
2002-03-14,2.1770,107.5400,48.7700,-1.272
2002-03-15,2.1560,106.6750,48.7300,-1.512
2002-03-18,2.1200,105.4450,48.7400,-2.007
2002-03-19,2.1550,106.1800,48.7600,-1.038
2002-03-20,2.1500,105.9350,48.7600,-1.039
2002-03-21,2.1550,106.3700,48.7800,-1.174
2002-03-22,2.1650,107.2550,48.8000,-1.495
2002-03-25,2.1540,107.2550,48.8000,-1.995
2002-03-26,2.1870,106.0050,48.7800,0.639
2002-03-27,2.1970,107.6950,48.8300,-0.386
2002-03-28,2.2110,109.0950,48.8300,-1.038
2002-04-01,2.2000,109.6100,48.8300,-1.993
2002-04-02,2.2260,111.0500,48.8500,-2.080
2002-04-03,2.2850,113.3750,48.9100,-1.425
2002-04-04,2.2850,110.1750,48.9200,1.459
2002-04-05,2.2960,109.1550,48.8600,2.774
2002-04-08,2.3540,109.5650,48.9100,5.083
2002-04-09,2.3110,110.4250,48.9200,2.381
2002-04-10,2.3400,111.2050,48.9100,2.917
2002-04-11,2.2750,111.4800,48.9300,-0.147
2002-04-12,2.2740,109.6650,48.9400,1.481
2002-04-15,2.2410,104.2650,48.9600,5.231
2002-04-16,2.2200,104.7300,48.9600,3.782
2002-04-17,2.1660,103.8950,48.9600,2.072
2002-04-18,2.2000,103.2650,48.9300,4.242
2002-04-19,2.1960,102.2550,48.9200,5.059
2002-04-22,2.1600,102.3350,48.9500,3.319
2002-04-23,2.2060,102.5500,49.0100,5.428
2002-04-24,2.3300,103.9000,49.0000,9.884
2002-04-25,2.2740,103.4450,49.0000,7.715
2002-04-26,2.2350,101.4200,48.9900,7.960
2002-04-29,2.1600,99.9900,49.0100,5.872
2002-04-30,2.1870,99.9300,48.9800,7.194
2002-05-01,2.2100,99.9300,48.9800,8.322
2002-05-02,2.1270,99.9300,48.9800,4.253
2002-05-03,2.0600,99.9100,49.0000,1.031
2002-05-06,2.0600,99.7950,48.9700,1.085
2002-05-07,2.0600,99.9950,48.9900,0.924
2002-05-08,2.1240,99.8800,48.9700,4.137
2002-05-09,2.2000,99.8900,48.9900,7.897
2002-05-10,2.1700,99.9950,49.0200,6.379
2002-05-13,2.1780,99.9400,49.0300,6.851
2002-05-14,2.1100,99.9400,49.0200,3.494
2002-05-15,2.1160,99.6350,49.0400,4.149
2002-05-16,2.0900,98.7600,49.0500,3.802
2002-05-17,2.1300,99.5150,49.0400,4.964
2002-05-20,2.0850,99.4150,49.0600,2.892
2002-05-21,2.0700,92.8650,49.0100,9.245
2002-05-22,2.1200,95.6850,49.0100,8.587
2002-05-23,2.1400,94.0400,49.0700,11.665
2002-05-24,2.1900,97.3300,49.0200,10.299
2002-05-28,2.0980,92.3300,49.0200,11.387
2002-05-29,2.1310,93.3250,49.0100,11.910
2002-05-30,2.1000,93.8050,49.0300,9.763
2002-05-31,1.9750,95.0450,49.0600,1.945
2002-06-03,2.0300,95.1100,49.0700,4.734
2002-06-04,2.0500,96.4050,49.0700,4.345
2002-06-05,2.1010,97.3950,49.0500,5.810
2002-06-06,2.0860,96.4950,49.0300,5.992
2002-06-07,2.0170,95.5250,49.0500,3.569
2002-06-10,2.0780,97.0400,49.0200,4.971
2002-06-11,2.0690,98.0600,49.0000,3.387
2002-06-12,2.0500,97.0300,49.0000,3.525
2002-06-13,2.0710,97.6950,49.0400,3.958
2002-06-14,2.0540,99.8150,49.0300,0.894
2002-06-17,2.0880,99.9100,49.0200,2.446
2002-06-18,2.0650,99.3800,48.9900,1.795
2002-06-19,2.0210,98.5200,48.9400,0.394
2002-06-20,1.9730,97.1450,48.9400,-0.604
2002-06-21,1.8960,96.3100,48.9500,-3.635
2002-06-24,1.8700,95.1200,48.9100,-3.846
2002-06-25,1.9090,93.8800,48.9300,-0.503
2002-06-26,1.9000,94.0550,48.8700,-1.278
2002-06-27,1.8950,92.5500,48.8600,0.043
2002-06-28,1.9400,94.5500,48.9100,0.355
2002-07-01,1.9010,94.8850,48.8600,-2.110
2002-07-02,1.8910,94.9000,48.8700,-2.620
2002-07-03,2.0000,94.9550,48.8300,2.849
2002-07-05,2.1190,99.0350,48.8600,4.543
2002-07-08,2.0800,100.2650,48.8400,1.319
2002-07-09,2.0430,98.0500,48.8200,1.723
2002-07-10,2.0110,97.8100,48.8200,0.375
2002-07-11,2.0100,97.5450,48.8100,0.577
2002-07-12,2.0230,98.3600,48.8000,0.368
2002-07-15,2.1090,97.2400,48.8500,5.949
2002-07-16,2.0900,97.5050,48.8300,4.666
2002-07-17,2.1350,97.6350,48.8100,6.734
2002-07-18,2.1220,98.9500,48.8200,4.695
2002-07-19,2.1350,101.1650,48.7500,2.883
2002-07-22,1.7980,87.7800,48.7300,-0.186
2002-07-23,1.7500,89.4800,48.7200,-4.716
2002-07-24,1.7590,86.9550,48.7000,-1.485
2002-07-25,1.6700,85.6650,48.7100,-5.042
2002-07-26,1.6680,83.1800,48.7100,-2.322
2002-07-29,1.6960,83.9750,48.7600,-1.522
2002-07-30,1.7500,84.3350,48.7400,1.138
2002-07-31,1.8660,84.8000,48.6900,7.141
2002-08-01,1.8800,88.0400,48.6800,3.951
2002-08-02,1.9050,88.4650,48.6800,4.827
2002-08-05,1.8600,89.8200,48.6700,0.786
2002-08-06,1.8700,90.5550,48.7300,0.630
2002-08-07,1.8500,89.9750,48.7000,0.133
2002-08-08,1.8230,88.5400,48.6800,0.230
2002-08-09,1.7950,88.0200,48.6700,-0.747
2002-08-12,1.7740,87.0800,48.6400,-0.910
2002-08-13,1.7450,86.7750,48.6200,-2.228
2002-08-14,1.7730,84.9500,48.6300,1.496
2002-08-15,1.8110,84.9500,48.6300,3.671
2002-08-16,1.7960,85.0200,48.6000,2.665
2002-08-19,1.8140,85.6650,48.6100,2.934
2002-08-20,1.8200,85.9050,48.5900,2.944
2002-08-21,1.7850,86.9400,48.5600,-0.300
2002-08-22,1.7730,86.8650,48.5500,-0.905
2002-08-23,1.7650,86.5800,48.5500,-1.027
2002-08-26,1.7750,86.8100,48.5500,-0.730
2002-08-27,1.7580,86.9300,48.5300,-1.857
2002-08-28,1.7550,87.0150,48.6000,-1.979
2002-08-29,1.7700,87.0300,48.5400,-1.280
2002-08-30,1.7890,89.3750,48.5200,-2.879
2002-09-03,1.7880,89.3900,48.5000,-2.989
2002-09-04,1.8100,89.4100,48.4800,-1.858
2002-09-05,1.7830,89.4250,48.5000,-3.298
2002-09-06,1.7760,88.7000,48.5700,-2.750
2002-09-09,1.7700,86.8050,48.5200,-1.065
2002-09-10,1.7760,86.8050,48.5200,-0.730
2002-09-11,1.8060,86.9800,48.4800,0.661
2002-09-12,1.8000,88.0550,48.4800,-0.898
2002-09-13,1.8050,86.7150,48.4700,0.892
2002-09-16,1.7710,85.3650,48.4300,0.474
2002-09-17,1.7560,84.5700,48.4500,0.601
2002-09-18,1.7180,81.7600,48.4300,1.765
2002-09-19,1.6810,81.7850,48.4400,-0.437
2002-09-20,1.6650,80.4550,48.4600,0.287
2002-09-23,1.6910,83.1850,48.4400,-1.530
2002-09-24,1.7010,83.9300,48.4200,-1.868
2002-09-25,1.7500,84.7450,48.4300,0.009
2002-09-26,1.7640,86.5150,48.4300,-1.254
2002-09-27,1.6950,84.7600,48.4000,-3.211
2002-09-30,1.6830,83.4250,48.4000,-2.359
2002-10-01,1.7150,82.1400,48.3900,1.033
2002-10-02,1.6670,82.1400,48.3900,-1.794
2002-10-03,1.6750,80.5100,48.3800,0.654
2002-10-04,1.6600,80.5550,48.3800,-0.303
2002-10-07,1.6250,81.1300,48.3500,-3.157
2002-10-08,1.6990,81.1800,48.3900,1.274
2002-10-09,1.6750,81.1150,48.3400,-0.179
2002-10-10,1.6950,81.1700,48.3800,1.028
2002-10-11,1.7480,82.5750,48.3600,2.372
2002-10-14,1.5450,77.4200,48.3600,-3.492
2002-10-15,1.5200,77.4200,48.3600,-5.054
2002-10-16,1.4990,74.3850,48.4100,-2.445
2002-10-17,1.5000,74.4150,48.4200,-2.399
2002-10-18,1.5020,74.3150,48.4400,-2.097
2002-10-21,1.5100,73.1750,48.3800,-0.166
2002-10-22,1.5240,74.1650,48.3900,-0.564
2002-10-23,1.5000,74.3950,48.3500,-2.514
2002-10-24,1.4390,72.6400,48.4200,-4.080
2002-10-25,1.4400,68.6400,48.4100,1.559
2002-10-28,1.4450,69.5150,48.4500,0.712
2002-10-29,1.4320,70.0100,48.4100,-0.981
2002-10-30,1.4500,70.8050,48.3500,-0.985
2002-10-31,1.4500,69.6950,48.3900,0.675
2002-11-01,1.4450,68.7800,48.3600,1.600
2002-11-04,1.4360,69.3750,48.3600,0.101
2002-11-05,1.3960,69.0150,48.3500,-2.200
2002-11-06,1.3760,69.0150,48.3600,-3.581
2002-11-07,1.4190,69.7900,48.3400,-1.713
2002-11-08,1.4440,69.6950,48.2900,0.051
2002-11-11,1.4550,70.3250,48.2900,-0.090
2002-11-12,1.4640,70.4350,48.3000,0.392
2002-11-13,1.4520,70.0500,48.3000,0.116
2002-11-14,1.4600,70.4400,48.2900,0.090
2002-11-15,1.5060,73.2450,48.2300,-0.834
2002-11-18,1.4890,71.5850,48.2300,0.321
2002-11-19,1.4820,71.5850,48.2300,-0.151
2002-11-20,1.4930,72.0850,48.2500,-0.066
2002-11-21,1.4920,72.3250,48.2100,-0.547
2002-11-22,1.5320,73.5200,48.2200,0.480
2002-11-25,1.5620,74.6650,48.2300,0.898
2002-11-26,1.5570,75.1500,48.2400,-0.054
2002-11-27,1.5800,74.9900,48.2700,1.702
2002-11-29,1.5850,76.1150,48.3600,0.704
2002-12-02,1.6150,78.2850,48.3200,-0.317
2002-12-03,1.5940,77.7900,48.2800,-1.069
2002-12-04,1.5800,77.6600,48.2300,-1.876
2002-12-05,1.5850,78.0200,48.2700,-1.938
2002-12-06,1.5930,79.2800,48.2400,-3.070
2002-12-09,1.5830,79.3300,48.2400,-3.739
2002-12-10,1.6000,79.6000,48.2400,-3.035
2002-12-11,1.6150,80.0250,48.1800,-2.767
2002-12-12,1.6310,80.0800,48.2200,-1.790
2002-12-13,1.6630,80.1850,48.2000,-0.035
2002-12-16,1.6770,80.2550,48.1800,0.676
2002-12-17,1.7000,81.7000,48.1600,0.211
2002-12-18,1.9020,87.7850,48.1500,4.325
2002-12-19,1.8900,91.8850,48.1100,-1.042
2002-12-20,1.8770,89.4100,48.0300,0.830
2002-12-23,1.8940,90.5400,48.0300,0.474
2002-12-24,1.9100,91.3750,48.0400,0.417
2002-12-26,1.9060,92.6900,48.0500,-1.194
2002-12-27,1.9050,92.4200,48.0100,-1.040
2002-12-30,1.9150,89.8450,47.9600,2.224
2002-12-31,1.9330,89.8500,48.0000,3.265
2003-01-02,1.9660,90.9850,48.0500,3.826
2003-01-03,1.9300,91.2200,48.0300,1.620
2003-01-06,1.9950,92.1800,48.0100,3.905
2003-01-07,2.0300,94.5500,48.0000,3.057
2003-01-08,2.0050,94.7800,48.0000,1.540
2003-01-09,2.0700,96.9950,47.9600,2.353
2003-01-10,2.0770,98.5850,48.0000,1.127
2003-01-13,2.0960,98.2700,47.9600,2.294
2003-01-14,2.0630,97.7550,47.9500,1.193
2003-01-15,2.0800,99.2600,47.9700,0.521
2003-01-16,2.0890,100.0650,47.9600,0.123
2003-01-17,2.0390,98.0600,47.9600,-0.275
2003-01-21,2.0080,95.6950,47.9700,0.657
2003-01-22,2.0050,94.8550,47.9300,1.312
2003-01-23,1.9230,90.4050,47.9200,1.930
2003-01-24,1.8830,92.0100,47.9000,-1.972
2003-01-27,1.8480,90.1200,48.1000,-1.366
2003-01-28,1.8500,89.5650,47.9200,-1.019
2003-01-29,1.8900,90.4250,47.8300,-0.029
2003-01-30,1.8630,89.9950,47.8500,-0.945
2003-01-31,1.8690,90.3700,47.8300,-1.080
2003-02-03,1.8900,91.5400,47.8000,-1.309
2003-02-04,1.8700,90.5150,47.8200,-1.206
2003-02-05,1.8900,91.7000,47.7700,-1.543
2003-02-06,1.9140,91.4800,47.8000,0.010
2003-02-07,1.9200,92.1450,47.7200,-0.567
2003-02-10,1.8970,90.6550,47.6900,-0.206
2003-02-11,1.8910,90.7150,47.7000,-0.567
2003-02-12,1.9000,90.5100,47.8900,0.531
2003-02-13,1.9000,90.5100,47.8700,0.489
2003-02-14,1.9050,90.3250,47.9200,1.066
2003-02-18,1.8580,90.0050,47.7500,-1.428
2003-02-19,1.8700,89.9150,47.7000,-0.796
2003-02-20,1.8200,88.8450,47.6500,-2.388
2003-02-21,1.8590,87.2100,47.6500,1.572
2003-02-24,1.8620,87.6700,47.7400,1.394
2003-02-25,1.8570,87.5200,47.7400,1.295
2003-02-26,1.8340,86.6950,47.6700,0.844
2003-02-27,1.8150,85.6550,47.6600,0.990
2003-02-28,1.8240,87.6350,47.6600,-0.802
2003-03-03,1.8400,88.7200,47.7000,-1.073
2003-03-04,1.8260,88.7250,47.8500,-1.523
2003-03-05,1.8450,89.3500,47.8000,-1.297
2003-03-06,1.8400,89.7950,47.6300,-2.401
2003-03-07,1.8380,88.9600,47.8000,-1.241
2003-03-10,1.8300,88.9400,47.7000,-1.854
2003-03-11,1.8250,88.3050,47.6400,-1.542
2003-03-12,1.8250,88.1450,47.6500,-1.343
2003-03-13,1.8230,87.8100,47.6600,-1.054
2003-03-14,1.8250,87.8100,47.6600,-0.946
2003-03-17,1.8230,87.3750,47.6800,-0.520
2003-03-18,1.8360,87.3750,47.6800,0.189
2003-03-19,1.8570,86.7900,47.7200,2.104
2003-03-20,1.8800,88.3150,47.7500,1.648
2003-03-21,1.9300,90.2400,47.6600,1.932
2003-03-24,1.9080,90.1750,47.6800,0.885
2003-03-25,1.9100,90.0350,47.6400,1.063
2003-03-26,1.8830,90.0100,47.6400,-0.338
2003-03-27,1.9060,89.8650,47.5900,0.936
2003-03-28,1.9490,89.9350,47.5500,3.047
2003-03-31,1.9440,91.6300,47.5300,0.839
2003-04-01,1.9380,91.4950,47.4500,0.506
2003-04-02,1.9550,91.4750,47.4000,1.303
2003-04-03,1.9640,91.8900,47.4300,1.374
2003-04-04,1.9450,92.3150,47.4400,-0.048
2003-04-07,1.9550,92.2900,47.4400,0.493
2003-04-08,1.9650,91.7650,47.4600,1.628
2003-04-09,1.9610,92.0150,47.4500,1.124
2003-04-10,1.9820,93.2250,47.4000,0.774
2003-04-11,1.9500,86.4150,47.3800,6.915
2003-04-15,1.9600,91.0500,47.3600,1.950
2003-04-16,1.9550,90.8550,47.3800,1.951
2003-04-17,1.9370,90.3700,47.3400,1.469
2003-04-21,1.9410,90.0400,47.3800,2.137
2003-04-22,1.9510,90.3150,47.3400,2.265
2003-04-23,1.9410,90.0900,47.3500,2.016
2003-04-24,1.9440,90.3400,47.3600,1.913
2003-04-25,1.9210,90.4650,47.3700,0.589
2003-04-28,1.8550,87.2050,47.3500,0.722
2003-04-29,1.8660,86.3150,47.3700,2.407
2003-04-30,1.8900,87.2700,47.3700,2.589
2003-05-01,1.8770,87.2700,47.3500,1.840
2003-05-02,1.8750,88.4550,47.3500,0.369
2003-05-05,1.8840,87.6250,47.3000,1.698
2003-05-06,1.8840,87.4400,47.2800,1.870
2003-05-07,1.8570,87.5500,47.2800,0.284
2003-05-08,1.7980,84.8100,47.2500,0.172
2003-05-09,1.7950,83.6100,47.2000,1.332
2003-05-12,1.8380,84.1000,47.1800,3.112
2003-05-13,1.8400,85.1900,47.1500,1.838
2003-05-14,1.8380,85.7450,47.1500,1.069
2003-05-15,1.8470,84.9400,47.1300,2.483
2003-05-16,1.8210,83.9100,47.1200,2.259
2003-05-19,1.7920,83.3750,46.9900,0.997
2003-05-20,1.8150,83.0950,46.9500,2.550
2003-05-21,1.8140,83.1350,46.9000,2.335
2003-05-22,1.7700,81.8000,46.9100,1.505
2003-05-23,1.7980,82.7850,46.8700,1.797
2003-05-27,1.7780,81.6400,46.8500,2.032
2003-05-28,1.8210,83.3000,46.9800,2.702
2003-05-29,1.8630,86.4200,47.0500,1.428
2003-05-30,1.9300,89.1250,47.0700,1.930
2003-06-02,1.9060,89.3400,47.1500,0.591
2003-06-03,1.9750,90.6050,46.9500,2.341
2003-06-04,2.0000,92.9300,46.8500,0.829
2003-06-05,2.0600,95.9450,46.8400,0.568
2003-06-06,2.1150,97.0650,46.8800,2.149
2003-06-09,2.0860,96.4950,46.8700,1.322
2003-06-10,2.0750,94.9800,46.7900,2.221
2003-06-11,2.0600,95.4200,46.7000,0.820
2003-06-12,2.1110,95.8050,46.7300,2.966
2003-06-13,2.1670,96.1150,46.7000,5.289
2003-06-16,2.2650,99.8950,46.6600,5.796
2003-06-17,2.2730,106.0500,46.5900,-0.142
2003-06-18,2.2270,104.0000,46.6200,-0.170
2003-06-19,2.1960,103.7450,46.6100,-1.339
2003-06-20,2.2270,105.7950,46.5700,-1.969
2003-06-23,2.1720,103.8000,46.6600,-2.365
2003-06-24,2.1770,101.9250,46.5700,-0.532
2003-06-25,2.2000,104.1950,46.5800,-1.650
2003-06-26,2.2280,103.3350,46.5700,0.409
2003-06-27,2.2710,106.0450,46.4000,-0.632
2003-06-30,2.3310,109.3500,46.4000,-1.090
2003-07-01,2.3950,109.6300,46.4900,1.563
2003-07-02,2.3920,109.1500,46.3600,1.597
2003-07-03,2.5250,119.3600,46.4000,-1.843
2003-07-07,2.4500,112.9500,46.3400,0.516
2003-07-08,2.4490,113.5150,46.3000,-0.111
2003-07-09,2.5010,114.5250,46.2400,0.979
2003-07-10,2.3980,111.5600,46.2100,-0.671
2003-07-11,2.7580,111.7050,46.1000,13.821
2003-07-14,2.6400,118.3200,46.0600,2.771
2003-07-15,2.6000,118.2700,46.1300,1.410
2003-07-16,2.6480,117.2500,46.2300,4.407
2003-07-17,2.5800,118.2650,46.2300,0.853
2003-07-18,2.5730,116.3800,46.2900,2.341
2003-07-21,2.5300,115.3650,46.2700,1.472
2003-07-22,2.4950,114.0150,46.1500,0.990
2003-07-23,2.4500,110.7800,46.1600,2.087
2003-07-24,2.4870,113.6800,46.1500,0.963
2003-07-25,2.4660,113.3350,46.1500,0.415
2003-07-28,2.4740,114.3000,46.1500,-0.109
2003-07-29,2.5000,112.9400,46.1300,2.112
2003-07-30,2.5370,114.8350,46.1500,1.957
2003-07-31,2.5040,114.8400,46.1500,0.627
2003-08-01,2.2210,108.8650,46.1800,-5.786
2003-08-04,2.2000,102.3100,46.1500,-0.762
2003-08-05,2.2000,100.0050,46.1400,1.503
2003-08-06,2.2350,102.8600,46.0500,0.060
2003-08-07,2.2980,103.6500,45.9800,1.941
2003-08-08,2.3350,105.7100,46.0100,1.630
2003-08-11,2.3320,106.0000,45.9900,1.178
2003-08-12,2.3350,104.9050,45.8900,2.143
2003-08-13,2.3500,104.9700,45.9500,2.870
2003-08-14,2.3320,106.3600,46.0000,0.857
2003-08-15,2.3850,106.3600,46.0000,3.150
2003-08-18,2.3450,106.3250,45.9000,1.233
2003-08-19,2.3280,105.6650,45.8500,1.016
2003-08-20,2.3320,106.9000,45.8800,0.086
2003-08-21,2.4000,109.8200,45.8000,0.091
2003-08-22,2.4310,109.9950,45.8800,1.399
2003-08-25,2.4200,108.7100,45.9000,2.178
2003-08-26,2.4760,110.5400,45.8800,2.767
2003-08-27,2.4500,112.3200,45.8800,0.077
2003-08-28,2.4500,109.4300,45.8800,2.720
2003-08-29,2.5350,115.1850,45.8800,0.973
2003-09-02,2.5200,113.5300,45.8800,1.839
2003-09-03,2.4900,110.4150,45.9000,3.510
2003-09-04,2.5100,113.4850,45.8000,1.298
2003-09-05,2.4740,113.2200,45.8800,0.254
2003-09-08,2.5550,115.2800,45.8500,1.619
2003-09-09,2.6070,116.9000,45.8000,2.139
2003-09-10,2.5310,118.9650,45.8200,-2.517
2003-09-11,2.5620,119.2750,45.7200,-1.794
2003-09-12,2.5270,115.0550,45.8000,0.592
2003-09-15,2.5190,114.6600,45.8000,0.619
2003-09-16,2.5310,113.8800,45.9000,2.013
2003-09-17,2.4750,114.3200,45.9500,-0.519
2003-09-18,2.4500,111.1200,46.0000,1.422
2003-09-19,2.4170,109.4550,45.9800,1.534
2003-09-22,2.3350,105.4900,45.7700,1.311
2003-09-23,2.3250,104.7550,45.7700,1.585
2003-09-24,2.2950,105.9300,45.8800,-0.600
2003-09-25,2.2900,104.8950,45.8800,0.162
2003-09-26,2.2810,106.6900,45.7700,-2.145
2003-09-29,2.3000,104.4400,45.8500,0.972
2003-09-30,2.3450,105.7900,45.7800,1.478
2003-10-01,2.3700,107.2100,45.7000,1.025
2003-10-02,2.3880,107.2100,45.4300,1.191
2003-10-03,2.4400,110.9150,45.3300,-0.279
2003-10-06,2.4350,110.8800,45.4900,-0.101
2003-10-07,2.4270,110.5900,45.3300,-0.519
2003-10-08,2.4800,114.1250,45.4300,-1.278
2003-10-09,2.6080,119.1750,45.2900,-0.888
2003-10-10,2.6250,117.9950,45.4200,1.045
2003-10-13,2.6250,116.8250,45.4200,2.056
2003-10-14,2.8050,126.4200,45.6600,1.310
2003-10-15,2.7600,125.6650,45.7000,0.372
2003-10-16,2.7520,123.5700,45.3300,0.953
2003-10-17,2.7120,121.5300,45.3300,1.156
2003-10-20,2.6860,118.6550,45.3600,2.682
2003-10-21,2.5640,113.0100,45.3300,2.846
2003-10-22,2.5710,114.1900,45.3500,2.106
2003-10-23,2.5100,110.2550,45.3300,3.196
2003-10-24,2.5400,112.6750,45.3200,2.164
2003-10-27,2.5500,113.5800,45.4000,1.928
2003-10-28,2.6290,113.3150,45.3100,5.123
2003-10-29,2.6580,116.5150,45.3600,3.478
2003-10-30,2.6570,118.3550,45.3500,1.808
2003-10-31,2.6660,119.5350,45.3300,1.100
2003-11-03,2.8720,131.1950,45.3200,-0.790
2003-11-04,3.0400,141.8400,45.3100,-2.889
2003-11-05,2.9500,137.7650,45.3400,-2.912
2003-11-06,2.8600,130.1900,45.3000,-0.485
2003-11-07,2.7940,127.9900,45.3300,-1.045
2003-11-10,2.7450,128.8050,45.3300,-3.396
2003-11-11,2.8060,131.9500,45.3300,-3.603
2003-11-12,2.8150,128.0850,45.3600,-0.310
2003-11-13,2.8240,127.6400,45.3900,0.424
2003-11-14,2.7700,126.6800,45.4400,-0.640
2003-11-17,2.7950,127.5650,45.5500,-0.198
2003-11-18,2.7110,123.6900,45.6200,-0.011
2003-11-19,2.7220,121.7000,45.6300,2.058
2003-11-20,2.6730,123.8100,45.7800,-1.163
2003-11-21,2.6790,122.7850,45.7500,-0.180
2003-11-24,2.7000,124.1650,45.8800,-0.233
2003-11-25,2.7100,124.2600,45.9500,0.213
2003-11-26,2.7290,124.2600,45.8800,0.762
2003-11-28,2.8000,127.0700,45.8200,0.965
2003-12-01,2.8350,131.2200,45.7700,-1.114
2003-12-02,2.8740,133.0350,45.7000,-1.273
2003-12-03,2.8800,134.5950,45.6300,-2.363
2003-12-04,2.8610,132.9750,45.6600,-1.761
2003-12-05,2.8350,130.3250,45.6600,-0.674
2003-12-08,2.8750,132.6850,45.5500,-1.303
2003-12-09,2.9760,137.1950,45.5500,-1.194
2003-12-10,2.9600,138.1600,45.5500,-2.412
2003-12-11,2.9800,137.3800,45.5500,-1.194
2003-12-12,2.9550,135.2100,45.5500,-0.451
2003-12-15,2.9570,135.4750,45.5500,-0.578
2003-12-16,2.9610,136.1300,45.5000,-1.032
2003-12-17,2.9690,134.9900,45.5500,0.184
2003-12-18,2.9900,136.0950,45.5000,-0.037
2003-12-19,2.9500,136.8000,45.5400,-1.796
2003-12-22,3.0790,137.9850,45.5200,1.573
2003-12-23,3.1370,139.2300,45.5200,2.561
2003-12-24,3.1630,142.0850,45.5000,1.289
2003-12-26,3.1680,142.5700,45.5000,1.104
2003-12-29,3.2140,146.0800,45.6600,0.459
2003-12-30,3.1750,144.6350,45.5700,0.034
2003-12-31,3.1650,142.9100,45.5500,0.879
2004-01-02,3.2200,144.9750,45.6800,1.459
2004-01-05,3.3010,144.6250,45.6000,4.080
2004-01-06,3.1910,144.2050,45.6600,1.037
2004-01-07,3.0640,141.3600,45.5300,-1.313
2004-01-08,3.0830,140.9750,45.5500,-0.386
2004-01-09,3.0500,141.0500,45.4800,-1.656
2004-01-12,3.0500,136.9100,45.4400,1.229
2004-01-13,3.1100,140.1000,45.4400,0.870
2004-01-14,3.0550,138.0150,45.4200,0.538
2004-01-15,3.0430,134.9950,45.4400,2.429
2004-01-16,3.0200,134.8700,45.4500,1.771
2004-01-20,3.0460,134.2700,45.4300,3.061
2004-01-21,3.0550,134.1300,45.4300,3.473
2004-01-22,3.0850,134.2600,45.4300,4.388
2004-01-23,3.1690,136.7800,45.4300,5.255
2004-01-26,3.1970,136.7800,45.3600,6.021
2004-01-27,3.2750,142.5500,45.3800,4.258
2004-01-28,3.2000,143.2150,45.3600,1.353
2004-01-29,3.2270,143.2000,45.2900,2.061
2004-01-30,2.9950,139.8250,45.3200,-2.926
2004-02-02,2.8390,139.8250,45.3000,-8.023
2004-02-03,2.9200,128.9550,45.3000,2.575
2004-02-04,2.9450,132.3200,45.3000,0.823
2004-02-05,2.9470,130.9450,45.2900,1.928
2004-02-06,3.0050,133.2850,45.3000,2.132
2004-02-09,2.8170,125.0350,45.2500,1.947
2004-02-10,2.8100,123.7200,45.2200,2.706
2004-02-11,2.8300,126.0800,45.2400,1.546
2004-02-12,2.8180,124.1900,45.2300,2.632
2004-02-13,2.8400,125.5150,45.2400,2.364
2004-02-17,2.7880,124.0800,45.2800,1.741
2004-02-18,2.8100,124.1800,45.2400,2.371
2004-02-19,2.8000,122.2550,45.2800,3.705
2004-02-20,2.8400,119.7400,45.2300,7.277
2004-02-23,2.8010,120.9350,45.3200,4.967
2004-02-24,2.8400,122.7850,45.3200,4.825
2004-02-25,2.8950,125.9100,45.2500,4.042
2004-02-26,2.9110,125.3800,45.2700,5.105
2004-02-27,2.5450,124.0850,45.3200,-7.048
2004-03-01,2.5900,101.5150,45.3200,15.627
2004-03-02,2.5450,101.5150,45.2500,13.443
2004-03-03,2.5020,102.2500,45.2200,10.651
2004-03-04,2.5200,101.4600,45.3200,12.563
2004-03-05,2.5010,102.0450,45.3200,11.074
2004-03-08,2.4790,102.9200,45.2600,9.016
2004-03-09,2.4750,104.8900,45.2300,6.725
2004-03-10,2.4250,104.8600,45.2500,4.645
2004-03-11,2.3550,106.5500,45.2800,0.079
2004-03-12,2.4100,102.9900,45.2200,5.816
2004-03-15,2.4150,101.9700,45.2500,7.168
2004-03-16,2.4550,99.5900,45.2200,11.472
2004-03-17,2.4300,99.2650,45.2700,10.821
2004-03-18,2.4200,100.1150,45.2500,9.379
2004-03-19,2.3760,101.0850,45.2000,6.242
2004-03-22,2.3500,100.9200,45.1450,5.124
2004-03-23,2.3990,100.6650,44.8500,6.884
2004-03-24,2.3500,98.4150,44.8000,6.976
2004-03-25,2.3570,96.5800,44.7300,9.162
2004-03-26,2.3620,97.6150,44.4400,7.532
2004-03-29,2.3840,97.6850,44.0000,7.382
2004-03-30,2.3740,97.1050,44.0700,7.741
2004-03-31,2.3950,97.4350,43.4000,6.679
2004-04-01,2.4250,97.9650,43.4000,7.431
2004-04-02,2.4330,99.1200,43.7500,7.389
2004-04-05,2.4220,97.8050,43.6700,8.142
2004-04-06,2.3800,96.6900,43.7000,7.566
2004-04-07,2.3550,95.0850,43.5500,7.862
2004-04-08,2.3200,95.6350,43.6000,5.769
2004-04-12,2.3390,96.2750,43.6600,6.072
2004-04-13,2.2550,96.2100,43.7500,2.543
2004-04-14,2.1680,96.2100,43.6900,-1.549
2004-04-15,2.1350,90.0150,44.0000,4.360
2004-04-16,2.2010,90.6900,43.8500,6.422
2004-04-19,2.1800,90.6000,43.8800,5.583
2004-04-20,2.2150,90.4550,43.9700,7.671
2004-04-21,2.1890,90.7100,44.1000,6.421
2004-04-22,2.2190,91.2950,44.1400,7.286
2004-04-23,2.1810,93.3250,44.0000,2.828
2004-04-27,2.0400,92.8800,44.2300,-2.854
2004-04-28,1.9730,90.3850,44.2100,-3.495
2004-04-29,1.9890,86.4950,44.4000,2.100
2004-04-30,1.9600,86.9250,44.5200,0.384
2004-05-03,1.9350,86.5150,44.8800,0.379
2004-05-04,1.9670,86.5250,44.7000,1.618
2004-05-05,2.0110,87.5900,44.5500,2.283
2004-05-06,1.9600,88.5750,44.6500,-1.198
2004-05-07,1.9700,91.0800,44.6600,-3.403
2004-05-10,1.8950,88.4150,44.9500,-3.659
2004-05-11,1.8500,84.0400,45.3500,-0.170
2004-05-12,1.8500,84.0150,45.3500,-0.140
2004-05-13,1.8830,84.3500,45.2500,1.015
2004-05-14,1.8450,83.5250,45.5700,0.660
2004-05-17,1.8400,77.5050,45.5000,8.019
2004-05-18,1.9340,88.3600,45.4700,-0.476
2004-05-19,1.9010,88.5350,45.1800,-2.991
2004-05-20,1.8810,86.9250,45.2800,-2.017
2004-05-21,1.8920,86.5750,45.2800,-1.046
2004-05-24,1.9200,87.2100,45.3100,-0.246
2004-05-25,2.0000,87.5700,45.3600,3.597
2004-05-26,1.9990,89.9050,45.4000,0.945
2004-05-27,1.9510,90.5350,45.4000,-2.164
2004-05-28,1.8520,88.7700,45.4200,-5.241
2004-06-01,1.8410,79.8500,45.4300,4.742
2004-06-02,1.9270,80.0100,45.3700,9.271
2004-06-03,1.9000,78.8300,45.2200,8.991
2004-06-04,1.9000,80.0650,45.0700,6.954
2004-06-07,1.9200,80.7300,45.1000,7.261
2004-06-08,1.9140,80.8300,45.0500,6.675
2004-06-09,1.8900,81.5400,44.9400,4.166
2004-06-10,1.8850,81.6200,45.0500,4.042
2004-06-14,1.8080,79.4850,45.3500,3.155
2004-06-15,1.8680,78.7900,45.3800,7.590
2004-06-16,1.8790,79.0300,45.3400,7.799
2004-06-17,1.8180,75.4950,45.4900,9.545
2004-06-18,1.8000,75.3350,45.6600,9.097
2004-06-21,1.7800,73.3350,45.8800,11.361
2004-06-22,1.7720,73.3150,46.2100,11.688
2004-06-23,1.7350,73.4600,45.7000,7.936
2004-06-24,1.6890,71.9350,45.8500,7.654
2004-06-25,1.7070,72.0600,45.8500,8.612
2004-06-28,1.7240,74.4050,45.9900,6.561
2004-06-29,1.7300,73.3250,46.0500,8.648
2004-06-30,1.7380,73.4750,45.9900,8.786
2004-07-01,1.6900,73.8550,45.8800,4.986
2004-07-02,1.7120,73.3900,45.7500,6.723
2004-07-06,1.7000,74.9450,46.0500,4.457
2004-07-07,1.7260,77.2750,45.8400,2.387
2004-07-08,1.7350,74.3700,45.7500,6.732
2004-07-09,1.7250,76.3650,45.6600,3.141
2004-07-12,1.7150,76.3050,45.7200,2.758
2004-07-13,1.7030,75.6950,45.8600,3.177
2004-07-14,1.7140,74.0900,45.9500,6.301
2004-07-15,1.7270,74.9050,46.0800,6.241
2004-07-16,1.7350,75.2350,45.9600,5.989
2004-07-19,1.7140,76.3700,46.1100,3.486
2004-07-20,1.7420,76.8750,46.1000,4.463
2004-07-21,1.7120,77.2400,46.1300,2.246
2004-07-22,1.7110,76.6750,46.3000,3.318
2004-07-23,1.6820,75.4450,46.3500,3.334
2004-07-26,1.6790,75.9950,46.2800,2.249
2004-07-27,1.6130,76.1250,46.2500,-2.002
2004-07-28,1.6190,74.4900,46.3000,0.631
2004-07-29,1.6680,77.3000,46.4500,0.231
2004-07-30,1.6940,76.0000,46.4000,3.423
2004-08-02,1.7030,76.0750,46.3500,3.758
2004-08-03,1.6950,75.8300,46.3500,3.604
2004-08-04,1.6640,75.4500,46.3600,2.244
2004-08-05,1.6450,77.6950,46.3500,-1.865
2004-08-06,1.6600,77.3250,46.3300,-0.540
2004-08-09,1.6690,78.3000,46.4000,-1.096
2004-08-10,1.6990,78.6900,46.3400,0.053
2004-08-11,1.6850,77.8050,46.3200,0.314
2004-08-12,1.6490,76.1950,46.2100,0.007
2004-08-13,1.5800,74.0300,46.2700,-1.247
2004-08-16,1.5840,72.8100,46.3600,0.857
2004-08-17,1.5890,72.0950,46.3400,2.135
2004-08-18,1.6020,70.9300,46.3400,4.662
2004-08-19,1.5960,70.0300,46.2700,5.450
2004-08-20,1.5460,68.5700,46.2500,4.277
2004-08-23,1.5350,67.0650,46.2600,5.881
2004-08-24,1.5080,65.4650,46.2950,6.642
2004-08-25,1.5440,69.2300,46.3600,3.394
2004-08-26,1.5410,69.6500,46.3500,2.549
2004-08-27,1.5620,69.9650,46.2800,3.322
2004-08-30,1.5640,70.8100,46.3500,2.375
2004-08-31,1.5800,70.4850,46.3500,3.899
2004-09-01,1.6000,70.0400,46.3400,5.860
2004-09-02,1.6030,70.5450,46.3200,5.253
2004-09-03,1.5700,70.6250,46.3300,2.992
2004-09-07,1.5760,70.8850,46.3500,3.051
2004-09-08,1.5820,71.8950,46.3500,1.990
2004-09-09,1.6170,71.3500,46.3000,4.929
2004-09-10,1.6860,72.4050,46.2600,7.720
2004-09-13,1.7600,75.6100,46.1800,7.495
2004-09-14,1.7150,75.0350,45.8500,4.795
2004-09-15,1.6950,75.1350,45.8100,3.345
2004-09-16,1.7120,75.9000,45.8200,3.352
2004-09-17,1.7380,75.9750,45.8400,4.863
2004-09-20,1.7090,75.0100,45.9300,4.645
2004-09-21,1.7040,75.1700,45.8600,3.958
2004-09-22,1.6670,75.7950,45.8600,0.862
2004-09-23,1.7000,75.0300,45.8700,3.930
2004-09-24,1.6800,75.2350,45.9000,2.495
2004-09-27,1.6400,75.0100,45.9700,0.508
2004-09-28,1.6220,73.7300,46.1000,1.416
2004-09-29,1.6280,72.8900,46.0000,2.741
2004-09-30,1.6120,73.7200,45.9100,0.389
2004-10-01,1.6780,75.6650,45.8500,1.680
2004-10-04,1.7270,76.9100,45.8500,2.955
2004-10-05,1.7100,76.1000,45.8600,3.049
2004-10-06,1.6800,74.6450,45.8600,3.215
2004-10-07,1.6670,75.7100,45.8600,0.976
2004-10-08,1.6880,76.8100,45.8000,0.651
2004-10-11,1.6900,76.2300,45.8000,1.537
2004-10-12,1.6810,75.4700,45.8700,2.170
2004-10-14,1.6450,75.0400,45.8100,0.423
2004-10-15,1.6500,75.2600,45.8500,0.522
2004-10-18,1.6460,75.0950,45.8300,0.454
2004-10-19,1.6740,75.7650,45.8500,1.304
2004-10-20,1.6540,75.1150,45.7000,0.629
2004-10-21,1.6590,74.9050,45.6500,1.106
2004-10-22,1.6570,74.9050,45.6200,0.918
2004-10-25,1.6300,74.2800,45.5800,0.021
2004-10-26,1.6250,73.4800,45.6600,0.976
2004-10-27,1.6590,75.5400,45.5700,0.080
2004-10-28,1.6870,75.6150,45.5100,1.535
2004-10-29,1.6580,75.1250,45.3000,-0.023
2004-11-01,1.6670,74.6400,45.3300,1.239
2004-11-02,1.6850,75.3600,45.4000,1.511
2004-11-03,1.6990,76.9250,45.3300,0.118
2004-11-04,1.7080,78.2050,45.1000,-1.501
2004-11-05,1.7320,77.4650,45.1000,0.837
2004-11-08,1.7240,78.0750,45.0800,-0.457
2004-11-09,1.7250,77.1800,45.1200,0.845
2004-11-10,1.7240,77.5850,45.1400,0.305
2004-11-11,1.7320,77.1000,45.1400,1.404
2004-11-12,1.7580,77.5150,45.0400,2.148
2004-11-15,1.7450,77.5150,45.0300,1.371
2004-11-16,1.7360,77.5950,45.0100,0.699
2004-11-17,1.7800,78.6700,44.9600,1.727
2004-11-18,1.7770,79.9850,45.0000,-0.025
2004-11-19,1.7480,78.8550,45.0000,-0.247
2004-11-22,1.7460,78.6550,44.9700,-0.175
2004-11-23,1.7620,79.1050,45.0200,0.278
2004-11-24,1.7550,79.5250,44.9400,-0.824
2004-11-26,1.7950,80.4750,44.9400,0.239
2004-11-29,1.7960,80.0950,44.6700,0.165
2004-11-30,1.7710,79.5350,44.4700,-0.979
2004-12-01,1.7910,78.1150,44.3000,1.570
2004-12-02,1.8520,80.0550,44.1000,2.021
2004-12-03,1.9320,81.3950,44.0000,4.439
2004-12-06,1.9680,83.2450,43.5100,2.862
2004-12-07,1.9010,83.1150,43.6000,-0.278
2004-12-08,1.9250,83.4000,44.1500,1.905
2004-12-09,1.8950,83.5150,44.1200,0.111
2004-12-10,1.8760,82.0400,44.5200,1.803
2004-12-13,1.8550,81.3800,44.1500,0.637
2004-12-14,1.8840,81.8950,44.0500,1.337
2004-12-15,1.9070,82.2800,43.8600,1.654
2004-12-16,1.9390,84.1500,43.7500,0.810
2004-12-17,1.9080,83.9050,43.8800,-0.217
2004-12-20,1.9500,86.3150,43.8500,-0.936
2004-12-21,1.9570,86.1000,43.6600,-0.764
2004-12-22,1.9520,85.0900,43.8000,0.479
2004-12-23,1.9520,85.3600,43.6100,-0.273
2004-12-27,1.9510,85.6450,43.7500,-0.337
2004-12-28,1.9510,85.9000,43.6300,-0.906
2004-12-29,1.9560,85.5750,43.6700,-0.183
2004-12-30,1.9420,84.9100,43.6200,-0.235
2004-12-31,1.9830,86.5350,43.2700,-0.844
2005-01-03,1.9720,86.6100,43.3500,-1.298
2005-01-04,1.9010,84.6300,43.4700,-2.356
2005-01-05,1.8630,82.1950,43.6000,-1.178
2005-01-06,1.8210,79.9100,43.7500,-0.302
2005-01-07,1.8380,81.0850,43.6300,-1.101
2005-01-10,1.7960,79.3300,43.8200,-0.793
2005-01-11,1.7580,76.4300,43.6800,0.470
2005-01-12,1.7610,73.1550,43.5300,4.786
2005-01-13,1.7420,74.9350,43.5200,1.170
2005-01-14,1.7490,74.3350,43.5500,2.467
2005-01-18,1.7240,71.2350,43.5900,5.495
2005-01-19,1.7050,70.9400,43.6100,4.814
2005-01-20,1.7210,71.9900,43.7000,4.470
2005-01-24,1.7100,72.9200,43.6500,2.361
2005-01-25,1.7020,72.9150,43.6500,1.889
2005-01-27,1.7250,73.1150,43.6500,2.983
2005-01-28,1.7260,74.3000,43.6600,1.423
2005-01-31,1.6900,73.6450,43.6000,0.053
2005-02-01,1.7150,71.0450,43.6600,5.394
2005-02-02,1.7030,70.9400,43.2800,3.899
2005-02-03,1.6780,71.1100,43.3000,2.176
2005-02-04,1.7130,73.2300,43.3400,1.381
2005-02-07,1.7100,72.7050,43.3800,2.028
2005-02-08,1.7080,73.3800,43.5800,1.437
2005-02-09,1.7170,73.8600,43.6200,1.402
2005-02-10,1.7320,74.1700,43.6800,2.000
2005-02-11,1.7600,74.4500,43.7000,3.307
2005-02-14,1.7650,74.6050,43.6400,3.243
2005-02-15,1.7720,75.2750,43.7100,2.895
2005-02-16,1.7730,74.5750,43.6500,3.777
2005-02-17,1.7820,74.1050,43.6800,5.037
2005-02-18,1.7780,72.0000,43.7300,7.989
2005-02-22,1.7520,72.3500,43.6300,5.653
2005-02-23,1.7590,72.8600,43.6100,5.284
2005-02-24,1.7180,71.9800,43.5700,3.992
2005-02-25,1.7750,71.0650,43.6100,8.925
2005-02-28,1.7620,72.0300,43.5700,6.581
2005-03-01,1.7630,72.4550,43.5800,6.040
2005-03-02,1.7400,72.4400,43.5900,4.703
2005-03-03,1.7340,72.1900,43.5800,4.679
2005-03-04,1.7450,72.4900,43.6400,5.051
2005-03-07,1.7280,72.4150,43.5800,3.993
2005-03-08,1.7310,74.5000,43.5800,1.258
2005-03-09,1.7650,75.1500,43.5500,2.283
2005-03-10,1.7620,75.8150,43.4800,1.051
2005-03-11,1.7230,74.3850,43.4500,0.644
2005-03-14,1.7210,74.1550,43.4400,0.816
2005-03-15,1.7170,75.3650,43.4600,-0.987
2005-03-16,1.7230,75.6750,43.5000,-0.957
2005-03-17,1.7160,74.7700,43.5500,-0.051
2005-03-18,1.6890,71.8750,43.6700,2.621
2005-03-21,1.6890,72.3350,43.6100,1.828
2005-03-22,1.6870,73.0850,43.6100,0.664
2005-03-23,1.7200,75.3950,43.6600,-0.398
2005-03-24,1.7300,75.1250,43.6500,0.518
2005-03-28,1.7470,77.2550,43.6700,-1.247
2005-03-29,1.7080,74.2000,43.7000,0.592
2005-03-30,1.7230,74.5600,43.6900,0.963
2005-03-31,1.7140,73.9150,43.6200,1.150
2005-04-01,1.7200,74.3500,43.6200,0.910
2005-04-04,1.7310,74.4500,43.6800,1.558
2005-04-05,1.7410,74.6550,43.6900,1.888
2005-04-06,1.7480,74.7750,43.7200,2.203
2005-04-07,1.7510,74.9300,43.6900,2.097
2005-04-08,1.7420,74.6100,43.6600,1.938
2005-04-11,1.7500,74.8000,43.6000,2.005
2005-04-12,1.7450,74.6750,43.6200,1.931
2005-04-13,1.7290,73.7300,43.6500,2.361
2005-04-15,1.6600,71.1950,43.7000,1.892
2005-04-18,1.6450,68.7700,43.6200,4.340
2005-04-19,1.6480,68.9250,43.7000,4.487
2005-04-20,1.6500,69.2250,43.5800,3.874
2005-04-21,1.6120,69.1400,43.6800,1.840
2005-04-22,1.5870,68.1800,43.6600,1.626
2005-04-25,1.5890,66.0250,43.6100,4.955
2005-04-26,1.5810,66.6350,43.6000,3.447
2005-04-27,1.5520,65.6000,43.6000,3.151
2005-04-28,1.5280,64.5050,43.6800,3.470
2005-04-29,1.5160,63.7250,43.4800,3.438
2005-05-02,1.5120,63.3750,43.4600,3.687
2005-05-03,1.5260,63.7050,43.5600,4.344
2005-05-04,1.5870,65.1750,43.4000,5.678
2005-05-05,1.5790,67.1950,43.3300,1.820
2005-05-06,1.5700,66.7800,43.3500,1.916
2005-05-09,1.5690,67.7050,43.4500,0.691
2005-05-10,1.5620,66.3550,43.3600,2.070
2005-05-11,1.5620,65.5050,43.2100,3.036
2005-05-12,1.5340,65.8100,43.3000,0.930
2005-05-13,1.5280,66.9250,43.3500,-1.025
2005-05-16,1.5580,67.5650,43.3800,0.031
2005-05-17,1.5700,68.0900,43.4100,0.094
2005-05-18,1.5950,68.1050,43.4300,1.712
2005-05-19,1.5970,68.2150,43.4500,1.722
2005-05-20,1.5850,68.9300,43.3400,-0.343
2005-05-23,1.5800,69.4950,43.4500,-1.214
2005-05-24,1.5870,69.1150,43.4500,-0.231
2005-05-25,1.6020,70.4450,43.4300,-1.235
2005-05-26,1.6270,72.4500,43.4600,-2.402
2005-05-27,1.6290,71.4850,43.4100,-1.077
2005-05-31,1.6200,72.4800,43.6200,-2.505
2005-06-01,1.6310,73.1750,43.7100,-2.575
2005-06-02,1.6450,73.4450,43.6400,-2.256
2005-06-03,1.6560,73.1150,43.5000,-1.476
2005-06-06,1.6530,72.2250,43.5800,-0.259
2005-06-07,1.6490,72.6800,43.5300,-1.237
2005-06-08,1.6310,71.1500,43.4600,-0.375
2005-06-09,1.6240,70.6700,43.4600,-0.129
2005-06-10,1.6260,71.3850,43.4800,-0.962
2005-06-13,1.6320,71.5400,43.6000,-0.538
2005-06-14,1.6410,72.2950,43.5700,-1.102
2005-06-15,1.6700,73.7100,43.5600,-1.309
2005-06-16,1.6650,72.2700,43.5500,0.333
2005-06-17,1.6620,71.9200,43.5000,0.524
2005-06-20,1.6530,72.0600,43.5300,-0.146
2005-06-21,1.6600,72.2100,43.5000,-0.000
2005-06-22,1.6790,72.9800,43.4500,-0.038
2005-06-23,1.6750,73.3650,43.5100,-0.662
2005-06-24,1.6720,72.8350,43.5000,-0.141
2005-06-27,1.6660,72.6600,43.4400,-0.398
2005-06-28,1.6740,72.7150,43.4600,0.051
2005-06-29,1.6770,74.3400,43.5000,-1.870
2005-06-30,1.6920,75.3350,43.5100,-2.278
2005-07-01,1.7100,76.1400,43.4500,-2.417
2005-07-05,1.7650,78.3000,43.5500,-1.832
2005-07-06,1.7780,78.8900,43.4500,-2.074
2005-07-07,1.7630,77.2050,43.5900,-0.461
2005-07-08,1.7700,76.8850,43.5100,0.166
2005-07-11,1.7850,77.8600,43.5100,-0.250
2005-07-12,1.7460,75.7000,43.4500,0.216
2005-07-13,1.7240,74.9600,43.4600,-0.047
2005-07-14,1.7200,73.8400,43.4800,1.281
2005-07-15,1.7360,74.8850,43.4500,0.727
2005-07-18,1.7290,76.0000,43.4700,-1.106
2005-07-19,1.7370,76.1500,43.4800,-0.821
2005-07-20,1.7440,76.2250,43.4600,-0.565
2005-07-21,1.7250,76.3150,43.0500,-2.691
2005-07-22,1.7470,76.8550,43.4000,-1.347
2005-07-25,1.7370,76.6300,43.4500,-1.510
2005-07-26,1.8330,80.3050,43.4100,-0.915
2005-07-27,1.8990,81.0200,43.3400,1.583
2005-07-29,1.8910,83.7250,43.4000,-1.977
2005-08-01,1.9300,83.1300,43.3700,0.691
2005-08-02,1.9500,84.6300,43.4100,0.023
2005-08-03,1.9640,85.2950,43.3600,-0.159
2005-08-04,1.9370,84.6550,43.4300,-0.627
2005-08-05,1.9030,83.1450,43.4200,-0.621
2005-08-08,1.8650,80.3600,43.4400,0.816
2005-08-09,1.8520,80.3550,43.4600,0.165
2005-08-10,1.8630,81.2350,43.5400,-0.148
2005-08-11,1.9200,84.9300,43.5000,-1.660
2005-08-12,1.9100,83.6850,43.4800,-0.763
2005-08-16,1.8710,82.5350,43.4500,-1.502
2005-08-17,1.8990,82.8100,43.4600,-0.337
2005-08-18,1.8900,82.5300,43.5000,-0.382
2005-08-19,1.8960,82.0450,43.5100,0.548
2005-08-22,1.8980,82.5700,43.5800,0.175
2005-08-23,1.8710,81.3350,43.5700,0.227
2005-08-24,1.8430,80.0250,43.6900,0.619
2005-08-25,1.8400,79.0800,43.6000,1.447
2005-08-26,1.8400,79.5700,43.6000,0.822
2005-08-29,1.7980,77.7450,43.8600,1.435
2005-08-30,1.8000,79.3150,43.9700,-0.213
2005-08-31,1.8170,80.0200,44.0000,-0.090
2005-09-01,1.7940,77.6300,43.9400,1.544
2005-09-02,1.8170,78.1300,43.8700,2.025
2005-09-06,1.7890,77.0250,43.8200,1.777
2005-09-08,1.7980,77.0750,43.7800,2.130
2005-09-09,1.8040,78.5150,43.7600,0.545
2005-09-12,1.8130,78.9750,43.7500,0.435
2005-09-13,1.8180,79.8150,43.8200,-0.188
2005-09-14,1.8200,80.2900,43.8300,-0.647
2005-09-15,1.8300,80.5800,43.8200,-0.483
2005-09-16,1.8440,80.0900,43.8100,0.869
2005-09-19,1.8420,81.0200,43.8200,-0.375
2005-09-20,1.8460,81.0500,43.8200,-0.195
2005-09-21,1.8410,80.3900,43.8500,0.420
2005-09-22,1.7860,79.3500,43.8000,-1.415
2005-09-23,1.7910,78.0400,43.8000,0.520
2005-09-26,1.8240,80.0950,43.8600,-0.118
2005-09-27,1.8290,80.7300,43.9600,-0.405
2005-09-28,1.8330,81.0700,43.9800,-0.561
2005-09-29,1.9050,83.7600,43.9500,-0.042
2005-09-30,1.9460,85.1700,43.9400,0.396
2005-10-03,2.0060,88.1900,44.0000,0.084
2005-10-04,2.1690,91.1700,44.1000,4.917
2005-10-05,2.1150,90.9050,44.2100,2.859
2005-10-06,2.0300,92.1350,44.1800,-2.659
2005-10-07,2.0970,93.9600,44.3000,-1.131
2005-10-10,2.0980,96.5050,44.3000,-3.693
2005-10-11,2.0390,93.7600,44.7800,-2.617
2005-10-13,1.9650,89.9950,44.8800,-2.007
2005-10-14,1.9660,89.5900,44.7600,-1.777
2005-10-17,1.9600,87.6000,44.8100,0.260
2005-10-18,1.9070,85.5050,45.0500,0.474
2005-10-19,1.8740,81.6650,45.1000,3.493
2005-10-20,1.8000,82.7150,45.1100,-1.834
2005-10-21,1.8350,83.9550,45.0100,-1.622
2005-10-24,1.8090,80.7850,45.1100,1.014
2005-10-25,1.8430,84.3550,44.9600,-1.771
2005-10-26,1.8380,82.2500,45.0100,0.582
2005-10-27,1.8070,80.2200,44.9400,1.230
2005-10-28,1.7920,79.2450,45.0100,1.783
2005-10-31,1.8780,80.7900,45.0900,4.814
2005-11-02,1.8780,84.6500,45.1800,0.234
2005-11-04,1.8940,84.6500,45.4300,1.647
2005-11-07,1.9450,88.9400,45.7800,0.115
2005-11-08,1.9600,88.8400,45.7200,0.868
2005-11-09,2.0690,92.9300,45.7300,1.814
2005-11-10,2.0540,91.4600,45.6900,2.610
2005-11-11,2.0880,93.8850,45.6900,1.614
2005-11-14,2.1110,94.0050,45.6200,2.445
2005-11-16,2.1760,94.5000,45.7300,5.300
2005-11-17,2.1300,94.0750,45.6700,3.404
2005-11-18,2.1190,92.4900,45.7000,4.701
2005-11-21,2.1450,92.9500,45.7000,5.462
2005-11-22,2.1460,91.9950,45.7800,6.793
2005-11-23,2.1320,92.9350,45.7100,4.862
2005-11-25,2.1850,92.5350,45.7700,8.075
2005-11-28,2.1550,95.2350,45.8500,3.750
2005-11-29,2.1580,93.5050,45.8400,5.794
2005-11-30,2.1180,91.3850,45.8700,6.311
2005-12-01,2.1200,92.9850,45.9700,4.809
2005-12-02,2.1050,91.8400,46.1100,5.685
2005-12-05,2.0950,90.7500,46.2600,6.793
2005-12-06,2.1170,90.7700,46.1300,7.588
2005-12-07,2.1400,93.0500,46.1700,6.184
2005-12-08,2.1400,92.8150,46.1800,6.475
2005-12-09,2.1500,92.6300,46.1100,7.024
2005-12-12,2.1500,92.9150,46.0000,6.441
2005-12-13,2.1520,92.4900,46.0100,7.053
2005-12-14,2.1290,94.6850,45.6300,2.599
2005-12-15,2.1180,93.0650,45.2800,3.050
2005-12-16,2.1130,93.5100,45.1900,2.114
2005-12-19,2.1340,94.5050,44.9400,1.478
2005-12-20,2.1410,98.2100,45.1400,-1.594
2005-12-21,2.1360,98.5400,45.1700,-2.087
2005-12-22,2.1640,99.1750,45.1400,-1.504
2005-12-23,2.1380,96.6100,45.1100,-0.171
2005-12-27,2.1190,96.0700,45.1700,-0.369
2005-12-28,2.1160,96.7300,45.0600,-1.430
2005-12-29,2.1220,95.1500,45.1100,0.603
2005-12-30,2.1600,97.8150,44.9500,-0.739
2006-01-03,2.1800,99.3950,44.9200,-1.478
2006-01-04,2.2430,102.0450,44.7300,-1.681
2006-01-05,2.2790,102.9300,44.6000,-1.250
2006-01-06,2.2870,102.3800,44.3200,-0.996
2006-01-09,2.3620,106.1250,44.2000,-1.625
2006-01-10,2.3130,103.4950,44.1400,-1.352
2006-01-12,2.3020,102.8450,43.9900,-1.536
2006-01-13,2.3430,103.2800,44.1000,0.045
2006-01-17,2.3020,101.9000,44.2300,-0.081
2006-01-18,2.3000,103.1700,44.2900,-1.263
2006-01-19,2.3300,103.0700,44.1400,-0.217
2006-01-20,2.3450,103.1000,44.1000,0.305
2006-01-23,2.3220,103.1250,44.1000,-0.703
2006-01-24,2.3260,104.2350,44.1900,-1.390
2006-01-25,2.4150,108.6500,44.0800,-2.022
2006-01-27,2.4270,107.3400,44.0000,-0.514
2006-01-30,2.5540,113.0400,44.0400,-0.497
2006-01-31,2.5600,112.1250,43.9600,0.368
2006-02-01,2.7310,117.9350,44.1300,2.191
2006-02-02,2.6410,117.4100,44.1600,-0.667
2006-02-03,2.6300,116.0750,44.1400,0.011
2006-02-06,2.6600,118.8700,44.1400,-1.226
2006-02-07,2.7000,122.0050,44.1500,-2.295
2006-02-08,2.6550,119.3000,44.1700,-1.700
2006-02-10,2.6590,120.6400,44.1000,-2.800
2006-02-13,2.6420,119.5700,44.1700,-2.403
2006-02-14,2.6100,116.6550,44.1500,-1.220
2006-02-15,2.6350,117.1900,44.1500,-0.729
2006-02-16,2.7800,128.0650,44.2500,-3.943
2006-02-17,2.8430,128.6100,44.3300,-2.006
2006-02-21,2.9670,138.6800,44.3600,-5.094
2006-02-22,2.9300,135.1500,44.5400,-3.439
2006-02-23,2.9520,136.7000,44.3600,-4.206
2006-02-24,2.9200,130.8550,44.3500,-1.034
2006-02-27,2.9180,131.9300,44.4100,-1.775
2006-02-28,2.8770,130.6100,44.2100,-2.617
2006-03-01,2.9000,132.5350,44.3500,-2.958
2006-03-02,2.9460,131.6200,44.1800,-1.114
2006-03-03,2.9330,132.6850,44.0900,-2.539
2006-03-06,2.9230,132.3500,44.1800,-2.427
2006-03-07,2.8420,130.8350,44.2400,-3.902
2006-03-08,2.8600,130.3650,44.3600,-2.681
2006-03-09,2.9550,133.2550,44.3000,-1.762
2006-03-10,2.9950,135.1050,44.3100,-1.774
2006-03-13,2.9920,135.8700,44.3800,-2.271
2006-03-14,3.0400,136.1150,44.3700,-0.904
2006-03-16,3.0600,135.1950,44.2900,0.246
2006-03-17,3.0420,134.7900,44.2600,-0.112
2006-03-20,3.0310,136.5350,44.2500,-1.768
2006-03-21,3.0600,136.1850,44.2900,-0.483
2006-03-22,3.2750,148.6000,44.3600,-2.235
2006-03-23,3.1840,144.6150,44.4300,-2.178
2006-03-24,3.1400,143.2650,44.4900,-2.489
2006-03-27,3.1600,144.9750,44.5800,-2.830
2006-03-28,3.1170,142.2100,44.4900,-2.486
2006-03-29,3.0820,142.5650,44.5300,-3.734
2006-03-30,3.1180,141.9450,44.4500,-2.360
2006-03-31,3.1400,142.1400,44.4800,-1.740
2006-04-03,3.1800,144.7600,44.3900,-2.487
2006-04-04,3.1850,144.1150,44.5800,-1.476
2006-04-05,3.2170,146.4150,44.4200,-2.401
2006-04-07,3.1750,143.7700,44.4600,-1.815
2006-04-10,3.1760,143.8250,44.6600,-1.380
2006-04-12,3.2540,142.7300,45.0900,2.797
2006-04-13,3.2400,147.3850,45.0500,-0.965
2006-04-17,3.2380,146.8800,44.9700,-0.863
2006-04-18,3.2860,150.8950,45.0800,-1.830
2006-04-19,3.3040,149.5200,45.0100,-0.540
2006-04-20,3.3200,149.8850,45.0600,-0.191
2006-04-21,3.3170,148.2950,45.0500,0.766
2006-04-24,3.2650,146.4700,44.8600,-0.001
2006-04-25,3.1780,143.9750,44.8800,-0.935
2006-04-26,3.2360,145.5750,45.0400,0.120
2006-04-27,3.1210,143.9500,44.8400,-2.782
2006-04-28,3.2410,143.9800,44.8600,0.980
2006-05-02,3.6520,168.1450,44.8200,-2.654
2006-05-03,3.6170,165.1950,44.8100,-1.887
2006-05-04,3.6800,164.5850,44.8100,0.192
2006-05-05,3.7670,167.9600,44.8500,0.589
2006-05-08,3.8120,168.3750,44.8200,1.472
2006-05-09,3.7740,164.6250,44.8400,2.795
2006-05-10,3.6890,164.3550,44.8400,0.645
2006-05-11,3.7030,163.1200,44.8800,1.882
2006-05-12,3.7330,164.2950,44.8900,1.996
2006-05-15,3.3550,160.1750,45.3700,-4.969
2006-05-16,3.5200,161.5900,45.0500,-1.865
2006-05-17,3.3600,164.9300,44.6900,-8.956
2006-05-18,3.3420,156.8900,45.2600,-3.589
2006-05-19,3.2430,152.0100,45.3500,-3.250
2006-05-22,3.0610,143.8300,45.4200,-3.337
2006-05-23,3.0950,143.8050,45.3800,-2.332
2006-05-24,2.9920,142.3250,45.5600,-4.222
2006-05-25,3.0650,142.0300,45.7400,-1.293
2006-05-26,3.0670,141.0800,45.8100,-0.412
2006-05-30,2.8760,137.0200,46.1300,-3.175
2006-05-31,2.9000,135.7100,46.2200,-1.232
2006-06-01,2.7600,132.9900,46.1900,-4.140
2006-06-02,2.8450,133.7950,45.6700,-2.888
2006-06-05,2.8050,131.3100,45.7000,-2.377
2006-06-06,2.7460,127.0250,45.8000,-0.991
2006-06-07,2.7200,126.6400,45.8900,-1.437
2006-06-08,2.5810,118.4050,45.9100,0.075
2006-06-09,2.6060,121.8100,45.8100,-1.994
2006-06-12,2.5750,122.3900,45.7100,-3.829
2006-06-13,2.5000,120.8100,45.8100,-5.202
2006-06-14,2.5540,116.5650,45.5000,-0.307
2006-06-15,2.7630,121.7100,45.8300,4.041
2006-06-16,2.7530,127.2500,45.6900,-1.152
2006-06-19,2.7660,126.9450,45.7600,-0.294
2006-06-20,2.7460,125.7050,45.8000,0.049
2006-06-21,2.7310,134.7100,45.8000,-7.149
2006-06-22,2.6930,126.3150,45.9900,-1.951
2006-06-23,2.7530,126.3150,46.0100,0.278
2006-06-26,2.7310,126.6200,46.2200,-0.311
2006-06-27,2.7300,130.5000,46.2100,-3.331
2006-06-28,2.7290,127.1450,46.2500,-0.730
2006-06-29,2.7840,125.6500,46.1300,2.209
2006-06-30,2.7700,126.7950,45.8700,0.209
2006-07-03,2.8050,128.4550,45.9200,0.273
2006-07-05,2.8830,137.5650,45.9200,-3.764
2006-07-06,2.9210,133.2150,45.9900,0.842
2006-07-07,2.8230,130.1550,45.8400,-0.575
2006-07-10,2.8990,131.4650,45.9700,1.371
2006-07-11,2.8270,132.6450,46.0100,-1.941
2006-07-12,2.8380,133.6050,46.0900,-2.097
2006-07-13,2.7380,133.3950,46.1600,-5.254
2006-07-14,2.7690,130.5950,46.1900,-2.064
2006-07-17,2.6870,122.8350,46.6400,2.024
2006-07-18,2.6620,122.3850,46.6100,1.382
2006-07-19,2.7240,121.7800,46.8100,4.706
2006-07-20,2.6830,126.7100,46.7500,-1.010
2006-07-21,2.7090,124.1000,46.6400,1.811
2006-07-24,2.7340,125.6700,46.8300,1.880
2006-07-25,2.8000,129.6500,46.7600,0.986
2006-07-26,2.8770,132.3850,46.6800,1.445
2006-07-27,3.1000,136.1050,46.5200,5.956
2006-07-28,3.0430,140.3750,46.5300,0.866
2006-07-31,3.0390,139.7950,46.4900,1.064
2006-08-01,3.0360,139.0950,46.5100,1.516
2006-08-02,3.0570,141.8600,46.6100,0.442
2006-08-03,3.0780,140.8650,46.4800,1.562
2006-08-04,3.0320,142.8300,46.4200,-1.459
2006-08-07,3.0440,140.2650,46.5100,0.935
2006-08-08,3.0830,141.9900,46.4700,0.899
2006-08-09,3.0800,144.5400,46.4000,-1.126
2006-08-10,3.1090,144.2900,46.3200,-0.195
2006-08-11,3.1000,144.1300,46.5000,0.014
2006-08-14,3.0690,143.9400,46.5200,-0.813
2006-08-16,3.1430,145.3700,46.4700,0.471
2006-08-17,3.1910,148.8850,46.3600,-0.638
2006-08-18,3.1930,149.5700,46.3800,-0.989
2006-08-21,3.1310,147.4200,46.4000,-1.453
2006-08-22,3.1260,144.1150,46.4400,0.733
2006-08-23,3.1240,144.9150,46.4500,0.134
2006-08-24,3.1320,145.5900,46.4200,-0.139
2006-08-25,3.1340,144.3100,46.4100,0.789
2006-08-28,3.1330,142.8300,46.4700,1.933
2006-08-29,3.1140,142.6800,46.4500,1.377
2006-08-30,3.0890,143.8600,46.3700,-0.433
2006-08-31,3.0810,144.4700,46.4300,-0.982
2006-09-01,3.1650,148.8500,46.3800,-1.382
2006-09-05,3.1740,145.9400,46.1900,0.457
2006-09-06,3.1200,146.9700,46.1300,-2.071
2006-09-07,3.1160,145.4400,46.1400,-1.147
2006-09-08,3.1540,147.7000,46.0600,-1.643
2006-09-11,3.0840,142.4400,46.1900,0.007
2006-09-12,3.1100,142.3800,46.2700,1.067
2006-09-13,3.1840,147.3800,46.1800,-0.233
2006-09-14,3.2040,149.5100,46.1200,-1.165
2006-09-15,3.2080,149.1600,45.9500,-1.175
2006-09-18,3.2620,151.2700,46.0900,-0.611
2006-09-19,3.2360,151.1600,46.0800,-1.353
2006-09-20,3.2600,150.8200,45.8300,-0.938
2006-09-21,3.2480,151.4900,45.7400,-1.932
2006-09-22,3.1820,149.8600,45.7700,-2.816
2006-09-25,3.2000,147.6800,45.8300,-0.693
2006-09-26,3.2000,147.9900,45.7700,-1.031
2006-09-27,3.2260,147.7800,45.7600,-0.107
2006-09-28,3.1640,144.4100,45.7800,0.303
2006-09-29,3.1640,146.2800,45.9500,-0.611
2006-10-03,3.1000,145.4000,45.6800,-2.608
2006-10-04,3.1100,142.3900,45.6500,-0.294
2006-10-05,3.1300,142.4300,45.5700,0.143
2006-10-06,3.1100,141.8200,45.4200,-0.398
2006-10-09,3.0600,141.4200,45.4200,-1.722
2006-10-10,3.0560,142.5600,45.6700,-2.099
2006-10-11,3.0900,140.8200,45.5500,-0.050
2006-10-12,3.1120,142.1800,45.5200,-0.367
2006-10-13,3.1900,145.1400,45.3100,-0.414
2006-10-16,3.1680,144.6800,45.3500,-0.699
2006-10-17,3.1260,142.9600,45.1900,-1.186
2006-10-18,3.2280,146.7400,45.2800,-0.393
2006-10-19,3.1900,146.1700,45.2200,-1.312
2006-10-20,3.1680,145.2100,45.1800,-1.432
2006-10-23,3.1340,142.5600,45.3000,-0.414
2006-10-26,3.1600,142.4500,45.1900,0.246
2006-10-27,3.4160,146.1200,45.0700,5.365
2006-10-30,3.4060,150.3000,44.9000,1.749
2006-10-31,3.3600,149.9500,44.9000,0.610
2006-11-01,3.3440,150.1700,44.7900,-0.261
2006-11-02,3.3680,152.1500,44.8200,-0.786
2006-11-03,3.4820,156.0600,44.7600,-0.132
2006-11-06,3.5300,155.4600,44.8000,1.726
2006-11-07,3.5140,158.6200,44.6200,-1.151
2006-11-08,3.4640,155.6200,44.5900,-0.746
2006-11-09,3.4440,154.6700,44.4600,-1.002
2006-11-10,3.4920,157.7100,44.5500,-1.358
2006-11-13,3.5000,159.3200,44.8300,-1.516
2006-11-14,3.4900,158.1600,45.0500,-0.591
2006-11-15,3.4680,155.9800,45.2600,0.629
2006-11-16,3.2900,154.7600,44.8200,-4.718
2006-11-17,3.1800,147.1200,44.7500,-3.273
2006-11-20,3.1820,144.6700,44.8900,-1.265
2006-11-21,3.2120,146.1100,44.7700,-1.580
2006-11-22,3.2800,147.4500,44.6200,-0.744
2006-11-24,3.3220,151.0300,44.5900,-1.921
2006-11-27,3.2020,147.5800,44.5600,-3.319
2006-11-28,3.2080,144.7200,44.5800,-1.180
2006-11-29,3.2880,146.9900,44.5400,-0.369
2006-11-30,3.3400,150.1500,44.5900,-0.812
2006-12-01,3.4240,154.1600,44.5000,-1.162
2006-12-04,3.4220,154.3100,44.4900,-1.338
2006-12-05,3.4080,153.5200,44.4200,-1.392
2006-12-06,3.3520,151.2100,44.6000,-1.131
2006-12-07,3.3900,151.3600,44.5200,-0.289
2006-12-08,3.4260,154.8900,44.5300,-1.504
2006-12-11,3.4140,152.7900,44.6900,-0.143
2006-12-12,3.3600,150.6500,44.7000,-0.304
2006-12-13,3.4460,157.0200,44.6800,-1.944
2006-12-14,3.5700,161.1300,44.5600,-1.273
2006-12-15,3.5640,161.3500,44.5400,-1.617
2006-12-18,3.5960,160.8600,44.6300,-0.230
2006-12-19,3.5220,160.3200,44.6100,-1.998
2006-12-20,3.5260,159.8600,44.5500,-1.737
2006-12-21,3.5240,159.6800,44.5100,-1.770
2006-12-22,3.5660,160.7800,44.3700,-1.590
2006-12-26,3.5660,160.4600,44.3200,-1.505
2006-12-27,3.6020,161.6100,44.2000,-1.486
2006-12-28,3.6420,160.0600,44.1400,0.436
2006-12-29,3.6400,162.2400,44.1100,-1.035
2007-01-03,3.6200,161.8100,44.2400,-1.027
2007-01-04,3.7000,165.6200,44.1600,-1.345
2007-01-05,3.6320,162.0800,44.2000,-0.954
2007-01-08,3.6200,162.4400,44.3200,-1.232
2007-01-09,3.5740,159.6300,44.2700,-0.883
2007-01-10,3.4700,154.9900,44.4400,-0.505
2007-01-11,3.5580,158.3800,44.4900,-0.053
2007-01-12,3.6400,161.8900,44.4300,-0.102
2007-01-16,3.6320,161.7600,44.2000,-0.758
2007-01-17,3.7040,163.0700,44.0900,0.147
2007-01-18,3.7060,163.1600,44.1500,0.282
2007-01-19,3.7160,162.3000,44.1500,1.085
2007-01-22,3.6280,162.0100,44.1100,-1.221
2007-01-23,3.4580,154.2500,44.1400,-1.046
2007-01-24,3.4920,152.5800,44.1500,1.043
2007-01-25,3.4300,152.7400,44.1500,-0.855
2007-01-29,3.3860,150.3600,44.1300,-0.622
2007-01-31,3.3740,148.6100,44.0700,0.055
2007-02-01,3.3860,148.7600,44.0100,0.173
2007-02-02,3.4360,149.1300,44.0000,1.377
2007-02-05,3.4100,150.0600,44.0300,0.055
2007-02-06,3.3980,150.0600,44.0300,-0.297
2007-02-07,3.3900,149.1900,44.0100,0.003
2007-02-08,3.3460,148.3100,43.9800,-0.777
2007-02-09,3.3020,146.3300,43.9300,-0.870
2007-02-12,3.3400,145.0400,44.0000,1.324
2007-02-13,3.3160,145.2500,44.0200,0.496
2007-02-14,3.3400,143.9800,44.0000,2.070
2007-02-15,3.3740,147.6800,43.9100,0.320
2007-02-20,3.4520,145.8400,44.1200,4.431
2007-02-21,3.3900,145.9000,44.0000,2.234
2007-02-22,3.2600,141.2700,44.0500,1.651
2007-02-23,3.2500,136.3100,44.0800,5.099
2007-02-26,3.1800,137.8600,44.0400,1.587
2007-02-27,3.0360,138.6500,44.2100,-3.194
2007-02-28,3.0000,135.3800,44.0800,-2.319
2007-03-01,2.9580,132.3500,44.1100,-1.415
2007-03-02,2.9140,132.0200,44.1000,-2.661
2007-03-05,2.9020,123.5000,44.4300,4.402
2007-03-06,2.9480,124.5100,44.1800,4.604
2007-03-07,2.9580,127.0500,44.1800,2.861
2007-03-08,3.0320,133.7100,44.1900,0.205
2007-03-09,3.0100,132.0000,44.0700,0.493
2007-03-12,3.0080,131.6800,44.1100,0.762
2007-03-13,2.9700,132.2000,44.0800,-0.970
2007-03-14,3.0000,129.6900,44.2500,2.359
2007-03-15,3.0240,134.4900,44.1900,-0.639
2007-03-16,3.0580,136.7200,44.0800,-1.407
2007-03-19,3.0700,135.4500,44.0400,-0.183
2007-03-20,3.1000,136.4800,43.5300,-1.126
2007-03-21,3.1760,135.8400,43.2800,1.191
2007-03-22,3.1740,136.4000,43.5200,1.270
2007-03-23,3.1640,137.2600,43.5600,0.411
2007-03-26,3.1420,136.4300,43.2000,-0.510
2007-03-28,3.1860,138.4300,42.7800,-1.541
2007-03-29,3.2980,141.3000,43.4500,1.414
2007-03-30,3.2920,145.6500,43.1000,-2.585
2007-04-02,3.2440,142.1600,43.0500,-1.763
2007-04-03,3.4100,143.9600,43.0400,1.949
2007-04-04,3.4000,149.4700,42.8400,-2.552
2007-04-05,3.3500,145.9600,42.7600,-1.859
2007-04-09,3.3420,145.8100,42.6500,-2.245
2007-04-10,3.3240,144.1000,42.6500,-1.618
2007-04-11,3.2580,139.9100,42.6900,-0.590
2007-04-12,3.2960,141.1000,42.6500,-0.373
2007-04-13,3.3340,142.4900,42.4200,-0.745
2007-04-16,3.4000,142.7600,41.7500,-0.567
2007-04-17,3.3960,143.3300,41.9800,-0.534
2007-04-18,3.3860,142.7500,42.0000,-0.377
2007-04-19,3.3440,141.9400,42.0800,-0.863
2007-04-20,3.3860,143.0500,41.7000,-1.296
2007-04-23,3.3700,143.5000,41.6500,-2.188
2007-04-24,3.4280,142.7000,40.7500,-2.109
2007-04-25,3.4800,141.9500,40.5800,-0.515
2007-04-26,3.4740,143.3300,40.5600,-1.692
2007-04-27,3.4380,142.1100,40.7900,-1.319
2007-04-30,3.4220,141.6900,41.0400,-0.883
2007-05-03,3.4620,143.3500,40.8200,-1.417
2007-05-04,3.4700,143.8100,40.5800,-2.084
2007-05-07,3.4180,140.7100,40.5300,-1.548
2007-05-08,3.4060,138.1100,40.6400,0.224
2007-05-09,3.4120,138.3100,40.6700,0.330
2007-05-10,3.3180,137.9300,41.0400,-1.275
2007-05-11,3.4180,136.7600,40.7400,1.820
2007-05-14,3.1320,130.2200,40.5900,-2.375
2007-05-15,3.1460,131.6500,40.6400,-2.884
2007-05-16,3.2420,132.7200,40.5800,-0.874
2007-05-17,3.2400,135.6900,40.5900,-3.079
2007-05-18,3.2780,133.2600,40.3600,-0.720
2007-05-21,3.3000,131.8100,40.4800,1.346
2007-05-22,3.2520,132.5000,40.1400,-1.483
2007-05-23,3.2100,131.0400,40.2800,-1.329
2007-05-24,3.1560,129.9100,40.4300,-1.780
2007-05-25,3.2220,130.1100,40.2800,-0.252
2007-05-29,3.2480,131.3200,40.1900,-0.596
2007-05-30,3.2420,130.6300,40.5300,0.588
2007-05-31,3.1720,129.4300,40.3600,-1.088
2007-06-01,3.1900,129.6700,40.2700,-0.932
2007-06-04,3.2060,130.8800,40.5000,-0.792
2007-06-05,3.1980,131.1300,40.2800,-1.765
2007-06-06,3.1660,129.9000,40.4100,-1.510
2007-06-07,3.0900,129.1500,40.5100,-3.077
2007-06-08,3.0680,126.1600,40.8200,-0.733
2007-06-11,3.0540,125.0700,40.5500,-0.984
2007-06-12,3.0020,122.2200,40.4800,-0.572
2007-06-13,3.1260,125.5400,40.7000,1.345
2007-06-14,3.1500,127.8900,40.6600,0.148
2007-06-15,3.0720,126.3900,40.5200,-1.513
2007-06-18,3.0980,126.2200,40.5000,-0.595
2007-06-19,3.0960,127.1600,40.5800,-1.199
2007-06-20,3.1300,128.3200,40.5900,-0.992
2007-06-21,3.1320,129.3800,40.5900,-1.741
2007-06-22,3.1340,130.2800,40.5500,-2.453
2007-06-25,3.1560,129.9100,40.7300,-1.052
2007-06-26,3.1920,129.9000,40.9000,0.503
2007-06-27,3.2220,130.8300,40.8800,0.677
2007-06-28,3.2120,131.2000,40.8000,-0.115
2007-06-29,3.2280,131.4500,40.5800,-0.348
2007-07-02,3.2840,132.1500,40.4200,0.446
2007-07-03,3.3000,133.5300,40.4100,-0.133
2007-07-05,3.3140,134.6200,40.3400,-0.693
2007-07-06,3.3140,134.3900,40.3600,-0.474
2007-07-09,3.3800,135.1200,40.3700,0.985
2007-07-10,3.3000,136.0300,40.3000,-2.235
2007-07-11,3.3420,136.7000,40.3100,-1.451
2007-07-12,3.3960,136.4500,40.2800,0.250
2007-07-13,3.3700,134.5000,40.2600,0.874
2007-07-16,3.3400,132.4900,40.2200,1.392
2007-07-17,3.3720,135.0700,40.2300,0.434
2007-07-18,3.2500,133.0700,40.2300,-1.745
2007-07-19,3.3220,133.2000,40.2600,0.408
2007-07-20,3.3260,133.6600,40.1800,-0.016
2007-07-23,3.3040,133.6700,40.1200,-0.833
2007-07-24,3.2980,134.4100,40.1500,-1.484
2007-07-25,3.3080,132.1900,40.2400,0.699
2007-07-26,3.2540,133.2200,40.2400,-1.711
2007-07-27,3.1920,128.0500,40.3800,0.658
2007-07-30,3.1820,127.2000,40.2700,0.738
2007-07-31,3.1340,126.8100,40.1800,-0.699
2007-08-01,3.1380,124.5500,40.2500,1.409
2007-08-02,3.1720,126.4300,40.3600,1.259
2007-08-03,3.0500,124.6300,40.2500,-1.498
2007-08-06,3.0580,125.3100,40.2500,-1.776
2007-08-07,3.1180,127.1000,40.2600,-1.235
2007-08-08,3.1600,126.0600,40.2900,0.997
2007-08-09,3.1720,127.5700,40.4000,0.454
2007-08-10,3.1580,126.6800,40.4500,0.838
2007-08-13,3.1680,126.9100,40.4000,0.849
2007-08-14,3.1240,127.7900,40.8000,-0.259
2007-08-16,3.1000,125.5400,41.1500,1.613
2007-08-17,3.0800,125.0400,41.0400,1.090
2007-08-20,3.0880,125.2700,40.9100,0.846
2007-08-21,3.0440,124.5800,41.0100,0.204
2007-08-22,3.1200,124.4700,40.7700,2.195
2007-08-23,3.1440,126.0800,41.0000,2.240
2007-08-24,3.1080,125.9500,40.9000,0.927
2007-08-27,3.1260,126.2300,40.8800,1.237
2007-08-28,3.0720,126.8500,41.1000,-0.466
2007-08-29,3.1380,126.0800,40.9500,1.920
2007-08-30,3.1200,127.5000,41.0200,0.378
2007-08-31,3.1800,128.1300,40.6300,0.838
2007-09-04,3.2560,132.6600,40.7600,0.041
2007-09-05,3.2360,131.7500,40.8100,0.236
2007-09-06,3.2700,132.5700,40.6000,0.145
2007-09-07,3.2640,132.8400,40.4000,-0.734
2007-09-10,3.2400,131.9400,40.4800,-0.595
2007-09-11,3.2220,130.2800,40.3600,-0.184
2007-09-12,3.2120,129.5600,40.3400,0.009
2007-09-13,3.2520,128.3800,40.2500,1.957
2007-09-14,3.2240,128.1100,40.4000,1.670
2007-09-17,3.1860,128.8400,40.5200,0.199
2007-09-18,3.2220,128.5400,40.4500,1.392
2007-09-19,3.2800,129.0500,39.8100,1.183
2007-09-20,3.2200,127.6800,39.8700,0.549
2007-09-21,3.2100,127.9500,39.8400,-0.050
2007-09-24,3.2300,127.4700,39.5000,0.090
2007-09-25,3.2200,127.3800,39.5500,-0.023
2007-09-26,3.3060,127.8700,39.5000,2.125
2007-09-27,3.2760,129.6200,39.6500,0.211
2007-09-28,3.2720,130.0100,39.7500,0.040
2007-10-01,3.4100,131.9200,39.7000,2.621
2007-10-03,3.3280,131.4300,39.3800,-0.284
2007-10-04,3.3760,131.2000,39.3700,1.306
2007-10-05,3.3560,130.7200,39.4700,1.332
2007-10-08,3.2800,126.0300,39.4700,2.723
2007-10-09,3.3380,128.8400,38.4800,-0.306
2007-10-10,3.2800,127.4400,39.1300,0.711
2007-10-11,3.2460,126.2100,39.2000,0.819
2007-10-12,3.1880,123.4700,39.1600,1.111
2007-10-15,3.1960,123.6400,39.2900,1.562
2007-10-16,3.0980,124.5600,39.2300,-2.429
2007-10-17,3.1000,121.6500,39.3500,0.275
2007-10-18,3.1920,122.7700,39.7200,3.271
2007-10-19,3.1200,123.2700,39.6000,0.229
2007-10-22,3.1640,124.5600,39.7200,0.894
2007-10-23,3.2860,127.2100,39.4800,1.982
2007-10-24,3.2300,126.0100,39.4900,1.224
2007-10-25,3.1560,122.5600,39.3500,1.329
2007-10-26,3.1840,123.5100,39.3000,1.313
2007-10-29,3.2400,123.4700,39.3200,3.180
2007-10-30,3.1880,123.2600,39.3000,1.646
2007-10-31,3.1700,124.3200,39.2600,0.108
2007-11-01,3.1280,122.9500,39.2200,-0.219
2007-11-02,3.0960,122.8100,39.2500,-1.052
2007-11-05,3.0640,120.6600,39.1800,-0.508
2007-11-06,3.0720,122.7000,39.2300,-1.781
2007-11-07,3.0200,120.8100,39.1500,-2.133
2007-11-08,3.0580,121.0200,39.1300,-1.124
2007-11-12,3.0680,120.9000,39.1100,-0.753
2007-11-13,3.0600,120.6100,39.2200,-0.495
2007-11-14,3.0140,120.9700,39.1800,-2.382
2007-11-15,3.0640,119.1400,39.1800,0.762
2007-11-16,3.0660,123.9700,39.2400,-2.952
2007-11-19,3.0720,124.3100,39.2300,-3.053
2007-11-20,3.0700,123.7100,39.3200,-2.423
2007-11-21,2.9600,119.6700,39.2900,-2.817
2007-11-23,3.0900,120.6300,39.6500,1.566
2007-11-26,3.0920,122.9100,39.5800,-0.430
2007-11-27,3.0700,122.0300,39.6800,-0.174
2007-11-28,3.1300,122.7200,39.5600,0.899
2007-11-29,3.1220,123.1800,39.6500,0.493
2007-11-30,3.1420,125.9700,39.5200,-1.427
2007-12-03,3.2700,129.3000,39.3900,-0.383
2007-12-04,3.3320,131.4500,39.3300,-0.306
2007-12-05,3.3660,132.8700,39.3100,-0.416
2007-12-06,3.3600,132.9900,39.3900,-0.481
2007-12-07,3.4020,134.1700,39.3600,-0.199
2007-12-10,3.4040,131.2600,39.3000,1.918
2007-12-11,3.4000,134.9200,39.3100,-0.938
2007-12-12,3.4540,137.3400,39.2900,-1.189
2007-12-13,3.5220,141.4200,39.2900,-2.150
2007-12-14,3.5840,144.8200,39.3000,-2.741
2007-12-17,3.5700,143.9100,39.4900,-2.036
2007-12-18,3.5800,143.6400,39.4800,-1.602
2007-12-19,3.4900,139.7800,39.5500,-1.252
2007-12-20,3.5540,144.1800,39.4100,-2.855
2007-12-24,3.6020,143.8700,39.3800,-1.406
2007-12-26,3.6300,144.3600,39.3800,-0.977
2007-12-27,3.5900,144.1400,39.4000,-1.869
2007-12-28,3.6580,142.9800,39.4300,0.878
2007-12-31,3.6320,146.4600,39.4100,-2.269
2008-01-02,3.6560,149.1100,39.4100,-3.371
2008-01-03,3.5660,142.8600,39.2600,-2.001
2008-01-04,3.5160,145.7400,39.1500,-5.550
2008-01-07,3.5860,142.4600,39.1500,-1.452
2008-01-08,3.5160,140.9300,39.1300,-2.376
2008-01-09,3.5400,139.7100,39.1300,-0.852
2008-01-10,3.5200,136.4100,39.2700,1.335
2008-01-11,3.5100,135.7800,39.1500,1.205
2008-01-14,3.4720,133.6600,39.1400,1.671
2008-01-15,3.3620,134.5800,39.2600,-1.923
2008-01-16,3.3940,134.3600,39.2900,-0.752
2008-01-17,3.3920,134.3700,39.1600,-1.146
2008-01-18,3.3760,134.0300,39.2000,-1.262
2008-01-22,3.2700,119.0000,39.3800,8.212
2008-01-23,3.0820,121.6500,39.5500,0.200
2008-01-24,3.1740,112.8500,39.3700,10.731
2008-01-25,2.9840,120.7700,39.3300,-2.823
2008-01-28,2.8740,113.2200,39.3500,-0.113
2008-01-29,2.8340,107.9600,39.2800,3.112
2008-01-30,2.7840,107.1100,39.3500,2.278
2008-01-31,2.7820,105.8500,39.3100,3.316
2008-02-01,2.7920,105.4100,39.1200,3.617
2008-02-04,2.7480,104.8700,39.1300,2.536
2008-02-05,2.7700,109.0700,39.4000,0.062
2008-02-06,2.7640,106.5500,39.4900,2.441
2008-02-07,2.7240,104.5200,39.4300,2.762
2008-02-08,2.7160,103.2100,39.6100,4.235
2008-02-11,2.6700,101.5300,39.6000,4.139
2008-02-12,2.7000,99.9800,39.5600,6.833
2008-02-13,2.7400,102.0800,39.7500,6.696
2008-02-14,2.7760,107.5200,39.5700,2.164
2008-02-15,2.7580,108.7600,39.6500,0.547
2008-02-19,2.7520,106.0500,39.9100,3.567
2008-02-20,2.7720,107.1200,40.1100,3.795
2008-02-21,2.7520,107.8100,39.8300,1.672
2008-02-22,2.7460,108.0000,40.0400,1.805
2008-02-25,2.8480,108.1200,39.9000,5.101
2008-02-26,2.8640,109.9800,39.8900,3.878
2008-02-27,2.8760,108.3400,39.6800,5.335
2008-02-28,2.8840,114.4700,39.8400,0.374
2008-02-29,2.8620,116.7400,39.9600,-2.034
2008-03-03,2.9020,114.3000,40.3300,2.395
2008-03-04,2.8300,111.6600,40.2700,2.063
2008-03-05,2.9120,116.7200,40.1900,0.268
2008-03-07,2.8020,113.8900,40.4200,-0.556
2008-03-10,2.7480,115.1800,40.3900,-3.636
2008-03-11,2.7220,112.0100,40.2300,-2.235
2008-03-12,2.7480,110.9800,40.0200,-0.906
2008-03-13,2.7540,108.0200,40.1800,2.440
2008-03-14,2.7140,107.9900,40.4000,1.533
2008-03-17,2.7060,106.9500,40.4600,2.370
2008-03-18,2.7180,109.0500,40.2000,0.196
2008-03-19,2.7100,108.1900,40.0000,0.194
2008-03-24,2.8640,112.7800,40.0300,1.654
2008-03-25,2.9000,115.3900,39.9300,0.353
2008-03-26,2.8660,115.0600,39.9600,-0.465
2008-03-27,2.8580,116.6300,39.9500,-2.103
2008-03-28,2.9320,118.5200,39.7600,-1.640
2008-03-31,2.8960,118.2500,40.0200,-1.989
2008-04-01,3.0420,118.5600,39.8800,2.324
2008-04-02,3.0080,120.4100,39.8800,-0.375
2008-04-03,3.0620,123.4300,39.9400,-0.919
2008-04-04,3.0100,119.6800,39.9300,0.426
2008-04-07,3.0400,120.9200,39.9600,0.462
2008-04-08,2.9940,118.5200,39.9000,0.794
2008-04-09,2.9040,117.0300,39.9100,-0.967
2008-04-10,2.9860,115.5700,39.8900,3.064
2008-04-11,2.9380,118.2100,39.8400,-0.981
2008-04-15,3.0520,123.0700,39.8300,-1.226
2008-04-16,3.0640,120.4000,39.8900,1.514
2008-04-17,3.0840,121.3200,39.7900,1.148
2008-04-21,3.1200,122.3700,39.9200,1.782
2008-04-22,3.0600,122.6100,39.9300,-0.346
2008-04-23,3.1360,123.4900,40.0000,1.579
2008-04-24,3.1060,122.6700,40.1400,1.634
2008-04-25,3.1260,123.3100,40.1300,1.733
2008-04-28,3.0880,125.0400,40.1000,-0.969
2008-04-29,3.0820,125.4100,40.3700,-0.789
2008-04-30,3.0540,124.6000,40.4500,-0.855
2008-05-02,3.1340,127.2300,40.5500,-0.115
2008-05-05,3.1320,127.7900,40.4500,-0.861
2008-05-06,3.1620,129.5700,40.8000,-0.433
2008-05-07,3.0840,129.3000,41.3000,-1.493
2008-05-08,3.0660,132.3100,41.6600,-3.462
2008-05-09,3.0500,125.8900,41.5500,0.665
2008-05-12,2.9960,126.3800,42.0000,-0.434
2008-05-13,2.9680,124.8800,42.0800,0.011
2008-05-14,3.0900,134.9500,42.3400,-3.053
2008-05-15,3.0460,130.9200,42.6000,-0.886
2008-05-16,3.0440,130.2600,42.5000,-0.683
2008-05-20,2.9720,127.8400,42.5000,-1.197
2008-05-21,3.0060,131.6400,42.7700,-2.335
2008-05-22,3.1140,136.3100,42.9300,-1.926
2008-05-23,3.2020,137.3500,42.6800,-0.501
2008-05-27,3.2420,138.9800,42.8600,-0.020
2008-05-28,3.1780,136.4700,42.7500,-0.447
2008-05-29,3.1900,135.2800,42.5300,0.289
2008-05-30,3.2540,142.8300,42.1500,-3.972
2008-06-02,3.3400,144.0400,42.3800,-1.729
2008-06-03,3.2120,138.9900,42.5000,-1.784
2008-06-04,3.2080,133.7200,42.6000,2.199
2008-06-05,3.2940,140.1600,42.8200,0.634
2008-06-06,3.1660,139.2500,42.6300,-3.076
2008-06-09,3.1900,138.5300,42.8500,-1.327
2008-06-10,3.2000,139.5800,42.9200,-1.602
2008-06-11,3.2280,141.8800,42.6500,-2.964
2008-06-12,3.2960,140.6400,42.7000,0.071
2008-06-13,3.3360,145.5600,42.8600,-1.772
2008-06-16,3.2560,143.0400,42.9300,-2.279
2008-06-17,3.1820,141.7200,42.8600,-3.768
2008-06-18,3.2900,137.8800,42.8000,2.126
2008-06-19,3.2060,136.2400,42.9100,0.976
2008-06-20,3.1040,131.0100,42.8600,1.548
2008-06-23,3.0600,129.5100,42.9700,1.527
2008-06-24,3.1020,131.9200,42.7500,0.523
2008-06-25,3.1340,131.1700,42.7300,2.093
2008-06-26,3.0460,131.3600,42.6000,-1.218
2008-06-27,3.0580,131.4500,42.7800,-0.478
2008-06-30,3.1200,133.9600,42.9300,-0.014
2008-07-01,3.1280,132.0500,43.2300,2.403
2008-07-02,3.1040,131.9600,43.1500,1.499
2008-07-03,3.0380,131.0000,43.1700,0.115
2008-07-07,3.0340,128.0100,43.2900,2.603
2008-07-08,3.1440,128.9500,43.2300,5.401
2008-07-09,3.0800,131.1900,43.0200,1.000
2008-07-10,3.0500,130.5800,42.9400,0.296
2008-07-11,3.1080,129.7000,42.8000,2.562
2008-07-14,3.1400,131.2800,42.8000,2.371
2008-07-15,3.0800,129.5700,43.1200,2.500
2008-07-16,3.0040,126.1100,43.0500,2.547
2008-07-17,3.1400,128.4900,42.7000,4.349
2008-07-18,3.1800,132.5600,42.6600,2.338
2008-07-21,3.0360,135.5600,42.5700,-4.660
2008-07-22,3.0680,125.4400,42.6500,4.313
2008-07-23,3.0660,126.5100,42.0500,1.909
2008-07-24,2.9860,127.9800,42.1000,-1.773
2008-07-25,3.0400,126.9900,41.1000,-1.611
2008-07-28,2.9180,125.9200,42.5200,-1.467
2008-07-29,2.8580,118.5600,42.5600,2.595
2008-07-30,2.7780,117.1100,42.2800,0.294
2008-07-31,2.6940,113.8300,42.4700,0.513
2008-08-01,2.7500,116.9700,42.2600,-0.645
2008-08-04,2.7060,117.4900,42.4500,-2.230
2008-08-05,2.7640,117.8900,42.1500,-1.177
2008-08-06,2.8000,116.5800,42.0100,0.899
2008-08-07,2.8640,121.9600,42.0500,-1.254
2008-08-08,2.9520,125.1800,42.0500,-0.838
2008-08-11,2.9580,121.7700,42.0600,2.171
2008-08-12,2.8880,119.6800,42.3400,2.171
2008-08-13,2.8320,120.1200,42.5500,0.318
2008-08-14,2.7980,117.8300,43.0000,2.108
2008-08-18,2.7680,120.7600,43.4900,-0.314
2008-08-19,2.7540,120.5300,43.5100,-0.584
2008-08-20,2.7280,120.5200,43.6100,-1.288
2008-08-21,2.7460,118.5600,43.4300,0.589
2008-08-22,2.7800,117.0200,43.3200,2.914
2008-08-25,2.7120,117.4700,43.6800,0.843
2008-08-26,2.7100,114.7400,43.7400,3.308
2008-08-27,2.7280,117.9400,43.6200,0.895
2008-08-28,2.6880,113.3800,43.6500,3.485
2008-08-29,2.7320,115.8300,43.2500,2.011
2008-09-02,2.7360,118.6500,44.4000,2.384
2008-09-04,2.6400,120.1000,44.2600,-2.709
2008-09-05,2.6200,116.9300,44.6300,0.001
2008-09-08,2.6440,118.4100,44.5000,-0.635
2008-09-09,2.5300,115.6700,44.8300,-1.945
2008-09-10,2.4860,113.5200,45.1400,-1.147
2008-09-11,2.5120,111.8800,45.4600,2.070
2008-09-12,2.5080,114.0300,45.6200,0.338
2008-09-15,2.4320,112.3000,45.9300,-0.533
2008-09-16,2.3780,107.5600,46.8100,3.490
2008-09-17,2.2740,104.3500,46.1600,0.592
2008-09-18,2.3320,103.7500,46.3600,4.204
2008-09-19,2.3360,104.0300,45.7100,2.642
2008-09-22,2.3420,105.8600,45.3000,0.220
2008-09-23,2.3940,104.7100,45.6500,4.370
2008-09-24,2.3440,104.7200,45.9200,2.785
2008-09-25,2.3700,104.3100,46.0800,4.697
2008-09-26,2.2980,103.1300,46.4800,3.569
2008-09-29,2.1640,101.5700,46.4900,-0.951
2008-09-30,2.2300,101.9900,46.4500,1.562
2008-10-01,2.2480,106.4900,46.4700,-1.902
2008-10-03,2.1600,110.0200,47.0100,-7.706
2008-10-06,1.9680,95.1500,47.7700,-1.197
2008-10-07,1.8720,90.0000,47.7800,-0.618
2008-10-08,1.8520,93.0300,48.0000,-4.444
2008-10-10,1.7000,87.2500,48.4100,-5.677
2008-10-13,1.8220,86.1500,48.4100,2.383
2008-10-14,1.9000,91.1200,47.9300,-0.058
2008-10-15,1.6440,88.5800,48.5300,-9.931
2008-10-16,1.8460,90.2800,48.8800,-0.053
2008-10-17,1.7560,89.6900,48.8800,-4.300
2008-10-20,1.9480,96.9400,48.9600,-1.615
2008-10-21,1.9620,101.9600,49.1000,-5.518
2008-10-22,1.7820,96.0400,49.2500,-8.618
2008-10-23,1.7780,93.1200,49.8200,-4.875
2008-10-24,1.6640,88.9200,49.9600,-6.508
2008-10-27,1.5880,85.1400,49.8000,-7.115
2008-10-29,1.6680,83.2400,49.7100,-0.389
2008-10-31,1.6920,85.9800,49.4000,-2.786
2008-11-03,1.7080,80.6000,48.6100,3.010
2008-11-04,1.7500,80.2500,47.2500,3.037
2008-11-05,1.6780,81.3700,47.2800,-2.500
2008-11-06,1.6600,82.4800,47.6400,-4.119
2008-11-07,1.7200,81.6300,47.5400,0.170
2008-11-10,1.7280,83.0900,47.3000,-1.631
2008-11-11,1.7080,84.4600,47.3000,-4.347
2008-11-12,1.6240,82.9700,49.2000,-3.699
2008-11-14,1.6200,81.1300,48.7800,-2.596
2008-11-17,1.6100,79.7100,49.1900,-0.645
2008-11-18,1.6740,80.4200,49.5100,3.059
2008-11-19,1.5620,83.6100,49.8400,-6.889
2008-11-20,1.5060,83.2300,50.1200,-9.311
2008-11-21,1.6640,83.0800,49.5300,-0.797
2008-11-24,1.6780,86.1200,49.9400,-2.695
2008-11-25,1.6980,83.5600,49.8700,1.339
2008-11-26,1.7800,84.8400,49.1800,3.183
2008-11-28,1.7740,85.4400,49.5500,2.881
2008-12-01,1.7400,89.5700,49.9400,-2.986
2008-12-02,1.8300,93.8100,50.0500,-2.365
2008-12-03,1.8180,95.0700,49.9200,-4.539
2008-12-04,1.8680,95.7900,49.8200,-2.846
2008-12-05,1.9300,95.1500,49.6000,0.607
2008-12-08,1.9380,96.5600,49.4400,-0.772
2008-12-10,1.9700,96.8300,48.7000,-0.920
2008-12-11,1.8800,91.8400,48.1900,-1.353
2008-12-12,1.9160,88.7400,48.2000,4.069
2008-12-15,1.8760,90.6000,47.6200,-1.396
2008-12-16,1.9520,90.6200,47.8100,2.985
2008-12-17,1.9080,88.6400,47.5000,2.245
2008-12-18,1.9280,91.3000,46.7400,-1.298
2008-12-19,2.0560,95.2500,47.0500,1.559
2008-12-22,1.9360,95.5300,47.7100,-3.311
2008-12-23,1.9520,93.5700,48.6600,1.512
2008-12-24,1.9360,94.4000,47.7600,-2.052
2008-12-26,1.9120,93.6500,48.4200,-1.144
2008-12-29,1.9240,93.1100,48.2500,-0.297
2008-12-30,1.9620,94.1500,48.0500,0.132
2008-12-31,1.9600,93.7300,48.5800,1.586
2009-01-02,2.0420,93.6000,48.2500,5.263
2009-01-05,1.9660,94.2500,48.5000,1.168
2009-01-06,2.0500,97.3400,48.5000,2.142
2009-01-07,1.9020,92.9800,48.5600,-0.666
2009-01-09,1.9260,91.9800,48.2600,1.053
2009-01-12,1.9420,93.6900,48.7800,1.111
2009-01-13,1.9200,90.5500,48.8900,3.665
2009-01-14,1.9880,95.1900,48.7500,1.812
2009-01-15,1.9500,89.0400,48.8700,7.027
2009-01-16,1.9540,89.4600,48.6200,6.197
2009-01-20,1.8360,93.5800,49.0100,-3.844
2009-01-21,1.8500,89.4100,49.0000,1.387
2009-01-22,1.7120,85.7000,49.0700,-1.975
2009-01-23,1.7640,86.4400,49.0000,-0.005
2009-01-27,1.7880,88.7800,48.8500,-1.618
2009-01-28,1.8240,88.5100,48.8100,0.587
2009-01-29,1.7840,90.6100,48.4900,-4.529
2009-01-30,1.8100,89.9600,48.8300,-1.754
2009-02-02,1.8000,89.7800,48.8400,-2.081
2009-02-03,1.7660,87.5600,48.3700,-2.442
2009-02-04,1.8040,87.3200,48.6800,0.571
2009-02-05,1.8540,89.5900,48.7200,0.823
2009-02-06,1.9080,91.7800,48.6100,1.055
2009-02-09,1.9140,93.0100,48.5200,-0.153
2009-02-10,1.8420,92.8700,48.6800,-3.447
2009-02-11,1.8220,88.9900,48.7800,-0.127
2009-02-12,1.8620,86.9600,48.7000,4.277
2009-02-13,1.7900,86.1000,48.5800,0.997
2009-02-17,1.7220,80.2400,49.6000,6.445
2009-02-18,1.7700,79.6300,49.8400,10.783
2009-02-19,1.7320,81.1900,49.7300,6.087
2009-02-20,1.6960,79.0400,49.7100,6.665
2009-02-24,1.7100,79.5400,49.7500,6.956
2009-02-25,1.6920,80.6500,49.9500,4.793
2009-02-26,1.6440,81.3200,50.3200,1.729
2009-02-27,1.6040,78.3700,50.8800,4.136
2009-03-02,1.5540,79.7500,51.8000,0.937
2009-03-03,1.5380,79.4400,51.9600,0.597
2009-03-04,1.5820,77.9600,51.5300,4.567
2009-03-05,1.5200,74.8000,51.6000,4.856
2009-03-06,1.5480,77.1200,51.6800,3.735
2009-03-09,1.4820,75.3300,51.9100,2.125
2009-03-12,1.6080,79.6100,51.6900,4.406
2009-03-13,1.7040,82.5000,51.5400,6.454
2009-03-16,1.7380,86.7800,51.3100,2.762
2009-03-17,1.7980,84.9900,51.4200,8.781
2009-03-18,1.8080,87.3600,51.2200,6.005
2009-03-19,1.6940,87.2800,50.2100,-2.548
2009-03-20,1.6100,84.4900,50.5100,-3.751
2009-03-23,1.7180,87.1400,50.3800,-0.674
2009-03-24,1.6660,85.0400,50.4000,-1.262
2009-03-25,1.7300,85.0500,50.5000,2.722
2009-03-26,1.7920,88.9700,50.4000,1.514
2009-03-27,1.7840,94.8500,50.4600,-5.092
2009-03-30,1.7220,93.2700,51.1200,-5.620
2009-03-31,1.8900,98.0400,50.8700,-1.934
2009-04-01,1.8720,96.4000,50.4800,-1.972
2009-04-02,2.0360,100.5000,50.2200,1.739
2009-04-06,1.9960,102.8200,50.0100,-2.918
2009-04-08,2.0720,104.1000,50.2800,0.077
2009-04-09,2.1360,103.4200,49.8200,2.896
2009-04-13,2.1340,105.9400,49.7700,0.254
2009-04-15,2.2080,109.1900,49.5500,0.198
2009-04-16,2.1340,105.3900,49.6300,0.494
2009-04-17,2.1680,107.1500,49.8000,0.762
2009-04-20,2.1100,108.8900,49.7800,-3.540
2009-04-21,2.1220,107.1700,50.4500,-0.107
2009-04-22,2.1700,110.6500,50.2000,-1.551
2009-04-23,2.1900,113.2300,49.8800,-3.526
2009-04-24,2.1640,110.9000,49.6900,-3.040
2009-04-27,2.2160,113.5800,50.1500,-2.155
2009-04-28,2.1800,109.6500,50.4700,0.342
2009-04-29,2.1880,108.9500,50.0500,0.513
2009-04-30,2.1900,108.9500,49.7000,-0.098
2009-05-04,2.2460,113.4900,49.7500,-1.543
2009-05-05,2.2000,112.0900,49.2200,-3.395
2009-05-06,2.2000,113.6900,49.4000,-4.407
2009-05-07,2.2700,114.9800,49.0900,-3.084
2009-05-08,2.3100,110.2000,49.1300,2.986
2009-05-11,2.2700,111.7800,49.4400,0.402
2009-05-12,2.3360,118.8900,49.2100,-3.310
2009-05-13,2.2660,116.9900,49.5800,-3.968
2009-05-14,2.3300,117.4300,49.6500,-1.486
2009-05-15,2.3140,114.7100,49.3800,-0.388
2009-05-18,2.5580,122.5900,47.5800,-0.718
2009-05-19,2.4800,118.3900,47.6500,-0.184
2009-05-20,2.5780,126.0500,47.3000,-3.261
2009-05-21,2.6100,127.6500,47.3000,-3.288
2009-05-22,2.6860,132.1900,46.9500,-4.601
2009-05-26,2.7460,132.2300,47.7000,-0.942
2009-05-27,2.7160,134.8700,47.6100,-4.123
2009-05-28,2.7500,132.4000,47.5000,-1.341
2009-05-29,2.6880,129.5000,47.1100,-2.215
2009-06-01,2.7140,127.2300,46.7800,-0.211
2009-06-02,2.6280,123.2100,46.8400,-0.093
2009-06-03,2.6260,124.3900,46.8800,-1.032
2009-06-04,2.7340,129.0500,47.1900,-0.025
2009-06-05,2.8400,137.2600,47.0500,-2.650
2009-06-08,2.8500,137.1400,47.5000,-1.287
2009-06-09,2.9640,142.3600,47.3000,-1.519
2009-06-10,3.0660,150.3300,47.1800,-3.776
2009-06-11,3.0580,148.2100,47.4900,-2.014
2009-06-12,2.9520,141.0200,47.6000,-0.358
2009-06-15,2.9780,141.1100,47.6700,0.603
2009-06-16,2.9000,142.5800,47.6100,-3.164
2009-06-17,3.0040,143.0500,47.9600,0.714
2009-06-18,3.0420,145.6800,48.1800,0.607
2009-06-19,3.0600,146.9400,48.0000,-0.041
2009-06-22,3.0480,146.9700,48.5000,0.584
2009-06-23,3.1160,148.9400,48.4500,1.363
2009-06-24,3.1520,148.7300,48.4000,2.573
2009-06-25,3.2720,151.3900,48.5000,4.823
2009-06-26,3.2760,154.0400,48.0000,2.083
2009-06-29,3.3520,156.5600,48.0000,2.770
2009-06-30,3.3900,155.9700,47.7400,3.763
2009-07-01,3.4260,157.4500,47.7500,3.901
2009-07-02,3.3860,157.4700,47.9000,2.997
2009-07-06,3.2900,153.3300,48.5000,4.066
2009-07-07,3.3060,156.9600,48.4400,2.028
2009-07-08,3.3460,161.3100,48.8000,1.224
2009-07-09,3.3680,161.7000,48.5700,1.165
2009-07-10,3.2000,159.7500,48.7600,-2.327
2009-07-13,3.1340,153.3100,49.1600,0.494
2009-07-14,3.2000,153.8700,48.9550,1.811
2009-07-15,3.1860,153.1700,48.5500,0.986
2009-07-16,3.1640,151.0700,48.6100,1.808
2009-07-17,3.1860,153.7200,48.5600,0.645
2009-07-20,3.2620,158.0500,48.1000,-0.726
2009-07-21,3.2460,158.3200,48.2000,-1.177
2009-07-22,3.1380,150.2100,48.4500,1.216
2009-07-23,3.2600,156.9900,48.2500,0.194
2009-07-24,3.3200,162.9900,48.1600,-1.901
2009-07-27,3.3540,163.2000,48.1100,-1.127
2009-07-28,3.3320,160.5200,48.2000,0.051
2009-07-29,3.3400,161.0600,48.2500,0.059
2009-07-30,3.3700,164.9500,48.3500,-1.219
2009-07-31,3.3500,164.0600,47.9100,-2.171
2009-08-03,3.4260,162.8200,47.4000,-0.263
2009-08-04,3.4480,163.4900,47.4600,0.093
2009-08-05,3.4080,164.3800,47.2700,-1.998
2009-08-06,3.2800,160.3700,47.5200,-2.809
2009-08-07,3.3580,157.5100,47.7200,1.736
2009-08-10,3.2320,155.9900,47.7000,-1.169
2009-08-11,3.2720,160.0000,47.8800,-2.085
2009-08-12,3.3180,160.0900,48.2200,-0.060
2009-08-13,3.3160,160.7800,48.1100,-0.776
2009-08-14,3.2920,160.5900,48.1800,-1.234
2009-08-17,3.1260,158.4500,48.8200,-3.685
2009-08-18,3.2380,157.9500,48.7900,0.020
2009-08-19,3.2520,159.9100,48.7000,-0.962
2009-08-20,3.2600,160.5200,48.5800,-1.339
2009-08-21,3.3100,160.8900,48.4300,-0.365
2009-08-24,3.3060,161.1200,48.5000,-0.483
2009-08-25,3.2840,161.8800,48.7550,-1.093
2009-08-26,3.3460,165.1600,48.9000,-0.933
2009-08-27,3.2960,162.9800,48.8100,-1.290
2009-08-28,3.2980,163.4800,48.5200,-2.117
2009-08-31,3.2240,158.5800,48.8300,-0.726
2009-09-01,3.1380,156.9400,49.0500,-1.925
2009-09-02,3.1480,155.7700,48.8800,-1.217
2009-09-03,3.1400,153.3100,48.8700,0.092
2009-09-04,3.1860,154.5600,48.8600,0.717
2009-09-08,3.2580,159.0100,48.4000,-0.832
2009-09-09,3.2580,158.6100,48.3300,-0.726
2009-09-10,3.3280,164.2100,48.4500,-1.808
2009-09-11,3.2960,161.9400,48.3900,-1.511
2009-09-14,3.3400,163.9400,48.6700,-0.843
2009-09-15,3.3860,165.7000,48.5000,-0.893
2009-09-16,3.4740,166.1100,48.2000,0.805
2009-09-17,3.4940,167.0100,48.1000,0.630
2009-09-18,3.6200,173.2000,48.0200,0.365
2009-09-22,3.6140,172.4600,47.8600,0.293
2009-09-23,3.7000,173.8000,47.9000,1.974
2009-09-24,3.8980,178.4500,47.8900,4.609
2009-09-25,4.1000,197.5100,47.9300,-0.505
2009-09-29,3.8500,197.6200,48.0500,-6.390
2009-09-30,3.9000,198.5500,48.0900,-5.540
2009-10-01,3.8460,190.4400,47.7200,-3.628
2009-10-05,3.8840,184.1500,47.3900,-0.047
2009-10-06,3.9900,187.7300,46.7900,-0.553
2009-10-07,4.0040,189.6300,46.5800,-1.647
2009-10-08,4.2060,195.5800,46.2000,-0.646
2009-10-09,4.1120,191.7400,46.4400,-0.406
2009-10-12,4.1600,192.4800,46.4400,0.369
2009-10-13,4.1660,192.4800,46.2800,0.168
2009-10-14,4.2920,196.6000,46.0000,0.423
2009-10-15,4.1660,193.3200,46.0400,-0.785
2009-10-16,4.0920,188.1200,46.2000,0.495
2009-10-20,4.0120,186.7800,46.2400,-0.677
2009-10-21,3.9000,182.4300,46.3400,-0.934
2009-10-22,3.9400,180.5300,46.5900,1.681
2009-10-23,4.0860,191.9200,46.4100,-1.193
2009-10-26,4.1860,195.1200,46.6800,0.145
2009-10-27,4.1520,198.2200,46.9300,-1.698
2009-10-28,4.0840,199.9200,47.1600,-3.661
2009-10-29,4.2360,203.2400,47.1800,-1.666
2009-10-30,4.3460,202.2800,46.9000,0.765
2009-11-03,4.4980,206.9000,47.3700,2.982
2009-11-04,4.5380,212.9000,46.9400,0.053
2009-11-05,4.5840,214.1500,46.9300,0.456
2009-11-06,4.6000,213.8500,46.8300,0.733
2009-11-09,4.7600,219.9700,46.3600,0.320
2009-11-10,4.8000,218.2500,46.3000,1.828
2009-11-11,4.9220,225.7800,46.3000,0.934
2009-11-12,4.7420,221.7500,46.6000,-0.348
2009-11-13,4.8440,221.7300,46.2400,1.018
2009-11-16,4.9000,220.4700,46.0600,2.369
2009-11-17,4.8600,222.1500,46.2000,1.072
2009-11-18,4.7940,221.5300,46.2000,-0.021
2009-11-19,4.6900,219.7800,46.7300,-0.280
2009-11-20,4.8040,223.5100,46.6300,0.224
2009-11-23,4.8240,220.8300,46.4000,1.360
2009-11-24,4.8080,221.8700,46.3100,0.355
2009-11-25,4.7860,220.0500,46.1800,0.440
2009-11-27,4.7620,221.8100,46.5500,-0.063
2009-11-30,4.8500,225.7900,46.4400,-0.246
2009-12-01,4.9960,229.0000,46.2100,0.814
2009-12-02,4.9040,224.8300,46.2400,0.859
2009-12-03,4.9140,224.8000,46.0000,0.553
2009-12-04,4.7780,224.0700,46.1000,-1.698
2009-12-07,4.6960,218.9200,46.4500,-0.361
2009-12-08,4.6780,219.4200,46.6000,-0.650
2009-12-09,4.7080,215.4000,46.5100,1.657
2009-12-10,4.7960,221.2900,46.5000,0.779
2009-12-11,4.7640,220.6100,46.4700,0.350
2009-12-14,4.7980,220.7400,46.6500,1.398
2009-12-15,4.8800,224.7600,46.7000,1.395
2009-12-16,4.9840,228.7900,46.5700,1.449
2009-12-17,5.0240,234.8900,46.8500,0.206
2009-12-18,5.1880,241.4100,46.6900,0.339
2009-12-21,5.2260,244.4600,46.8000,0.048
2009-12-22,5.2180,241.3700,46.7800,1.130
2009-12-23,5.1040,242.6600,46.8000,-1.563
2009-12-24,5.0700,236.8100,46.7200,0.026
2009-12-29,4.8740,229.2800,46.5600,-1.023
2009-12-30,4.8840,227.5200,46.5600,-0.053
2009-12-31,4.8420,229.3200,46.4000,-2.028
2010-01-04,4.9760,228.4300,46.2700,0.792
2010-01-05,5.0620,235.4900,46.1300,-0.841
2010-01-06,5.2340,241.5300,45.7200,-0.924
2010-01-07,5.2300,237.7900,45.6700,0.447
2010-01-08,5.1960,238.8200,45.5000,-1.006
2010-01-11,5.3040,240.0300,45.3500,0.211
2010-01-12,5.2500,241.9000,45.6000,-1.033
2010-01-13,5.4420,245.6500,45.4700,0.732
2010-01-14,5.4240,247.4200,45.5500,-0.144
2010-01-15,5.3960,245.9900,45.8000,0.466
2010-01-19,5.2340,236.1000,45.8400,1.621
2010-01-20,4.8960,240.2800,46.1000,-6.066
2010-01-21,4.8220,224.7200,46.1000,-1.079
2010-01-22,4.7780,225.4800,46.2100,-2.079
2010-01-25,4.8080,224.3800,46.0600,-1.303
2010-01-27,4.7480,221.3000,46.3000,-0.663
2010-01-28,4.7040,230.5800,46.3500,-5.443
2010-01-29,4.7420,223.9200,46.0800,-2.415
2010-02-01,4.7940,224.7000,46.2700,-1.282
2010-02-02,5.0060,233.1200,46.1100,-0.984
2010-02-03,4.9600,230.4500,45.9700,-1.058
2010-02-04,4.8240,232.3800,46.2100,-4.072
2010-02-05,4.8360,230.1000,46.7200,-1.809
2010-02-08,4.6680,223.1200,46.7900,-2.108
2010-02-09,4.7320,220.5100,46.4900,-0.236
2010-02-10,4.6760,216.6800,46.3600,0.046
2010-02-11,4.7200,218.1200,46.3900,0.385
2010-02-16,4.8500,222.6300,45.9900,0.189
2010-02-17,4.8580,221.2100,46.0000,1.021
2010-02-18,4.8880,223.2500,46.2000,1.154
2010-02-19,4.8740,224.2100,46.2400,0.519
2010-02-22,4.7800,223.2200,46.1500,-1.175
2010-02-23,4.8460,228.6900,46.2500,-1.995
2010-02-24,4.9100,228.1600,46.2700,-0.427
2010-02-25,4.9000,228.7600,46.2900,-0.848
2010-02-26,4.9220,228.4600,46.0500,-0.789
2010-03-02,5.0900,227.1000,46.0100,3.122
2010-03-03,5.1060,233.7500,45.5500,-0.501
2010-03-04,5.0620,231.3700,45.8200,0.247
2010-03-05,5.1320,230.4200,45.4900,1.317
2010-03-08,5.1740,233.8400,45.5000,0.674
2010-03-09,5.1740,233.5800,45.6000,1.008
2010-03-10,5.2020,233.0500,45.3500,1.228
2010-03-11,5.1900,233.5900,45.4900,1.072
2010-03-12,5.2460,234.7500,45.4800,1.635
2010-03-15,5.3520,240.1400,45.5500,1.517
2010-03-16,5.3720,244.4500,45.4500,-0.120
2010-03-17,5.5080,245.8400,45.2800,1.449
2010-03-18,5.5120,246.8000,45.4500,1.507
2010-03-19,5.6260,250.7800,45.3100,1.648
2010-03-22,5.6600,253.6900,45.5200,1.558
2010-03-23,5.7800,260.7100,45.5000,0.875
2010-03-25,5.6940,263.0800,45.5000,-1.522
2010-03-26,5.6620,256.9100,45.1600,-0.473
2010-03-29,5.7100,253.7000,44.9400,1.146
2010-03-30,5.6360,252.5900,45.0600,0.542
2010-03-31,5.6460,254.9900,44.9500,-0.472
2010-04-01,5.7160,252.7800,44.7900,1.282
2010-04-05,5.8740,254.5900,44.3900,2.418
2010-04-06,5.8160,254.9400,44.4100,1.313
2010-04-07,5.7760,256.2400,44.4400,0.174
2010-04-08,5.7420,255.1900,44.4100,-0.074
2010-04-09,5.6140,248.5100,44.1000,-0.375
2010-04-12,5.4720,240.5800,44.4100,1.011
2010-04-13,5.4300,238.2100,44.4675,1.364
2010-04-15,5.4620,246.0400,44.3200,-1.611
2010-04-16,5.3200,239.9800,44.3000,-1.793
2010-04-19,5.3500,238.1600,44.7200,0.459
2010-04-20,5.3240,232.6900,44.5000,1.817
2010-04-21,5.2740,233.3300,44.5400,0.675
2010-04-22,5.3440,240.0700,44.5200,-0.898
2010-04-23,5.4440,242.5900,44.4200,-0.316
2010-04-26,5.5920,248.8600,44.3300,-0.388
2010-04-27,5.4320,251.7900,44.4100,-4.192
2010-04-28,5.5640,249.2200,44.5400,-0.562
2010-04-29,5.6680,247.8800,44.6100,2.005
2010-04-30,5.6180,251.9900,44.2000,-1.458
2010-05-03,5.6360,247.8300,44.4600,1.108
2010-05-04,5.5740,246.5600,44.6200,0.873
2010-05-05,5.5380,248.1600,44.8200,0.021
2010-05-06,5.1860,248.5100,45.2900,-5.487
2010-05-07,5.0600,241.1200,45.4000,-4.726
2010-05-10,5.3340,244.0900,44.8400,-2.013
2010-05-11,5.4000,238.9100,45.1000,1.938
2010-05-12,5.6760,252.0700,45.0800,1.509
2010-05-13,5.5760,254.3900,45.0000,-1.364
2010-05-14,5.6160,258.4000,45.2000,-1.763
2010-05-17,5.6520,261.5600,45.5100,-1.658
2010-05-18,5.6560,262.3700,45.5100,-1.893
2010-05-19,5.5920,258.9000,46.2700,-0.061
2010-05-20,5.3860,263.5200,46.8000,-4.347
2010-05-21,5.4800,262.0000,46.9000,-1.904
2010-05-24,5.4240,257.8900,46.9700,-1.212
2010-05-25,5.3740,252.4900,47.4900,1.078
2010-05-26,5.4940,257.7300,47.1000,0.403
2010-05-27,5.7200,266.3200,46.7100,0.323
2010-05-28,5.7400,274.0200,46.3100,-2.993
2010-06-01,5.8860,281.0000,47.0800,-1.383
2010-06-02,6.0660,281.0100,46.8900,1.219
2010-06-03,6.1300,279.0700,46.5500,2.251
2010-06-04,5.8940,281.1200,46.8500,-1.774
2010-06-07,5.9600,280.6900,47.0800,-0.033
2010-06-08,6.2120,279.8300,46.8200,3.937
2010-06-09,6.5200,293.3400,46.9500,4.355
2010-06-10,6.4220,299.4600,46.8900,0.557
2010-06-11,6.2740,293.2100,46.7600,0.055
2010-06-14,6.0920,282.3100,46.4000,0.127
2010-06-15,6.2040,284.4400,46.4100,1.226
2010-06-16,6.1680,282.8300,46.4300,1.255
2010-06-17,6.1700,284.6900,46.2200,0.171
2010-06-18,6.1380,284.3400,45.9600,-0.787
2010-06-21,6.2680,283.8400,45.6400,0.786
2010-06-22,6.1260,281.8900,46.0000,-0.033
2010-06-23,6.3060,290.2400,46.1850,0.345
2010-06-24,6.3400,293.4000,46.4775,0.432
2010-06-25,6.4280,296.7600,46.3600,0.419
2010-06-28,6.3720,296.0200,46.2000,-0.552
2010-06-29,6.1800,291.0200,46.4000,-1.467
2010-06-30,6.1700,290.2500,46.4100,-1.344
2010-07-01,6.0820,288.0900,46.5900,-1.642
2010-07-02,6.2080,287.1600,46.5500,0.635
2010-07-06,6.2200,294.1100,46.7600,-1.109
2010-07-07,6.2820,290.8500,46.9600,1.428
2010-07-08,6.3480,292.3000,46.8650,1.779
2010-07-09,6.2600,292.5800,46.6600,-0.167
2010-07-12,6.2880,292.2900,46.6600,0.379
2010-07-13,6.3140,290.9800,46.7400,1.422
2010-07-14,6.2680,289.5200,46.7100,1.125
2010-07-15,6.3260,293.8800,46.5000,0.095
2010-07-16,6.2400,295.5700,46.7000,-1.408
2010-07-19,6.1920,294.5500,47.1000,-0.987
2010-07-20,6.1220,286.1300,47.2300,1.053
2010-07-21,5.8800,280.9500,47.0800,-1.466
2010-07-22,5.6200,276.1400,47.1200,-4.101
2010-07-23,5.7460,273.0600,46.9000,-1.308
2010-07-26,5.5760,268.6900,47.0400,-2.380
2010-07-27,5.6120,266.1000,46.2500,-2.460
2010-07-28,5.6640,266.7500,46.7000,-0.840
2010-07-29,5.7460,275.5700,46.5300,-2.979
2010-07-30,5.7820,270.9200,46.3500,-1.079
2010-08-02,5.8760,271.2200,46.0900,-0.146
2010-08-03,5.9080,274.6100,46.1100,-0.798
2010-08-04,5.9540,275.2700,46.0200,-0.460
2010-08-05,5.8680,268.8700,46.0600,0.524
2010-08-06,5.8260,267.7000,45.9400,-0.020
2010-08-09,5.8520,267.6100,46.0700,0.744
2010-08-10,5.7940,266.4400,46.3000,0.684
2010-08-11,5.6340,262.8100,46.6600,0.028
2010-08-12,5.7280,269.5500,46.7000,-0.761
2010-08-13,5.7780,267.8900,46.6100,0.531
2010-08-16,5.7880,270.9000,46.6800,-0.264
2010-08-17,5.7520,266.0300,46.6000,0.757
2010-08-18,5.7900,267.5000,46.5400,0.735
2010-08-19,5.6560,268.0000,46.3500,-2.181
2010-08-20,5.6500,265.2300,45.7000,-2.649
2010-08-23,5.6700,266.1200,46.5000,-0.926
2010-08-24,5.6700,265.6700,46.8600,0.010
2010-08-25,5.6700,264.7200,46.8700,0.390
2010-08-26,5.6540,267.8300,46.7800,-1.246
2010-08-27,5.7240,265.5700,46.8000,0.871
2010-08-30,5.6840,269.3600,46.8700,-1.096
2010-08-31,5.7620,272.8900,47.0200,-0.719
2010-09-01,5.8380,273.7100,46.7400,-0.308
2010-09-02,5.9720,275.4700,46.6500,1.134
2010-09-03,6.1120,277.9700,46.5800,2.420
2010-09-07,6.1040,286.3500,46.8200,-0.196
2010-09-08,6.0860,280.9300,46.5000,0.736
2010-09-09,6.1220,280.7000,46.3000,0.979
2010-09-13,6.3740,289.7500,46.2600,1.764
2010-09-14,6.3600,292.3800,46.1500,0.388
2010-09-15,6.3920,293.8900,46.2300,0.549
2010-09-16,6.3620,291.9900,46.1400,0.532
2010-09-17,6.3220,295.3600,45.8800,-1.797
2010-09-20,6.5000,294.4100,45.6500,0.786
2010-09-21,6.4940,298.1800,45.5900,-0.710
2010-09-22,6.5160,299.6100,45.5600,-0.915
2010-09-23,6.6040,298.5200,45.5600,0.790
2010-09-24,6.6260,299.2800,45.1000,-0.149
2010-09-27,6.5600,298.6000,44.9400,-1.270
2010-09-28,6.5500,291.8700,45.0400,1.077
2010-09-29,6.5140,291.8600,44.8000,-0.011
2010-09-30,6.4440,288.3400,44.5600,-0.415
2010-10-01,6.7780,296.9100,44.4100,1.381
2010-10-04,6.7780,299.5200,44.5500,0.815
2010-10-05,6.7980,300.5100,44.4600,0.575
2010-10-06,6.9160,304.5300,44.2500,0.494
2010-10-07,7.0860,310.6000,44.2100,0.860
2010-10-08,7.0580,312.0800,44.3900,0.392
2010-10-11,7.0360,313.5800,44.3900,-0.399
2010-10-12,7.0500,314.0700,44.5500,0.002
2010-10-13,7.2180,317.4200,44.3500,0.850
2010-10-14,7.3360,314.9800,44.0500,2.594
2010-10-15,7.2640,317.0500,44.1500,1.153
2010-10-18,7.3940,322.9600,44.2600,1.331
2010-10-19,7.2800,325.7200,44.3000,-0.987
2010-10-20,7.2800,316.9000,44.2500,1.654
2010-10-21,7.2740,323.1900,44.2500,-0.407
2010-10-22,7.3640,321.9000,44.5200,1.847
2010-10-25,7.4740,327.7200,44.3900,1.236
2010-10-26,7.4920,330.3200,44.5400,1.021
2010-10-27,7.4260,330.2600,44.4000,-0.165
2010-10-28,7.5060,329.1800,44.3600,1.150
2010-10-29,7.5660,331.9200,44.4400,1.299
2010-11-01,7.5860,335.7800,44.3600,0.219
2010-11-02,7.6480,334.7900,44.0000,0.514
2010-11-03,7.7800,339.0800,44.3800,1.827
2010-11-04,7.9620,346.8300,44.0800,1.192
2010-11-08,7.9940,352.0100,44.2900,0.581
2010-11-09,7.9620,351.4300,44.2500,0.253
2010-11-10,7.8840,348.8000,44.2800,0.087
2010-11-11,7.9240,347.2600,44.2800,1.041
2010-11-12,7.8800,348.5900,44.7800,1.227
2010-11-15,7.8200,352.4800,45.1100,0.079
2010-11-16,7.7500,350.3400,45.5100,0.674
2010-11-18,7.9700,353.5700,45.1400,1.752
2010-11-19,7.8920,354.1000,45.2500,0.851
2010-11-22,7.8540,352.5400,45.4800,1.322
2010-11-23,7.7880,352.0400,45.5600,0.790
2010-11-24,7.9540,356.2500,45.7200,2.079
2010-11-26,7.8940,357.4300,45.8200,1.196
2010-11-29,7.8600,359.3700,45.8000,0.172
2010-11-30,7.7960,357.3400,45.8300,-0.014
2010-12-01,7.8660,355.1300,45.2900,0.316
2010-12-02,8.0540,357.5400,45.0900,1.570
2010-12-03,8.2060,365.5900,44.9000,0.782
2010-12-06,8.2240,363.8800,44.8900,1.455
2010-12-07,8.3520,366.0200,44.7000,1.998
2010-12-08,8.3160,368.4700,45.0000,1.561
2010-12-09,8.1320,362.5000,45.1300,1.241
2010-12-10,8.0960,361.6700,45.1000,0.957
2010-12-13,8.1480,364.4200,45.1800,1.017
2010-12-14,8.1080,365.7400,45.0100,-0.218
2010-12-15,7.9640,358.2200,45.3800,0.889
2010-12-16,7.8460,357.7600,45.5400,-0.127
2010-12-20,7.5420,340.8400,45.4000,0.460
2010-12-21,7.0720,337.3400,45.1900,-5.264
2010-12-22,7.4620,335.3700,45.0500,0.236
2010-12-23,7.3960,336.6100,45.0600,-0.994
2010-12-27,7.3740,338.8300,45.2600,-1.500
2010-12-28,7.3840,337.9500,45.0000,-1.678
2010-12-29,7.3380,338.7200,44.9700,-2.577
2010-12-30,7.4020,337.0000,44.8000,-1.600
2010-12-31,7.3920,332.5700,44.8000,-0.423
2011-01-03,7.4660,334.1000,44.5900,-0.356
2011-01-04,7.4840,339.2500,44.9000,-0.949
2011-01-05,7.5960,343.0500,45.3500,0.416
2011-01-06,7.5000,343.2700,45.1500,-1.353
2011-01-07,7.3280,334.5300,45.3500,-0.659
2011-01-10,7.2740,330.8700,45.3600,-0.278
2011-01-11,7.3700,334.1800,45.0800,-0.581
2011-01-12,7.3240,333.8800,45.0200,-1.244
2011-01-13,7.2640,328.4400,45.0200,-0.431
2011-01-14,7.3480,330.2900,45.4100,1.024
2011-01-18,7.4600,334.3300,45.3200,1.124
2011-01-19,7.3420,331.5700,45.5000,0.751
2011-01-20,7.3580,333.2500,45.7700,1.058
2011-01-21,7.1920,330.3900,45.5800,-0.780
2011-01-24,7.3120,327.2200,45.5100,1.696
2011-01-25,6.9380,315.7700,45.7000,0.411
2011-01-27,6.8700,311.0100,45.6800,0.904
2011-01-28,7.0940,312.6600,45.8300,3.985
2011-01-31,7.1480,324.8500,45.9200,1.042
2011-02-01,7.1280,321.8700,45.6500,1.095
2011-02-02,7.0920,322.6800,45.5500,0.112
2011-02-03,7.0720,320.0700,45.6600,0.887
2011-02-04,6.9480,316.1800,45.6000,0.205
2011-02-07,6.8420,313.0300,45.3500,-0.877
2011-02-08,6.7820,306.9200,45.1500,-0.232
2011-02-09,6.6340,303.6900,45.3600,-0.913
2011-02-10,6.5860,298.2500,45.6400,0.783
2011-02-11,6.6300,299.4500,45.6000,0.961
2011-02-14,6.7040,308.2300,45.4400,-1.168
2011-02-15,6.6860,307.7200,45.4100,-1.335
2011-02-16,6.7220,302.2400,45.4000,0.972
2011-02-17,6.6960,305.1700,45.2500,-0.713
2011-02-18,6.7700,307.4700,45.1000,-0.697
2011-02-22,6.7240,310.1500,45.1500,-2.116
2011-02-23,6.7940,315.6100,45.0600,-3.001
2011-02-24,6.5940,300.0200,45.4000,-0.217
2011-02-25,6.7380,305.4800,45.2600,-0.170
2011-02-28,6.8100,309.2000,45.1800,-0.493
2011-03-01,6.9600,316.4500,44.8200,-1.423
2011-03-03,7.1460,315.8700,45.0400,1.895
2011-03-04,7.0280,314.3800,44.8900,0.352
2011-03-07,7.0720,322.9200,44.9500,-1.559
2011-03-08,7.1060,320.5100,45.0300,-0.164
2011-03-09,7.1080,323.8900,44.8800,-1.508
2011-03-10,6.9660,318.0700,45.1700,-1.074
2011-03-11,6.9980,317.3100,45.2400,-0.227
2011-03-14,7.0440,319.4800,44.9900,-0.805
2011-03-15,6.9160,308.0500,45.2200,1.523
2011-03-16,6.7480,314.1200,45.0000,-3.330
2011-03-17,6.7300,305.3300,45.1200,-0.548
2011-03-18,6.8000,298.7500,45.0600,2.563
2011-03-21,6.8780,302.0200,44.9800,2.434
2011-03-22,6.8860,306.7000,44.9500,0.921
2011-03-23,6.9560,311.3700,44.8000,0.083
2011-03-24,7.0060,308.4200,44.6900,1.517
2011-03-25,7.0500,309.6300,44.6000,1.550
2011-03-28,6.9980,309.9700,44.8000,1.142
2011-03-29,7.3840,319.6800,44.7000,3.248
2011-03-30,7.4360,326.8800,44.7500,1.799
2011-03-31,7.4600,327.8100,44.5400,1.360
2011-04-01,7.5460,323.5800,44.4400,3.636
2011-04-04,7.5060,325.8300,44.3000,2.052
2011-04-05,7.5700,327.8700,44.3000,2.282
2011-04-06,7.6160,328.0600,44.0600,2.286
2011-04-07,7.3800,325.7500,44.1800,0.092
2011-04-08,7.5480,325.9900,44.0500,1.994
2011-04-11,7.4140,322.8300,44.3300,1.807
2011-04-13,7.4400,327.2100,44.4600,1.092
2011-04-15,7.5360,330.8500,44.2600,0.814
2011-04-18,7.4280,329.3600,44.3600,0.044
2011-04-19,7.4340,325.0400,44.4900,1.753
2011-04-20,7.6300,335.3200,44.3300,0.870
2011-04-21,7.5600,331.3600,44.2600,0.979
2011-04-25,7.5880,331.1700,44.4100,1.755
2011-04-26,7.6540,335.9800,44.5100,1.399
2011-04-27,7.6860,333.2700,44.0000,1.474
2011-04-28,7.6920,335.8700,44.4200,1.729
2011-04-29,7.8480,332.7800,44.2400,4.332
2011-05-02,7.7380,338.5500,44.2700,1.185
2011-05-03,7.6340,336.6200,44.4700,0.851
2011-05-04,7.3040,320.1700,44.3500,1.175
2011-05-05,7.3140,316.0100,44.7600,3.596
2011-05-06,7.3460,321.2800,44.7200,2.251
2011-05-09,7.3780,319.4100,44.6800,3.206
2011-05-10,7.4080,318.6700,44.7500,4.029
2011-05-11,7.3840,319.7800,44.5900,2.962
2011-05-12,7.4260,319.7100,44.9800,4.476
2011-05-13,7.5640,330.3300,44.8600,2.722
2011-05-16,7.4280,323.7000,45.1500,3.606
2011-05-17,7.3900,325.7700,45.1300,2.376
2011-05-18,7.4000,317.7500,45.0600,4.939
2011-05-19,7.2720,319.8400,44.9000,2.086
2011-05-20,7.1880,320.1800,44.9900,1.002
2011-05-23,7.0780,313.2000,45.2200,2.193
2011-05-24,7.0440,311.6700,45.2100,2.178
2011-05-25,7.0240,308.8100,45.3200,3.082
2011-05-26,7.0160,310.0300,45.3300,2.582
2011-05-27,7.1280,311.9000,45.1700,3.229
2011-05-31,7.2520,323.1700,45.0400,1.071
2011-06-01,7.2020,322.0900,44.8400,0.263
2011-06-02,7.2720,321.3700,44.8600,1.510
2011-06-03,7.1940,315.0700,44.8200,2.338
2011-06-06,7.1900,321.4800,44.7800,0.152
2011-06-07,7.2720,320.8200,44.6700,1.253
2011-06-08,7.2060,315.4900,44.7200,2.143
2011-06-09,7.1340,312.7200,44.6400,1.836
2011-06-10,7.0120,312.4200,44.7200,0.370
2011-06-13,6.9980,307.3400,44.8500,2.122
2011-06-14,6.9620,310.9800,44.7400,0.161
2011-06-15,6.8920,311.1200,44.7900,-0.780
2011-06-16,6.8940,309.9100,44.8800,-0.164
2011-06-17,6.8740,310.6700,44.7600,-0.962
2011-06-20,6.7660,303.2200,44.9200,0.234
2011-06-21,6.8040,302.2400,44.8400,0.943
2011-06-22,6.7420,302.9000,44.8200,-0.239
2011-06-23,6.6320,298.9200,44.8900,-0.405
2011-06-24,6.6320,299.9400,44.9900,-0.522
2011-06-27,6.6900,300.9600,44.9400,-0.103
2011-06-28,6.9340,308.6400,45.0000,1.098
2011-06-29,6.9580,310.4000,44.7800,0.380
2011-06-30,6.8660,306.3800,44.5900,-0.073
2011-07-01,6.9700,305.3800,44.6200,1.841
2011-07-05,7.0240,312.8100,44.3500,-0.414
2011-07-06,6.9040,305.7800,44.4800,0.428
2011-07-07,7.0000,313.0600,44.3200,-0.901
2011-07-08,6.9520,310.0200,44.4100,-0.413
2011-07-11,6.8840,307.9500,44.4800,-0.568
2011-07-12,6.9680,308.5700,44.6000,0.714
2011-07-13,7.2220,319.1600,44.5200,0.741
2011-07-14,7.1980,318.3400,44.5000,0.619
2011-07-15,7.2000,320.0000,44.5100,0.147
2011-07-18,7.0980,315.2100,44.6000,0.432
2011-07-19,7.2560,319.9200,44.4800,0.884
2011-07-20,6.9380,313.3100,44.4400,-1.591
2011-07-21,6.9320,307.9700,44.4000,-0.061
2011-07-22,7.0300,313.9700,44.3400,-0.720
2011-07-25,7.0920,317.6100,44.3900,-0.880
2011-07-26,7.0640,315.6600,44.1000,-1.311
2011-07-27,7.0640,317.8300,44.1500,-1.873
2011-07-28,7.1120,320.7600,44.0300,-2.375
2011-07-29,7.1320,317.2100,44.2000,-0.623
2011-08-01,7.1020,320.1000,44.0600,-2.245
2011-08-02,7.0800,319.6900,44.2600,-1.980
2011-08-03,7.0400,315.0400,44.3100,-0.983
2011-08-04,6.6400,308.8200,44.5600,-4.191
2011-08-05,6.7360,306.1400,44.7300,-1.581
2011-08-08,6.2380,309.2600,45.0000,-9.232
2011-08-09,6.6780,298.3000,45.2000,1.189
2011-08-10,6.4100,297.2600,45.2500,-2.425
2011-08-11,6.6280,296.6400,45.2900,1.194
2011-08-12,6.6480,297.1800,45.3900,1.539
2011-08-16,6.6260,300.5200,45.2500,-0.231
2011-08-17,6.6520,300.7600,45.3000,0.191
2011-08-18,6.3260,292.5300,45.7100,-1.152
2011-08-19,6.2080,282.4300,45.6600,0.364
2011-08-22,6.2740,290.1100,45.5600,-1.471
2011-08-23,6.4080,289.0400,45.6200,1.139
2011-08-24,6.5540,289.5200,45.8900,3.883
2011-08-25,6.3220,291.2100,46.0400,-0.050
2011-08-26,6.3460,290.2400,46.1500,0.905
2011-08-29,6.5260,293.3700,45.9500,2.216
2011-08-30,6.4960,299.2000,46.0100,-0.107
2011-09-02,6.4680,301.5700,45.7400,-1.898
2011-09-06,6.4300,294.9400,46.0000,0.285
2011-09-07,6.5040,294.6300,46.0700,1.700
2011-09-08,6.3880,295.1700,46.2000,-0.015
2011-09-09,6.1640,293.5600,46.6400,-2.068
2011-09-12,6.1740,290.7700,47.2200,0.264
2011-09-13,6.1680,290.4100,47.4900,0.864
2011-09-14,6.2080,293.1800,47.5800,0.749
2011-09-15,6.2000,295.6700,47.5400,-0.312
2011-09-16,6.3920,305.4200,47.2700,-1.071
2011-09-19,6.2520,303.0700,47.7200,-1.559
2011-09-20,6.2920,307.4300,47.9300,-1.904
2011-09-21,6.2100,306.1600,48.3200,-1.990
2011-09-22,5.8920,300.7900,49.4700,-3.096
2011-09-23,5.9660,297.3000,49.3400,-0.988
2011-09-26,6.0220,296.9600,49.4700,0.319
2011-09-27,6.1440,299.7900,48.9200,0.258
2011-09-28,6.1100,297.8400,48.9400,0.397
2011-09-29,6.1080,298.0300,48.9300,0.280
2011-09-30,5.9600,296.6300,49.0500,-1.447
2011-10-03,5.8360,292.0400,49.0900,-1.901
2011-10-04,5.8480,290.3600,49.3000,-0.707
2011-10-05,5.9900,296.9800,49.2400,-0.684
2011-10-07,6.0640,300.6300,48.8900,-1.384
2011-10-10,6.2660,302.0100,48.8900,1.435
2011-10-11,6.2020,301.5600,49.2400,1.269
2011-10-12,6.2820,306.0600,48.9500,0.472
2011-10-13,6.2340,300.7400,49.2200,2.027
2011-10-14,6.2000,304.6600,48.8900,-0.506
2011-10-17,6.0940,301.8000,49.0300,-0.998
2011-10-18,6.1900,299.5200,49.3300,1.947
2011-10-19,6.2260,303.6600,49.1700,0.814
2011-10-20,6.1720,304.3100,49.8600,1.126
2011-10-21,6.2840,306.0300,49.8200,2.300
2011-10-24,6.3420,308.7600,49.7200,2.126
2011-10-25,6.4480,315.9100,49.4100,0.850
2011-10-28,6.9140,334.2400,48.6300,0.595
2011-10-31,6.6300,334.1400,48.6700,-3.429
2011-11-01,6.4880,322.0000,49.2600,-0.746
2011-11-02,6.6400,327.7300,49.1000,-0.521
2011-11-03,6.6760,328.0600,49.0400,-0.204
2011-11-04,6.5560,324.3900,48.9900,-0.990
2011-11-08,6.5960,324.6200,49.3900,0.356
2011-11-09,6.4000,321.1900,50.0500,-0.271
2011-11-11,6.5560,323.8800,49.9800,1.170
2011-11-14,6.5320,329.0100,50.3700,0.002
2011-11-15,6.4720,322.7600,50.6200,1.503
2011-11-16,6.3820,322.9300,50.6600,0.118
2011-11-17,6.1300,310.3400,50.9500,0.639
2011-11-18,6.0620,311.2200,51.2300,-0.213
2011-11-21,5.8960,306.0800,52.0600,0.283
2011-11-22,5.8800,307.8100,52.4800,0.251
2011-11-23,5.8140,306.5500,52.2600,-0.884
2011-11-25,5.8280,307.9600,52.2300,-1.157
2011-11-28,5.9680,310.3300,51.9400,-0.113
2011-11-29,6.0580,318.9800,51.9000,-1.433
2011-11-30,6.0080,315.5000,52.1200,-0.749
2011-12-01,5.9860,309.2100,51.3600,-0.572
2011-12-02,6.0740,315.4800,50.5000,-2.771
2011-12-05,6.0960,315.9400,51.3100,-0.998
2011-12-07,5.9880,310.9600,51.6200,-0.598
2011-12-08,5.9180,311.0200,51.7000,-1.627
2011-12-09,6.0420,314.4900,51.8700,-0.347
2011-12-12,5.9800,313.7500,52.6000,0.254
2011-12-13,5.9700,319.9800,53.0900,-0.948
2011-12-14,5.8820,316.8800,53.7100,-0.302
2011-12-15,5.9700,317.0300,53.5500,0.840
2011-12-16,6.0340,321.0600,52.4900,-1.350
2011-12-19,5.8940,318.0000,52.6900,-2.341
2011-12-20,5.9140,313.5900,52.7600,-0.500
2011-12-21,5.9540,313.0300,52.3900,-0.351
2011-12-22,5.9360,314.6400,52.5600,-0.840
2011-12-23,6.0020,317.9200,52.7800,-0.357
2011-12-27,5.8980,316.0300,52.9300,-1.218
2011-12-28,5.8460,313.3600,52.8800,-1.348
2011-12-29,5.8520,313.8300,53.0000,-1.171
2011-12-30,5.8860,315.5900,53.0100,-1.132
2012-01-03,6.0300,321.2100,53.1100,-0.298
2012-01-04,5.9860,318.2400,52.8500,-0.591
2012-01-05,5.9500,316.3300,52.8900,-0.517
2012-01-06,6.0760,320.1100,52.6700,-0.027
2012-01-09,6.1780,320.0100,52.3900,1.142
2012-01-10,6.3140,323.6200,51.5900,0.655
2012-01-11,6.3900,330.1500,51.7800,0.219
2012-01-12,6.4120,331.5000,51.5100,-0.367
2012-01-13,6.3700,332.1500,51.4300,-1.367
2012-01-17,6.4200,329.0200,50.6900,-1.091
2012-01-18,6.5500,332.5100,50.4000,-0.719
2012-01-19,6.7000,340.0600,50.3000,-0.897
2012-01-20,6.5020,329.0300,50.2200,-0.760
2012-01-23,6.5940,329.5600,49.9900,0.022
2012-01-24,6.5360,329.2000,50.0200,-0.689
2012-01-25,6.6420,329.8300,50.1800,1.051
2012-01-27,6.7040,329.1300,49.3900,0.602
2012-01-30,6.6980,331.2200,49.6600,0.423
2012-01-31,6.8300,337.9500,49.5400,0.121
2012-02-01,6.8600,335.2800,49.2738,0.817
2012-02-02,6.7300,326.3200,49.0300,1.119
2012-02-03,6.7880,334.1500,48.6500,-1.171
2012-02-06,6.7680,329.4200,49.0500,0.774
2012-02-07,6.6100,326.7200,49.2000,-0.462
2012-02-08,6.5520,324.3400,49.2200,-0.571
2012-02-09,6.5460,327.7100,49.3500,-1.423
2012-02-10,6.4740,324.3900,49.4800,-1.250
2012-02-13,6.5540,325.3300,49.1400,-1.004
2012-02-14,6.5460,322.1300,49.4000,0.386
2012-02-15,6.5060,324.0500,49.3500,-0.919
2012-02-16,6.5360,324.3300,49.4300,-0.387
2012-02-17,6.6220,326.9900,49.3100,-0.140
2012-02-21,6.6460,329.8700,49.2100,-0.855
2012-02-22,6.6980,329.3800,49.2400,0.130
2012-02-23,6.6620,326.0700,49.1900,0.501
2012-02-24,6.7100,325.8600,48.9800,0.858
2012-02-27,6.6820,326.0100,49.1200,0.678
2012-02-28,6.7060,329.6100,49.0100,-0.288
2012-02-29,6.7200,328.5400,48.9900,0.205
2012-03-01,6.8820,333.5400,49.1400,1.392
2012-03-02,6.8340,335.4300,49.5500,0.952
2012-03-05,6.7040,334.9000,49.8200,-0.271
2012-03-06,6.5620,337.8500,50.3763,-2.155
2012-03-07,6.7040,338.5500,50.2700,-0.455
2012-03-09,6.8760,340.4500,49.7500,0.479
2012-03-12,6.8300,339.4500,49.9800,0.564
2012-03-13,6.8440,339.1300,49.9200,0.744
2012-03-14,6.7720,335.8000,50.0000,0.834
2012-03-15,6.7500,336.1900,50.2800,0.952
2012-03-16,6.6960,336.0200,50.1100,-0.144
2012-03-19,6.7360,335.0000,50.1600,0.859
2012-03-20,6.6720,335.2000,50.4800,0.478
2012-03-21,6.6760,335.1800,50.6000,0.783
2012-03-22,6.5480,332.9900,51.2800,0.838
2012-03-23,6.5560,333.1800,51.1800,0.707
2012-03-26,6.6200,332.7200,51.0300,1.532
2012-03-27,6.7000,336.2000,50.6600,0.958
2012-03-28,6.7000,339.8000,50.9700,0.500
2012-03-29,6.6720,341.3000,51.3800,0.442
2012-03-30,6.9120,352.9500,50.8900,-0.340
2012-04-02,6.9960,347.6500,50.7900,2.208
2012-04-03,6.7860,338.6100,50.6400,1.486
2012-04-04,6.7320,342.5100,51.1800,0.594
2012-04-09,6.8180,350.1700,51.1000,-0.506
2012-04-10,6.5820,342.9500,51.4700,-1.217
2012-04-11,6.7020,346.3700,51.5000,-0.351
2012-04-12,6.7500,338.6300,51.2200,2.098
2012-04-13,6.6580,347.0000,51.4500,-1.281
2012-04-16,6.7320,351.8900,51.6000,-1.284
2012-04-17,6.8340,352.1200,51.4100,-0.223
2012-04-18,6.8820,353.4300,51.7900,0.846
2012-04-19,7.0120,361.2900,52.0700,1.059
2012-04-20,6.9380,358.6200,52.0200,0.640
2012-04-23,6.8280,355.6400,52.3800,0.565
2012-04-24,6.8360,352.6900,52.6300,2.010
2012-04-25,6.8400,356.3600,52.4500,0.673
2012-04-26,6.8520,354.8400,52.4400,1.262
2012-04-27,6.8220,356.2000,52.4500,0.453
2012-04-30,6.7660,352.5900,52.6500,1.032
2012-05-02,6.6720,351.9700,52.9700,0.411
2012-05-03,6.5200,349.5300,53.3300,-0.520
2012-05-04,6.5040,349.5300,53.4100,-0.615
2012-05-07,6.4800,343.0800,52.9100,-0.065
2012-05-08,6.4600,341.9000,53.1400,0.405
2012-05-09,6.3100,336.8000,53.7500,0.701
2012-05-10,6.3820,339.5300,53.2500,0.092
2012-05-11,6.1200,332.0600,53.6300,-1.158
2012-05-14,6.0940,334.3900,53.9200,-1.735
2012-05-15,6.0300,331.8700,53.9100,-2.047
2012-05-16,6.1020,332.6900,54.3400,-0.333
2012-05-17,6.0300,332.6600,54.3700,-1.446
2012-05-18,5.9800,332.0600,54.4800,-1.888
2012-05-21,5.9980,330.5800,54.9700,-0.263
2012-05-22,5.9780,331.8700,55.3400,-0.316
2012-05-23,5.9460,334.9600,55.9500,-0.681
2012-05-24,5.9980,341.4000,55.5500,-2.405
2012-05-25,6.0520,338.4300,55.3500,-1.020
2012-05-29,6.0680,340.1900,55.7100,-0.630
2012-05-30,5.9640,336.7000,56.1300,-0.576
2012-05-31,5.8860,337.1200,56.3800,-1.562
2012-06-01,5.8400,330.0000,55.4400,-1.888
2012-06-04,5.7320,324.4100,55.6500,-1.672
2012-06-05,5.7400,323.6800,55.5400,-1.508
2012-06-06,5.8140,323.1000,55.2600,-0.563
2012-06-07,5.8480,323.4300,54.9100,-0.716
2012-06-08,5.8240,324.2500,55.3900,-0.512
2012-06-11,5.6580,322.1200,55.6900,-2.181
2012-06-12,5.6840,316.3600,55.6000,-0.104
2012-06-13,5.6280,313.7700,55.5600,-0.344
2012-06-14,5.5660,311.0300,55.7000,-0.323
2012-06-15,5.6100,315.8600,55.3400,-1.710
2012-06-18,5.4820,308.6200,55.8500,-0.794
2012-06-19,5.5360,309.3500,55.8700,-0.017
2012-06-20,5.6460,318.3200,56.2400,-0.248
2012-06-21,5.5060,317.2200,56.2500,-2.367
2012-06-22,5.5420,316.8100,57.1100,-0.097
2012-06-25,5.5420,318.0500,57.1300,-0.451
2012-06-26,5.6300,320.1800,56.9500,0.140
2012-06-27,5.6900,321.8900,56.9300,0.634
2012-06-28,5.6520,322.3000,56.8100,-0.375
2012-06-29,5.9360,329.6300,55.5700,0.071
2012-07-02,5.9400,328.8000,55.4500,0.174
2012-07-03,6.1880,333.7200,54.3100,0.704
2012-07-05,5.9620,325.7000,54.9500,0.587
2012-07-06,5.8860,326.8800,55.4700,-0.117
2012-07-09,5.9540,328.0400,55.8700,1.405
2012-07-10,5.9480,331.5900,55.3900,-0.642
2012-07-11,5.9760,328.9500,55.5200,0.863
2012-07-12,5.9300,329.9000,55.8300,0.355
2012-07-13,6.0340,329.3200,55.1000,0.958
2012-07-16,6.1160,335.0700,55.0500,0.482
2012-07-17,6.2780,340.9100,55.0300,1.340
2012-07-18,6.1500,334.4900,55.3300,1.731
2012-07-19,6.0620,330.9100,55.1600,1.049
2012-07-20,5.8220,322.2400,55.2700,-0.142
2012-07-23,5.8000,325.8800,55.9200,-0.474
2012-07-24,5.7880,325.4300,56.2200,-0.009
2012-07-25,5.8080,323.1400,56.1000,0.832
2012-07-26,5.9060,324.6000,55.5900,1.144
2012-07-27,5.8680,324.2700,55.3900,0.234
2012-07-30,5.9140,325.0300,55.4200,0.838
2012-07-31,5.8040,322.9900,55.5500,-0.179
2012-08-01,5.8380,327.1900,55.4700,-1.026
2012-08-02,5.9060,329.4000,55.8400,0.119
2012-08-03,6.0440,334.6900,55.7500,0.676
2012-08-06,6.0260,331.6100,55.5200,0.891
2012-08-07,6.0500,331.8600,55.0600,0.378
2012-08-08,6.0240,331.4700,55.2800,0.464
2012-08-09,5.9800,329.8700,55.1700,0.014
2012-08-10,5.9760,328.9300,55.1800,0.251
2012-08-13,5.8820,328.0300,55.3400,-0.768
2012-08-14,5.8840,329.1300,55.6600,-0.494
2012-08-16,5.9460,331.7200,55.6200,-0.303
2012-08-17,5.9160,333.8000,55.6200,-1.424
2012-08-21,5.9780,331.9900,55.4600,-0.136
2012-08-22,6.0300,335.2200,55.5000,-0.166
2012-08-23,6.0140,335.0100,55.1400,-1.014
2012-08-24,5.9880,335.4200,55.4100,-1.081
2012-08-27,6.0040,334.2200,55.6800,0.025
2012-08-28,6.0960,339.0500,55.6500,0.057
2012-08-29,6.0600,337.5300,55.6900,-0.014
2012-08-30,5.9780,339.1400,55.6300,-1.941
2012-08-31,6.0080,335.5200,55.5200,-0.583
2012-09-04,6.0820,336.2400,55.6100,0.589
2012-09-05,6.0480,335.2900,55.8800,0.797
2012-09-06,6.0340,334.7400,55.6400,0.296
2012-09-07,6.1660,340.0200,55.2700,0.228
2012-09-10,6.2040,343.3300,55.4400,0.181
2012-09-11,6.2240,345.1700,55.2500,-0.375
2012-09-12,6.3700,353.8800,55.2100,-0.620
2012-09-13,6.5160,355.7600,55.3400,1.359
2012-09-14,6.3660,349.5000,53.3000,-2.916
2012-09-17,6.1860,334.1000,53.8800,-0.239
2012-09-18,6.1540,335.3300,53.9000,-1.082
2012-09-20,6.1360,333.0100,54.2600,-0.021
2012-09-21,6.1280,328.7400,53.4600,-0.346
2012-09-24,6.1760,333.1500,53.4300,-0.950
2012-09-25,6.1360,331.0000,53.3600,-1.082
2012-09-26,5.9940,324.7100,53.5200,-1.204
2012-09-27,6.0540,324.5600,52.9900,-1.158
2012-09-28,6.1720,329.1300,52.9200,-0.762
2012-10-01,6.2760,329.2900,52.4600,-0.016
2012-10-03,6.4440,336.6300,52.2500,0.020
2012-10-04,6.7020,344.0400,51.7400,0.791
2012-10-05,6.5680,339.4600,51.7700,0.167
2012-10-08,6.5420,340.3900,51.7700,-0.503
2012-10-09,6.3940,341.6000,52.7300,-1.301
2012-10-10,6.3580,338.3400,53.0500,-0.310
2012-10-11,6.4460,340.4900,52.6600,-0.307
2012-10-12,6.4140,336.7900,52.8100,0.574
2012-10-15,6.3780,340.2400,53.0900,-0.480
2012-10-16,6.4280,338.2500,52.8900,0.511
2012-10-17,6.4340,338.2000,52.8600,0.562
2012-10-18,6.4080,339.1300,53.4600,1.015
2012-10-19,6.3600,340.8900,54.0800,0.897
2012-10-22,6.4780,345.7500,53.5100,0.257
2012-10-23,6.3680,346.2400,53.7200,-1.199
2012-10-25,6.3340,338.9000,53.5500,0.084
2012-10-31,6.5080,351.3000,53.8000,-0.333
2012-11-01,6.6300,353.0200,53.7600,0.966
2012-11-02,6.6300,354.9300,53.7500,0.404
2012-11-05,6.6220,359.5200,54.6000,0.568
2012-11-06,6.5660,357.3300,54.4200,-0.002
2012-11-07,6.5260,358.8200,54.3700,-1.115
2012-11-08,6.4720,355.3900,54.3000,-1.114
2012-11-09,6.4280,353.7700,54.6100,-0.774
2012-11-12,6.4120,355.3600,54.6100,-1.463
2012-11-15,6.3140,344.3300,54.6500,0.212
2012-11-16,6.3380,351.3800,55.1600,-0.505
2012-11-19,6.4100,347.6000,55.0500,1.516
2012-11-20,6.3520,347.6900,55.1000,0.663
2012-11-21,6.3280,347.2200,55.1400,0.491
2012-11-23,6.3720,348.6000,55.4400,1.338
2012-11-26,6.4000,351.9500,55.6300,1.160
2012-11-27,6.5380,357.5100,55.3500,1.222
2012-11-29,6.5700,361.7100,54.7100,-0.626
2012-11-30,6.7080,363.8800,54.2600,0.026
2012-12-03,6.6180,366.2000,54.6600,-1.218
2012-12-04,6.7140,366.3500,54.7300,0.302
2012-12-05,6.7180,366.5000,54.4600,-0.174
2012-12-06,6.7460,369.3100,54.3100,-0.795
2012-12-07,6.7660,367.8800,54.3500,-0.040
2012-12-10,6.9480,376.7500,54.4200,0.361
2012-12-11,6.8800,376.2400,54.3100,-0.688
2012-12-12,6.8500,374.7300,54.2300,-0.868
2012-12-13,6.7680,370.3900,54.3600,-0.670
2012-12-14,6.7200,366.0100,54.4900,0.044
2012-12-17,6.7420,368.8600,54.6800,-0.056
2012-12-18,6.7140,367.8000,54.9100,0.235
2012-12-19,6.7360,370.5500,54.6700,-0.619
2012-12-20,6.8080,369.1600,54.9200,1.283
2012-12-21,6.6980,364.2000,55.0600,1.261
2012-12-24,6.6360,364.4700,54.9500,0.049
2012-12-26,6.7040,363.7700,54.8600,1.103
2012-12-27,6.6600,365.7900,54.9400,0.030
2012-12-28,6.6160,365.3100,54.7700,-0.808
2012-12-31,6.6580,365.9500,54.8600,-0.189
2013-01-02,6.8380,367.5400,54.2300,0.894
2013-01-03,6.8820,376.4600,54.4600,-0.443
2013-01-04,6.8360,377.8700,54.9300,-0.627
2013-01-07,6.8180,377.5200,55.2000,-0.309
2013-01-08,6.8920,381.6300,55.0200,-0.637
2013-01-09,6.9260,382.1800,54.7900,-0.708
2013-01-10,6.9400,382.0100,54.4900,-1.008
2013-01-11,6.9640,379.9700,54.8100,0.454
2013-01-14,6.9980,382.6100,54.5000,-0.319
2013-01-15,6.9980,380.4700,54.5800,0.389
2013-01-16,7.0560,385.9800,54.6600,-0.077
2013-01-17,7.0840,387.7000,54.3500,-0.692
2013-01-18,7.1500,378.2300,53.8200,1.740
2013-01-22,7.1580,382.4900,53.7200,0.533
2013-01-23,7.1260,384.4600,53.6600,-0.541
2013-01-24,7.1840,387.0400,53.6700,-0.381
2013-01-25,7.2040,389.0300,53.7800,-0.411
2013-01-28,7.1400,388.1500,53.9700,-0.722
2013-01-29,7.2400,387.5700,53.6400,0.202
2013-01-30,7.2900,386.5400,53.2100,0.352
2013-01-31,7.1880,383.1800,53.3200,0.022
2013-02-01,7.3140,389.0600,53.1600,-0.064
2013-02-04,7.1680,382.4700,53.2400,-0.221
2013-02-05,7.2000,379.9700,52.9900,0.410
2013-02-06,7.1760,379.8500,53.0700,0.258
2013-02-07,7.1060,379.0400,53.2200,-0.227
2013-02-08,7.0500,371.0800,53.5800,1.794
2013-02-11,7.1960,379.7700,53.9500,2.226
2013-02-12,7.1860,383.0100,53.7500,0.845
2013-02-13,7.1520,381.0400,53.7900,0.962
2013-02-14,6.9640,374.8700,53.9400,0.205
2013-02-15,6.7760,363.7800,54.2800,1.105
2013-02-19,6.7720,364.7000,54.2600,0.754
2013-02-20,6.7240,365.1600,54.1800,-0.234
2013-02-21,6.6160,364.2400,54.4700,-1.062
2013-02-22,6.6320,363.2400,54.2800,-0.896
2013-02-25,6.6220,360.8700,53.9600,-0.983
2013-02-26,6.5300,353.8300,54.1400,-0.084
2013-02-27,6.5820,351.1700,53.7200,0.688
2013-02-28,6.5200,351.0900,54.3700,0.969
2013-03-01,6.4060,348.3700,54.9000,0.953
2013-03-04,6.4920,353.0200,54.9200,0.997
2013-03-05,6.5940,358.7900,54.8700,0.842
2013-03-06,6.6060,361.9600,54.8300,0.068
2013-03-07,6.6580,361.7400,54.4500,0.218
2013-03-08,6.6760,363.8400,54.3200,-0.330
2013-03-11,6.7200,362.6300,54.3800,0.773
2013-03-12,6.7440,363.4300,54.1900,0.558
2013-03-13,6.7020,361.5900,54.3000,0.644
2013-03-14,6.6960,363.4000,54.2200,-0.094
2013-03-15,6.6700,364.5300,54.0600,-1.084
2013-03-18,6.6140,360.5800,54.1000,-0.766
2013-03-19,6.5440,359.5700,54.4000,-0.995
2013-03-20,6.6120,360.0000,54.3200,-0.232
2013-03-21,6.5040,354.4500,54.2700,-0.417
2013-03-22,6.4260,350.4200,54.3000,-0.425
2013-03-25,6.4560,353.1800,54.2200,-0.888
2013-03-26,6.4880,352.6300,54.4200,0.127
2013-03-28,6.4700,353.3000,54.4400,-0.304
2013-04-01,6.5960,365.1800,54.2800,-1.958
2013-04-02,6.7660,367.8700,54.4300,0.110
2013-04-03,6.6760,367.5700,54.4600,-1.087
2013-04-04,6.8240,377.9500,54.9100,-0.858
2013-04-05,6.8760,382.3100,54.7500,-1.530
2013-04-08,7.0000,387.3400,54.5800,-1.363
2013-04-09,7.0100,383.3000,54.4700,-0.382
2013-04-10,7.0840,379.9400,54.4100,1.448
2013-04-11,6.9120,377.0300,54.3600,-0.343
2013-04-12,6.9000,380.7600,54.6200,-1.020
2013-04-15,6.7300,370.5300,54.4800,-1.047
2013-04-16,6.9920,384.7400,54.0800,-1.719
2013-04-17,7.0420,381.5800,54.1600,-0.049
2013-04-18,7.0080,381.2200,53.9500,-0.823
2013-04-22,7.0120,377.2700,54.1900,0.718
2013-04-23,7.0700,380.3000,54.3900,1.114
2013-04-25,7.2860,398.5000,54.1100,-1.068
2013-04-26,7.2580,398.1700,54.4100,-0.819
2013-04-29,7.3480,399.4700,54.2000,-0.303
2013-04-30,7.5760,405.6400,53.6800,0.256
2013-05-02,7.4460,401.9300,53.7900,-0.351
2013-05-03,7.4760,400.2900,53.8000,0.479
2013-05-06,7.3880,398.5900,54.1300,0.332
2013-05-07,7.3640,398.3800,54.0600,-0.071
2013-05-08,7.3820,399.7500,54.0800,-0.133
2013-05-09,7.3240,397.3900,54.3400,0.150
2013-05-10,7.7020,404.4500,54.9400,4.623
2013-05-13,7.6920,415.4600,54.8500,1.552
2013-05-14,7.5620,405.5800,54.5000,1.615
2013-05-15,7.6560,413.0600,54.7800,1.534
2013-05-16,7.7080,423.7900,54.6800,-0.547
2013-05-17,7.5860,415.6600,55.1700,0.688
2013-05-20,7.5320,408.9600,55.0200,1.333
2013-05-21,7.3660,404.1700,55.4200,1.003
2013-05-22,7.4980,411.1500,55.6200,1.432
2013-05-23,7.4640,410.2900,55.7000,1.329
2013-05-24,7.5040,413.2200,55.7800,1.295
2013-05-28,7.5760,423.3700,56.0700,0.335
2013-05-29,7.5680,424.5500,56.2800,0.324
2013-05-30,7.4720,421.5300,56.5000,0.151
2013-05-31,7.3940,418.4000,56.5000,-0.153
2013-06-03,7.6180,422.3700,56.6600,2.194
2013-06-04,7.5880,431.4200,56.4300,-0.749
2013-06-05,7.4660,432.1300,56.8400,-1.796
2013-06-06,7.5920,427.5700,56.9200,1.068
2013-06-07,7.7400,438.0600,56.5700,-0.048
2013-06-10,7.5700,436.3000,58.1300,0.858
2013-06-11,7.5400,436.7900,58.3400,0.708
2013-06-12,7.5540,435.6900,57.8200,0.248
2013-06-13,7.5440,431.8100,58.0700,1.452
2013-06-14,7.6460,435.1700,57.5600,1.134
2013-06-17,7.3960,429.2900,57.9700,-0.127
2013-06-18,7.3420,426.1900,58.7900,1.278
2013-06-19,7.1280,419.9400,58.7000,-0.363
2013-06-20,6.9340,415.5300,59.5700,-0.595
2013-06-21,7.1980,424.2800,59.4300,0.824
2013-06-24,7.0940,420.6100,59.8000,0.859
2013-06-25,7.1440,419.9300,59.6600,1.496
2013-06-26,7.0200,419.1700,60.7000,1.657
2013-06-27,7.3340,431.8500,60.1900,2.219
2013-06-28,7.5640,443.7700,59.5200,1.451
2013-07-01,7.6100,452.7600,59.3800,-0.194
2013-07-02,7.6440,452.6800,59.5400,0.540
2013-07-03,7.4380,442.1700,60.2100,1.283
2013-07-05,7.3760,447.7700,60.2300,-0.785
2013-07-08,7.3540,449.7500,60.7500,-0.666
2013-07-09,7.4960,456.8400,60.0900,-1.402
2013-07-10,7.4980,452.3000,59.8800,-0.734
2013-07-11,7.5700,459.1700,59.8200,-1.379
2013-07-12,7.8140,469.8900,59.8800,-0.423
2013-07-15,7.8500,469.5300,59.8900,0.129
2013-07-16,7.8020,455.6800,59.2900,1.514
2013-07-17,7.8260,462.2300,59.3400,0.468
2013-07-18,7.9020,467.9000,59.5900,0.637
2013-07-19,7.8860,469.2200,59.3700,-0.219
2013-07-22,7.8800,463.8900,59.7100,1.428
2013-07-23,7.9500,472.2500,59.6400,0.400
2013-07-24,7.9020,469.2400,59.1400,-0.408
2013-07-25,7.8840,463.5900,59.0100,0.355
2013-07-26,7.8460,458.8900,59.0800,1.014
2013-07-29,7.5760,443.5400,59.3300,1.340
2013-07-30,7.2260,435.4500,60.8000,0.894
2013-07-31,7.4540,456.2400,60.7700,-0.715
2013-08-01,7.4520,455.6900,60.4500,-1.145
2013-08-02,7.2740,447.7400,60.8800,-1.094
2013-08-05,7.2740,441.9900,60.8800,0.193
2013-08-06,7.2260,439.6400,60.7800,-0.101
2013-08-07,7.2420,450.9300,61.2000,-1.712
2013-08-08,7.1760,444.8000,60.7200,-2.040
2013-08-12,7.1240,436.2300,61.1500,-0.137
2013-08-13,7.1520,447.6500,61.3300,-2.014
2013-08-14,7.0600,442.2200,61.2700,-2.183
2013-08-16,6.9440,433.2300,61.6500,-1.185
2013-08-19,6.7120,428.2200,63.1300,-1.049
2013-08-20,6.7020,427.7500,63.2100,-0.962
2013-08-21,6.4000,409.3200,64.1100,0.240
2013-08-22,6.5620,421.7100,64.5500,0.443
2013-08-23,6.6000,423.9500,63.2200,-1.580
2013-08-26,6.5960,430.1700,64.2600,-1.467
2013-08-27,6.4540,433.4900,66.2400,-1.379
2013-08-28,6.4540,434.3600,68.8000,2.227
2013-08-29,6.7000,451.6900,66.5500,-1.285
2013-08-30,6.6540,458.5800,65.7100,-4.655
2013-09-03,6.4900,441.3200,67.7100,-0.426
2013-09-04,6.8000,454.9900,67.0800,0.254
2013-09-05,6.9140,458.8200,66.0100,-0.529
2013-09-06,6.8920,456.9300,65.2300,-1.612
2013-09-10,6.9740,453.2800,63.8300,-1.794
2013-09-11,7.0540,450.0100,63.2600,-0.839
2013-09-12,7.0140,449.3400,63.4200,-1.004
2013-09-13,7.1480,449.8600,63.3600,0.675
2013-09-16,7.0040,444.8100,62.8300,-1.068
2013-09-17,7.2720,460.8900,63.3600,-0.030
2013-09-18,7.5560,470.6900,63.3700,1.728
2013-09-19,7.5120,475.5500,61.7600,-2.441
2013-09-20,7.4400,473.2500,62.2700,-2.105
2013-09-23,7.5180,475.7800,62.5700,-1.131
2013-09-24,7.5500,478.9800,62.7200,-1.137
2013-09-25,7.7120,485.8200,62.2000,-1.263
2013-09-26,7.7200,491.4100,61.6800,-3.101
2013-09-27,7.6040,482.4400,62.4800,-1.522
2013-09-30,7.5580,476.2300,62.5800,-0.683
2013-10-01,7.7180,481.5300,62.4600,0.111
2013-10-03,7.7400,485.9500,61.9700,-1.297
2013-10-04,7.7900,474.3400,61.4200,0.869
2013-10-07,7.7320,477.1300,61.7900,0.132
2013-10-08,7.6300,478.5600,61.7900,-1.484
2013-10-09,7.6680,480.8800,61.9200,-1.264
2013-10-10,7.8760,479.3200,61.3000,0.726
2013-10-11,7.7960,480.3900,61.0700,-0.893
2013-10-14,7.9320,484.2700,61.0700,0.028
2013-10-15,7.8140,482.0700,61.8400,0.238
2013-10-17,7.9700,482.1200,61.1300,1.055
2013-10-18,8.1180,491.9900,61.2600,1.081
2013-10-21,7.9540,488.1400,61.5600,0.309
2013-10-22,7.9860,486.1800,61.6400,1.250
2013-10-23,7.8300,479.9300,61.5400,0.402
2013-10-24,7.8560,478.3300,61.4800,0.974
2013-10-25,7.8600,481.1000,61.4000,0.313
2013-10-28,7.8280,480.0000,61.5400,0.361
2013-10-29,7.9660,485.8700,61.3400,0.569
2013-10-30,8.0780,504.6300,61.0900,-2.209
2013-10-31,7.9300,491.2800,61.6100,-0.552
2013-11-01,7.8980,494.2600,61.8400,-1.183
2013-11-05,7.7100,481.2600,61.7600,-1.058
2013-11-06,7.7620,479.5400,62.4800,1.132
2013-11-07,7.6620,482.1600,62.4100,-0.824
2013-11-08,7.8060,480.4600,62.4800,1.511
2013-11-11,7.8220,494.1300,62.4800,-1.095
2013-11-12,7.8300,494.0000,63.7300,1.013
2013-11-13,7.9520,494.0100,63.2800,1.861
2013-11-14,7.9220,492.3200,63.1200,1.567
2013-11-18,7.9680,493.3200,62.0700,0.254
2013-11-19,7.8720,490.3700,62.2600,-0.053
2013-11-20,7.8140,485.2400,62.3400,0.388
2013-11-21,7.7440,481.9100,62.9400,1.141
2013-11-22,7.8680,486.7500,62.7200,1.383
2013-11-25,7.8820,488.0300,62.3700,0.732
2013-11-26,7.7840,482.2800,62.4700,0.827
2013-11-27,7.8840,485.6400,62.4700,1.415
2013-11-29,8.1500,496.9600,62.3900,2.318
2013-12-02,8.0080,499.7200,62.3000,-0.164
2013-12-03,7.9080,493.2300,62.3800,0.014
2013-12-04,7.9800,489.9700,61.9000,0.815
2013-12-05,7.8760,482.9500,61.6000,0.458
2013-12-06,8.1120,484.5400,61.4300,2.844
2013-12-09,8.1200,490.8500,60.8700,0.696
2013-12-10,8.0200,490.6000,61.0400,-0.216
2013-12-11,7.8840,488.4000,61.3800,-0.917
2013-12-12,7.7700,480.6800,61.8500,-0.022
2013-12-13,7.7000,480.1000,62.1600,-0.306
2013-12-16,7.8900,480.0600,61.6800,1.374
2013-12-17,7.9420,485.4500,61.9200,1.302
2013-12-18,8.0580,493.7200,62.0600,1.288
2013-12-19,7.9600,492.7000,62.1400,0.393
2013-12-20,8.1780,502.5400,61.9800,0.862
2013-12-23,8.1920,502.6800,61.8300,0.762
2013-12-24,8.2380,507.9100,61.7500,0.155
2013-12-26,8.2100,502.6900,62.1500,1.504
2013-12-27,8.2260,503.9300,61.9200,1.076
2013-12-30,8.1840,505.1200,61.7700,0.080
2013-12-31,8.2060,506.9200,61.9200,0.236
2014-01-02,8.0600,505.7000,62.3100,-0.688
2014-01-03,8.0080,499.1400,62.1700,-0.257
2014-01-06,7.9000,494.2500,62.3100,-0.405
2014-01-07,7.9840,498.2500,62.3000,-0.170
2014-01-08,8.1180,506.4500,62.0700,-0.507
2014-01-09,8.4480,517.3800,62.0700,1.351
2014-01-10,8.5320,525.1100,61.4500,-0.156
2014-01-13,8.6200,525.3100,61.5200,0.950
2014-01-14,8.6520,529.8000,61.5100,0.450
2014-01-15,8.6080,530.0400,61.5400,-0.057
2014-01-16,8.6720,528.9000,61.5400,0.903
2014-01-17,8.6260,530.3700,61.5400,0.089
2014-01-21,8.6580,530.3100,61.9400,1.125
2014-01-22,8.6520,534.1200,61.8600,0.205
2014-01-23,8.6120,533.8400,62.1100,0.197
2014-01-24,8.3560,532.1900,62.6800,-1.585
2014-01-27,8.2560,526.6200,63.0900,-1.092
2014-01-28,8.4660,530.3700,62.5600,-0.139
2014-01-29,8.3680,531.0500,62.4600,-1.579
2014-01-30,8.3440,523.9600,62.5600,-0.374
2014-01-31,8.3440,521.9100,62.6300,0.129
2014-02-03,8.3080,530.6300,62.6300,-1.941
2014-02-04,8.4340,519.3300,62.2700,1.127
2014-02-05,8.3460,519.1400,62.5700,0.591
2014-02-06,8.4540,519.9900,62.1400,1.027
2014-02-07,8.5960,526.3800,62.0900,1.395
2014-02-10,8.6300,534.4300,62.4400,0.828
2014-02-11,8.5880,532.0900,62.1500,0.311
2014-02-12,8.5440,523.0800,61.8400,1.010
2014-02-13,8.4040,512.5200,62.2300,2.041
2014-02-14,8.4500,516.0100,61.8700,1.316
2014-02-18,8.6060,530.4000,62.2000,0.923
2014-02-19,8.5360,533.6700,62.3200,-0.320
2014-02-20,8.7760,543.1800,62.2100,0.511
2014-02-21,8.7660,546.6700,62.1300,-0.373
2014-02-24,9.0100,559.1700,62.0700,0.014
2014-02-25,9.0360,553.8300,61.9600,1.091
2014-02-26,9.4800,566.6400,62.1100,3.911
2014-02-28,9.1800,579.1000,61.7800,-2.065
2014-03-03,8.9980,563.1100,62.1700,-0.658
2014-03-04,9.2000,560.2200,61.9100,1.669
2014-03-05,9.2620,557.3800,61.7500,2.610
2014-03-06,9.2900,565.4000,60.8900,0.047
2014-03-07,8.7800,545.0600,61.2400,-1.353
2014-03-10,8.7240,537.3300,60.8400,-1.221
2014-03-11,8.8760,535.7400,61.0100,1.080
2014-03-12,8.9560,537.5000,61.0100,1.657
2014-03-13,8.9260,545.4300,61.2000,0.154
2014-03-14,9.1040,556.1000,61.1900,0.175
2014-03-18,9.3160,557.5200,61.1000,2.096
2014-03-19,9.1920,560.2300,60.9500,0.004
2014-03-20,9.1260,555.7700,61.3300,0.707
2014-03-21,8.9800,555.7200,60.9000,-1.590
2014-03-24,8.9200,550.0100,60.7800,-1.428
2014-03-25,8.9000,544.6900,60.2700,-1.521
2014-03-26,8.7180,526.7200,60.1300,-0.476
2014-03-27,8.6240,517.7200,60.2600,0.379
2014-03-28,8.7900,525.1600,59.8900,0.242
2014-03-31,8.7800,512.7800,60.0000,2.734
2014-04-01,8.7820,520.2000,59.8600,1.055
2014-04-02,9.0300,525.3600,59.9000,2.957
2014-04-03,8.8120,532.7200,60.3500,-0.172
2014-04-04,8.6860,530.0100,60.0800,-1.539
2014-04-07,8.4780,521.2300,60.1100,-2.229
2014-04-09,8.7960,524.8800,60.0900,0.700
2014-04-10,8.4500,510.0900,60.0700,-0.490
2014-04-11,8.5200,515.3800,60.1800,-0.513
2014-04-15,8.5680,515.0100,60.3400,0.385
2014-04-16,8.4300,507.3500,60.2200,0.060
2014-04-17,8.4300,510.4400,60.2900,-0.430
2014-04-21,8.4780,509.9600,60.5900,0.730
2014-04-22,8.5500,510.5200,60.8000,1.826
2014-04-23,8.6220,513.1800,61.1700,2.772
2014-04-24,8.6840,513.1800,61.1100,3.410
2014-04-25,8.7900,525.8500,60.6400,1.365
2014-04-28,8.9460,535.3500,60.6900,1.416
2014-04-29,8.9240,532.9300,60.2300,0.856
2014-04-30,9.0140,541.2300,60.2100,0.278
2014-05-02,9.1760,547.4700,60.0200,0.598
2014-05-05,9.1760,545.8300,60.2100,1.220
2014-05-06,9.1320,548.8700,59.9700,-0.223
2014-05-07,9.1680,548.4400,60.0100,0.316
2014-05-08,9.0480,547.4300,60.0600,-0.732
2014-05-09,9.1080,543.6000,60.0000,0.530
2014-05-12,9.2160,544.5800,59.4800,0.659
2014-05-13,8.7640,522.1500,59.4400,-0.233
2014-05-14,8.3360,503.6700,59.4900,-1.541
2014-05-15,8.1520,496.3200,59.3800,-2.469
2014-05-16,8.1320,481.3800,58.6200,-0.973
2014-05-19,7.7720,457.2300,58.3800,-0.766
2014-05-20,7.7840,464.6500,58.5800,-1.864
2014-05-21,7.7340,460.0100,58.6600,-1.377
2014-05-22,7.7800,459.2200,58.3000,-1.229
2014-05-23,7.8320,461.7400,58.3600,-1.010
2014-05-27,7.8180,462.3600,58.9000,-0.407
2014-05-28,7.9140,470.3200,58.9400,-0.823
2014-05-29,8.0120,476.8200,58.9000,-1.030
2014-05-30,8.2220,492.1300,59.1600,-1.162
2014-06-02,8.1560,482.7900,59.1500,-0.075
2014-06-03,7.9200,467.4900,59.3200,0.497
2014-06-04,7.8400,463.7700,59.3400,0.314
2014-06-05,7.8240,462.0500,59.2400,0.312
2014-06-06,7.9300,470.8100,59.1700,-0.338
2014-06-09,7.9480,470.5800,59.1800,-0.046
2014-06-10,8.0720,479.1000,59.1800,-0.292
2014-06-11,8.1840,486.5000,59.3200,-0.211
2014-06-12,8.1640,486.9900,59.1900,-0.773
2014-06-13,8.0840,489.0300,59.6400,-1.411
2014-06-16,8.0160,484.8900,60.1600,-0.546
2014-06-17,7.9720,482.3500,60.3200,-0.307
2014-06-18,8.1060,484.5400,60.2800,0.844
2014-06-19,8.0900,489.4500,60.0900,-0.679
2014-06-20,8.1180,487.8800,60.2300,0.219
2014-06-23,8.1780,490.8100,60.1400,0.207
2014-06-24,8.0980,492.5100,60.1400,-1.116
2014-06-25,8.1940,495.6500,60.1100,-0.627
2014-06-26,8.3500,501.5200,60.1700,0.179
2014-06-27,8.5140,510.5900,60.0400,0.116
2014-06-30,8.6300,524.8100,60.0600,-1.237
2014-07-01,8.7180,522.9900,60.0500,0.101
2014-07-02,8.7980,532.5800,59.6900,-1.395
2014-07-03,8.8040,527.8100,59.7400,-0.352
2014-07-07,8.8860,546.0800,60.0130,-2.345
2014-07-08,8.7340,536.1200,59.7800,-2.612
2014-07-09,8.7380,532.6500,59.7500,-1.982
2014-07-10,8.7620,530.1300,60.1900,-0.518
2014-07-11,8.9400,540.1400,60.0800,-0.560
2014-07-14,8.8380,539.0000,60.1100,-1.437
2014-07-15,8.6300,527.7700,60.1500,-1.644
2014-07-16,8.7120,529.4400,60.1200,-1.072
2014-07-17,8.7040,529.4700,60.3500,-0.790
2014-07-18,8.7500,530.6500,60.3300,-0.521
2014-07-21,8.7760,530.7500,60.2400,-0.393
2014-07-22,9.0460,544.7200,60.1600,-0.094
2014-07-23,9.0620,546.8000,60.0000,-0.563
2014-07-24,8.9000,540.8500,60.1100,-1.086
2014-07-25,8.9940,548.8000,60.0400,-1.604
2014-07-28,9.1820,553.9400,60.1300,-0.330
2014-07-30,9.3280,564.6300,60.4000,-0.216
2014-07-31,8.9500,561.7400,60.5500,-3.528
2014-08-01,8.9160,551.7600,61.2000,-1.106
2014-08-04,9.0280,553.5400,60.9400,-0.609
2014-08-05,8.9480,556.0300,61.0500,-1.754
2014-08-06,8.8560,550.1900,61.2500,-1.410
2014-08-07,8.9380,551.0600,61.2000,-0.736
2014-08-08,9.0220,556.4500,61.1800,-0.806
2014-08-11,8.8200,544.2800,61.1700,-0.875
2014-08-12,8.8600,546.0700,61.0900,-0.881
2014-08-13,8.9760,548.2700,61.2200,0.226
2014-08-14,9.0780,551.1500,60.7700,0.094
2014-08-18,9.1780,554.8600,60.7700,0.520
2014-08-19,9.3280,565.9500,60.6700,-0.004
2014-08-20,9.5080,577.1700,60.5800,-0.204
2014-08-21,9.3520,567.7700,60.5600,-0.249
2014-08-22,9.3660,565.2100,60.4700,0.204
2014-08-25,9.4420,575.9900,60.5600,-0.726
2014-08-26,9.6140,577.9000,60.4300,0.532
2014-08-27,9.6860,584.5500,60.4500,0.166
2014-08-28,9.8320,589.5800,60.5100,0.908
2014-09-02,9.7860,599.0300,60.6900,-0.854
2014-09-03,9.8560,600.1000,60.4100,-0.783
2014-09-04,9.8720,600.2600,60.3800,-0.698
2014-09-05,9.9040,596.0400,60.2600,0.130
2014-09-08,9.9100,600.6000,60.2900,-0.520
2014-09-09,9.7820,601.6800,60.6000,-1.478
2014-09-10,9.8560,600.1700,60.9500,0.092
2014-09-11,9.8100,595.2900,60.9300,0.409
2014-09-12,9.7960,591.7300,60.9500,0.902
2014-09-15,9.7900,596.6800,61.0300,0.135
2014-09-16,9.9300,601.9500,61.0600,0.727
2014-09-17,10.0580,616.3900,60.9000,-0.626
2014-09-18,10.3880,638.5500,60.7800,-1.122
2014-09-19,10.3060,644.5900,60.8000,-2.790
2014-09-22,10.3760,642.3400,60.9300,-1.577
2014-09-23,10.4320,639.8200,61.0400,-0.477
2014-09-24,10.6520,645.8300,60.9300,0.495
2014-09-25,10.6700,662.0800,61.3300,-1.161
2014-09-26,10.5540,644.4900,61.1400,0.121
2014-09-29,10.4900,641.6400,61.5300,0.594
2014-09-30,10.5100,645.9200,61.9200,0.752
2014-10-01,10.4580,640.0800,61.7100,0.825
2014-10-07,10.1060,619.8600,61.2800,-0.091
2014-10-08,9.9840,593.2400,61.3800,3.300
2014-10-09,9.8440,597.3100,60.9200,0.400
2014-10-10,9.7580,599.7700,61.2700,-0.316
2014-10-13,9.5680,588.6300,61.2700,-0.407
2014-10-14,9.5820,587.0600,61.3800,0.185
2014-10-15,9.5980,587.0600,61.4200,0.417
2014-10-16,9.6060,580.9700,61.8000,2.183
2014-10-17,9.7660,583.7200,61.4600,2.826
2014-10-20,9.7680,593.2500,61.2000,0.767
2014-10-21,9.9220,592.8600,61.1400,2.323
2014-10-22,10.0200,607.5500,61.1800,0.901
2014-10-27,10.2080,621.1600,61.2800,0.706
2014-10-28,10.1440,616.2200,61.1700,0.696
2014-10-29,10.1440,609.1200,61.2000,1.920
2014-10-30,10.1860,618.9800,61.4200,1.073
2014-10-31,10.4580,633.6600,61.4400,1.401
2014-11-03,10.4260,636.2600,61.3800,0.580
2014-11-05,10.5800,650.4100,61.4900,0.024
2014-11-07,11.1440,679.4300,61.5000,0.872
2014-11-10,11.1600,688.4500,61.5200,-0.274
2014-11-11,11.1900,683.6700,61.5200,0.693
2014-11-12,11.2900,687.9400,61.4000,0.765
2014-11-13,11.2500,693.6500,61.5500,-0.175
2014-11-14,11.2060,687.0100,61.7000,0.640
2014-11-17,11.2180,687.9500,61.8200,0.806
2014-11-18,11.2500,686.5900,61.7200,1.130
2014-11-19,11.3560,704.6100,61.9800,-0.109
2014-11-20,11.3980,705.7300,61.9200,0.005
2014-11-21,11.5120,706.1600,61.7600,0.683
2014-11-24,11.4200,704.4000,61.8500,0.274
2014-11-25,11.5020,714.6400,61.8900,-0.389
2014-11-26,11.6480,715.0500,61.7800,0.638
2014-11-28,11.6780,721.2500,62.2000,0.710
2014-12-01,11.6760,725.6900,61.9400,-0.342
2014-12-02,11.5120,718.2800,61.8000,-0.952
2014-12-03,11.3480,700.3900,61.8500,0.212
2014-12-04,11.1720,695.1100,61.7800,-0.705
2014-12-05,10.9480,679.1000,61.9000,-0.209
2014-12-08,10.8760,663.0800,61.8200,1.399
2014-12-09,10.9320,670.9700,61.8700,0.804
2014-12-10,10.8400,680.3200,62.1000,-1.052
2014-12-11,10.9160,685.9000,62.4600,-0.596
2014-12-12,10.7800,675.5500,62.5200,-0.235
2014-12-15,10.4340,671.1300,63.1600,-1.806
2014-12-16,9.6900,628.4700,63.6500,-1.862
2014-12-17,9.9240,632.0700,63.5200,-0.269
2014-12-18,10.0560,630.2500,62.9800,0.488
2014-12-19,10.0380,639.8900,63.2400,-0.795
2014-12-22,10.0260,647.5800,63.2200,-2.121
2014-12-23,9.9360,641.2700,63.4000,-1.766
2014-12-24,9.9160,626.8900,63.5500,0.522
2014-12-26,9.8520,626.8200,63.5500,-0.116
2014-12-29,9.9280,628.1700,63.6700,0.628
2014-12-30,10.0040,636.5100,63.3800,-0.386
2014-12-31,10.0900,649.2400,63.0400,-2.028
2015-01-02,10.0220,644.2800,63.2700,-1.581
2015-01-05,9.7800,629.6800,63.3400,-1.622
2015-01-06,9.5460,613.1100,63.5700,-1.023
2015-01-07,9.6260,607.8400,63.2700,0.197
2015-01-08,9.9400,613.2600,62.6700,1.578
2015-01-09,10.1280,632.7600,62.3400,-0.218
2015-01-12,10.2560,641.4500,62.0900,-0.726
2015-01-13,10.2660,644.6700,61.9700,-1.316
2015-01-14,10.2320,641.6500,62.0900,-0.989
2015-01-15,10.4200,648.1100,62.0600,-0.223
2015-01-16,10.6200,657.1600,61.8700,-0.015
2015-01-20,10.5900,661.2400,61.6400,-1.281
2015-01-21,10.7920,667.1700,61.5500,-0.438
2015-01-22,10.9020,672.2500,61.3200,-0.556
2015-01-23,10.5880,669.9200,61.4600,-2.863
2015-01-27,10.4020,642.4800,61.3400,-0.688
2015-01-28,10.4900,647.8100,61.3400,-0.672
2015-01-29,10.8000,672.6600,61.9400,-0.551
2015-01-30,10.0940,646.6500,62.0100,-3.204
2015-02-02,10.0060,627.8200,61.6800,-1.696
2015-02-03,9.9460,617.4300,61.6700,-0.658
2015-02-04,9.9260,619.3800,61.7300,-1.073
2015-02-05,9.9960,614.4100,61.7300,0.430
2015-02-06,9.9080,608.8600,61.7000,0.405
2015-02-09,10.0260,619.8200,62.1000,0.451
2015-02-10,10.1880,626.1000,62.3300,1.424
2015-02-11,10.3400,630.4800,62.4100,2.354
2015-02-12,10.8320,666.2400,62.3000,1.290
2015-02-13,10.8300,668.7900,62.0400,0.464
2015-02-18,10.6780,670.8500,62.2500,-0.916
2015-02-19,10.8180,676.5800,62.0800,-0.739
2015-02-20,10.9200,680.7800,62.1900,-0.245
2015-02-23,10.8380,677.9600,62.1500,-0.646
2015-02-24,10.7960,671.9500,62.0700,-0.274
2015-02-25,10.4900,655.8700,61.8400,-1.093
2015-02-26,10.5400,650.4400,61.7400,0.046
2015-02-27,10.5360,655.6100,61.6700,-0.893
2015-03-02,10.8500,677.3300,61.8700,-0.892
2015-03-03,10.9060,681.5800,61.7600,-1.177
2015-03-04,10.8660,678.0900,62.3000,-0.168
2015-03-05,11.2100,688.3000,62.2600,1.400
2015-03-09,11.0300,693.5100,62.6700,-0.326
2015-03-10,10.8920,687.4600,62.7100,-0.643
2015-03-11,11.0320,693.6000,62.7600,-0.178
2015-03-12,11.0780,686.5600,62.4400,0.750
2015-03-13,10.7140,675.3100,63.0600,0.047
2015-03-16,10.6980,662.6000,62.8000,1.394
2015-03-17,11.0560,687.4900,62.6400,0.736
2015-03-18,11.1960,685.4100,62.6900,2.403
2015-03-19,11.0580,684.9400,62.5600,1.000
2015-03-20,11.1000,685.3200,62.4700,1.181
2015-03-23,11.0880,691.7300,62.2200,-0.265
2015-03-24,11.2740,702.2900,62.4000,0.172
2015-03-25,11.0520,702.1200,62.3500,-1.855
2015-03-26,10.8120,689.1400,62.8300,-1.425
2015-03-27,10.9000,683.0800,62.5000,-0.268
2015-03-30,11.1340,685.0600,62.5200,1.611
2015-03-31,11.4200,697.7500,62.3100,1.982
2015-04-01,11.3480,706.7300,62.1400,-0.221
2015-04-06,11.6720,735.5700,62.1600,-1.365
2015-04-07,11.6600,736.9700,62.2300,-1.543
2015-04-08,12.1080,751.0900,62.2200,0.302
2015-04-09,12.0380,748.0500,62.1800,0.063
2015-04-10,12.0820,759.4800,62.2100,-1.035
2015-04-13,11.9740,759.0700,62.3800,-1.598
2015-04-15,11.9180,750.7200,62.3400,-1.033
2015-04-16,11.8280,736.0600,62.2800,0.080
2015-04-17,11.7480,729.4300,62.4800,0.629
2015-04-20,11.3880,713.4000,63.0700,0.679
2015-04-21,11.2560,692.4000,62.9200,2.286
2015-04-22,11.3160,714.0600,62.9600,-0.225
2015-04-23,11.2760,705.7600,63.2700,1.087
2015-04-24,11.1100,696.8300,63.5500,1.322
2015-04-27,10.7160,677.1200,63.3400,0.241
2015-04-28,10.8260,682.4500,63.0500,0.019
2015-04-29,10.6940,676.4900,63.3800,0.192
2015-04-30,10.3960,662.0500,63.5800,-0.162
2015-05-04,10.6880,679.0100,63.6400,0.173
2015-05-05,10.6900,680.5300,63.3100,-0.550
2015-05-06,10.4940,670.6800,63.5700,-0.533
2015-05-07,10.3720,656.5800,64.0800,1.227
2015-05-08,10.6040,670.0900,63.7300,0.851
2015-05-11,10.6020,671.9400,63.9600,0.917
2015-05-12,10.8240,693.7800,64.1900,0.146
2015-05-13,10.9180,698.8300,63.8800,-0.199
2015-05-14,10.9700,703.8800,63.4700,-1.082
2015-05-15,11.0620,699.2900,63.3600,0.229
2015-05-18,11.2200,724.4900,63.6600,-1.411
2015-05-19,11.4220,727.2000,63.8000,0.210
2015-05-20,11.4040,721.7500,63.7500,0.728
2015-05-21,11.3520,723.8400,63.5100,-0.397
2015-05-22,11.4740,728.5300,63.4300,-0.101
2015-05-26,11.0100,709.4500,63.8700,-0.880
2015-05-27,11.1680,717.3300,63.9200,-0.484
2015-05-28,11.1000,705.5900,63.8300,0.414
2015-05-29,11.0860,707.0500,63.7100,-0.108
2015-06-01,11.0220,707.6900,63.5900,-0.961
2015-06-02,10.8920,694.7500,63.7200,-0.102
2015-06-03,10.8000,685.6100,63.9900,0.800
2015-06-04,10.7900,684.4000,63.9600,0.837
2015-06-05,10.7680,683.1200,63.7600,0.505
2015-06-08,10.6080,681.4100,64.0300,-0.320
2015-06-09,10.4580,664.3800,63.9600,0.679
2015-06-10,10.6060,673.3200,63.8100,0.512
2015-06-11,10.4700,662.5500,63.9300,1.026
2015-06-12,10.4240,663.5100,64.0200,0.578
2015-06-15,10.3760,664.1200,64.0300,0.038
2015-06-16,10.3600,657.3200,64.2100,1.201
2015-06-17,10.5980,669.4400,64.1400,1.541
2015-06-18,10.6840,675.4900,63.6200,0.626
2015-06-19,10.7780,676.9500,63.4300,0.990
2015-06-22,10.7620,685.1800,63.5100,-0.246
2015-06-23,10.8880,688.6700,63.5700,0.505
2015-06-24,10.7680,686.9100,63.5400,-0.395
2015-06-25,10.9820,697.0900,63.5000,0.038
2015-06-26,10.9780,706.0200,63.5400,-1.201
2015-06-29,10.7780,704.2300,63.7300,-2.463
2015-06-30,11.0640,711.8900,63.5900,-1.170
2015-07-01,11.1180,714.7200,63.5500,-1.143
2015-07-02,11.1900,709.5400,63.3600,-0.076
2015-07-06,11.5440,743.3400,63.2400,-1.789
2015-07-07,11.8280,747.9900,63.5100,0.429
2015-07-08,11.6480,744.1700,63.4700,-0.655
2015-07-09,11.7260,746.4100,63.3100,-0.541
2015-07-10,11.9380,750.1000,63.3300,0.791
2015-07-13,11.9300,751.6300,63.4300,0.677
2015-07-14,12.0200,754.5900,63.2700,0.784
2015-07-15,12.0360,763.0000,63.4800,0.137
2015-07-16,12.3120,773.3000,63.4300,0.989
2015-07-17,12.3380,775.4100,63.4500,0.959
2015-07-20,12.4120,786.0500,63.6100,0.442
2015-07-21,12.1500,770.6300,63.5700,0.226
2015-07-22,12.2960,769.5500,63.6000,1.621
2015-07-23,12.3480,782.6800,63.8600,0.749
2015-07-24,12.2220,781.7800,64.0400,0.117
2015-07-27,12.1260,770.9700,64.2400,1.038
2015-07-28,11.9380,749.8200,63.7600,1.513
2015-07-29,11.7100,742.4700,63.8300,0.671
2015-07-30,12.4000,782.6200,64.0900,1.546
2015-07-31,12.8700,815.2200,63.8700,0.833
2015-08-03,13.0400,828.7800,63.9900,0.682
2015-08-04,13.1540,832.3500,63.7100,0.684
2015-08-05,13.4880,838.3600,63.7300,2.532
2015-08-06,13.3020,853.3200,63.6700,-0.748
2015-08-07,13.4520,851.7700,63.7400,0.665
2015-08-10,13.5460,851.9400,63.7700,1.395
2015-08-11,13.2460,844.7700,64.3300,0.869
2015-08-12,13.2700,855.0000,64.8000,0.573
2015-08-13,13.1800,858.3500,65.2700,0.222
2015-08-14,12.9600,851.5500,65.0200,-1.044
2015-08-17,12.9020,836.2900,65.3900,0.881
2015-08-18,13.1680,838.2700,65.4400,2.797
2015-08-19,13.2840,846.2600,65.1700,2.299
2015-08-20,13.0180,859.1200,65.4900,-0.765
2015-08-21,12.5120,848.8100,66.0200,-2.682
2015-08-24,11.8980,808.6500,66.8000,-1.714
2015-08-25,12.3240,821.0700,66.0700,-0.831
2015-08-26,12.5740,812.2400,66.1100,2.343
2015-08-27,12.7620,826.0200,65.9900,1.954
2015-08-28,12.7720,836.1500,66.1400,1.027
2015-08-31,13.0140,860.5300,66.3900,0.403
2015-09-01,12.7400,849.8200,66.3400,-0.547
2015-09-02,12.8960,840.0300,66.1600,1.568
2015-09-03,12.7140,841.8400,66.0700,-0.217
2015-09-04,12.2700,810.5700,66.7000,0.967
2015-09-08,12.3400,795.5100,66.3600,2.938
2015-09-09,12.1180,808.2100,66.4700,-0.337
2015-09-10,12.1780,794.7100,66.4600,1.842
2015-09-11,12.2720,802.8400,66.3900,1.482
2015-09-14,12.1780,808.5400,66.3200,-0.111
2015-09-15,12.1220,799.3100,66.3600,0.639
2015-09-16,12.3420,802.0800,66.4500,2.250
2015-09-18,12.1820,801.1700,65.7000,-0.101
2015-09-21,12.1080,791.4600,65.6600,0.449
2015-09-22,11.8720,785.9400,65.8500,-0.530
2015-09-23,12.0040,786.9000,66.0500,0.758
2015-09-24,12.0460,794.0500,66.3200,0.610
2015-09-28,12.2760,838.2500,66.2000,-3.051
2015-09-29,12.3220,816.2900,65.9000,-0.523
2015-09-30,12.7820,832.4700,65.5000,0.571
2015-10-01,12.7160,846.5900,65.5700,-1.512
2015-10-05,13.0900,836.0500,65.1200,1.958
2015-10-06,12.8540,849.3000,65.1800,-1.351
2015-10-07,13.1000,839.1100,64.8600,1.258
2015-10-08,13.1840,845.0400,64.9700,1.364
2015-10-09,13.1380,851.5700,64.7600,-0.088
2015-10-12,13.0480,837.5000,64.7600,0.894
2015-10-13,12.9160,845.6100,65.0600,-0.626
2015-10-14,12.9520,839.3700,64.8700,0.098
2015-10-15,12.9180,841.4900,64.7700,-0.569
2015-10-16,13.0900,854.0000,64.7000,-0.829
2015-10-19,13.5580,869.5200,64.9000,1.195
2015-10-20,13.0300,863.9400,64.9700,-2.012
2015-10-21,12.7720,834.7200,65.1900,-0.253
2015-10-23,13.1800,837.6800,64.8700,2.066
2015-10-26,13.1140,840.1500,64.8300,1.194
2015-10-27,13.0540,835.8200,65.0300,1.565
2015-10-28,12.5880,822.7300,64.8900,-0.716
2015-10-29,12.9820,844.2700,65.3500,0.486
2015-10-30,12.9580,855.9800,65.4000,-0.996
2015-11-02,13.2100,859.2600,65.5800,0.821
2015-11-03,13.2620,867.0300,65.5700,0.295
2015-11-04,13.2640,864.5800,65.4600,0.426
2015-11-05,13.0500,849.8800,65.8500,1.113
2015-11-06,10.7000,726.1300,66.1300,-2.553
2015-11-09,10.5600,700.2300,66.3800,0.106
2015-11-10,9.8020,666.1400,66.1900,-2.604
2015-11-13,10.5060,677.9200,66.1200,2.469
2015-11-16,10.2600,701.8400,66.0100,-3.502
2015-11-17,10.2640,688.2600,65.9600,-1.634
2015-11-18,10.2900,673.3900,66.1600,1.098
2015-11-19,10.1020,656.2200,66.0500,1.679
2015-11-20,10.1620,670.6200,66.0600,0.102
2015-11-23,10.1480,681.8500,66.3700,-1.221
2015-11-24,9.9500,677.5400,66.3200,-2.606
2015-11-27,9.3880,619.8600,66.8600,1.262
2015-11-30,9.3680,622.0000,66.4300,0.051
2015-12-01,9.6120,642.1800,66.4600,-0.524
2015-12-02,9.6440,650.3300,66.5300,-1.340
2015-12-03,9.4620,644.7300,66.8200,-1.936
2015-12-04,9.5040,639.1000,66.6500,-0.885
2015-12-07,9.3060,635.9800,66.7400,-2.342
2015-12-08,8.7100,612.6400,66.7700,-5.072
2015-12-09,8.7780,599.0400,66.8300,-2.071
2015-12-10,8.9460,599.0600,66.7000,-0.394
2015-12-11,8.7720,593.8000,67.1000,-0.876
2015-12-14,8.8560,602.0800,67.0900,-1.317
2015-12-15,8.9000,598.8400,66.7900,-0.736
2015-12-16,9.0340,600.9000,66.6000,0.127
2015-12-17,8.8480,603.5900,66.3200,-2.782
2015-12-18,8.8560,594.8400,66.2300,-1.397
2015-12-21,9.0840,601.8900,66.1900,-0.103
2015-12-22,9.0520,600.2200,66.1900,-0.178
2015-12-23,9.0780,604.9200,66.0400,-0.894
2015-12-24,9.1200,602.0000,66.0000,-0.013
2015-12-28,9.2140,624.1400,66.0900,-2.433
2015-12-29,9.3540,620.1000,66.2800,-0.019
2015-12-30,9.2580,624.2300,66.4400,-1.462
2015-12-31,9.2580,621.7200,66.1900,-1.437
2016-01-04,9.1300,611.2000,66.5600,-0.574
2016-01-05,9.2240,614.1300,66.4900,-0.135
2016-01-06,8.9940,609.2500,66.7100,-1.520
2016-01-07,8.8340,598.3600,66.7300,-1.482
2016-01-08,8.8780,602.1400,66.8200,-1.480
2016-01-11,8.5560,586.3000,66.7800,-2.547
2016-01-12,8.7040,584.6500,66.8500,-0.477
2016-01-13,8.6420,578.1900,66.7400,-0.246
2016-01-14,8.7640,583.0000,67.3700,1.275
2016-01-15,8.5720,587.1800,67.7400,-1.109
2016-01-19,8.5280,583.1000,67.6800,-1.016
2016-01-20,8.3780,574.0200,68.0500,-0.679
2016-01-21,8.2440,551.4200,67.8700,1.469
2016-01-22,8.5060,576.4700,67.5500,-0.328
2016-01-25,8.4080,580.6500,67.7100,-1.954
2016-01-27,8.7040,594.6000,67.9800,-0.488
2016-01-28,8.6560,602.2400,68.0800,-2.149
2016-01-29,8.9860,621.0800,67.8700,-1.803
2016-02-01,9.0560,610.1000,67.9200,0.817
2016-02-02,8.9220,609.7000,67.9200,-0.610
2016-02-03,8.8720,601.6600,67.9200,0.154
2016-02-04,8.9100,601.7300,67.5700,0.053
2016-02-05,8.9700,621.8200,67.7800,-2.225
2016-02-08,8.9160,614.0700,67.9800,-1.296
2016-02-09,8.3840,591.9200,67.9200,-3.798
2016-02-10,8.3420,577.0100,67.8500,-1.907
2016-02-11,8.4480,577.0700,68.4400,0.193
2016-02-12,8.3640,569.4900,68.1200,0.047
2016-02-16,8.5580,571.1300,68.4800,2.613
2016-02-17,8.9360,592.1400,68.3300,3.117
2016-02-18,8.9180,620.7200,68.5400,-1.527
2016-02-19,8.9160,611.7600,68.5400,-0.107
2016-02-22,9.0660,621.6000,68.5300,-0.049
2016-02-23,8.9060,616.1800,68.5500,-0.921
2016-02-24,8.7540,602.6400,68.5300,-0.453
2016-02-25,8.7180,598.8900,68.8400,0.210
2016-02-26,8.6500,598.8100,68.8200,-0.587
2016-02-29,8.7960,607.2500,68.2100,-1.198
2016-03-01,8.9300,604.9100,67.7500,0.016
2016-03-02,9.0160,603.0500,67.4000,0.767
2016-03-03,9.5180,637.6300,67.1500,0.236
2016-03-04,9.7720,650.5500,66.9000,0.491
2016-03-08,9.4720,643.9100,67.3000,-1.001
2016-03-09,9.5540,643.9900,67.0700,-0.497
2016-03-10,9.5000,636.8500,67.2000,0.243
2016-03-11,9.5240,642.1700,66.9300,-0.736
2016-03-14,9.5920,646.7300,67.1500,-0.406
2016-03-15,9.1860,626.6700,67.3300,-1.305
2016-03-16,9.3460,630.8600,67.2400,-0.386
2016-03-17,9.3000,625.1000,66.6100,-0.900
2016-03-18,9.4240,634.2600,66.3400,-1.430
2016-03-21,9.5000,636.4500,66.4500,-0.813
2016-03-22,9.1760,611.5900,66.5800,-0.107
2016-03-23,9.0220,609.5800,66.8200,-1.104
2016-03-28,8.9700,607.1300,66.5800,-1.632
2016-03-29,8.8860,588.2600,66.4600,0.392
2016-03-30,9.0960,603.1300,66.3700,0.095
2016-03-31,9.0380,607.0400,66.2500,-1.363
2016-04-01,9.1160,595.9900,66.3400,1.471
2016-04-04,9.0680,602.3500,66.0500,-0.566
2016-04-05,9.0660,599.9800,66.4000,0.334
2016-04-06,9.0800,600.2900,66.4900,0.573
2016-04-07,9.1540,607.1500,66.7000,0.564
2016-04-08,9.1600,607.8300,66.4900,0.200
2016-04-11,9.0740,605.8500,66.3300,-0.656
2016-04-12,9.2220,616.5500,66.3500,-0.757
2016-04-13,9.1540,619.9000,66.6200,-1.623
2016-04-18,9.3200,618.2100,66.4200,0.133
2016-04-20,9.3260,621.7500,66.1200,-0.823
2016-04-21,9.4040,626.2400,66.4300,-0.245
2016-04-22,9.4900,628.3900,66.6000,0.580
2016-04-25,9.3540,623.2300,66.6500,0.034
2016-04-26,9.2900,624.0500,66.4000,-1.153
2016-04-27,9.3580,626.1500,66.5200,-0.584
2016-04-28,9.2720,616.6700,66.3900,-0.179
2016-04-29,9.1200,617.7400,66.3900,-1.985
2016-05-02,8.9780,602.3600,66.3600,-1.092
2016-05-03,8.9420,591.8700,66.5100,0.484
2016-05-04,8.6780,586.6600,66.6300,-1.439
2016-05-05,8.6360,585.9100,66.5300,-1.938
2016-05-06,8.3800,573.2600,66.5200,-2.760
2016-05-09,8.5220,568.0100,66.7000,0.072
2016-05-10,8.7060,584.8900,66.5800,-0.897
2016-05-11,8.5160,573.7400,66.5300,-1.250
2016-05-12,8.5720,594.2900,66.7000,-3.792
2016-05-13,8.6340,583.4400,66.8400,-1.087
2016-05-16,9.0000,600.4800,66.7800,0.090
2016-05-17,8.9840,603.5500,66.7400,-0.656
2016-05-18,9.0380,605.0600,66.9500,0.006
2016-05-19,8.9340,605.1200,67.5700,-0.240
2016-05-20,8.9560,606.7600,67.4200,-0.486
2016-05-23,8.9540,605.9600,67.4700,-0.303
2016-05-24,8.9420,605.0300,67.5900,-0.106
2016-05-25,9.1260,610.3100,67.2800,0.604
2016-05-26,9.1320,618.1400,66.9000,-1.166
2016-05-27,9.2580,623.2100,66.9600,-0.529
2016-05-31,9.4320,636.6200,67.1200,-0.557
2016-06-01,9.3800,636.6300,67.4400,-0.635
2016-06-02,9.4140,635.4100,67.2200,-0.409
2016-06-03,9.3940,632.0200,66.9900,-0.430
2016-06-06,9.3900,630.2400,66.8100,-0.459
2016-06-07,9.4620,631.1900,66.6400,-0.102
2016-06-08,9.3740,627.5900,66.5100,-0.657
2016-06-09,9.1580,614.1900,66.6800,-0.575
2016-06-10,9.0200,613.1600,66.8400,-1.674
2016-06-13,9.1300,617.6500,67.1700,-0.710
2016-06-14,9.0880,619.4600,67.3400,-1.207
2016-06-15,9.1420,617.3500,67.0800,-0.665
2016-06-16,9.1240,609.6500,67.4300,0.915
2016-06-17,9.0200,600.5900,67.1100,0.790
2016-06-20,9.1680,611.3900,67.5400,1.279
2016-06-21,9.1200,609.8100,67.7300,1.293
2016-06-22,9.3000,621.0200,67.4900,1.069
2016-06-23,9.5960,634.3100,67.2900,1.798
2016-06-24,9.4480,630.6500,67.8200,1.604
2016-06-27,9.5580,649.3200,67.9200,-0.022
2016-06-28,9.8040,654.6100,67.8600,1.633
2016-06-29,9.9140,654.9400,67.4200,2.055
2016-06-30,10.2460,676.3400,67.5100,2.272
2016-07-01,10.5980,696.8200,67.2400,2.266
2016-07-05,10.4360,690.1100,67.4000,1.924
2016-07-07,10.5800,704.9600,67.4900,1.289
2016-07-08,10.7380,712.2500,67.1300,1.206
2016-07-11,10.8900,725.2900,67.1100,0.764
2016-07-12,10.7700,719.2700,67.0500,0.397
2016-07-13,10.7200,723.1200,66.9900,-0.690
2016-07-14,10.7820,716.6400,66.8100,0.517
2016-07-15,10.7260,717.6000,67.0700,0.250
2016-07-18,10.7020,713.5500,67.1400,0.698
2016-07-19,10.7020,717.1800,67.1400,0.189
2016-07-20,10.8540,735.3300,67.1800,-0.837
2016-07-21,10.6660,723.4000,67.1500,-0.992
2016-07-22,10.6680,719.9700,67.1900,-0.443
2016-07-25,10.4200,696.4700,67.4100,0.853
2016-07-26,8.8220,663.9300,67.3400,-10.522
2016-07-27,8.7640,596.0400,67.1400,-1.279
2016-07-28,8.7220,591.9500,66.9600,-1.339
2016-07-29,8.7300,587.0700,66.7700,-0.710
2016-08-01,8.9000,596.1000,66.6300,-0.519
2016-08-02,8.8200,595.4700,66.6500,-1.279
2016-08-03,8.7720,587.8300,66.8000,-0.316
2016-08-04,8.9220,592.4900,66.7600,0.530
2016-08-05,9.0260,601.7400,66.8400,0.259
2016-08-08,9.1540,607.2400,66.8200,0.730
2016-08-09,8.9860,607.6600,66.7600,-1.276
2016-08-10,8.8820,599.9300,66.7200,-1.221
2016-08-11,8.9640,602.1700,66.7500,-0.635
2016-08-12,8.9640,602.2300,66.8200,-0.541
2016-08-16,8.9840,601.3700,66.8300,-0.161
2016-08-17,9.1080,600.9300,66.9600,1.488
2016-08-18,9.1240,605.4400,66.8300,0.713
2016-08-19,9.0160,602.0300,67.1300,0.534
2016-08-22,9.0140,602.6000,67.1800,0.491
2016-08-23,9.1020,601.8400,67.0900,1.464
2016-08-24,9.0720,607.9600,67.1400,0.187
2016-08-25,9.1360,610.0600,67.0100,0.351
2016-08-26,9.1020,608.0800,66.9800,0.259
2016-08-29,9.1220,610.4300,67.1500,0.346
2016-08-30,9.2200,618.1500,67.1400,0.142
2016-08-31,9.1020,617.9700,66.9400,-1.405
2016-09-01,9.2080,619.5300,66.8500,-0.642
2016-09-02,9.3880,624.6100,66.6000,0.101
2016-09-06,9.4540,626.6100,66.2800,0.000
2016-09-07,9.5400,627.7700,66.4200,0.936
2016-09-08,9.5620,637.6900,66.5200,-0.255
2016-09-09,9.3620,638.6600,66.7600,-2.138
2016-09-12,9.4100,627.5200,66.7900,0.155
2016-09-14,9.3920,631.5600,66.7800,-0.691
2016-09-15,9.3880,627.8900,66.8400,-0.063
2016-09-16,9.3500,630.0300,67.1000,-0.420
2016-09-19,9.3980,631.4700,66.9400,-0.375
2016-09-20,9.4400,631.5600,66.9700,0.101
2016-09-21,9.3580,630.6000,66.9900,-0.588
2016-09-22,9.5400,629.8600,66.6000,0.874
2016-09-23,9.5800,636.4400,66.6600,0.340
2016-09-26,9.4640,639.9300,66.5600,-1.564
2016-09-27,9.5660,638.1400,66.5000,-0.314
2016-09-28,9.5780,640.0700,66.5000,-0.489
2016-09-29,9.2480,627.0800,66.7200,-1.603
2016-09-30,9.2840,621.4800,66.5800,-0.539
2016-10-03,9.4820,632.1100,66.5200,-0.216
2016-10-04,9.3800,629.6700,66.4900,-0.952
2016-10-05,9.3080,624.6300,66.5300,-0.860
2016-10-06,9.1080,615.4300,66.7000,-1.288
2016-10-07,9.0460,610.8600,66.6100,-1.360
2016-10-10,9.2000,615.7300,66.6100,-0.474
2016-10-13,9.1640,610.0300,66.8400,0.408
2016-10-14,9.0140,606.2500,66.6900,-0.842
2016-10-17,9.0120,605.7900,66.8000,-0.625
2016-10-18,9.1660,609.0700,66.7100,0.393
2016-10-19,9.2200,613.1000,66.6400,0.215
2016-10-20,9.2120,615.7600,66.8300,-0.020
2016-10-21,9.3080,622.7200,66.9400,0.057
2016-10-24,9.2580,617.8500,66.8900,0.229
2016-10-25,9.6720,640.1200,66.8000,0.933
2016-10-26,9.7120,648.4600,66.8300,0.091
2016-10-27,9.8740,664.9600,66.8500,-0.734
2016-10-28,9.9280,672.6900,66.7800,-1.442
2016-11-01,9.9340,665.3200,66.7000,-0.409
2016-11-02,9.7080,652.1600,66.6600,-0.770
2016-11-03,9.3120,652.4700,66.6800,-4.835
2016-11-04,9.2140,615.9400,66.7500,-0.147
2016-11-07,9.3000,621.3300,66.7300,-0.119
2016-11-08,9.3060,623.8000,66.3900,-0.958
2016-11-09,9.9140,656.5100,66.4800,0.392
2016-11-10,9.8500,655.6500,66.8600,0.446
2016-11-11,9.7040,651.2500,66.8600,-0.375
2016-11-15,9.8360,662.1400,67.8000,0.716
2016-11-16,9.3560,642.1900,68.0700,-0.830
2016-11-17,9.4100,641.4300,67.9300,-0.344
2016-11-18,9.2600,642.9700,68.1200,-1.894
2016-11-21,9.1040,626.8800,68.2300,-0.912
2016-11-22,8.9940,624.3300,68.4000,-1.464
2016-11-23,9.1100,625.7200,68.8600,0.255
2016-11-25,9.2240,633.6900,68.5900,-0.160
2016-11-28,9.2120,634.5800,68.5600,-0.474
2016-11-29,9.2800,637.6500,68.6400,-0.105
2016-11-30,9.3460,639.3800,68.5600,0.216
2016-12-01,9.2100,647.7500,68.2900,-2.902
2016-12-02,9.2520,636.1000,68.0400,-1.037
2016-12-05,9.3380,633.6300,68.0600,0.302
2016-12-06,9.3200,639.1800,67.7200,-1.256
2016-12-07,9.2660,636.7600,67.5000,-1.775
2016-12-08,9.4520,642.3400,67.4200,-0.792
2016-12-09,9.3240,637.2800,67.5100,-1.227
2016-12-12,9.2760,629.5800,67.3800,-0.725
2016-12-13,9.3480,633.3700,67.4700,-0.420
2016-12-14,9.2360,629.5400,67.4300,-1.073
2016-12-15,9.1840,621.5000,67.9100,0.352
2016-12-16,9.1360,621.5600,67.8200,-0.315
2016-12-19,9.0900,613.7700,67.8300,0.457
2016-12-20,9.0260,609.3000,67.9700,0.689
2016-12-21,8.9660,607.3700,67.8200,0.116
2016-12-22,8.8240,602.4700,67.8600,-0.610
2016-12-23,8.9080,599.7100,67.8400,0.768
2016-12-27,8.9500,606.9900,68.0100,0.280
2016-12-28,8.9620,613.9100,68.2000,-0.440
2016-12-29,8.9560,613.2500,67.9100,-0.823
2016-12-30,9.0560,612.0800,67.9200,0.491
2017-01-03,9.0880,614.4800,68.3700,1.117
2017-01-04,9.1880,618.2600,67.9000,0.907
2017-01-05,9.3400,627.2500,67.7400,0.868
2017-01-06,9.1980,631.8300,68.1200,-0.833
2017-01-09,8.9740,612.0400,68.0800,-0.178
2017-01-10,8.9880,608.3700,68.2500,0.832
2017-01-11,8.7420,608.4900,68.3900,-1.746
2017-01-12,8.6840,601.7000,67.9900,-1.874
2017-01-13,8.7200,595.9500,68.1600,-0.268
2017-01-17,8.7440,595.3100,67.9000,-0.267
2017-01-18,8.7520,589.6100,68.1200,1.115
2017-01-19,8.6400,588.0500,68.1000,0.057
2017-01-20,8.7000,589.4800,68.1000,0.507
2017-01-23,8.6320,584.7300,68.1100,0.546
2017-01-24,8.7400,594.6700,68.1200,0.118
2017-01-25,8.8280,599.2600,68.0400,0.233
2017-01-27,8.8900,598.9100,68.0600,1.026
2017-01-30,8.8800,603.4100,67.8000,-0.223
2017-01-31,9.0400,603.7600,67.4800,1.037
2017-02-01,9.0280,600.2400,67.4000,1.374
2017-02-02,9.2980,619.4100,67.2000,0.874
2017-02-03,9.3300,628.9100,67.1800,-0.337
2017-02-06,9.1820,619.3600,67.2000,-0.376
2017-02-07,9.0420,613.0200,67.3500,-0.659
2017-02-08,8.9860,603.0900,67.0400,-0.111
2017-02-09,9.0180,604.6200,66.7100,-0.501
2017-02-10,8.9380,595.2100,66.8000,0.311
2017-02-13,8.7900,593.3900,66.9900,-0.766
2017-02-14,8.7680,588.2900,66.8800,-0.321
2017-02-15,8.7960,582.2700,66.8500,0.986
2017-02-16,8.7180,584.6400,67.1200,0.088
2017-02-17,8.6940,582.5400,67.0900,0.127
2017-02-21,8.7420,578.8100,67.0000,1.193
2017-02-22,8.7260,580.6400,66.9500,0.614
2017-02-23,8.6880,577.4800,66.6800,0.318
2017-02-27,8.6540,571.4000,66.6900,1.004
2017-02-28,8.5920,569.9900,66.6700,0.498
2017-03-01,8.8160,584.6600,66.8300,0.772
2017-03-02,8.6160,574.1000,66.7500,0.177
2017-03-03,8.6240,574.2200,66.7600,0.264
2017-03-06,8.5480,571.7700,66.6400,-0.373
2017-03-07,8.4880,570.4600,66.6200,-0.875
2017-03-08,8.2940,569.3600,66.7600,-2.749
2017-03-09,8.0460,540.9700,66.6400,-0.884
2017-03-10,8.0920,543.1700,66.6000,-0.781
2017-03-14,8.2540,548.2000,65.7600,-0.988
2017-03-15,8.3400,547.9200,65.6200,-0.118
2017-03-16,8.3440,550.3400,65.4000,-0.844
2017-03-17,8.2980,547.2500,65.3800,-0.864
2017-03-20,8.3420,546.8700,65.3000,-0.391
2017-03-21,7.8100,524.6500,65.3100,-2.779
2017-03-22,7.9080,525.9300,65.4500,-1.588
2017-03-23,7.9240,526.2400,65.4100,-1.507
2017-03-24,7.9360,525.6700,65.4000,-1.266
2017-03-27,8.0680,526.3900,65.0500,-0.298
2017-03-28,8.0260,527.5500,65.0200,-1.080
2017-03-29,8.0600,526.7300,64.8700,-0.736
2017-03-30,8.1240,522.6500,64.8500,0.802
2017-03-31,8.0300,526.4700,64.8500,-1.087
2017-04-03,8.2400,548.8900,65.0300,-2.376
2017-04-05,8.3700,548.2700,64.8700,-0.968
2017-04-06,8.2900,543.6200,64.5800,-1.518
2017-04-07,8.2160,532.2700,64.2600,-0.810
2017-04-10,8.1620,527.1700,64.5500,-0.059
2017-04-11,8.0660,525.6200,64.5500,-0.944
2017-04-12,8.1140,528.9700,64.6800,-0.786
2017-04-13,8.0940,528.1900,64.4200,-1.283
2017-04-17,8.2400,532.2500,64.5300,-0.098
2017-04-18,8.0260,525.6900,64.5600,-1.433
2017-04-19,8.0700,521.4800,64.6200,0.001
2017-04-20,8.1480,522.5000,64.6100,0.755
2017-04-21,8.1140,521.9300,64.6500,0.506
2017-04-24,8.1820,522.5600,64.4800,0.960
2017-04-25,8.2560,529.1900,64.3200,0.347
2017-04-26,8.0880,522.1300,64.0800,-0.738
2017-04-27,8.1400,519.3100,64.1400,0.537
2017-04-28,8.1700,519.8300,64.2700,1.011
2017-05-02,8.1700,516.5300,64.1600,1.482
2017-05-03,8.1160,519.1200,64.1700,0.324
2017-05-04,8.1860,521.2000,64.2200,0.864
2017-05-05,8.1680,520.6000,64.3100,0.900
2017-05-08,8.0500,520.1000,64.3200,-0.447
2017-05-09,8.0320,516.2300,64.6600,0.604
2017-05-10,8.1460,520.5700,64.5300,0.978
2017-05-11,8.1080,518.8000,64.4300,0.694
2017-05-12,8.0700,516.1600,64.2400,0.437
2017-05-15,8.4880,535.1600,64.0400,1.572
2017-05-16,8.4720,544.8200,64.0300,-0.433
2017-05-17,8.3640,547.3800,64.1100,-2.040
2017-05-18,8.2780,535.7900,64.8700,0.225
2017-05-19,8.2880,531.2900,64.5600,0.712
2017-05-22,8.1000,521.7400,64.5300,0.183
2017-05-23,7.8140,515.8900,64.8500,-1.774
2017-05-24,7.6440,503.3600,64.7400,-1.686
2017-05-25,7.5080,485.5400,64.5500,-0.185
2017-05-26,7.4560,482.8800,64.5000,-0.408
2017-05-30,7.6100,496.2700,64.6600,-0.848
2017-05-31,7.7280,504.7700,64.5000,-1.251
2017-06-01,7.8920,504.5600,64.3900,0.715
2017-06-02,7.9260,510.9000,64.4100,-0.076
2017-06-05,7.7860,507.1700,64.3400,-1.226
2017-06-06,7.8180,509.8600,64.4200,-1.221
2017-06-07,7.9460,508.1300,64.3900,0.691
2017-06-08,8.1940,527.2500,64.2400,-0.165
2017-06-09,8.2060,525.7600,64.2400,0.265
2017-06-12,8.1740,526.0500,64.4800,0.192
2017-06-13,8.0840,525.3400,64.3300,-1.008
2017-06-14,8.3160,533.8600,64.2300,0.052
2017-06-15,8.3820,540.1000,64.5800,0.224
2017-06-16,8.3320,536.5200,64.5000,0.167
2017-06-19,8.3000,531.4900,64.4500,0.648
2017-06-20,8.2880,535.2100,64.5400,-0.057
2017-06-21,8.3780,537.4100,64.5200,0.584
2017-06-22,8.2340,527.1200,64.6000,0.910
2017-06-23,8.3160,528.7400,64.4700,1.398
2017-06-27,8.2620,530.6200,64.4700,0.383
2017-06-28,8.3060,530.3500,64.5500,1.094
2017-06-29,8.2260,530.3000,64.6600,0.300
2017-06-30,8.4280,538.0200,64.6200,1.226
2017-07-03,8.2960,536.5100,64.8400,0.261
2017-07-05,8.2320,532.9900,64.8000,0.083
2017-07-06,8.2020,533.5800,64.7200,-0.515
2017-07-07,8.3280,541.0800,64.6200,-0.541
2017-07-10,8.3920,545.2400,64.4500,-0.803
2017-07-11,8.3040,538.2500,64.5400,-0.429
2017-07-12,8.3660,538.0200,64.5300,0.342
2017-07-13,8.3340,538.8000,64.4600,-0.295
2017-07-14,8.3720,540.6000,64.3800,-0.298
2017-07-17,8.3340,539.4500,64.3400,-0.601
2017-07-18,8.3760,543.7900,64.3200,-0.928
2017-07-19,8.5020,554.8000,64.2400,-1.556
2017-07-20,8.4460,550.0200,64.3700,-1.155
2017-07-21,8.4920,552.5100,64.3800,-1.049
2017-07-24,8.3040,539.2900,64.3900,-0.852
2017-07-25,8.3520,538.4300,64.3800,-0.135
2017-07-26,8.3340,541.4700,64.3200,-1.002
2017-07-27,7.6600,524.0700,64.1100,-6.294
2017-07-28,7.3580,492.9900,64.1100,-4.314
2017-07-31,7.3180,476.6400,64.1800,-1.462
2017-08-01,7.4680,486.3100,64.0600,-1.627
2017-08-02,7.4020,475.7100,63.6400,-0.977
2017-08-03,7.2160,464.7900,63.6700,-1.150
2017-08-04,6.9140,447.9100,63.6400,-1.764
2017-08-07,6.8460,441.3900,63.8300,-0.999
2017-08-08,6.5740,419.1300,63.6900,-0.103
2017-08-09,6.4500,409.6700,63.8600,0.544
2017-08-10,6.0660,388.8900,64.0500,-0.093
2017-08-11,6.2360,402.2300,64.1400,-0.560
2017-08-14,6.1440,400.4100,64.0800,-1.674
2017-08-16,6.1900,401.0500,64.1600,-0.972
2017-08-17,6.1640,402.2500,64.1500,-1.698
2017-08-18,6.1500,396.4000,64.1000,-0.551
2017-08-21,6.0220,386.2200,64.1000,-0.054
2017-08-22,6.2220,396.8300,64.0700,0.457
2017-08-23,6.2480,406.1900,64.0400,-1.494
2017-08-24,6.2780,417.6300,64.0400,-3.732
2017-08-28,6.3520,409.8800,63.9000,-0.973
2017-08-29,6.3460,408.4100,64.0200,-0.524
2017-08-30,6.3080,407.7800,63.9800,-1.029
2017-08-31,6.4380,404.1800,63.9300,1.831
2017-09-01,6.9340,443.5100,64.0200,0.091
2017-09-05,6.7700,441.8300,64.1200,-1.751
2017-09-06,6.8240,439.3800,64.0600,-0.509
2017-09-07,6.8920,444.9900,64.0100,-0.861
2017-09-08,6.6720,432.5000,63.7800,-1.609
2017-09-11,6.7820,431.9000,63.9300,0.387
2017-09-12,6.8400,433.1500,64.0300,1.112
2017-09-13,6.9820,443.4700,64.0000,0.762
2017-09-14,7.0040,450.6700,64.1200,-0.349
2017-09-15,6.7560,442.2400,64.1000,-2.076
2017-09-18,6.9040,448.4100,64.1500,-1.231
2017-09-19,6.9120,448.3100,64.3000,-0.863
2017-09-20,7.1360,462.9400,64.2900,-0.900
2017-09-21,7.5440,497.3100,64.8000,-1.701
2017-09-22,7.5320,491.5500,64.7900,-0.723
2017-09-25,7.3200,483.4500,65.1200,-1.401
2017-09-26,7.1380,474.1500,65.4600,-1.455
2017-09-27,6.9020,460.9400,65.7100,-1.607
2017-09-28,7.1840,475.0800,65.4600,-1.014
2017-09-29,7.1360,465.7500,65.3000,0.050
2017-10-03,7.1140,467.1100,65.4800,-0.275
2017-10-04,7.2600,477.5200,65.0200,-1.147
2017-10-05,7.2580,477.8300,65.1400,-1.056
2017-10-06,7.2620,475.1700,65.3900,-0.065
2017-10-09,7.3220,481.7900,65.3900,-0.624
2017-10-10,7.3040,482.2700,65.2400,-1.194
2017-10-11,7.2260,474.4300,65.1500,-0.771
2017-10-12,7.1720,475.9700,65.0500,-1.982
2017-10-13,7.2080,470.8900,64.7000,-0.963
2017-10-16,7.3240,480.7000,64.7000,-1.422
2017-10-17,7.2900,476.2700,65.0200,-0.478
2017-10-18,7.2880,477.0800,65.0600,-0.613
2017-10-19,7.2620,474.6100,64.9900,-0.559
2017-10-23,7.2500,473.2400,65.0200,-0.390
2017-10-24,7.1960,472.7300,65.1000,-0.903
2017-10-25,7.1480,469.7700,64.9200,-1.218
2017-10-26,7.1420,468.8700,64.8400,-1.233
2017-10-27,7.1900,478.9900,65.0400,-2.370
2017-10-30,7.2300,487.7000,64.8300,-3.892
2017-10-31,7.2740,485.6300,64.7500,-3.014
2017-11-01,7.1340,470.8400,64.5600,-2.181
2017-11-02,7.5240,482.2800,64.5700,0.735
2017-11-03,7.3500,483.8200,64.5600,-1.923
2017-11-06,7.3480,478.4500,64.6200,-0.757
2017-11-07,7.1820,475.6000,65.0300,-1.799
2017-11-08,7.2480,469.3200,64.9400,0.291
2017-11-09,7.1840,474.0200,64.9600,-1.550
2017-11-10,7.1220,469.5700,64.9600,-1.475
2017-11-13,7.1020,468.8200,65.4600,-0.837
2017-11-14,7.0960,464.0600,65.4100,0.019
2017-11-15,7.1880,462.0300,65.2600,1.528
2017-11-16,7.1340,466.7100,65.3200,-0.154
2017-11-17,7.1820,464.5200,65.0100,0.513
2017-11-20,7.0560,454.8900,65.1000,0.979
2017-11-21,7.3600,478.8300,64.9100,-0.228
2017-11-22,7.1740,472.1300,64.8700,-1.430
2017-11-24,7.0920,459.0100,64.6700,-0.081
2017-11-27,7.0000,458.9600,64.4700,-1.671
2017-11-28,7.1060,458.1800,64.4000,-0.121
2017-11-29,7.1400,455.3600,64.2900,0.806
2017-11-30,7.0040,456.8100,64.4600,-1.167
2017-12-01,6.9540,446.7800,64.5000,0.392
2017-12-04,6.9800,448.4800,64.3600,0.168
2017-12-05,6.9040,441.8700,64.3800,0.591
2017-12-06,6.8300,440.0400,64.5300,0.159
2017-12-07,6.8340,439.2700,64.5700,0.456
2017-12-08,6.8460,437.0900,64.4300,0.915
2017-12-11,6.9160,438.5800,64.3500,1.474
2017-12-12,7.0600,451.2700,64.3900,0.736
2017-12-13,7.2140,452.1400,64.4500,2.831
2017-12-14,7.3100,462.1300,64.3600,1.805
2017-12-15,7.4420,474.3000,64.0400,0.482
2017-12-18,7.4820,479.0000,64.2300,0.328
2017-12-19,7.3740,479.9000,64.0200,-1.629
2017-12-20,7.3500,471.2000,64.1100,0.002
2017-12-21,7.2760,470.3500,64.0200,-0.965
2017-12-22,7.2320,466.5400,64.0200,-0.760
2017-12-26,7.3080,472.0600,64.0800,-0.797
2017-12-27,7.4180,480.0600,64.1500,-0.874
2017-12-28,7.4420,486.0000,64.0700,-1.891
2017-12-29,7.5120,482.8400,63.8300,-0.694
2018-01-02,7.6180,481.8400,63.4600,0.332
2018-01-03,7.4800,467.8000,63.5000,1.535
2018-01-04,7.5940,482.1600,63.4000,-0.145
2018-01-05,7.7460,494.6800,63.3800,-0.756
2018-01-08,7.6960,495.3200,63.4800,-1.368
2018-01-09,7.6460,491.5600,63.6600,-0.980
2018-01-10,7.5900,485.1600,63.5800,-0.533
2018-01-11,7.6140,485.0700,63.6500,-0.090
2018-01-12,7.6400,489.5300,63.6100,-0.725
2018-01-16,7.6960,493.7400,64.0100,-0.227
2018-01-17,7.7780,498.3700,63.8800,-0.303
2018-01-18,7.6560,492.3000,63.8700,-0.673
2018-01-19,7.7340,498.0700,63.8400,-0.870
2018-01-22,7.8280,499.3100,63.8800,0.149
2018-01-23,7.9080,504.0800,63.7600,0.027
2018-01-24,7.8880,511.8800,63.6900,-1.855
2018-01-25,7.5220,501.5500,63.5200,-4.736
2018-01-29,7.2620,471.4200,63.5700,-2.073
2018-01-30,7.1040,461.2300,63.6500,-1.964
2018-01-31,6.8920,445.0700,63.5800,-1.545
2018-02-01,6.6960,431.5900,63.9700,-0.752
2018-02-02,6.5400,424.7100,64.1100,-1.279
2018-02-05,6.4080,423.3000,64.0600,-3.025
2018-02-06,6.6120,419.1400,64.2300,1.324
2018-02-07,6.6260,422.2800,64.2300,0.783
2018-02-08,6.6080,436.0900,64.2700,-2.613
2018-02-09,6.8220,438.7600,64.3700,0.085
2018-02-12,6.8040,440.8500,64.2900,-0.776
2018-02-14,6.9180,436.6600,64.1000,1.554
2018-02-15,6.9460,439.1600,63.9300,1.115
2018-02-16,6.9480,442.7100,64.2100,0.773
2018-02-20,6.8100,432.7300,64.8300,2.025
2018-02-21,6.7120,433.1800,64.7600,0.344
2018-02-22,6.6480,424.6900,65.0100,1.765
2018-02-23,6.7180,433.4100,64.7100,0.303
2018-02-26,6.8140,438.7600,64.7800,0.604
2018-02-27,6.8320,447.2000,64.8400,-0.942
2018-02-28,6.7860,447.4500,65.2000,-1.118
2018-03-01,6.8000,446.3000,65.2000,-0.659
2018-03-05,6.7560,436.1600,65.0600,0.776
2018-03-06,6.7620,435.2900,64.9000,0.819
2018-03-07,6.7080,429.9200,64.8600,1.200
2018-03-08,6.7100,428.6800,65.1500,1.977
2018-03-09,6.7240,425.9800,65.1200,2.790
2018-03-12,6.7140,429.6800,65.0000,1.566
2018-03-13,6.8120,436.3000,64.8500,1.251
2018-03-14,6.7680,436.2900,64.8400,0.584
2018-03-15,6.8120,436.5500,64.9400,1.333
2018-03-16,6.6320,428.4300,64.9700,0.572
2018-03-19,6.5880,423.9700,65.2100,1.329
2018-03-20,6.6580,431.4300,65.1900,0.604
2018-03-21,6.6340,428.3400,65.2000,0.980
2018-03-22,6.4740,421.6600,65.1000,-0.048
2018-03-23,6.3860,414.4600,64.9800,0.121
2018-03-26,6.4640,420.8000,64.8300,-0.413
2018-03-27,6.5460,420.4900,64.9800,1.158
2018-03-28,6.5580,416.1100,65.1500,2.678
2018-04-02,6.4780,426.4200,65.1100,-1.088
2018-04-03,6.5460,424.9800,65.0000,0.120
2018-04-04,6.5880,418.2800,65.0800,2.502
2018-04-05,6.6180,422.2200,64.9200,1.758
2018-04-06,6.4780,424.9600,64.9500,-0.992
2018-04-09,6.5500,424.2500,64.9500,0.276
2018-04-10,6.5780,422.4200,64.9500,1.141
2018-04-11,6.5360,420.1400,65.2600,1.523
2018-04-12,6.4700,412.1000,65.2800,2.490
2018-04-13,6.4620,417.9900,65.2700,0.905
2018-04-16,6.4940,420.4900,65.4600,1.096
2018-04-17,6.5040,421.1100,65.6600,1.411
2018-04-18,6.4960,420.3300,65.6200,1.413
2018-04-19,6.4820,427.2600,65.7900,-0.189
2018-04-20,6.4280,424.3800,66.1500,0.196
2018-04-23,6.4120,427.1100,66.4200,-0.287
2018-04-24,6.4760,430.0300,66.3600,-0.066
2018-04-25,6.3500,423.6000,66.9200,0.317
2018-04-26,6.3480,415.3700,66.8000,2.089
2018-04-27,6.3940,419.5500,66.6800,1.621
2018-04-30,6.4620,421.9700,66.5000,1.837
2018-05-02,6.3920,423.6400,66.7100,0.654
2018-05-03,6.3820,424.2200,66.6800,0.314
2018-05-04,6.3180,421.3200,66.8300,0.216
2018-05-07,6.2460,413.9000,67.1300,1.303
2018-05-08,6.2480,414.9900,67.1200,1.054
2018-05-09,6.1240,412.8700,67.2500,-0.250
2018-05-10,6.0420,397.9200,67.2400,2.097
2018-05-11,6.0920,398.1000,67.2800,2.956
2018-05-14,6.0260,403.5500,67.5500,0.869
2018-05-15,5.9100,401.7000,68.0700,0.148
2018-05-16,5.8480,398.7900,67.7700,-0.620
2018-05-17,5.8340,395.4300,67.7600,-0.030
2018-05-18,5.8640,396.4000,68.0400,0.653
2018-05-21,5.7920,378.6100,68.1100,4.195
2018-05-22,5.8940,401.9200,68.0400,-0.222
2018-05-23,5.7640,390.8700,68.3800,0.837
2018-05-24,5.7920,394.5900,68.3200,0.284
2018-05-25,5.8220,393.5700,67.7800,0.266
2018-05-29,5.7900,396.1400,67.7800,-0.932
2018-05-30,5.7920,392.3600,67.4600,-0.416
2018-05-31,5.6980,387.3200,67.4000,-0.846
2018-06-01,5.8040,388.2800,66.9900,0.136
2018-06-04,5.8580,399.2000,67.0500,-1.608
2018-06-05,5.7840,392.6800,67.1200,-1.135
2018-06-06,5.8540,392.0900,66.8700,-0.161
2018-06-07,5.9460,392.9900,67.2000,1.675
2018-06-08,6.1820,412.5800,67.5600,1.230
2018-06-11,6.1660,416.6400,67.4600,-0.164
2018-06-12,6.4080,438.1300,67.4800,-1.305
2018-06-13,6.6660,451.2600,67.6000,-0.141
2018-06-14,6.6040,453.8800,67.6200,-1.612
2018-06-15,7.0120,469.9700,68.0600,1.546
2018-06-18,7.0040,477.1700,68.1000,-0.041
2018-06-19,6.9740,478.6000,68.3000,-0.476
2018-06-20,6.9400,473.5500,68.0600,-0.256
2018-06-21,6.8500,463.2800,67.9400,0.455
2018-06-22,6.8140,467.2500,67.8800,-1.009
2018-06-25,6.6400,458.0300,68.0900,-1.291
2018-06-26,6.5380,453.4300,68.3100,-1.504
2018-06-27,6.4860,458.7600,68.6300,-2.970
2018-06-28,6.5080,459.1500,68.8100,-2.469
2018-06-29,6.4400,447.0100,68.4600,-1.371
2018-07-02,6.4320,448.0700,68.7800,-1.267
2018-07-03,6.5440,454.7500,68.5800,-1.311
2018-07-05,6.5840,459.7300,68.8900,-1.340
2018-07-06,6.5780,453.8100,68.8000,-0.274
2018-07-09,6.7060,466.0100,68.6600,-1.197
2018-07-10,6.6860,464.3700,68.7600,-0.999
2018-07-11,6.6400,460.2700,68.7000,-0.891
2018-07-12,6.7880,471.4500,68.5200,-1.344
2018-07-13,6.6480,463.9700,68.4400,-1.936
2018-07-16,5.9560,418.7900,68.6000,-2.438
2018-07-17,5.9680,413.0600,68.4200,-1.145
2018-07-18,5.9660,413.1300,68.6200,-0.906
2018-07-19,5.8500,405.8400,69.0100,-0.525
2018-07-20,5.9320,410.3800,68.7400,-0.637
2018-07-23,5.8900,408.3400,68.8400,-0.703
2018-07-24,6.0200,415.5200,68.9400,-0.121
2018-07-25,6.0840,417.6400,68.7200,0.108
2018-07-26,6.2400,426.5500,68.6600,0.443
2018-07-27,6.0800,416.6400,68.6000,0.108
2018-07-30,6.0920,413.4400,68.6000,1.081
2018-07-31,6.2460,425.5600,68.5400,0.597
2018-08-01,6.3020,435.1400,68.3700,-0.982
2018-08-02,6.4680,445.5700,68.6300,-0.375
2018-08-03,6.6240,456.2100,68.5400,-0.482
2018-08-06,6.5580,446.8800,68.8200,0.994
2018-08-07,6.6000,451.7600,68.6200,0.251
2018-08-08,6.5320,449.1000,68.6500,-0.151
2018-08-09,6.5300,447.5400,68.7400,0.298
2018-08-10,6.4480,442.8600,68.8800,0.289
2018-08-13,6.4340,448.3200,70.0200,0.488
2018-08-14,6.5040,455.6900,69.9500,-0.161
2018-08-16,6.6620,470.6900,70.1900,-0.655
2018-08-17,6.7660,472.8300,70.0900,0.296
2018-08-20,6.8440,476.1500,69.8400,0.385
2018-08-21,6.9000,482.1900,69.8500,-0.047
2018-08-23,6.9680,492.7200,70.0900,-0.879
2018-08-24,6.9940,489.4900,69.9600,-0.039
2018-08-27,6.9940,488.6200,70.1600,0.425
2018-08-28,6.9420,482.9000,70.0900,0.759
2018-08-29,6.7960,476.7700,70.5300,0.535
2018-08-30,6.7180,476.0300,70.7400,-0.168
2018-08-31,7.0280,498.4000,71.0000,0.118
2018-09-04,7.0500,508.6200,71.5800,-0.783
2018-09-05,7.1740,513.5400,71.7500,0.233
2018-09-06,7.1300,513.3900,71.9400,-0.089
2018-09-07,7.2380,526.5000,71.7800,-1.321
2018-09-10,7.0360,512.7800,72.4500,-0.589
2018-09-11,7.0000,504.8900,72.6900,0.780
2018-09-12,7.0780,505.8300,72.1500,0.958
2018-09-14,7.2140,516.3700,71.8700,0.407
2018-09-17,7.1400,513.7000,72.5100,0.783
2018-09-18,7.1700,516.8300,72.9800,1.245
2018-09-19,7.2400,521.4200,72.3500,0.459
2018-09-21,7.0580,511.2500,72.1800,-0.353
2018-09-24,7.0140,510.7900,72.6600,-0.226
2018-09-25,7.0940,522.3400,72.6800,-1.292
2018-09-26,7.1160,520.1700,72.5900,-0.696
2018-09-27,6.9860,508.2000,72.5500,-0.269
2018-09-28,6.9200,506.1300,72.5400,-0.821
2018-10-01,6.7400,501.7200,72.9200,-2.041
2018-10-03,6.7080,497.9100,73.3400,-1.194
2018-10-04,6.4700,474.4900,73.6200,0.386
2018-10-05,6.4000,478.9100,73.7600,-1.429
2018-10-08,6.3780,468.0200,73.7600,0.517
2018-10-09,6.5900,490.8300,74.3300,-0.203
2018-10-10,6.5440,496.9200,74.2500,-2.219
2018-10-11,6.5180,491.8000,74.0400,-1.872
2018-10-12,6.6340,490.1000,73.6000,-0.375
2018-10-15,6.8900,513.3700,73.7600,-1.006
2018-10-16,7.0440,514.7200,73.4600,0.531
2018-10-17,6.9260,513.0000,73.5200,-0.741
2018-10-19,6.9420,510.4700,73.3700,-0.222
2018-10-22,6.8340,503.8800,73.5600,-0.232
2018-10-23,6.7800,494.7500,73.5400,0.778
2018-10-24,6.5160,486.8600,73.1800,-2.058
2018-10-25,6.5420,478.1000,73.2100,0.176
2018-10-26,6.7620,480.9100,73.4600,3.291
2018-10-29,6.7860,506.5900,73.4200,-1.651
2018-10-30,6.4720,518.8600,73.6200,-8.170
2018-10-31,6.8060,508.4900,73.9500,-1.020
2018-11-01,6.6660,492.3200,73.4500,-0.549
2018-11-02,6.5680,484.6500,72.4400,-1.829
2018-11-05,6.6780,484.1800,73.0800,0.795
2018-11-06,6.8060,490.1700,72.9500,1.291
2018-11-07,6.8620,490.5900,72.4400,1.324
2018-11-09,6.6580,480.0000,72.4800,0.536
2018-11-12,6.6840,483.1100,72.4800,0.279
2018-11-13,6.8080,487.6100,72.6100,1.378
2018-11-14,6.8440,489.8500,72.3000,1.015
2018-11-15,6.8980,492.3600,71.9700,0.831
2018-11-16,6.9840,495.4100,71.9800,1.473
2018-11-19,7.0500,505.7200,71.6000,-0.186
2018-11-20,7.3000,488.6300,71.4900,6.804
2018-11-21,7.3280,520.3600,71.3000,0.409
2018-11-26,7.2740,511.7200,70.8100,0.655
2018-11-27,7.3680,517.7500,70.8000,0.754
2018-11-28,7.3940,514.4600,70.6300,1.512
2018-11-29,7.6580,531.0600,69.7900,0.639
2018-11-30,7.6880,544.4400,69.6200,-1.690
2018-12-03,7.6480,533.5800,70.4000,0.907
2018-12-04,7.6880,540.8100,70.5200,0.249
2018-12-06,7.6140,528.2400,70.8400,2.108
2018-12-07,7.5480,538.5100,70.8500,-0.693
2018-12-10,7.3540,538.0900,72.4360,-1.003
2018-12-11,7.4400,543.2300,72.2700,-1.020
2018-12-12,7.1820,517.2700,71.7900,-0.324
2018-12-13,7.3200,519.3700,71.5200,0.800
2018-12-14,7.3220,518.3400,71.9400,1.621
2018-12-17,7.2340,522.6300,71.6000,-0.895
2018-12-18,7.4640,527.8600,70.6100,-0.157
2018-12-19,7.3260,522.7500,70.2600,-1.535
2018-12-20,7.4580,525.6900,69.9600,-0.747
2018-12-21,7.3680,521.6100,70.0900,-0.994
2018-12-24,7.4140,519.9600,70.0900,-0.060
2018-12-26,7.5700,524.4600,70.0700,1.138
2018-12-27,7.5160,517.4900,70.3400,2.161
2018-12-28,7.5380,524.3800,69.9200,0.511
2018-12-31,7.5400,523.3000,69.5800,0.255
2019-01-02,7.5140,520.2100,70.0200,1.138
2019-01-03,7.3560,515.4700,70.1200,0.065
2019-01-04,7.4560,520.0000,69.6300,-0.161
2019-01-07,7.3060,511.7300,69.7800,-0.375
2019-01-08,7.3800,514.1000,70.1100,0.644
2019-01-09,7.4020,520.6200,70.4200,0.121
2019-01-10,7.3500,520.0800,70.4300,-0.465
2019-01-11,7.3800,517.6300,70.3800,0.343
2019-01-14,7.2640,515.7600,70.3800,-0.876
2019-01-15,7.3560,518.9600,71.0000,0.639
2019-01-16,7.4160,523.3900,70.9700,0.559
2019-01-17,7.4600,523.8300,71.0900,1.241
2019-01-18,7.4080,519.3600,71.2100,1.572
2019-01-22,7.4960,528.0600,71.2300,1.114
2019-01-23,7.5300,529.3500,71.2100,1.296
2019-01-24,7.5760,533.6900,71.0200,0.816
2019-01-25,7.4960,534.4800,70.9400,-0.508
2019-01-28,7.4500,524.9500,71.0600,0.847
2019-01-29,7.4200,533.2900,71.4000,-0.657
2019-01-30,7.5180,533.0800,71.2400,0.469
2019-01-31,7.6380,544.1600,70.9400,-0.426
2019-02-01,7.8060,558.2500,71.4100,-0.148
2019-02-04,7.9400,547.0400,71.6600,4.011
2019-02-05,7.9700,564.2900,71.5200,1.014
2019-02-06,7.8740,557.9400,71.5500,0.976
2019-02-07,7.9160,564.3600,71.3000,0.009
2019-02-08,7.7600,553.9400,71.2300,-0.216
2019-02-11,7.3300,523.0700,71.1500,-0.295
2019-02-12,7.6160,530.5000,70.5600,1.298
2019-02-14,7.5420,533.4500,71.1800,0.635
2019-02-15,7.1960,512.6700,71.3600,0.163
2019-02-19,7.2800,507.3800,71.3100,2.317
2019-02-20,7.1540,505.0300,71.3100,1.014
2019-02-21,7.2000,517.2600,71.1500,-0.963
2019-02-22,7.3760,527.9000,71.0700,-0.699
2019-02-25,7.4740,533.3800,70.8200,-0.763
2019-02-26,7.4920,529.5600,71.0200,0.476
2019-02-27,7.4380,529.3800,71.1500,-0.031
2019-02-28,7.5360,526.3300,70.8300,1.414
2019-03-01,7.5380,529.2000,70.9000,0.991
2019-03-05,7.6100,530.8200,70.5500,1.143
2019-03-06,7.7020,538.7300,70.0200,0.105
2019-03-07,7.5780,536.1500,70.0900,-0.934
2019-03-08,7.5040,523.0100,70.0000,0.434
2019-03-11,7.6500,525.2300,69.8200,1.693
2019-03-12,7.6680,533.3700,69.6200,0.089
2019-03-13,7.7200,531.1700,69.5200,1.040
2019-03-14,7.7460,529.5800,69.3300,1.407
2019-03-15,7.7740,531.7800,68.9400,0.782
2019-03-18,7.8160,533.8900,68.6000,0.428
2019-03-19,7.9100,541.7400,69.0200,0.777
2019-03-20,8.1000,550.3300,68.8500,1.336
2019-03-22,7.8320,550.2600,69.0100,-1.776
2019-03-25,8.0040,556.1900,68.8800,-0.876
2019-03-26,8.1140,556.4700,68.9800,0.581
2019-03-27,7.9860,553.0100,69.1300,-0.170
2019-03-28,7.9480,543.4400,69.2300,1.251
2019-04-01,8.1140,558.9600,69.1800,0.423
2019-04-02,8.2220,559.7500,68.9100,1.220
2019-04-03,8.0980,553.0400,68.5800,0.420
2019-04-04,8.0020,554.2700,69.0300,-0.341
2019-04-05,7.9900,550.8700,69.1100,0.239
2019-04-08,7.9360,552.7400,69.5600,-0.129
2019-04-09,8.0180,550.6600,69.2800,0.877
2019-04-10,8.0060,553.0000,69.1200,0.068
2019-04-11,8.0460,562.3500,68.9700,-1.319
2019-04-12,8.1720,561.4100,69.2100,0.744
2019-04-15,8.0740,558.5600,69.3800,0.289
2019-04-16,8.0000,565.0200,69.5100,-1.582
2019-04-18,8.1540,559.8200,69.4200,1.113
2019-04-22,8.1000,559.1400,69.6400,0.884
2019-04-23,8.1780,564.4300,69.7800,1.104
2019-04-24,8.1700,571.8800,69.9100,-0.125
2019-04-25,8.2900,584.9800,70.1900,-0.531
2019-04-26,8.2200,578.4500,69.9300,-0.627
2019-04-30,8.3780,586.7500,69.6400,-0.563
2019-05-02,8.4420,583.9800,69.4000,0.324
2019-05-03,8.4400,581.4900,69.0800,0.266
2019-05-06,8.5520,584.1200,69.4000,1.607
2019-05-07,8.4680,588.4900,69.6200,0.179
2019-05-08,8.3500,580.1000,69.7300,0.370
2019-05-09,8.3720,580.1200,70.2100,1.324
2019-05-10,8.2800,575.2800,70.0200,0.780
2019-05-13,7.9120,560.5500,70.6200,-0.322
2019-05-14,7.9500,561.5200,70.3000,-0.469
2019-05-15,8.0460,562.7100,70.2200,0.405
2019-05-16,8.0220,560.2000,70.0800,0.354
2019-05-17,7.8760,549.0000,70.2800,0.824
2019-05-20,7.4020,517.8800,69.5900,-0.536
2019-05-21,7.6040,533.4000,69.6100,-0.766
2019-05-22,7.5680,531.5500,69.7100,-0.750
2019-05-23,7.5380,527.4600,69.6600,-0.448
2019-05-24,7.6320,532.7800,69.3700,-0.628
2019-05-28,7.5060,530.3900,69.5600,-1.560
2019-05-29,7.4280,522.1500,69.8000,-0.704
2019-05-30,7.6700,530.4800,69.8100,0.936
2019-05-31,7.6220,535.6700,69.6300,-0.924
2019-06-03,7.9340,544.8200,69.1500,0.700
2019-06-04,7.8660,533.0700,69.2800,2.230
2019-06-06,7.6580,531.4600,69.2100,-0.273
2019-06-07,7.5340,516.1400,69.3200,1.185
2019-06-10,7.5800,525.8500,69.4900,0.168
2019-06-11,7.5880,521.1700,69.4200,1.072
2019-06-12,7.5280,517.9400,69.3500,0.797
2019-06-13,7.3820,517.6500,69.5300,-0.846
2019-06-14,7.4140,513.0300,69.8100,0.885
2019-06-17,7.2500,510.8300,69.8300,-0.893
2019-06-18,7.4100,518.2500,69.6000,-0.485
2019-06-19,7.3840,510.1700,69.6400,0.794
2019-06-20,7.3640,512.9600,69.4400,-0.313
2019-06-21,7.2100,510.3100,69.5900,-1.679
2019-06-24,7.2160,502.6800,69.3200,-0.491
2019-06-25,7.2540,507.2100,69.2600,-0.946
2019-06-26,7.3740,515.7900,69.1800,-1.097
2019-06-27,7.5300,513.1200,69.0100,1.272
2019-06-28,7.4940,510.0900,68.9200,1.254
2019-07-01,7.7460,530.9700,68.8700,0.470
2019-07-02,7.5400,525.5300,68.8700,-1.189
2019-07-03,7.5660,519.3400,68.7900,0.217
2019-07-05,7.5880,520.1900,68.4800,-0.108
2019-07-08,7.4980,519.1400,68.5500,-0.992
2019-07-09,7.5620,519.7700,68.5400,-0.283
2019-07-10,7.5000,516.9300,68.4000,-0.760
2019-07-11,7.7120,530.6100,68.4000,-0.586
2019-07-12,7.5920,525.7200,68.5700,-0.977
2019-07-15,7.5700,525.5200,68.5200,-1.298
2019-07-16,7.6900,535.3000,68.6600,-1.365
2019-07-17,7.6900,533.2600,68.8400,-0.728
2019-07-18,7.6640,531.1100,68.8500,-0.648
2019-07-19,7.5440,522.6300,68.8200,-0.660
2019-07-22,7.6160,526.5000,68.8900,-0.348
2019-07-23,7.4260,519.8700,68.9900,-1.452
2019-07-24,7.5080,519.8100,68.9400,-0.425
2019-07-25,7.6200,530.8200,69.0300,-0.906
2019-07-26,7.8000,540.9900,68.8900,-0.674
2019-07-29,7.5600,530.7900,68.7300,-2.108
2019-07-30,7.3400,512.0000,68.8200,-1.340
2019-07-31,7.3620,514.9200,68.8100,-1.620
2019-08-01,7.3160,506.7500,69.0000,-0.384
2019-08-02,7.1960,505.8400,69.6500,-0.917
2019-08-05,7.0420,502.9400,70.8000,-0.868
2019-08-06,7.1280,511.2400,70.9000,-1.147
2019-08-07,7.1380,511.3600,71.1800,-0.641
2019-08-08,7.2520,514.3900,70.6200,-0.438
2019-08-09,7.2440,514.6900,70.9100,-0.198
2019-08-13,7.0700,511.2700,71.4100,-1.252
2019-08-14,6.9640,502.3900,71.2700,-1.207
2019-08-16,7.0480,498.5100,71.1500,0.593
2019-08-19,7.0400,501.8200,71.4400,0.223
2019-08-20,7.0680,510.9200,71.5400,-1.033
2019-08-21,7.0100,500.6000,71.4300,0.025
2019-08-22,7.0360,509.0800,71.9000,-0.627
2019-08-23,7.0120,508.2500,71.4900,-1.370
2019-08-26,7.0920,513.4400,72.0200,-0.521
2019-08-27,7.0120,508.1400,71.5200,-1.307
2019-08-28,7.0020,502.4200,71.7500,-0.005
2019-08-29,7.0380,505.5600,71.6700,-0.227
2019-08-30,7.1500,511.5000,71.4500,-0.124
2019-09-03,7.0540,506.5600,72.2000,0.541
2019-09-04,7.3620,520.5400,72.1100,1.985
2019-09-05,7.4820,536.4900,71.8400,0.190
2019-09-06,7.6180,547.9900,71.6800,-0.353
2019-09-09,7.6900,549.8400,71.6600,0.223
2019-09-11,7.7700,552.2000,71.6200,0.776
2019-09-12,7.8440,553.4100,70.9100,0.507
2019-09-13,7.7560,546.3100,71.0000,0.799
2019-09-16,7.6740,545.0600,71.5300,0.708
2019-09-17,7.6420,547.6100,71.4700,-0.262
2019-09-18,7.6160,548.7300,71.1600,-1.235
2019-09-19,7.6020,546.5100,71.3100,-0.807
2019-09-20,7.8220,567.5600,71.0500,-2.080
2019-09-23,7.7580,553.4500,70.7900,-0.770
2019-09-24,7.7820,557.0500,70.9400,-0.897
2019-09-25,7.7900,554.6700,71.0000,-0.285
2019-09-26,7.8520,554.9700,70.9300,0.355
2019-09-27,7.8180,546.1600,70.4900,0.903
2019-09-30,7.5780,540.4500,70.6400,-0.951
2019-10-01,7.4800,537.8700,71.1100,-1.109
2019-10-03,7.5620,535.4300,71.0300,0.317
2019-10-04,7.4760,523.5400,70.8600,1.186
2019-10-07,7.4400,523.2900,70.9700,0.903
2019-10-09,7.4580,532.6800,71.0900,-0.468
2019-10-10,7.4580,526.7000,70.9800,0.507
2019-10-11,7.4680,530.2800,70.9100,-0.137
2019-10-14,7.4720,530.3800,70.9100,-0.102
2019-10-15,7.6380,536.9300,71.4800,1.683
2019-10-16,7.6260,540.2900,71.3700,0.736
2019-10-17,7.5820,545.4800,71.0900,-1.187
2019-10-18,7.7420,544.9700,71.0700,0.964
2019-10-22,7.7560,562.1500,70.8100,-2.303
2019-10-23,7.9760,565.3400,70.8100,-0.099
2019-10-24,7.8320,565.0600,71.0100,-1.577
2019-10-25,7.8500,558.9900,70.7800,-0.602
2019-10-29,7.9360,560.5000,70.8600,0.329
2019-10-30,7.8500,551.9800,70.9600,0.916
2019-10-31,7.8300,556.6400,71.0100,-0.113
2019-11-01,7.9680,551.3200,70.7600,2.267
2019-11-04,7.8600,559.5600,70.7900,-0.563
2019-11-05,8.0400,563.1400,70.8100,1.096
2019-11-06,8.0600,572.5400,70.9600,-0.105
2019-11-07,8.0720,574.2100,71.0400,-0.135
2019-11-08,7.9800,564.4200,71.3500,0.878
2019-11-11,7.9460,563.1500,71.3500,0.674
2019-11-13,7.7180,552.6300,72.1200,0.722
2019-11-14,7.6560,546.8100,71.9900,0.795
2019-11-15,7.7000,546.1600,71.6000,0.945
2019-11-18,7.6640,547.4000,71.9000,0.665
2019-11-19,7.6940,548.6000,71.8600,0.782
2019-11-20,7.9760,567.7300,71.7400,0.787
2019-11-21,8.0600,575.8500,71.7500,0.426
2019-11-22,7.9400,574.2500,71.7600,-0.779
2019-11-25,8.1180,584.1300,71.6900,-0.368
2019-11-26,8.3120,593.1700,71.5100,0.206
2019-11-27,8.3560,594.4000,71.2600,0.176
2019-11-29,8.1440,582.7700,71.7500,0.268
2019-12-02,8.0800,574.3400,71.6500,0.800
2019-12-03,7.9980,571.6700,71.7000,0.313
2019-12-04,8.0400,575.5700,71.4700,-0.165
2019-12-05,8.0200,574.3200,71.2600,-0.490
2019-12-06,8.0840,578.1600,71.2600,-0.362
2019-12-09,8.1000,581.7500,71.0200,-1.115
2019-12-10,8.2160,579.5000,70.8400,0.435
2019-12-11,8.1800,577.5600,70.7300,0.175
2019-12-12,8.2520,581.1300,70.6200,0.280
2019-12-13,8.0900,564.3000,70.8000,1.501
2019-12-16,8.0460,563.2700,70.8900,1.262
2019-12-17,8.0960,565.3800,71.0400,1.726
2019-12-18,8.1300,574.6900,70.9700,0.400
2019-12-19,8.1160,573.9100,71.1100,0.561
2019-12-20,8.1280,572.6700,71.0700,0.871
2019-12-23,8.1580,581.6800,71.2400,-0.087
2019-12-24,8.2100,579.1900,71.2300,0.968
2019-12-26,8.1020,573.1200,71.2800,0.766
2019-12-27,8.1180,579.5200,71.4500,0.088
2019-12-30,8.1500,577.7700,71.3000,0.575
2019-12-31,8.1160,574.9100,71.3600,0.739
2020-01-02,8.0940,572.9800,71.3400,0.776
2020-01-03,8.0520,576.7800,71.7600,0.179
2020-01-06,8.0120,575.7700,71.8600,-0.005
2020-01-07,8.0540,576.8400,71.8400,0.305
2020-01-08,8.1760,579.4500,71.5100,0.900
2020-01-09,8.2480,584.1000,71.1600,0.484
2020-01-10,8.2120,586.6000,70.9400,-0.689
2020-01-13,8.3220,590.9400,70.7400,-0.379
2020-01-14,8.3780,589.5600,70.8500,0.682
2020-01-15,8.3180,583.7300,70.6900,0.731
2020-01-16,8.2520,587.4900,70.9500,-0.342
2020-01-17,8.4900,606.8700,71.0800,-0.560
2020-01-21,8.5160,612.0900,71.1700,-0.981
2020-01-22,8.5160,612.4100,71.0700,-1.172
2020-01-23,8.4700,607.6300,71.4500,-0.403
2020-01-24,8.4000,606.2800,71.3100,-1.200
2020-01-27,8.8440,637.7500,71.4500,-0.917
2020-01-28,8.8980,637.8300,71.2400,-0.617
2020-01-29,8.8720,629.6500,71.3500,0.535
2020-01-30,8.8300,630.9700,71.5700,0.157
2020-01-31,8.7360,622.9000,71.5300,0.319
2020-02-03,8.8200,628.8300,71.3200,0.034
2020-02-04,9.1680,648.3700,71.1100,0.550
2020-02-05,8.9000,626.6700,71.1900,1.104
2020-02-06,8.9640,631.7900,71.1900,1.006
2020-02-07,8.8320,633.3400,71.4700,-0.334
2020-02-10,8.8040,629.8200,71.2800,-0.361
2020-02-11,8.9060,638.2400,71.2500,-0.578
2020-02-12,8.9340,639.1400,71.2900,-0.350
2020-02-13,9.1700,664.9200,71.2700,-1.711
2020-02-14,9.0900,660.8600,71.5200,-1.626
2020-02-18,9.0520,650.2700,71.5600,-0.386
2020-02-19,9.1300,655.6300,71.5500,-0.363
2020-02-20,8.9700,651.0600,71.6700,-1.256
2020-02-24,8.7220,635.2600,71.9200,-1.255
2020-02-25,8.5340,617.3800,71.8100,-0.738
2020-02-26,8.6160,615.0700,71.5800,0.270
2020-02-27,8.4180,613.4100,71.6500,-1.673
2020-02-28,8.0320,585.4200,72.5300,-0.488
2020-03-02,8.0260,581.1100,72.8800,0.658
2020-03-03,8.2360,608.7400,73.0300,-1.193
2020-03-04,8.5400,634.2700,73.4900,-1.051
2020-03-05,8.4820,636.8900,73.5000,-2.114
2020-03-06,8.5060,634.1900,74.0000,-0.748
2020-03-09,8.0200,612.2500,74.2100,-2.791
2020-03-11,8.0340,600.1200,73.6800,-1.362
2020-03-12,7.5020,570.0800,74.2500,-2.290
2020-03-13,7.7720,577.0200,73.8600,-0.516
2020-03-16,7.1440,565.3900,74.0100,-6.484
2020-03-17,7.4180,556.2400,74.2600,-0.967
2020-03-18,6.9500,533.6900,74.5500,-2.917
2020-03-19,7.0960,524.7900,74.7800,1.115
2020-03-20,7.3700,579.4500,75.3100,-4.214
2020-03-23,7.3360,553.6800,76.2900,1.081
2020-03-24,7.6360,571.5900,76.3700,2.024
2020-03-25,8.0000,584.4000,76.3600,4.531
2020-03-26,8.0740,589.7100,74.8900,2.535
2020-03-27,7.7180,583.3000,75.4700,-0.141
2020-03-30,8.0520,598.8500,75.3300,1.287
2020-03-31,8.0660,624.1500,75.3900,-2.572
2020-04-01,7.9100,619.0000,76.4000,-2.371
2020-04-03,8.2300,629.3600,76.2400,-0.303
2020-04-07,8.9180,716.6400,75.6400,-5.872
2020-04-08,9.6380,736.6000,75.9600,-0.611
2020-04-09,9.3740,724.3100,76.3000,-1.253
2020-04-13,9.8200,749.3200,76.2500,-0.073
2020-04-15,9.8680,761.5200,76.5600,-0.791
2020-04-16,10.1500,772.1300,76.7500,0.891
2020-04-17,10.2000,785.9100,76.5600,-0.636
2020-04-20,10.0320,768.9500,76.5600,-0.117
2020-04-21,10.1740,803.2800,76.9500,-2.538
2020-04-22,10.5680,811.3600,76.4400,-0.437
2020-04-23,10.5540,805.4200,75.8400,-0.621
2020-04-24,10.3640,800.5600,76.2600,-1.274
2020-04-27,10.5260,796.0600,76.2300,0.796
2020-04-28,10.2660,789.9500,75.9600,-1.284
2020-04-29,10.2860,776.1400,75.4500,-0.008
2020-04-30,10.2380,787.2600,75.0800,-2.361
2020-05-04,10.3420,787.8000,75.6400,-0.702
2020-05-05,10.1240,766.7800,75.7200,-0.025
2020-05-06,10.2820,770.5000,76.0800,1.526
2020-05-07,10.0820,767.5300,75.7800,-0.458
2020-05-08,10.4720,796.8000,75.5800,-0.668
2020-05-11,10.3140,772.4000,75.8700,1.311
2020-05-12,10.1700,754.6800,75.0300,1.110
2020-05-13,9.9780,755.9200,75.3300,-0.566
2020-05-14,10.0740,746.4000,75.4800,1.874
2020-05-15,9.9320,747.0200,75.8200,0.806
2020-05-18,9.8620,735.8300,75.7400,1.511
2020-05-19,9.7340,739.9200,75.6700,-0.453
2020-05-20,10.3480,782.0400,75.4700,-0.138
2020-05-21,10.1140,769.5000,75.6300,-0.595
2020-05-22,10.2820,778.5700,75.9900,0.354
2020-05-26,10.1880,772.8600,75.4300,-0.567
2020-05-27,10.1500,776.6000,75.8800,-0.826
2020-05-28,10.2840,777.5500,75.6700,0.082
2020-05-29,10.6880,814.2500,75.5900,-0.779
2020-06-01,10.4940,790.7100,75.5600,0.280
2020-06-02,10.4920,779.0600,75.0300,1.047
2020-06-03,10.4540,792.4800,75.3200,-0.642
2020-06-04,10.5940,799.7800,75.4300,-0.084
2020-06-05,10.6080,804.9800,75.6100,-0.361
2020-06-08,10.4620,793.5200,75.4400,-0.538
2020-06-09,10.9300,824.7600,75.4400,-0.024
2020-06-10,10.8860,822.5000,75.6500,0.125
2020-06-11,10.5040,811.5200,75.9700,-1.667
2020-06-12,10.4800,801.5900,76.0300,-0.598
2020-06-15,10.7700,802.4600,75.9700,1.961
2020-06-16,10.6140,801.0900,76.1900,0.948
2020-06-17,10.6880,797.0400,76.2500,2.248
2020-06-18,10.6580,801.4000,76.3200,1.500
2020-06-19,10.6360,801.1200,76.2100,1.180
2020-06-22,10.6480,806.5700,75.7600,0.015
2020-06-23,10.8680,821.7700,75.4800,-0.177
2020-06-24,10.6240,808.5300,75.6500,-0.597
2020-06-25,10.6420,801.3200,75.5800,0.375
2020-06-26,10.4380,799.7200,75.6300,-1.287
2020-06-29,10.6060,794.7700,75.5200,0.779
2020-06-30,10.6020,788.9900,75.5300,1.493
2020-07-01,10.4600,782.2900,75.5000,0.951
2020-07-02,10.5760,784.1100,74.7800,0.863
2020-07-06,10.4640,778.4000,74.6200,0.311
2020-07-07,10.2900,764.7000,74.8100,0.666
2020-07-08,10.4520,777.3400,74.9400,0.763
2020-07-09,10.3780,779.3200,75.1200,0.035
2020-07-10,10.4020,781.0900,75.1400,0.066
2020-07-13,10.2780,779.9100,75.1600,-0.951
2020-07-14,10.6020,796.6300,75.3800,0.320
2020-07-15,10.7380,807.2900,75.1100,-0.094
2020-07-16,10.9640,830.4300,75.1100,-0.834
2020-07-17,10.9940,823.7500,74.9300,0.004
2020-07-20,10.9980,818.4200,74.7700,0.477
2020-07-21,10.9140,806.7100,74.5400,0.845
2020-07-22,10.9500,812.3200,74.5600,0.506
2020-07-23,10.8940,826.0000,74.8100,-1.334
2020-07-24,10.9020,813.1900,74.7700,0.240
2020-07-27,10.7300,803.1400,74.7700,-0.107
2020-07-28,10.8960,810.2700,74.9100,0.734
2020-07-29,11.7240,860.4400,74.9200,2.083
2020-07-30,11.9840,903.3200,74.8800,-0.660
2020-07-31,12.1600,904.2100,74.9000,0.727
2020-08-03,12.0240,905.4900,75.2000,-0.142
2020-08-04,12.2840,926.9700,75.0600,-0.532
2020-08-05,12.2640,920.1900,74.8000,-0.309
2020-08-06,12.2360,916.6100,74.8700,-0.055
2020-08-07,12.1560,914.7000,75.0400,-0.275
2020-08-10,12.4600,938.1800,74.9100,-0.512
2020-08-11,12.2520,919.1800,74.6100,-0.550
2020-08-12,12.1800,903.6300,74.7300,0.728
2020-08-13,12.1400,900.4500,74.8100,0.860
2020-08-14,12.1580,903.8800,74.8700,0.707
2020-08-17,12.2240,903.8300,74.7400,1.083
2020-08-18,12.1860,904.0800,74.6200,0.580
2020-08-19,11.9200,897.8500,74.8500,-0.628
2020-08-20,11.9300,895.2000,75.0100,-0.037
2020-08-21,12.0080,897.9500,74.9200,0.188
2020-08-24,12.0200,894.5100,74.1700,-0.334
2020-08-25,11.9780,885.5400,74.2000,0.364
2020-08-26,11.9700,886.9500,74.2200,0.165
2020-08-27,11.9400,887.4000,73.8900,-0.581
2020-08-28,11.8760,874.8600,73.1100,-0.755
2020-08-31,11.6340,852.9400,73.2500,-0.088
2020-09-01,11.8240,870.3900,73.0000,-0.832
2020-09-02,11.9300,870.5500,73.2700,0.409
2020-09-03,11.9160,886.6300,73.3900,-1.366
2020-09-04,11.7600,864.5000,73.2900,-0.302
2020-09-08,11.7340,869.7600,73.7800,-0.463
2020-09-09,12.1560,885.8900,73.3800,0.691
2020-09-10,11.9640,876.0300,73.4300,0.284
2020-09-11,11.9800,880.3200,73.4500,-0.044
2020-09-14,11.9380,872.8200,73.4200,0.420
2020-09-15,12.0980,888.4700,73.5700,0.178
2020-09-16,12.5260,925.5800,73.5400,-0.477
2020-09-17,13.3100,965.4500,73.6000,1.467
2020-09-18,14.4820,1066.6700,73.5400,-0.156
2020-09-21,13.9560,1028.4000,73.5800,-0.148
2020-09-22,14.0020,1033.5900,73.5000,-0.430
2020-09-23,13.7120,1021.5500,73.5300,-1.303
2020-09-24,13.5520,1005.4800,73.9000,-0.397
2020-09-25,13.9200,1022.4400,73.7100,0.352
2020-09-28,13.8020,1025.9700,73.7900,-0.733
2020-09-29,13.7300,1016.8400,73.7800,-0.378
2020-09-30,13.9120,1037.5601,73.5400,-1.395
2020-10-01,13.9540,1022.4100,73.1800,-0.123
2020-10-05,14.0920,1031.9000,73.0900,-0.186
2020-10-06,13.8260,1027.3000,73.4000,-1.214
2020-10-07,13.7300,1020.9900,73.2800,-1.455
2020-10-08,14.0800,1038.8800,73.3300,-0.615
2020-10-09,14.0060,1030.6000,72.9800,-0.819
2020-10-12,14.1540,1044.1000,72.9800,-1.067
2020-10-13,14.0080,1033.7500,73.4500,-0.470
2020-10-14,13.9620,1024.6000,73.2400,-0.197
2020-10-15,13.6640,1011.2500,73.4800,-0.714
2020-10-16,13.7620,1016.1100,73.4200,-0.561
2020-10-19,13.5880,1011.6300,73.3100,-1.532
2020-10-20,13.6960,1014.2300,73.4700,-0.787
2020-10-21,13.5220,1009.3500,73.6200,-1.373
2020-10-22,13.5620,1004.4000,73.6500,-0.553
2020-10-23,13.4580,1003.6500,73.8600,-0.961
2020-10-26,13.3800,995.6200,73.9300,-0.646
2020-10-27,13.6040,1019.8800,73.6200,-1.800
2020-10-28,12.9780,990.2000,74.1900,-2.763
2020-10-29,13.2460,988.3900,74.4200,-0.265
2020-10-30,12.9620,977.7300,74.5900,-1.114
2020-11-02,13.1840,971.7300,74.5100,1.092
2020-11-03,13.2940,975.4700,74.6100,1.681
2020-11-04,13.5540,987.1200,74.3600,2.103
2020-11-05,13.5140,991.7000,73.9300,0.745
2020-11-06,13.3400,980.5900,73.9600,0.616
2020-11-09,12.8800,975.9300,74.0300,-2.298
2020-11-10,12.5920,939.6000,74.3100,-0.414
2020-11-11,12.8980,976.4300,74.3100,-1.841
2020-11-12,12.8540,965.3700,74.6300,-0.629
2020-11-13,12.8700,971.3800,74.5600,-1.214
2020-11-17,12.6660,956.8300,74.4200,-1.487
2020-11-18,12.5220,940.7600,74.1000,-1.369
2020-11-19,12.6080,941.5400,74.1600,-0.694
2020-11-20,12.6040,934.1900,74.1200,0.002
2020-11-23,12.8120,965.7500,74.2100,-1.550
2020-11-24,13.1060,983.1000,74.0800,-1.242
2020-11-25,12.8660,961.2600,73.7500,-1.289
2020-11-27,13.0740,965.7900,73.7500,-0.164
2020-12-01,13.1680,966.0800,73.5100,0.197
2020-12-02,13.0980,970.0500,73.7200,-0.460
2020-12-03,13.1740,984.6100,73.8000,-1.256
2020-12-04,13.2020,981.7100,73.7800,-0.781
2020-12-07,13.5200,1005.8200,73.8300,-0.759
2020-12-08,13.5500,1003.0400,73.6800,-0.466
2020-12-09,13.6000,1011.3800,73.7100,-0.882
2020-12-10,13.6660,1010.6200,73.7200,-0.313
2020-12-11,13.6480,1003.3900,73.7300,0.287
2020-12-14,13.6040,1004.5600,73.6400,-0.275
2020-12-15,13.6920,1006.2700,73.5600,0.091
2020-12-16,13.6160,1007.7900,73.6500,-0.493
2020-12-17,13.7540,1014.5700,73.5300,-0.319
2020-12-18,14.1080,1045.7500,73.5300,-0.802
2020-12-21,13.6360,1013.7100,74.0300,-0.418
2020-12-22,13.8620,1032.3600,73.8500,-0.838
2020-12-23,14.0760,1044.8199,73.7700,-0.616
2020-12-24,14.0860,1040.3600,73.7700,-0.119
2020-12-28,14.0840,1040.3600,73.5000,-0.498
2020-12-29,14.0280,1033.1200,73.3300,-0.430
2020-12-30,14.1480,1034.1899,73.1300,0.044
2020-12-31,14.2580,1041.0200,73.0100,-0.004
2021-01-04,14.2440,1054.4500,73.0800,-1.280
2021-01-05,14.4160,1057.3800,73.1500,-0.269
2021-01-06,14.4380,1057.6600,73.1500,-0.144
2021-01-07,14.2840,1054.1801,73.4300,-0.503
2021-01-08,14.3500,1067.6500,73.3100,-1.466
2021-01-11,14.6160,1083.3600,73.5000,-0.838
2021-01-12,14.4100,1070.7700,73.2600,-1.410
2021-01-13,14.3520,1058.0000,73.0700,-0.879
2021-01-14,14.4020,1061.7800,73.1100,-0.833
2021-01-15,14.2120,1042.5601,73.0800,-0.379
2021-01-19,13.9280,1017.7800,73.2000,0.172
2021-01-20,13.9280,1016.1300,73.2000,0.335
2021-01-21,13.7420,1010.4400,72.9600,-0.774
2021-01-22,13.7660,1007.3800,72.9800,-0.272
2021-01-25,13.8680,1016.4800,73.0100,-0.391
2021-01-27,13.1520,981.8600,73.0500,-2.150
2021-01-28,13.2120,974.3600,72.9100,-1.136
2021-01-29,12.2560,920.5400,72.8400,-3.021
2021-02-01,11.8340,885.6300,73.1100,-2.309
2021-02-02,12.1940,896.5000,72.9500,-0.775
2021-02-03,12.5240,929.9100,72.8400,-1.899
2021-02-04,12.7020,933.5900,72.9300,-0.775
2021-02-05,13.1180,960.1800,72.8500,-0.472
2021-02-08,13.1840,971.9600,72.9000,-1.116
2021-02-09,13.1880,968.8200,72.8300,-0.861
2021-02-10,13.1440,964.8100,72.8200,-0.794
2021-02-11,13.2360,965.0100,72.6900,-0.299
2021-02-12,13.1800,958.4000,72.6000,-0.160
2021-02-16,12.8040,939.3200,72.8600,-0.684
2021-02-17,12.5300,920.1100,72.8100,-0.848
2021-02-18,12.5440,923.3900,72.6500,-1.307
2021-02-19,12.6500,936.2900,72.5000,-2.047
2021-02-22,12.2240,893.8500,72.4800,-0.879
2021-02-23,12.2240,899.0300,72.4400,-1.504
2021-02-24,12.2000,887.1100,72.3800,-0.459
2021-02-25,12.1220,896.0300,72.7400,-1.593
2021-02-26,11.9940,885.3100,73.9200,0.145
2021-03-01,12.0860,890.6800,73.4000,-0.401
2021-03-02,12.0880,880.9400,73.2900,0.566
2021-03-03,12.1860,900.5100,72.8500,-1.417
2021-03-04,12.3560,915.0100,72.7300,-1.788
2021-03-05,12.2600,898.5000,73.2100,-0.105
2021-03-08,12.1500,898.4500,73.3200,-0.847
2021-03-09,12.1600,889.6600,72.8900,-0.373
2021-03-10,12.2460,900.0800,72.8600,-0.871
2021-03-12,12.1860,885.3000,72.7100,0.084
2021-03-15,12.0480,868.4500,72.5800,0.690
2021-03-16,12.3320,889.9400,72.5200,0.492
2021-03-17,11.9480,871.1700,72.5600,-0.485
2021-03-18,11.5960,842.5500,72.6300,-0.039
2021-03-19,11.8020,854.8900,72.4500,0.019
2021-03-22,12.0180,870.7900,72.3700,-0.120
2021-03-23,11.9540,874.4500,72.5200,-0.863
2021-03-24,11.9220,870.1000,72.5900,-0.538
2021-03-25,12.0420,876.1100,72.6900,-0.089
2021-03-26,12.2480,881.2000,72.6500,0.978
2021-03-30,12.2240,903.6400,73.4500,-0.640
2021-03-31,12.2780,903.2000,73.1400,-0.574
2021-04-01,12.5440,917.5300,73.3200,0.239
2021-04-05,12.4240,911.3200,73.2900,-0.084
2021-04-06,12.5880,923.8500,73.4900,0.134
2021-04-07,12.5120,938.5300,74.3500,-0.880
2021-04-08,12.5580,937.8100,74.5700,-0.145
2021-04-09,12.7840,952.0600,74.7200,0.332
2021-04-12,13.1700,999.3900,75.0300,-1.125
2021-04-13,12.5420,955.4600,75.2700,-1.196
2021-04-15,12.8260,969.1100,74.8100,-0.990
2021-04-16,13.0020,978.6500,74.4800,-1.048
2021-04-19,13.2000,993.6200,74.8700,-0.537
2021-04-20,13.4720,1031.3500,75.3800,-1.535
2021-04-22,13.7400,1039.9700,75.1100,-0.765
2021-04-23,13.6100,1013.3400,74.9700,0.691
2021-04-26,13.5720,1013.3400,74.7500,0.115
2021-04-27,13.5560,1011.4500,74.5800,-0.044
2021-04-28,13.6000,1008.8900,74.4900,0.414
2021-04-29,13.7920,1020.4600,74.0700,0.109
2021-04-30,13.8040,1032.6200,74.0000,-1.077
2021-05-03,14.0960,1037.1899,73.8200,0.326
2021-05-04,13.8100,1013.4500,73.8000,0.565
2021-05-05,14.0500,1032.1899,73.8100,0.469
2021-05-06,14.1380,1033.6899,73.6400,0.719
2021-05-07,14.2040,1034.9399,73.2700,0.559
2021-05-10,14.4400,1065.5100,73.4100,-0.513
2021-05-11,14.3540,1059.1899,73.3900,-0.543
2021-05-12,14.2940,1060.2900,73.5300,-0.873
2021-05-14,14.4000,1039.3700,73.2300,1.457
2021-05-17,14.4000,1050.0601,73.3000,0.520
2021-05-18,14.3500,1043.0900,73.0400,0.483
2021-05-19,14.4400,1047.5601,73.2000,0.902
2021-05-20,14.5120,1047.2600,73.0300,1.198
2021-05-21,14.4680,1043.2900,72.8200,0.984
2021-05-24,14.5180,1054.4301,72.8600,0.318
2021-05-25,14.5500,1062.2400,72.7800,-0.310
2021-05-26,14.3940,1057.0400,72.7100,-0.989
2021-05-27,14.4440,1053.7700,72.5900,-0.501
2021-05-28,14.2740,1038.9100,72.4200,-0.499
2021-06-01,14.5560,1063.3000,72.8300,-0.300
2021-06-02,14.4780,1062.4700,72.9700,-0.566
2021-06-03,14.3940,1056.5100,73.0100,-0.530
2021-06-04,14.4540,1051.0000,72.8700,0.215
2021-06-07,14.3580,1043.8400,72.8000,0.136
2021-06-08,14.4260,1054.9500,72.9300,-0.271
2021-06-09,14.3580,1044.5601,72.9800,0.315
2021-06-10,14.5220,1058.4100,73.1000,0.297
2021-06-11,14.8120,1090.6000,73.2400,-0.529
2021-06-14,14.8400,1092.2700,73.1600,-0.602
2021-06-15,14.7420,1082.1700,73.3500,-0.078
2021-06-16,14.7100,1081.2200,73.3100,-0.262
2021-06-17,14.4180,1057.3000,74.1600,1.129
2021-06-18,14.3000,1056.7800,74.1400,0.324
2021-06-21,14.3480,1056.4000,74.1800,0.751
2021-06-22,14.3380,1061.6700,74.3700,0.438
2021-06-23,14.2800,1059.8700,74.1300,-0.122
2021-06-24,14.1980,1055.5300,74.1400,-0.274
2021-06-25,14.3780,1061.8600,74.1400,0.388
2021-06-28,14.6080,1080.8500,74.2900,0.405
2021-06-29,14.6920,1086.6200,74.2900,0.446
2021-06-30,14.7020,1084.6100,74.3300,0.755
2021-07-01,15.0380,1111.7000,74.5600,0.858
2021-07-02,15.0580,1115.1400,74.5100,0.613
2021-07-06,14.8700,1107.8900,74.5800,0.101
2021-07-07,14.9820,1112.4200,74.8100,0.754
2021-07-08,14.7220,1093.3500,74.7600,0.665
2021-07-09,14.7920,1092.0601,74.5300,0.951
2021-07-12,14.8240,1098.8600,74.5600,0.584
2021-07-13,14.6620,1087.4200,74.5100,0.464
2021-07-14,14.6300,1078.1700,74.5400,1.145
2021-07-15,14.5080,1078.7300,74.5500,0.263
2021-07-16,14.4940,1081.3101,74.6100,0.008
2021-07-19,14.4780,1083.8700,74.8500,-0.018
2021-07-20,14.3180,1068.8101,74.6000,-0.064
2021-07-22,14.4800,1076.9000,74.4600,0.119
2021-07-23,14.6040,1084.4301,74.4400,0.248
2021-07-26,14.5220,1082.2500,74.3500,-0.235
2021-07-27,12.7240,968.6700,74.5000,-2.140
2021-07-28,12.6360,946.3500,74.5200,-0.498
2021-07-29,12.6580,934.5300,74.2500,0.570
2021-07-30,12.5100,942.2400,74.3400,-1.300
2021-08-02,12.5240,940.3100,74.3500,-0.973
2021-08-03,12.6580,944.3400,74.2500,-0.475
2021-08-04,12.7440,953.7600,74.1500,-0.922
2021-08-05,12.8240,956.4600,74.1000,-0.648
2021-08-06,12.8740,957.2600,74.1900,-0.223
2021-08-09,12.8900,963.7000,74.3100,-0.606
2021-08-10,12.7220,953.9500,74.5000,-0.646
2021-08-11,12.6820,948.9700,74.2500,-0.773
2021-08-12,12.6400,943.2800,74.3100,-0.424
2021-08-13,12.5420,930.4400,74.2400,0.073
2021-08-16,12.5360,932.2300,74.1900,-0.234
2021-08-17,12.5400,940.1000,74.3800,-0.784
2021-08-18,12.4240,937.4100,74.2700,-1.566
2021-08-20,12.2660,911.2000,74.3500,0.085
2021-08-23,12.2260,902.9700,74.1200,0.357
2021-08-24,12.3000,917.4800,74.1300,-0.619
2021-08-25,12.2080,909.7900,74.2300,-0.395
2021-08-26,12.0380,900.7000,74.1300,-0.924
2021-08-27,12.4380,920.1100,73.4700,-0.684
2021-08-30,12.6360,935.5700,73.2900,-1.013
2021-08-31,12.8420,940.8100,72.9500,-0.424
2021-09-01,13.0760,952.6900,72.9900,0.181
2021-09-02,13.3400,971.9400,72.9900,0.180
2021-09-03,13.4180,979.7100,72.9800,-0.047
2021-09-07,13.3040,979.4900,73.4400,-0.250
2021-09-08,13.2640,982.2600,73.8400,-0.290
2021-09-09,13.1500,982.4100,73.5200,-1.590
2021-09-13,13.4400,986.2800,73.5800,0.267
2021-09-14,13.3740,986.1500,73.6400,-0.131
2021-09-15,13.4740,992.5200,73.4700,-0.260
2021-09-16,13.3840,986.3900,73.5600,-0.189
2021-09-17,13.2700,976.9100,73.6400,0.030
2021-09-20,13.0060,954.9900,73.6500,0.304
2021-09-21,13.1620,970.7300,73.7100,-0.058
2021-09-22,13.0900,969.2700,73.8000,-0.333
2021-09-23,13.0100,959.4600,73.7000,-0.065
2021-09-24,12.9740,958.0700,73.8100,-0.048
2021-09-27,12.9320,958.3300,73.8600,-0.331
2021-09-28,12.9220,966.6300,74.2100,-0.795
2021-09-29,13.0360,976.2000,74.2800,-0.808
2021-09-30,13.0280,976.1400,74.1600,-1.023
2021-10-01,13.2660,991.1700,74.1500,-0.756
2021-10-04,13.4500,1008.5400,74.4600,-0.699
2021-10-05,13.3360,1006.9200,74.5100,-1.316
2021-10-06,13.1720,991.3200,74.8200,-0.584
2021-10-07,13.0980,978.2200,74.8500,0.221
2021-10-08,12.8640,969.8400,75.0500,-0.453
2021-10-11,12.8880,978.8700,75.0500,-1.188
2021-10-12,12.9120,982.0600,75.4600,-0.786
2021-10-13,12.9420,985.6900,75.3300,-1.093
2021-10-14,13.0920,991.7400,75.1800,-0.755
2021-10-18,12.9300,975.5000,75.3200,-0.165
2021-10-19,12.7680,960.3600,75.0600,-0.208
2021-10-20,12.6180,950.7800,74.8300,-0.692
2021-10-21,12.3100,930.3300,74.8000,-1.026
2021-10-22,12.2640,927.4900,74.8700,-1.001
2021-10-25,12.3460,935.2300,75.0500,-0.926
2021-10-26,12.3200,933.2400,74.9000,-1.122
2021-10-27,12.2620,932.5400,75.0100,-1.369
2021-10-28,12.2140,913.9900,74.7700,-0.082
2021-10-29,12.2880,931.8400,75.0000,-1.099
2021-11-01,12.7120,960.2900,74.8300,-0.943
2021-11-02,12.6760,949.2200,74.6300,-0.338
2021-11-03,12.7920,954.3300,74.5100,-0.126
2021-11-04,12.7440,953.2300,74.5300,-0.359
2021-11-08,12.9660,957.7500,73.9100,0.059
2021-11-09,12.9320,958.4700,74.1000,-0.022
2021-11-10,12.9880,965.8700,74.2600,-0.143
2021-11-11,12.9920,962.9900,74.2600,0.186
2021-11-12,13.0120,968.6500,74.4000,-0.058
2021-11-15,13.0760,974.7300,74.3500,-0.259
2021-11-16,12.8220,963.5200,74.4800,-0.886
2021-11-17,12.7320,953.6600,74.2800,-0.831
2021-11-18,12.5640,934.2900,74.2500,-0.151
2021-11-22,12.1480,921.5200,74.3700,-1.961
2021-11-23,12.2680,926.3900,74.4900,-1.354
2021-11-24,12.2340,919.6100,74.5700,-0.796
2021-11-26,12.5980,950.1800,74.8900,-0.707
2021-11-29,12.3700,939.5200,75.1200,-1.095
2021-11-30,12.4880,935.1700,75.1000,0.286
2021-12-01,12.3040,921.2700,74.8300,-0.061
2021-12-02,12.4800,932.5500,74.8900,0.223
2021-12-03,12.1040,919.3000,75.2400,-0.935
2021-12-06,11.9000,899.7400,75.3900,-0.289
2021-12-07,12.0640,904.1400,75.4300,0.647
2021-12-08,12.1340,914.1400,75.4000,0.084
2021-12-09,12.1180,918.8500,75.5800,-0.323
2021-12-10,12.0880,918.6600,75.6600,-0.444
2021-12-13,12.1260,919.9600,75.7800,-0.114
2021-12-14,12.1600,929.3100,75.9800,-0.580
2021-12-15,12.0920,920.0600,76.3800,0.383
2021-12-16,12.3660,919.4700,76.1800,2.455
2021-12-17,12.0900,903.5900,75.9800,1.661
2021-12-20,12.1320,912.1400,75.8200,0.845
2021-12-21,12.3180,924.1800,75.6700,0.857
2021-12-22,12.4240,929.7000,75.4500,0.827
2021-12-23,12.5580,938.9600,75.0200,0.335
2021-12-27,12.7240,947.3800,74.9700,0.690
2021-12-28,12.7120,948.7600,74.6700,0.047
2021-12-29,12.8920,966.6300,74.5800,-0.532
2021-12-30,13.0840,980.9400,74.3900,-0.777
2021-12-31,13.0820,981.4000,74.3900,-0.839
2022-01-03,13.0500,970.6300,74.3200,-0.078
2022-01-04,12.9440,967.0900,74.5200,-0.259
2022-01-05,12.7880,958.0800,74.3100,-0.815
2022-01-06,12.7300,947.8900,74.4000,-0.082
2022-01-07,12.7240,941.6800,74.2700,0.354
2022-01-10,12.7340,939.8100,74.0600,0.348
2022-01-11,12.6860,933.8500,73.8100,0.268
2022-01-12,12.6260,938.6800,73.7700,-0.773
2022-01-13,12.6780,945.1900,73.9600,-0.796
2022-01-14,12.5280,937.8400,74.0800,-1.041
2022-01-18,12.5540,938.7100,74.5600,-0.286
2022-01-19,12.4700,936.9900,74.3900,-0.998
2022-01-20,12.2880,918.3100,74.3200,-0.552
2022-01-21,11.9400,899.2300,74.2800,-1.371
2022-01-24,11.7960,872.8700,74.7200,0.977
2022-01-25,11.8200,880.5700,74.7300,0.311
2022-01-27,11.0660,851.2700,75.1800,-2.271
2022-01-28,11.1900,843.7200,75.0000,-0.530
2022-01-31,11.5000,860.5600,74.6000,-0.309
2022-02-01,11.4360,861.8900,74.7800,-0.778
2022-02-02,11.7140,883.0700,74.7700,-0.817
2022-02-03,11.6280,874.9300,74.7100,-0.709
2022-02-04,11.5520,870.3900,74.6100,-0.976
2022-02-07,11.5040,861.8400,74.6800,-0.316
2022-02-08,11.4520,864.3900,74.7100,-1.019
2022-02-09,11.6420,873.7500,74.8000,-0.335
2022-02-10,11.4840,874.1400,75.0700,-1.377
2022-02-11,11.2640,865.0800,75.3400,-1.902
2022-02-14,11.0360,840.9200,75.6300,-0.745
2022-02-15,11.3040,855.5100,75.2000,-0.637
2022-02-16,11.3500,863.2900,75.0300,-1.355
2022-02-17,11.2260,860.2000,75.0200,-2.096
2022-02-18,11.3820,864.2300,74.6300,-1.712
2022-02-22,11.2080,843.7000,74.6500,-0.832
2022-02-23,11.0980,840.1900,74.6000,-1.461
2022-02-24,10.8620,818.5000,75.6100,0.339
2022-02-25,11.1060,835.3200,75.0900,-0.164
2022-02-28,10.6840,812.6800,75.4900,-0.756
2022-03-02,10.2460,770.6300,75.6100,0.528
2022-03-03,9.8500,743.7700,75.9400,0.570
2022-03-04,9.8320,765.7300,76.4200,-1.876
2022-03-07,9.6540,753.8800,76.9100,-1.511
2022-03-08,10.0860,773.7100,77.0700,0.468
2022-03-09,10.2940,786.0900,76.3600,-0.005
2022-03-10,10.1120,778.5000,76.3700,-0.802
2022-03-11,10.1720,795.1200,76.4800,-2.159
2022-03-14,10.1780,791.4600,76.4500,-1.687
2022-03-15,10.2980,779.9700,76.4100,0.885
2022-03-16,10.4720,788.7600,76.1700,1.127
2022-03-17,10.6920,808.4300,75.9400,0.435
2022-03-21,10.4900,800.9900,76.1900,-0.219
2022-03-22,10.6160,806.0700,76.0600,0.172
2022-03-23,10.6440,825.4600,76.4600,-1.408
2022-03-24,11.2440,865.7000,76.1800,-1.055
2022-03-25,11.2500,872.2900,76.2500,-1.660
2022-03-28,11.0460,857.0900,76.0600,-1.975
2022-03-29,11.3660,864.7100,75.5800,-0.655
2022-03-30,11.3280,870.8800,75.7600,-1.455
2022-03-31,11.1460,859.0900,75.8700,-1.565
2022-04-01,11.1640,855.8900,75.9600,-0.920
2022-04-04,11.2900,863.4300,75.4200,-1.383
2022-04-05,11.3340,865.9800,75.3100,-1.434
2022-04-06,11.2620,855.3500,75.9200,-0.040
2022-04-07,11.3600,863.4800,75.9000,-0.145
2022-04-08,11.6260,886.0700,75.9300,-0.373
2022-04-11,11.4300,876.1000,75.8500,-1.043
2022-04-12,11.3240,874.4700,76.0200,-1.557
2022-04-13,11.2420,859.8400,76.1400,-0.451
2022-04-18,11.0640,856.9900,76.2200,-1.598
2022-04-19,11.0960,841.9400,76.3900,0.675
2022-04-20,11.3540,858.6800,76.2400,0.809
2022-04-21,11.1440,864.0600,76.2300,-1.684
2022-04-22,10.7800,838.5500,76.4900,-1.668
2022-04-25,10.6780,823.0900,76.7200,-0.471
2022-04-26,10.6620,830.9100,76.6100,-1.696
2022-04-27,10.5780,815.4100,76.6100,-0.617
2022-04-28,10.7400,824.4300,76.6600,-0.134
2022-04-29,10.7360,826.3900,76.4800,-0.641
2022-05-02,10.6700,824.7800,76.4900,-1.047
2022-05-04,10.5880,798.4700,76.2400,1.097
2022-05-05,10.2020,792.7600,76.5400,-1.501
2022-05-06,10.1720,786.1300,76.9000,-0.497
2022-05-09,10.0060,781.1600,77.4500,-0.793
2022-05-10,10.1180,782.8000,77.3100,-0.074
2022-05-11,9.9240,776.8100,77.2800,-1.272
2022-05-12,10.0500,776.0000,77.3900,0.228
2022-05-13,10.1720,784.8600,77.4200,0.338
2022-05-16,10.1360,777.6800,77.8200,1.428
2022-05-17,10.2400,780.8000,77.4600,1.587
2022-05-18,9.9960,781.1600,77.7100,-0.560
2022-05-19,10.2700,785.8900,77.4500,1.212
2022-05-20,11.0060,849.8200,77.7900,0.746
2022-05-23,11.0140,854.9900,77.5100,-0.151
2022-05-24,11.2960,869.4200,77.5000,0.692
2022-05-25,11.0940,861.4900,77.5800,-0.095
2022-05-26,11.0540,860.8300,77.6600,-0.276
2022-05-27,11.2620,878.1000,77.5800,-0.500
2022-05-31,11.0700,873.9300,77.5900,-1.717
2022-06-01,11.0540,863.8000,77.5900,-0.709
2022-06-02,11.1680,866.6300,77.4100,-0.244
2022-06-03,11.0520,868.0000,77.5900,-1.207
2022-06-06,10.9800,861.1500,77.8300,-0.764
2022-06-07,10.8680,828.7900,77.6600,1.836
2022-06-08,10.8140,839.8300,77.6500,-0.015
2022-06-09,10.9620,864.5800,77.8400,-1.307
2022-06-10,11.0280,870.3100,78.0800,-1.062
2022-06-13,10.8760,853.4400,78.0800,-0.497
2022-06-14,11.0620,862.2100,78.0100,0.085
2022-06-15,11.2260,867.1000,78.1200,1.139
2022-06-16,10.8620,857.5000,78.0000,-1.197
2022-06-17,10.6420,829.3400,78.0000,0.089
2022-06-21,11.0200,853.7300,78.0800,0.786
2022-06-22,10.9400,852.1800,78.2100,0.403
2022-06-23,11.0000,858.9800,78.1400,0.065
2022-06-24,11.1840,861.9300,78.2500,1.534
2022-06-27,11.1300,864.1100,78.4500,1.046
2022-06-28,11.0580,874.9200,78.9700,-0.191
2022-06-29,11.0680,872.8700,78.9100,0.058
2022-06-30,11.0780,878.7600,79.0200,-0.384
2022-07-01,11.1680,877.1800,78.8900,0.440
2022-07-05,11.1740,878.8400,79.2700,0.788
2022-07-06,11.1960,878.0000,79.0200,0.764
2022-07-07,11.0400,867.2900,79.1200,0.714
2022-07-08,11.1280,881.2400,79.2500,0.074
2022-07-11,11.2440,900.2000,79.4600,-0.750
2022-07-12,11.0940,896.7400,79.4500,-1.709
2022-07-13,11.2320,900.3200,79.6800,-0.595
2022-07-14,11.4640,915.0800,79.9400,0.148
2022-07-15,11.4360,909.2000,79.7400,0.298
2022-07-18,11.1000,893.2200,79.9900,-0.597
2022-07-19,11.2520,889.5800,79.8800,1.038
2022-07-20,11.1320,891.7500,79.9600,-0.183
2022-07-21,11.1040,874.2200,79.8500,1.422
2022-07-22,11.0560,874.7000,79.8300,0.903
2022-07-25,10.8480,866.1100,79.7900,-0.063
2022-07-26,10.5760,842.4000,79.8200,0.211
2022-07-27,10.8800,857.2100,79.9200,1.437
2022-07-28,10.4660,852.0100,79.6400,-2.171
2022-07-29,10.3000,818.0700,79.3300,-0.119
2022-08-01,10.2960,822.0900,78.9300,-1.147
2022-08-02,10.2760,817.0800,78.4900,-1.287
2022-08-03,10.4180,819.2600,79.1300,0.625
2022-08-04,10.4880,829.5900,79.2300,0.166
2022-08-05,10.5320,831.3700,79.3600,0.535
2022-08-08,10.6340,844.6700,79.5800,0.187
2022-08-10,10.6920,848.6600,79.0700,-0.382
2022-08-11,10.6240,851.6600,79.5400,-0.778
2022-08-12,10.7280,852.1600,79.6500,0.273
2022-08-16,10.7760,859.5600,79.3100,-0.572
2022-08-17,10.4380,863.1800,79.4100,-3.973
2022-08-18,10.5460,845.0200,79.6600,-0.583
2022-08-19,10.4440,840.8000,79.8900,-0.765
2022-08-22,10.3820,837.3900,79.8600,-0.989
2022-08-23,10.5420,845.0300,79.8100,-0.435
2022-08-24,10.6220,843.6100,79.8200,0.502
2022-08-25,10.6320,847.5800,79.9000,0.226
2022-08-26,10.4100,844.6600,79.8700,-1.564
2022-08-29,10.3960,842.0300,79.9600,-1.279
2022-08-30,10.4820,849.0100,79.6000,-1.725
2022-09-01,10.6100,840.4200,79.6500,0.555
2022-09-02,10.3920,837.9900,79.7000,-1.163
2022-09-06,10.4920,847.8400,79.8600,-1.173
2022-09-07,10.6820,849.8600,79.8200,0.327
2022-09-08,10.6700,854.3300,79.7100,-0.448
2022-09-09,10.6940,851.0200,79.6100,0.039
2022-09-12,10.7940,852.2300,79.3500,0.501
2022-09-13,10.5480,850.5800,79.4900,-1.425
2022-09-14,10.5800,842.8300,79.4100,-0.317
2022-09-15,10.3420,833.8000,79.8200,-0.996
2022-09-16,10.1180,815.4700,79.6600,-1.161
2022-09-19,10.2220,819.8300,79.7100,-0.614
2022-09-20,10.4000,843.2000,79.7200,-1.674
2022-09-21,10.2460,830.5500,79.9600,-1.358
2022-09-22,10.2640,836.4800,81.0000,-0.609
2022-09-23,10.1300,827.8400,81.1100,-0.748
2022-09-26,9.9800,825.5700,81.6000,-1.357
2022-09-27,10.1100,836.3200,81.6300,-1.320
2022-09-28,10.4580,853.9400,81.6100,-0.054
2022-09-29,10.4440,872.1400,81.5400,-2.355
2022-09-30,10.4680,867.1400,81.3700,-1.771
2022-10-03,10.8320,883.9300,81.5600,-0.053
2022-10-04,10.8120,882.7900,81.4500,-0.244
2022-10-06,10.5500,879.5100,82.0600,-1.566
2022-10-07,10.4800,875.3300,82.3200,-1.441
2022-10-10,10.5160,876.0000,82.3200,-1.178
2022-10-11,10.3580,856.5500,82.2200,-0.574
2022-10-12,10.2240,848.2300,82.2500,-0.861
2022-10-13,10.3440,850.9300,82.2800,0.020
2022-10-14,10.3480,862.1600,82.2800,-1.244
2022-10-17,10.5580,867.0400,82.1600,0.047
2022-10-18,10.6080,871.3100,82.2900,0.186
2022-10-19,10.3340,863.3800,82.9500,-0.715
2022-10-20,10.3860,869.8100,82.6600,-1.300
2022-10-21,10.5160,866.1600,82.5800,0.260
2022-10-24,10.5100,875.5000,82.6800,-0.746
2022-10-25,10.7100,888.4700,82.4400,-0.623
2022-10-27,10.9100,898.2400,82.3600,0.034
2022-10-28,11.0540,891.9900,82.3300,2.028
2022-10-31,10.8620,886.7400,82.7300,1.339
2022-11-01,11.1480,907.0600,82.6200,1.542
2022-11-02,11.0660,911.1300,82.7200,0.466
2022-11-03,11.1720,917.9800,82.7600,0.721
2022-11-04,11.1300,905.0200,82.0300,0.881
2022-11-07,11.2780,897.0900,81.9500,3.026
2022-11-09,11.2000,906.9800,81.2500,0.333
2022-11-10,11.4900,909.8900,80.7200,1.932
2022-11-11,11.3780,907.8900,80.7200,1.161
2022-11-14,10.8900,872.7300,80.9800,1.048
2022-11-15,11.0060,886.7400,80.9400,0.461
2022-11-16,11.0100,896.2000,81.4600,0.075
2022-11-17,10.9240,884.2600,81.6900,0.918
2022-11-18,10.7900,881.8100,81.7600,0.043
2022-11-21,10.8140,869.9700,81.6800,1.531
2022-11-22,10.8380,872.5000,81.6900,1.473
2022-11-23,10.8960,881.1300,81.7100,1.042
2022-11-25,10.9320,883.6200,81.7300,1.115
2022-11-28,10.9120,880.4000,81.6100,1.150
2022-11-29,11.0580,890.6700,81.6100,1.322
2022-11-30,11.2620,897.4300,81.4300,2.188
2022-12-01,11.2240,894.8700,81.1700,1.808
2022-12-02,11.2580,902.0800,81.4100,1.600
2022-12-05,10.9580,895.8800,81.7700,0.017
2022-12-06,10.6480,874.8400,82.4200,0.316
2022-12-07,10.6500,872.3000,82.3100,0.493
2022-12-08,10.7420,871.2400,82.2900,1.460
2022-12-09,10.7700,881.4200,82.4600,0.757
2022-12-12,10.8620,890.4500,82.6700,0.844
2022-12-13,10.9240,891.6300,82.4900,1.064
2022-12-14,10.9780,900.9100,82.5000,0.530
2022-12-15,10.7040,893.7900,82.7500,-0.899
2022-12-16,10.5380,861.8200,82.7100,1.135
2022-12-19,10.5700,879.2100,82.6500,-0.637
2022-12-20,10.6140,873.9500,82.5800,0.292
2022-12-21,10.7360,881.5100,82.8100,0.855
2022-12-22,10.6400,869.8500,82.9300,1.440
2022-12-23,10.5160,862.0900,82.8600,1.075
2022-12-27,10.2360,850.1700,82.8800,-0.213
2022-12-28,10.3440,850.5500,82.7400,0.625
2022-12-29,10.4240,852.1200,82.8300,1.326
2022-12-30,10.3500,847.5100,82.7200,1.020
2023-01-03,10.3460,847.6700,82.8600,1.132
2023-01-04,10.4080,850.7000,82.7200,1.205
2023-01-05,10.3220,859.5000,82.5700,-0.839
2023-01-06,10.5400,854.3500,82.7200,2.051
2023-01-09,10.6260,866.8000,82.3600,0.964
2023-01-10,10.6460,857.7400,81.6000,1.279
2023-01-11,10.5180,852.3800,81.6000,0.691
2023-01-12,10.6740,862.1200,81.1900,0.522
2023-01-13,10.7200,864.0800,81.3100,0.875
2023-01-17,10.7580,870.3500,81.5700,0.825
2023-01-18,10.8020,872.8700,81.3300,0.648
2023-01-19,10.7020,866.4400,81.2800,0.395
2023-01-20,10.7300,870.1200,80.9900,-0.126
2023-01-23,10.6360,867.5700,81.4100,-0.195
2023-01-24,10.3800,850.5500,81.5300,-0.502
2023-01-25,10.4720,840.1900,81.4900,1.568
2023-01-27,10.6680,862.8000,81.5400,0.819
2023-01-30,10.7040,865.7600,81.4700,0.727
2023-01-31,10.7600,864.8300,81.6900,1.637
2023-02-01,10.7760,870.3000,81.7300,1.198
2023-02-02,10.7660,874.0200,82.0300,1.043
2023-02-03,10.6180,871.6700,82.2100,0.142
2023-02-06,10.5920,869.9100,82.7700,0.781
2023-02-07,10.8440,888.0500,82.8100,1.119
2023-02-08,10.9920,897.5600,82.6500,1.218
2023-02-09,10.8740,897.5000,82.4400,-0.117
2023-02-10,10.9820,899.9200,82.4700,0.641
2023-02-13,11.0620,904.9400,82.7200,1.117
2023-02-14,11.0800,907.6800,82.8600,1.147
2023-02-15,11.0380,903.9700,82.7800,1.079
2023-02-16,10.9780,903.8600,82.7400,0.493
2023-02-17,11.0480,902.0700,82.7300,1.323
2023-02-21,10.9040,897.2300,82.8500,0.687
2023-02-22,10.8720,895.3400,82.7800,0.519
2023-02-23,10.9280,889.9200,82.5900,1.419
2023-02-24,10.8340,898.2200,82.9700,0.075
2023-02-27,10.7480,884.2000,82.6900,0.515
2023-02-28,10.4500,863.3200,82.5700,-0.054
2023-03-01,10.6400,868.8400,82.4300,0.946
2023-03-02,10.7320,878.1200,82.4100,0.718
2023-03-03,10.8580,887.5900,81.9800,0.287
2023-03-06,10.8840,887.8400,81.7700,0.242
2023-03-08,10.8500,885.2500,81.8600,0.331
2023-03-09,10.7120,876.1900,82.0200,0.275
2023-03-10,10.6860,879.1100,81.9300,-0.410
2023-03-13,10.7500,874.0800,82.1900,1.083
2023-03-14,10.7120,869.9100,82.2500,1.282
2023-03-15,10.6760,878.9000,82.8400,0.626
2023-03-16,10.8420,876.7500,82.6300,2.181
2023-03-17,11.0240,887.2300,82.5600,2.582
2023-03-20,10.9160,887.8900,82.5500,1.490
2023-03-21,10.8740,883.8700,82.5900,1.608
2023-03-22,10.8720,894.9900,82.6600,0.412
2023-03-23,10.8960,889.3900,82.0700,0.545
2023-03-24,10.9560,892.8300,82.3400,1.040
2023-03-27,11.0480,897.1300,82.2400,1.277
2023-03-28,11.2160,905.3600,82.1700,1.796
2023-03-29,11.2740,913.5600,82.1800,1.416
2023-03-31,11.3860,924.5500,82.1900,1.218
2023-04-03,11.4680,931.3000,82.2400,1.270
2023-04-05,11.5900,936.5600,81.8900,1.339
2023-04-06,11.7600,939.8800,81.8600,2.425
2023-04-10,11.7940,951.9300,82.0100,1.607
2023-04-11,11.7480,952.6700,82.0400,1.169
2023-04-12,12.0100,976.2000,81.9800,0.858
2023-04-13,12.0560,970.5800,81.6500,1.421
2023-04-17,11.9900,970.4600,81.9800,1.286
2023-04-18,12.0680,982.4800,82.0800,0.821
2023-04-19,12.0580,981.8700,82.1800,0.922
2023-04-20,11.9320,971.6400,82.1000,0.821
2023-04-21,12.0880,973.7500,82.0600,1.868
2023-04-24,11.8160,961.2200,81.9000,0.677
2023-04-25,11.8540,966.6600,81.9200,0.457
2023-04-26,11.8940,969.0200,81.7400,0.330
2023-04-27,12.1160,983.7100,81.8400,0.799
2023-04-28,12.0920,985.9700,81.8400,0.369
2023-05-02,12.2160,990.0800,81.8900,1.039
2023-05-03,12.2140,990.4500,81.8300,0.911
2023-05-04,12.1880,993.6000,81.7300,0.254
2023-05-05,12.1560,988.5000,81.8100,0.605
2023-05-08,12.0900,981.4200,81.7800,0.744
2023-05-09,12.0740,986.6500,82.0400,0.395
2023-05-10,11.7100,973.4600,81.9400,-1.432
2023-05-11,10.9520,906.4000,82.1300,-0.763
2023-05-12,10.8960,893.2200,82.1700,0.236
2023-05-15,11.0600,903.7100,82.3000,0.722
2023-05-16,11.0300,903.0100,82.2600,0.478
2023-05-17,10.9220,896.3000,82.3900,0.398
2023-05-18,10.6680,884.6200,82.7700,-0.184
2023-05-19,10.6980,878.3900,82.6500,0.660
2023-05-22,10.8260,891.5300,82.8300,0.582
2023-05-23,10.8120,892.1100,82.8400,0.399
2023-05-24,10.9400,903.8500,82.6600,0.050
2023-05-25,10.8920,900.7900,82.7600,0.070
2023-05-26,10.9000,906.1900,82.5800,-0.670
2023-05-30,10.8960,903.7800,82.6700,-0.333
2023-05-31,11.0380,900.2100,82.6800,1.379
2023-06-01,11.1640,910.4100,82.4100,1.056
2023-06-02,11.3440,922.0900,82.3500,1.311
2023-06-05,11.2820,920.7100,82.6700,1.300
2023-06-06,11.3480,927.3300,82.6100,1.092
2023-06-07,11.4100,934.7500,82.5000,0.703
2023-06-08,11.3980,929.8800,82.5700,1.210
2023-06-09,11.4460,933.3600,82.4600,1.123
2023-06-12,11.3940,935.1300,82.4300,0.436
2023-06-13,11.5560,940.4000,82.3800,1.232
2023-06-14,11.5420,939.8000,82.1000,0.830
2023-06-15,11.8820,960.6900,82.1800,1.642
2023-06-16,12.0540,983.0100,81.8900,0.416
2023-06-20,12.0820,980.2400,82.1100,1.205
2023-06-21,12.1360,982.0800,82.0400,1.380
2023-06-22,12.1080,979.8900,81.9300,1.237
2023-06-23,12.2000,998.7800,82.0100,0.174
2023-06-26,12.2880,1008.3200,82.0000,-0.070
2023-06-27,12.2680,1005.1200,81.9800,0.061
2023-06-28,12.4800,1021.5700,82.0000,0.175
2023-06-30,12.6220,1031.9200,82.0600,0.372
2023-07-03,12.5060,1019.6600,81.9600,0.523
2023-07-05,12.6400,1035.6700,82.3400,0.493
2023-07-06,12.6500,1046.3600,82.4900,-0.273
2023-07-07,12.4800,1036.5000,82.7400,-0.377
2023-07-10,12.5060,1030.9900,82.5700,0.158
2023-07-11,12.5340,1033.1700,82.3900,-0.048
2023-07-12,12.5400,1037.8000,82.0300,-0.881
2023-07-13,12.4880,1028.4900,82.0400,-0.386
2023-07-14,12.3800,1018.4100,82.1600,-0.125
2023-07-17,12.6360,1045.9500,82.0300,-0.901
2023-07-18,12.6020,1038.2000,82.0300,-0.429
2023-07-19,12.6640,1044.2700,82.0900,-0.448
2023-07-20,12.9000,1067.8600,81.9900,-0.954
2023-07-21,12.9660,1057.6400,81.9900,0.515
2023-07-24,13.1000,1078.3400,81.8100,-0.615
2023-07-25,13.1820,1085.0800,81.8700,-0.541
2023-07-26,13.6100,1095.1300,81.9900,1.895
2023-07-27,13.5880,1101.4000,82.1500,1.349
2023-07-28,13.7620,1116.6000,82.2200,1.335
2023-07-31,13.7360,1128.0900,82.2400,0.138
2023-08-01,13.8560,1133.4100,82.2500,0.551
2023-08-02,13.8700,1132.0900,82.5800,1.174
2023-08-03,13.7820,1131.9000,82.7400,0.744
2023-08-04,13.8340,1129.9100,82.8300,1.413
2023-08-07,13.8260,1126.1400,82.7500,1.595
2023-08-08,13.9980,1131.5900,82.8500,2.487
2023-08-09,14.3080,1174.2000,82.8400,0.943
2023-08-10,14.3540,1170.2300,82.6900,1.427
2023-08-11,14.3060,1164.6000,82.8700,1.798
2023-08-14,14.1680,1164.6700,83.1700,1.175
2023-08-16,14.2000,1171.5699,83.1900,0.830
2023-08-17,14.2880,1176.1300,83.0900,0.940
2023-08-18,14.2800,1174.8900,83.1400,1.051
2023-08-21,14.3460,1182.1700,83.1000,0.844
2023-08-22,14.2940,1185.1100,82.9400,0.037
2023-08-23,14.5540,1190.6700,82.6900,1.075
2023-08-24,14.1960,1181.4301,82.5700,-0.784
2023-08-25,14.0600,1155.8500,82.6400,0.525
2023-08-28,14.0640,1155.1801,82.6000,0.563
2023-08-29,13.9520,1144.7600,82.7000,0.792
2023-08-30,13.7520,1129.9500,82.7300,0.686
2023-08-31,13.5960,1121.5699,82.7800,0.348
2023-09-01,13.6080,1115.7100,82.6900,0.855
2023-09-05,13.3800,1115.7800,83.0300,-0.434
2023-09-06,13.4060,1116.6600,83.1400,-0.187
2023-09-07,13.4580,1123.0300,83.2100,-0.284
2023-09-08,13.5600,1116.7600,82.9300,0.696
2023-09-11,13.6560,1122.7600,83.0300,0.988
2023-09-12,13.7680,1134.7600,82.8600,0.534
2023-09-13,13.9300,1147.7800,82.9300,0.648
2023-09-14,13.9060,1148.9301,83.0200,0.483
2023-09-15,13.9700,1163.9000,83.1500,-0.197
2023-09-18,13.7340,1145.6000,83.2700,-0.172
2023-09-20,13.6400,1123.0100,83.0700,0.896
2023-09-21,13.5820,1133.7000,83.1100,-0.432
2023-09-22,13.3000,1103.4100,82.9500,-0.016
2023-09-25,13.2060,1087.7500,83.1100,0.901
2023-09-26,13.1880,1093.5500,83.2400,0.386
2023-09-27,13.1520,1099.2900,83.1800,-0.483
2023-09-28,13.2080,1085.8199,83.1300,1.120
2023-09-29,13.3740,1117.4000,83.0800,-0.563
2023-10-03,13.2200,1092.3400,83.2200,0.717
2023-10-04,13.1740,1083.5601,83.2500,1.216
2023-10-05,13.1480,1081.4500,83.2400,1.201
2023-10-06,13.2640,1084.9800,83.2500,1.774
2023-10-09,13.3300,1098.9700,83.2500,0.978
2023-10-10,13.3520,1095.7100,83.2500,1.446
2023-10-11,13.4780,1113.5200,83.1800,0.681
2023-10-12,13.2200,1106.0400,83.2800,-0.459
2023-10-13,13.2860,1092.0400,83.2600,1.296
2023-10-16,13.3440,1098.6200,83.2800,1.153
2023-10-17,13.2640,1108.8199,83.2200,-0.450
2023-10-18,13.5500,1135.4900,83.2500,-0.656
2023-10-19,13.4420,1126.1801,83.1000,-0.812
2023-10-20,13.2440,1113.8600,83.1400,-1.145
2023-10-23,13.2980,1110.3900,83.1900,-0.372
2023-10-25,13.2220,1102.7700,83.1800,-0.269
2023-10-26,12.9200,1084.3900,83.2400,-0.823
2023-10-27,13.0100,1079.4600,83.2700,0.360
2023-10-30,12.9540,1069.0699,83.2500,0.875
2023-10-31,13.0260,1073.5100,83.2600,1.028
2023-11-01,13.1000,1069.2900,83.2400,1.978
2023-11-02,12.9080,1067.7000,83.2200,0.609
2023-11-03,12.8540,1052.6100,83.1400,1.527
2023-11-06,12.9480,1067.6200,83.1900,0.892
2023-11-07,12.9900,1080.8700,83.2200,0.015
2023-11-08,13.2700,1090.7100,83.2800,1.322
2023-11-09,12.9540,1091.5900,83.2500,-1.206
2023-11-10,13.0900,1084.9800,83.2500,0.439
2023-11-13,12.9840,1083.9700,83.3200,-0.198
2023-11-15,13.1440,1083.9900,83.1100,0.776
2023-11-16,13.2740,1108.8500,83.2200,-0.378
2023-11-17,13.3760,1122.3101,83.2500,-0.780
2023-11-20,13.5000,1120.8300,83.3300,0.368
2023-11-21,13.6540,1129.2900,83.2600,0.668
2023-11-22,13.5320,1132.9100,83.2900,-0.515
2023-11-24,13.6460,1129.2300,83.3400,0.711
2023-11-28,13.5720,1135.1600,83.3300,-0.370
2023-11-29,13.6420,1143.0699,83.3100,-0.573
2023-11-30,13.9800,1157.6300,83.3600,0.669
2023-12-01,13.9160,1149.8800,83.2700,0.774
2023-12-04,13.9660,1151.2000,83.4000,1.178
2023-12-05,13.9520,1155.2900,83.3300,0.634
2023-12-06,13.8860,1146.0699,83.3200,0.952
2023-12-07,13.9500,1157.0200,83.3200,0.458
2023-12-08,13.7720,1152.7800,83.3800,-0.388
2023-12-11,12.9720,1094.7000,83.3800,-1.196
2023-12-12,13.2400,1108.0699,83.3700,-0.384
2023-12-13,13.4600,1119.7300,83.4000,0.253
2023-12-14,13.3380,1114.6700,83.2800,-0.348
2023-12-15,13.3240,1117.8900,83.0200,-1.049
2023-12-18,13.4420,1118.2100,83.0400,-0.178
2023-12-19,13.6360,1127.4900,83.1800,0.599
2023-12-20,13.2740,1115.8300,83.1400,-1.096
2023-12-21,13.3620,1110.9000,83.2700,0.158
2023-12-22,13.4660,1125.5400,83.1200,-0.555
2023-12-26,13.4560,1126.4301,83.1700,-0.648
2023-12-27,13.6340,1142.9000,83.3500,-0.569
2023-12-28,13.9520,1171.7100,83.1500,-0.990
2023-12-29,13.9160,1159.5800,83.1900,-0.165
2024-01-02,14.1660,1185.3600,83.3100,-0.438
2024-01-03,14.1020,1186.3800,83.3000,-0.985
2024-01-04,14.0440,1168.4399,83.2100,0.014
2024-01-05,14.1060,1167.1300,83.1600,0.508
2024-01-08,13.9720,1152.2700,83.1300,0.800
2024-01-09,13.8760,1149.9600,83.0900,0.261
2024-01-10,13.9660,1157.4399,83.0100,0.162
2024-01-11,13.6280,1138.4900,83.0300,-0.611
2024-01-12,13.8760,1137.7700,82.9200,1.127
2024-01-16,13.7860,1151.6300,83.0500,-0.582
2024-01-17,13.4740,1129.9900,83.1400,-0.864
2024-01-18,13.6300,1129.9900,83.1500,0.296
2024-01-19,13.5780,1133.6400,83.0900,-0.480
2024-01-23,13.6420,1134.8800,83.1500,-0.048
2024-01-24,14.0680,1180.4200,83.0900,-0.975
2024-01-25,13.8940,1171.1000,83.0800,-1.433
2024-01-29,14.0080,1168.7400,83.1200,-0.376
2024-01-30,13.8780,1168.1899,83.1100,-1.266
2024-01-31,14.3900,1224.2300,83.0200,-2.416
2024-02-01,14.4760,1198.6300,82.9500,0.180
2024-02-02,14.4380,1207.9000,82.9200,-0.886
2024-02-05,14.5700,1218.8900,83.0400,-0.738
2024-02-06,14.6400,1233.3199,83.0300,-1.440
2024-02-07,14.6800,1235.9500,82.9700,-1.452
2024-02-08,14.6540,1232.0100,82.9700,-1.312
2024-02-09,14.8260,1231.1700,83.0000,-0.050
2024-02-12,15.1020,1266.7000,82.9500,-1.104
2024-02-13,14.9520,1267.0699,83.0600,-1.985
2024-02-14,15.1080,1251.6700,83.0200,0.207
2024-02-15,15.0020,1250.5300,83.0000,-0.429
2024-02-16,15.0920,1263.4301,83.0200,-0.830
2024-02-20,15.2080,1275.2000,82.8800,-1.158
2024-02-21,15.1300,1269.8300,82.9600,-1.153
2024-02-22,15.3620,1272.7900,82.8600,0.008
2024-02-23,15.5180,1288.4301,82.8600,-0.202
2024-02-26,15.4180,1288.1500,82.8500,-0.836
2024-02-27,15.3660,1289.9200,82.8800,-1.270
2024-02-28,15.4180,1285.6100,82.8800,-0.604
2024-02-29,15.3560,1284.8500,82.8700,-0.957
2024-03-01,14.9640,1238.7100,82.9100,0.158
2024-03-04,15.2120,1267.0200,82.8800,-0.493
2024-03-05,15.1620,1260.6600,82.8600,-0.344
2024-03-06,15.1240,1262.9301,82.7800,-0.868
2024-03-07,15.2700,1264.8300,82.7800,-0.062
2024-03-11,15.4520,1277.4900,82.7200,0.055
2024-03-12,15.2640,1260.4301,82.7700,0.236
2024-03-13,15.0540,1260.7600,82.8100,-1.121
2024-03-14,15.0900,1258.9200,82.8200,-0.728
2024-03-15,15.0480,1256.9800,82.8600,-0.804
2024-03-18,15.0980,1268.2100,82.8900,-1.320
2024-03-19,14.6080,1226.9800,83.0100,-1.171
2024-03-20,14.5620,1220.6600,83.1800,-0.769
2024-03-21,14.5800,1225.6400,83.1500,-1.086
2024-03-22,14.6960,1240.6400,83.5300,-1.055
2024-03-26,14.5600,1226.9700,83.3200,-1.127
2024-03-27,14.4620,1208.8199,83.3400,-0.294
2024-03-28,14.6700,1231.5800,83.3500,-0.717
2024-04-01,14.7880,1250.0699,83.3600,-1.387
2024-04-02,14.7660,1247.5100,83.3200,-1.379
2024-04-03,14.6040,1224.8800,83.4300,-0.528
2024-04-04,14.5760,1228.5000,83.4400,-0.999
2024-04-05,14.7520,1235.8600,83.2900,-0.580
2024-04-08,14.7400,1234.9100,83.2500,-0.632
2024-04-09,14.7780,1233.5800,83.1800,-0.352
2024-04-10,14.5200,1231.5800,83.3700,-1.709
2024-04-12,14.2840,1216.7700,83.5900,-1.871
2024-04-15,14.2240,1202.1700,83.4800,-1.227
2024-04-16,14.3220,1210.0699,83.5400,-1.125
2024-04-18,14.1820,1191.4301,83.5300,-0.571
2024-04-19,14.2280,1188.5699,83.4600,-0.093
2024-04-22,14.4300,1203.2200,83.4700,0.104
2024-04-23,14.2980,1190.4200,83.3600,0.123
2024-04-24,14.1840,1190.1600,83.3400,-0.678
2024-04-25,14.8040,1243.7500,83.3100,-0.838
2024-04-26,14.9100,1250.4200,83.3800,-0.578
2024-04-29,14.8840,1259.4200,83.4600,-1.366
2024-04-30,14.6940,1240.8600,83.4400,-1.192
2024-05-02,14.9560,1257.5000,83.4400,-0.761
2024-05-03,15.0420,1269.9100,83.4300,-1.178
2024-05-06,14.9760,1258.6899,83.4800,-0.675
2024-05-07,14.2680,1251.5200,83.5100,-4.794
2024-05-08,14.3000,1211.2700,83.4500,-1.481
2024-05-09,13.8920,1175.4700,83.5100,-1.306
2024-05-10,13.8340,1184.2000,83.5400,-2.407
2024-05-13,13.9760,1181.7100,83.4800,-1.269
2024-05-14,13.9340,1173.7600,83.5000,-0.875
2024-05-15,13.9300,1175.0000,83.4600,-1.056
2024-05-16,13.8600,1170.0800,83.4600,-1.139
2024-05-17,13.6520,1159.9100,83.3400,-1.910
2024-05-21,13.7840,1155.9600,83.3100,-0.659
2024-05-22,13.9380,1174.5500,83.2600,-1.198
2024-05-23,13.9220,1179.5400,83.2700,-1.717
2024-05-24,13.9060,1173.1500,83.0900,-1.509
2024-05-28,14.1880,1193.0601,83.1600,-1.105
2024-05-29,14.1060,1200.1500,83.3300,-2.058
2024-05-30,13.9720,1174.7500,83.2800,-0.950
2024-05-31,13.7360,1158.3700,83.4300,-1.068
2024-06-03,13.8900,1156.6600,83.1400,-0.160
2024-06-04,13.7500,1146.1600,83.5200,0.195
2024-06-05,13.9060,1164.8300,83.3700,-0.471
2024-06-06,14.0700,1178.1899,83.4700,-0.320
2024-06-07,14.2720,1212.2600,83.3800,-1.836
2024-06-10,14.5160,1221.2300,83.5000,-0.749
2024-06-11,14.4040,1207.8500,83.5000,-0.424
2024-06-12,14.3380,1212.0100,83.5700,-1.137
2024-06-13,14.5340,1219.1700,83.5200,-0.434
2024-06-14,14.3700,1217.0500,83.5400,-1.362
2024-06-18,14.1680,1198.2500,83.4200,-1.365
2024-06-20,14.1520,1194.1600,83.6200,-0.902
2024-06-21,14.3120,1202.2900,83.5300,-0.566
2024-06-24,14.4180,1210.9900,83.4200,-0.680
2024-06-25,14.3620,1215.6801,83.4000,-1.472
2024-06-26,14.4060,1214.0100,83.5500,-0.856
2024-06-27,15.0800,1247.1801,83.4400,0.890
2024-06-28,15.2380,1280.4700,83.3300,-0.835
2024-07-01,15.0820,1270.7400,83.4400,-0.968
2024-07-02,15.2240,1274.0500,83.5000,-0.223
2024-07-03,15.2100,1285.1801,83.4800,-1.202
2024-07-05,15.6080,1304.0000,83.4700,-0.092
2024-07-08,15.5040,1306.8300,83.4500,-0.996
2024-07-09,15.5360,1316.5699,83.4700,-1.502
2024-07-10,15.6440,1318.5100,83.5000,-0.928
2024-07-11,15.7480,1318.9500,83.5700,-0.219
2024-07-12,15.9180,1343.8900,83.4800,-1.120
2024-07-15,16.0880,1358.9500,83.5500,-1.089
2024-07-16,15.6940,1329.2100,83.6000,-1.293
2024-07-18,15.8060,1333.5000,83.5800,-0.932
2024-07-19,15.6240,1327.2000,83.7000,-1.467
2024-07-22,16.0140,1354.1801,83.6500,-1.079
2024-07-23,16.1800,1373.0000,83.6800,-1.388
2024-07-24,16.0140,1364.0300,83.7200,-1.711
2024-07-25,16.1680,1370.6400,83.7000,-1.268
2024-07-26,16.2440,1375.7300,83.7000,-1.171
2024-07-29,16.4040,1368.0100,83.7500,0.426
2024-07-30,16.1260,1360.8300,83.7000,-0.814
2024-07-31,16.2560,1350.1000,83.7300,0.816
2024-08-01,16.5060,1377.5900,83.7000,0.288
2024-08-02,16.6400,1392.8300,83.7900,0.103
2024-08-05,16.1580,1362.4100,83.8300,-0.579
2024-08-06,16.3460,1361.4800,83.9100,0.743
2024-08-07,16.5400,1385.2700,83.9600,0.247
2024-08-08,16.7760,1387.6600,83.9500,1.491
2024-08-09,16.7900,1402.7000,83.9200,0.450
2024-08-12,16.4480,1377.3101,83.9200,0.218
2024-08-13,16.6640,1389.6801,83.9700,0.691
2024-08-14,16.2860,1360.2100,83.9100,0.467
2024-08-16,16.3540,1358.7200,83.9500,1.045
2024-08-19,16.5540,1382.2700,83.8200,0.382
2024-08-20,16.6360,1393.0699,83.7900,0.062
2024-08-21,16.8420,1412.4900,83.9300,0.075
2024-08-22,16.5220,1393.8101,83.9300,-0.511
2024-08-23,16.4320,1390.9000,83.9100,-0.869
2024-08-26,16.4800,1388.6600,83.8700,-0.467
2024-08-27,16.4980,1392.5900,83.9100,-0.592
2024-08-28,16.6440,1399.8600,83.9000,-0.245
2024-08-29,16.4540,1386.2300,83.8400,-0.485
2024-08-30,16.6940,1406.2700,83.8300,-0.484
2024-09-03,16.2200,1370.7700,83.9400,-0.676
2024-09-04,16.3460,1357.4399,83.9500,1.091
2024-09-05,15.9280,1339.1500,83.9600,-0.137
2024-09-06,15.8400,1333.4301,83.9100,-0.322
2024-09-09,15.9220,1331.1801,83.9300,0.387
2024-09-10,15.7780,1330.0800,83.9500,-0.415
2024-09-11,15.8520,1322.5000,83.9500,0.626
2024-09-12,16.0500,1336.7700,83.9200,0.759
2024-09-13,16.0740,1332.1400,83.8800,1.212
2024-09-16,15.9360,1329.4200,83.8900,0.560
2024-09-17,15.9060,1326.3300,83.7500,0.437
2024-09-18,15.7580,1313.5601,83.7500,0.470
2024-09-19,15.6700,1300.5100,83.6800,0.827
2024-09-20,15.7080,1310.2300,83.5700,0.190
2024-09-23,15.8720,1330.8900,83.5300,-0.383
2024-09-24,15.8960,1330.0699,83.6600,-0.016
2024-09-25,15.9020,1338.2900,83.5600,-0.711
2024-09-26,15.9860,1348.8800,83.6000,-0.923
2024-09-27,15.9340,1349.9800,83.6800,-1.231
2024-09-30,15.8900,1350.3199,83.7600,-1.435
2024-10-01,15.9300,1349.8199,83.8100,-1.091
2024-10-03,15.9140,1347.1300,84.0000,-0.769
2024-10-04,15.6540,1326.6500,83.9900,-0.895
2024-10-07,15.5320,1321.9800,83.9600,-1.355
2024-10-08,15.7500,1331.2100,83.9500,-0.676
2024-10-09,15.7520,1332.9700,83.9300,-0.818
2024-10-10,15.4520,1316.6200,83.9400,-1.487
2024-10-11,15.6500,1319.8400,84.0800,-0.302
2024-10-14,15.7660,1331.9800,84.0800,-0.479
2024-10-15,15.8160,1322.3300,84.0400,0.518
2024-10-16,15.8400,1342.1801,84.0100,-0.854
2024-10-17,15.9600,1340.8101,84.0400,0.035
2024-10-18,15.9340,1348.2200,84.0300,-0.689
2024-10-21,15.7480,1339.4800,84.0700,-1.161
2024-10-22,15.9280,1332.4800,84.0600,0.482
2024-10-23,15.6160,1321.5800,84.0600,-0.673
2024-10-24,15.5040,1316.5400,84.0500,-1.020
2024-10-25,15.2760,1302.9399,84.0600,-1.446
2024-10-28,15.6880,1311.5000,84.0500,0.540
2024-10-29,15.0300,1274.7000,84.0400,-0.908
2024-10-30,14.8320,1249.8500,84.0700,-0.234
2024-10-31,14.7800,1274.2000,84.0600,-2.495
2024-11-01,14.8540,1259.6000,84.0300,-0.907
2024-11-04,14.7980,1268.3000,84.1100,-1.864
2024-11-05,14.6100,1272.2000,84.1000,-3.419
2024-11-06,15.2000,1302.1000,84.3100,-1.581
2024-11-07,15.0900,1287.3500,84.3700,-1.104
2024-11-08,15.1100,1283.6500,84.3400,-0.722
2024-11-11,15.0000,1287.9000,84.3400,-1.770
2024-11-12,14.7700,1263.9000,84.3800,-1.393
2024-11-13,14.5600,1245.0000,84.3900,-1.308
2024-11-14,14.2400,1226.7000,84.4200,-2.002
2024-11-18,14.1000,1193.5500,84.3700,-0.330
2024-11-19,14.3500,1213.4500,84.3600,-0.238
2024-11-21,13.9900,1195.3500,84.4800,-1.127
2024-11-22,14.2000,1214.4500,84.4400,-1.268
2024-11-25,14.3200,1209.3000,84.2400,-0.247
2024-11-26,14.1400,1208.6500,84.2700,-1.413
2024-11-27,14.0800,1199.9000,84.4100,-0.951
2024-11-29,14.1400,1202.3000,84.4800,-0.645
2024-12-02,14.3000,1221.7500,84.7400,-0.816
2024-12-03,14.3000,1224.5000,84.6800,-1.109
2024-12-04,14.2000,1215.5500,84.6900,-1.066
2024-12-05,14.4700,1239.8500,84.6800,-1.172
2024-12-06,14.5700,1253.7000,84.6700,-1.600
2024-12-09,14.4700,1255.1500,84.7200,-2.331
2024-12-10,14.3200,1240.3500,84.8400,-2.051
2024-12-11,14.4600,1238.5500,84.8000,-0.996
2024-12-12,14.4000,1245.4000,84.8400,-1.903
2024-12-13,14.4600,1246.3500,84.7800,-1.639
2024-12-16,14.6900,1269.9500,84.8900,-1.804
2024-12-17,14.4800,1247.6500,84.9100,-1.455
2024-12-18,14.5500,1275.4000,84.9500,-3.087
2024-12-19,15.1200,1325.6000,85.0900,-2.945
2024-12-20,15.3700,1343.6500,85.0200,-2.746
2024-12-23,15.4900,1341.3500,85.1000,-1.726
2024-12-24,15.6700,1350.9000,85.1400,-1.240
2024-12-26,15.5700,1355.1500,85.2500,-2.052
2024-12-27,15.8600,1389.4500,85.5300,-2.371
2024-12-30,15.7100,1376.9000,85.4700,-2.481
2024-12-31,15.7900,1388.5000,85.5500,-2.713
2025-01-02,15.6700,1375.0500,85.7500,-2.280
2025-01-03,15.4400,1352.6500,85.7500,-2.120
2025-01-06,15.4200,1350.3500,85.7000,-2.137
2025-01-07,15.6700,1351.5500,85.7400,-0.592
2025-01-08,15.8100,1370.7500,85.8900,-0.936
2025-01-10,15.4200,1354.4000,85.9600,-2.134
2025-01-13,15.3100,1335.1000,86.6900,-0.590
2025-01-14,15.2600,1337.5500,86.6300,-1.165
2025-01-15,15.3200,1337.2000,86.3700,-1.048
2025-01-16,14.8300,1302.7500,86.5700,-1.452
2025-01-17,14.9000,1309.4000,86.5500,-1.513
2025-01-21,14.8000,1288.1500,86.5800,-0.525
2025-01-22,15.0900,1296.2500,86.3400,0.511
2025-01-23,14.1500,1289.4000,86.4200,-5.162
2025-01-24,14.0100,1224.4000,86.2000,-1.367
2025-01-27,13.6500,1197.6500,86.3400,-1.596
2025-01-28,13.5300,1181.2500,86.5200,-0.900
2025-01-29,13.5200,1181.2000,86.6100,-0.866
2025-01-30,13.8100,1194.5000,86.5500,0.063
2025-01-31,13.8200,1217.3500,86.5400,-1.755
2025-02-03,13.6100,1203.8500,87.1900,-1.428
2025-02-04,13.8400,1219.9500,87.0600,-1.233
2025-02-05,13.9700,1227.5500,87.0800,-0.900
2025-02-06,13.9400,1236.6500,87.5700,-1.288
2025-02-07,13.8900,1240.4000,87.4300,-2.096
2025-02-10,13.8100,1220.9500,87.4500,-1.086
2025-02-11,13.8100,1209.8000,86.7600,-0.963
2025-02-12,13.8000,1215.8500,86.9000,-1.368
2025-02-13,13.9900,1223.6000,86.8900,-0.655
2025-02-14,13.6000,1197.0500,86.8200,-1.362
2025-02-18,13.5600,1197.4000,86.9600,-1.522
2025-02-19,13.3700,1165.8500,86.9600,-0.274
2025-02-20,13.4400,1170.9500,86.6500,-0.544
2025-02-21,13.3500,1151.8000,86.7000,0.490
2025-02-24,13.4900,1164.5500,86.7200,0.455
2025-02-25,13.1100,1128.1500,87.2000,1.333
2025-02-27,12.9500,1125.5500,87.1700,0.293
2025-02-28,12.7800,1116.5000,87.5000,0.157
2025-03-03,12.7600,1119.6000,87.3500,-0.448
2025-03-04,12.8100,1120.1500,87.2600,-0.210
2025-03-05,12.9200,1126.4000,86.9500,-0.267
2025-03-06,12.9900,1140.1000,87.1100,-0.749
2025-03-07,12.9100,1133.2500,86.8800,-1.026
2025-03-10,12.7000,1120.2000,87.2700,-1.060
2025-03-11,12.7100,1116.6500,87.1600,-0.792
2025-03-12,12.5300,1105.1500,87.1600,-1.180
2025-03-13,12.6700,1107.9500,87.0000,-0.511
2025-03-17,13.2200,1150.7000,86.7900,-0.290
2025-03-18,13.3400,1150.7000,86.5000,0.279
2025-03-19,13.4400,1172.1000,86.4300,-0.894
2025-03-20,13.5800,1187.2000,86.3100,-1.273
2025-03-21,13.7100,1200.1500,86.0100,-1.746
2025-03-24,13.7100,1210.3000,85.5600,-3.080
2025-03-25,13.4500,1177.9000,85.7700,-2.062
2025-03-26,13.2900,1164.6000,85.7100,-2.191
2025-03-27,13.2700,1162.2000,85.7900,-2.045
2025-03-28,13.2000,1144.2000,85.5100,-1.352
2025-04-01,13.1600,1152.2000,85.4600,-2.391
2025-04-02,13.2300,1150.0000,85.5200,-1.615
2025-04-03,13.2400,1151.4500,85.4400,-1.756
2025-04-04,12.3600,1109.9500,85.2400,-5.080
2025-04-07,12.5800,1087.9000,85.8500,-0.727
2025-04-08,12.4300,1107.9500,86.2400,-3.248
2025-04-09,13.0200,1094.0500,86.6400,3.108
2025-04-11,13.2200,1109.5000,86.0600,2.543
2025-04-15,13.3200,1154.9000,85.7600,-1.089
2025-04-16,13.4400,1158.4000,85.6700,-0.604
2025-04-17,13.6700,1163.6000,85.3700,0.293
2025-04-21,13.6700,1177.4000,85.1800,-1.103
2025-04-22,13.8800,1175.0000,85.1900,0.633
2025-04-23,13.6800,1186.0000,85.4200,-1.472
2025-04-24,14.0000,1200.5000,85.3000,-0.525
2025-04-25,13.7900,1174.8000,85.4300,0.279
2025-04-28,13.9400,1198.7000,85.0200,-1.128
2025-04-29,13.9400,1176.0000,85.2700,1.077
2025-04-30,13.9200,1183.9000,84.4900,-0.659
2025-05-02,14.0000,1177.9000,84.5000,0.433
2025-05-05,13.8700,1171.3000,84.2700,-0.211
2025-05-06,13.5100,1160.4000,84.4500,-1.679
2025-05-07,13.5200,1160.7000,84.8200,-1.200
2025-05-08,13.1800,1148.0000,85.6700,-1.644
2025-05-09,13.4000,1155.9000,85.3800,-1.022
2025-05-12,13.9300,1195.6000,85.3800,-0.523
2025-05-13,14.1000,1207.1000,85.3500,-0.304
2025-05-14,14.1400,1220.0000,85.2900,-1.147
2025-05-15,14.3900,1236.3000,85.5200,-0.458
2025-05-16,14.4400,1230.7000,85.4900,0.307
2025-05-19,14.4600,1219.0000,85.3700,1.267
2025-05-20,14.5000,1224.2000,85.6300,1.424
2025-05-21,14.3300,1224.7000,85.6500,0.218
2025-05-22,14.2800,1222.2000,85.9700,0.446
2025-05-23,14.3800,1230.1000,85.1700,-0.435
2025-05-27,14.7500,1243.2000,85.3000,1.205
2025-05-28,14.5600,1242.6000,85.3900,0.055
2025-05-29,14.7500,1248.2000,85.4900,1.024
2025-05-30,14.7200,1251.2000,85.5000,0.588
2025-06-02,14.7400,1247.7000,85.3300,0.807
2025-06-03,14.6600,1248.3000,85.5900,0.517
2025-06-04,14.7500,1251.9000,85.8500,1.149
2025-06-05,15.5300,1290.6000,85.8000,3.245
2025-06-06,15.5500,1320.9000,85.6600,0.841
2025-06-09,15.6300,1319.1000,85.6400,1.475
2025-06-10,15.8900,1348.8000,85.5700,0.809
2025-06-11,15.9300,1351.1000,85.5100,0.820
2025-06-12,16.1700,1362.7000,85.5500,1.515
2025-06-13,15.8000,1362.5000,86.0800,-0.179
2025-06-16,15.7200,1346.8000,86.0500,0.439
2025-06-17,15.2500,1318.8000,86.2900,-0.218
2025-06-18,15.1900,1313.3000,86.4900,0.037
2025-06-20,15.2300,1325.3000,86.5800,-0.505
2025-06-23,15.3100,1317.9000,86.7300,0.754
2025-06-24,15.5900,1337.3000,85.9200,0.164
2025-06-25,15.5000,1341.6000,86.0400,-0.595
2025-06-26,15.3300,1321.5000,85.6600,-0.631
2025-06-27,15.0700,1301.0000,85.4500,-1.020
2025-06-30,15.0300,1283.3000,85.7400,0.419
2025-07-01,14.9400,1276.8000,85.5800,0.138
2025-07-02,14.8800,1270.8000,85.7000,0.347
2025-07-03,15.0800,1291.3000,85.3000,-0.385
2025-07-07,15.0800,1310.5000,85.8600,-1.200
2025-07-08,14.7700,1283.8000,85.7500,-1.345
2025-07-09,14.7600,1269.4000,85.6900,-0.364
2025-07-10,14.6700,1262.6000,85.6500,-0.484
2025-07-11,14.5100,1254.7000,85.8000,-0.776
2025-07-14,14.5600,1250.6000,85.9900,0.113
2025-07-15,14.5300,1260.9000,85.8200,-1.105
2025-07-16,14.6100,1259.4000,85.9600,-0.280
2025-07-17,14.6900,1263.1000,86.0800,0.112
2025-07-18,14.4800,1257.5000,86.1000,-0.857
2025-07-21,14.5500,1259.3000,86.3000,-0.289
2025-07-22,14.4100,1240.0000,86.3700,0.370
2025-07-23,14.6000,1247.4000,86.4100,1.137
2025-07-24,14.7100,1265.5000,86.3900,0.419
2025-07-25,14.6700,1277.9000,86.4800,-0.723
2025-07-28,14.7000,1287.4000,86.6700,-1.037
2025-07-29,14.7600,1299.8000,86.8300,-1.399
2025-07-30,14.1000,1292.1000,87.4400,-4.581
2025-07-31,14.2200,1270.3000,87.6000,-1.939
2025-08-01,13.9400,1220.6000,87.5400,-0.024
2025-08-04,13.7900,1225.0000,87.6300,-1.354
2025-08-05,13.6700,1214.8000,87.8000,-1.200
2025-08-06,13.3300,1196.7000,87.7100,-2.300
2025-08-07,13.6000,1200.8000,87.7100,-0.662
2025-08-08,13.8000,1211.4000,87.6700,-0.128
2025-08-11,13.8200,1219.5000,87.6300,-0.693
2025-08-12,13.9100,1220.3000,87.7100,-0.021
2025-08-13,14.2600,1253.4000,87.4800,-0.474
2025-08-14,14.1100,1260.4000,87.5600,-1.978
2025-08-18,14.2300,1262.7000,87.3000,-1.617
2025-08-19,14.1800,1244.2000,87.0200,-0.824
2025-08-20,14.1300,1245.4000,87.0200,-1.269
2025-08-21,14.4200,1276.6000,87.3100,-1.378
2025-08-22,14.5100,1277.6000,87.5300,-0.590
2025-08-25,14.4600,1283.9000,87.5500,-1.396
2025-08-26,14.2100,1263.2000,87.6800,-1.367
2025-08-28,14.2100,1259.8000,87.6300,-1.157
2025-08-29,14.2000,1260.1000,88.1800,-0.630
2025-09-02,14.1200,1253.7000,88.1500,-0.720
2025-09-03,14.1900,1262.2000,88.0600,-1.001
2025-09-04,14.1500,1253.0000,88.1700,-0.431
2025-09-05,14.3400,1268.1000,88.2500,-0.205
2025-09-08,14.2600,1250.6000,88.2500,0.627
2025-09-09,14.5800,1291.3000,88.1200,-0.504
2025-09-10,14.5800,1304.2000,88.0900,-1.522
2025-09-11,14.7300,1303.1000,88.4400,-0.029
2025-09-12,14.6600,1316.7000,88.2800,-1.710
2025-09-15,14.6300,1300.8000,88.2200,-0.780
2025-09-16,14.7300,1310.4000,88.0500,-1.024
2025-09-17,14.8600,1311.4000,87.7700,-0.544
2025-09-18,14.8300,1322.7000,88.1700,-1.145
2025-09-19,14.8700,1321.7000,88.0600,-0.927
2025-09-22,14.6000,1301.4000,88.2900,-0.950
2025-09-23,14.5100,1308.4000,88.7600,-1.566
2025-09-24,14.4400,1298.1000,88.7300,-1.297
2025-09-25,14.1600,1275.2000,88.7000,-1.506
2025-09-26,14.2200,1253.1000,88.6500,0.599
2025-09-29,13.9700,1234.6000,88.7600,0.436
2025-09-30,13.9800,1223.7000,88.7800,1.426
2025-10-01,14.2000,1244.7000,88.6900,1.181
2025-10-03,14.1600,1248.1000,88.7800,0.723
2025-10-06,14.0900,1248.6000,88.7900,0.196
2025-10-07,14.0300,1248.5000,88.7200,-0.301
2025-10-08,13.9900,1234.5000,88.7700,0.599
2025-10-09,14.1700,1246.1000,88.8400,1.024
2025-10-10,14.3400,1264.4000,88.7200,0.620
2025-10-13,14.3600,1262.4000,88.7200,0.920
2025-10-14,13.9700,1237.3000,88.7600,0.216
2025-10-15,14.0700,1232.4000,87.9800,0.445
2025-10-16,14.2200,1240.2000,87.8100,0.682
2025-10-17,14.4500,1255.9000,87.9900,1.239
2025-10-20,14.7500,1282.0000,87.9200,1.156
2025-10-21,14.7300,1288.7000,87.9700,0.551
2025-10-23,14.6200,1279.4000,87.8500,0.388
2025-10-24,14.5800,1283.6000,87.8300,-0.237
2025-10-27,14.4700,1284.3000,88.2400,-0.581
2025-10-28,14.6000,1289.4000,88.2100,-0.119
2025-10-29,13.4100,1250.9000,88.2000,-5.447
2025-10-30,13.4500,1202.2000,88.6400,-0.831
2025-10-31,13.2900,1197.6000,88.7500,-1.512
2025-11-03,13.4100,1196.0000,88.7800,-0.457
2025-11-04,13.4700,1200.0000,88.6700,-0.468
2025-11-06,13.4700,1205.2000,88.6500,-0.920
2025-11-07,13.4600,1205.4000,88.6800,-0.976
2025-11-10,13.5200,1198.7000,88.7000,0.044
2025-11-11,13.8100,1211.5000,88.7000,1.110
2025-11-12,13.8500,1229.6000,88.5800,-0.225
2025-11-13,13.8700,1234.9000,88.6600,-0.420
2025-11-14,13.9400,1246.0000,88.7400,-0.719
2025-11-17,13.9600,1244.4000,88.5800,-0.629
2025-11-18,14.0200,1243.8000,88.6000,-0.131
2025-11-19,14.0500,1250.2000,88.5800,-0.452
2025-11-20,13.9000,1248.6000,88.6900,-1.266
2025-11-21,13.9100,1243.9000,89.5400,0.129
2025-11-24,13.6600,1226.2000,89.2300,-0.597
2025-11-25,13.8800,1236.1000,89.1600,0.117
2025-11-26,13.9900,1248.0000,89.2700,0.071
2025-11-28,14.0500,1258.8000,89.4300,-0.183
2025-12-01,13.9400,1260.1000,89.5900,-0.890
2025-12-02,14.1000,1275.2000,89.9200,-0.575
2025-12-03,14.1300,1280.7000,90.1500,-0.537
2025-12-04,14.1400,1277.6000,89.9700,-0.425
2025-12-05,14.1900,1275.2000,89.9700,0.116
2025-12-08,13.8900,1266.5000,90.1200,-1.163
2025-12-09,13.8200,1246.2000,89.9000,-0.303
2025-12-10,13.8600,1250.8000,89.9800,-0.294
2025-12-11,14.0900,1273.5000,90.3500,-0.037
2025-12-12,14.0200,1279.3000,90.4100,-0.919
2025-12-15,14.0900,1280.6000,90.7000,-0.206
2025-12-16,13.9100,1276.9000,91.0300,-0.836
2025-12-17,13.9300,1272.0000,90.4000,-1.001
2025-12-18,13.9400,1280.0000,90.2500,-1.712
2025-12-19,14.1800,1278.2000,89.5400,-0.667
2025-12-22,14.2700,1283.4000,89.6400,-0.330
2025-12-23,14.2300,1283.5000,89.6700,-0.584
2025-12-24,14.0900,1265.8000,89.8100,-0.030
2025-12-26,14.1600,1269.3000,89.7800,0.156
2025-12-29,14.1100,1268.6000,89.9700,0.069
2025-12-30,14.0600,1265.8000,89.7800,-0.276
2025-12-31,14.0400,1271.4000,89.8400,-0.790
2026-01-02,13.8600,1256.1000,90.1900,-0.483
2026-01-05,13.8200,1250.0000,90.2800,-0.186
2026-01-06,13.8600,1256.2000,90.1800,-0.502
2026-01-07,13.6800,1242.8000,89.9000,-1.043
2026-01-08,13.3500,1206.9000,90.0200,-0.425
2026-01-09,13.4000,1210.1000,90.1600,-0.162
2026-01-12,13.4800,1215.5000,90.1200,-0.056
2026-01-13,13.2200,1191.3000,90.1900,0.085
2026-01-14,13.3000,1186.5000,90.2400,1.154
2026-01-15,13.0900,1186.5000,90.2600,-0.421
2026-01-16,12.9200,1175.5000,90.8700,-0.124
2026-01-20,12.9400,1166.7000,91.0100,0.940
2026-01-21,13.2800,1157.2000,91.6800,5.212
2026-01-22,13.7100,1217.5000,91.6200,3.171
2026-01-23,13.6800,1235.6000,91.9500,1.803
2026-01-27,13.7100,1239.8000,91.7200,1.426
2026-01-28,13.3200,1222.5000,91.7800,0.001
2026-01-29,13.2700,1208.9000,91.9500,0.933
2026-01-30,13.4200,1218.1000,91.9800,1.336
2026-02-02,13.6100,1182.5000,91.5100,5.324
2026-02-03,13.8100,1235.4000,90.3000,0.942
2026-02-04,14.0000,1240.2000,90.3600,2.003
2026-02-05,13.9700,1244.9000,90.3300,1.366
2026-02-06,14.0800,1241.2000,90.6500,2.832
2026-02-09,14.1800,1275.5000,90.7700,0.911
2026-02-10,14.0400,1256.0000,90.5700,1.242
2026-02-11,14.2100,1270.3000,90.6900,1.449
2026-02-12,14.3100,1274.9000,90.6300,1.727
2026-02-13,14.1400,1268.1000,90.6400,1.069
2026-02-17,14.4000,1284.8000,90.6300,1.578
2026-02-18,14.4200,1280.3000,90.7000,2.155
2026-02-19,14.3500,1282.3000,90.6800,1.478
2026-02-20,14.4900,1280.4000,90.9800,2.960
2026-02-23,14.7000,1307.4000,90.8800,2.183
2026-02-24,14.7800,1300.2000,90.9500,3.387
2026-02-25,14.6000,1306.5000,90.9500,1.636
2026-02-26,14.5800,1319.3000,90.9200,0.479
2026-02-27,14.3800,1286.3000,91.0300,1.766
2026-03-02,14.3800,1294.4000,91.4700,1.618
2026-03-04,14.2800,1291.2000,92.0800,1.836
2026-03-05,14.2700,1313.5000,91.5800,-0.507
2026-03-06,14.4000,1303.8000,91.7300,1.312
2026-03-09,14.3900,1287.0000,92.3100,3.212
2026-03-10,14.5100,1314.6000,91.8500,1.380
2026-03-11,14.5400,1325.5000,92.0300,0.952
2026-03-12,14.3500,1319.0000,92.1800,0.287
2026-03-13,14.1300,1292.3000,92.4700,1.107
2026-03-16,14.0500,1276.9000,92.4200,1.692
2026-03-17,14.1900,1283.8000,92.3600,2.087
2026-03-18,13.8600,1294.8000,92.8700,-0.589
2026-03-19,14.1400,1274.5000,92.6200,2.758
2026-03-20,13.7600,1298.9000,93.7300,-0.706
2026-03-23,13.6900,1253.3000,93.9600,2.634
2026-03-24,13.4500,1259.6000,93.8600,0.224
2026-03-25,13.8700,1300.7000,93.9700,0.205
2026-03-27,13.4800,1281.7000,94.8300,-0.265
2026-03-30,13.4600,1254.9000,94.4100,1.264
2026-04-01,13.4700,1209.6000,93.2100,3.798
2026-04-02,13.3200,1217.3000,93.0900,1.861
2026-04-06,13.1400,1217.8000,93.0600,0.411
2026-04-07,12.9500,1196.1000,92.9600,0.646
2026-04-08,13.2400,1191.4000,92.2500,2.517
2026-04-09,13.2600,1211.9000,92.6900,1.417
2026-04-10,13.3100,1232.2000,92.7200,0.154
2026-04-13,13.2700,1235.9000,93.3900,0.274
2026-04-15,12.9400,1217.8000,93.3700,-0.788
2026-04-16,13.0600,1221.4000,93.2000,-0.345
2026-04-17,13.3000,1235.7000,92.9000,-0.011
2026-04-20,13.0900,1232.6000,93.1300,-1.098
2026-04-21,12.7700,1220.6000,93.5000,-2.180
2026-04-22,12.8400,1217.0000,93.7900,-1.047
2026-04-23,13.5800,1331.0000,94.1100,-3.981
2026-04-24,13.6700,1317.1000,94.2500,-2.179
2026-04-27,13.9700,1334.5000,94.1900,-1.399
2026-04-28,14.0300,1354.6000,94.5400,-2.082
2026-04-29,13.7300,1329.8000,94.8500,-2.069
2026-04-30,13.6400,1322.9000,94.9100,-2.141
2026-05-01,13.7200,1322.9000,94.9000,-1.578
2026-05-04,13.3500,1287.2000,95.0900,-1.379
2026-05-05,13.2600,1271.2000,95.3200,-0.571
2026-05-06,13.4600,1311.0000,94.6100,-2.864
2026-05-07,13.4300,1307.6000,94.2500,-3.198
2026-05-08,13.2300,1293.9000,94.4900,-3.385
2026-05-11,13.1400,1279.9000,95.3100,-2.151
2026-05-12,12.4600,1270.0000,95.6300,-6.177
2026-05-13,12.9900,1265.3000,95.6900,-1.761
2026-05-14,13.4900,1303.6000,95.7600,-0.905
2026-05-15,13.6100,1336.7000,95.9700,-2.285
2026-05-18,13.6000,1331.2000,96.3500,-1.565
2026-05-19,13.4500,1335.2000,96.5300,-2.761
2026-05-20,13.6300,1321.9000,96.8200,-0.170
2026-05-21,13.5500,1318.5000,96.2000,-1.137
2026-05-22,13.6000,1307.2000,95.6900,-0.445
2026-05-26,13.7500,1327.9000,95.6800,-0.926
2026-05-27,13.5800,1319.0000,95.6900,-1.481
2026-05-28,13.5200,1319.0000,95.6900,-1.916
2026-05-29,13.6300,1303.5000,95.0000,-0.664
2026-06-01,13.2600,1290.4000,94.9900,-2.389
2026-06-02,13.0300,1274.0000,95.2700,-2.561
2026-06-03,13.0200,1263.3000,95.7100,-1.358
2026-06-04,13.2400,1267.5000,95.7900,0.060
2026-06-05,13.2400,1278.2000,94.9500,-1.648
2026-06-08,13.2300,1275.6000,95.7100,-0.734
2026-06-09,13.3700,1268.5000,95.3500,0.499
2026-06-10,13.3000,1271.7000,95.2700,-0.362
2026-06-11,13.3600,1276.0000,95.7600,0.263
2026-06-12,13.3000,1275.4000,95.1100,-0.818
2026-06-15,13.3300,1279.5000,94.7100,-1.330
2026-06-16,13.3000,1276.9000,94.6200,-1.445
2026-06-17,13.1500,1269.0000,94.5300,-2.043
2026-06-18,13.2900,1267.5000,94.3300,-1.093
2026-06-22,13.9100,1290.7000,94.6800,2.038
2026-06-23,14.3100,1301.3000,94.7400,4.183
2026-06-24,14.6600,1328.4000,94.6700,4.476
2026-06-25,15.2500,1350.5000,94.4000,6.598
2026-06-26,15.3800,1350.5000,94.3700,7.472
2026-06-29,14.8600,1375.7000,94.5400,2.120
2026-06-30,14.4900,1357.1000,94.6600,1.070
2026-07-01,13.9900,1339.9000,95.2500,-0.549
2026-07-02,14.3800,1345.7000,95.3900,1.933
2026-07-06,14.3600,1367.9000,95.4000,0.149
2026-07-07,14.6300,1354.6000,94.9700,2.570
2026-07-08,14.1200,1349.0000,95.5600,0.023
2026-07-09,13.8900,1269.5000,95.3900,4.369
2026-07-10,13.1900,1244.3000,95.3300,1.053
2026-07-13,12.9200,1234.5000,95.6200,0.074
2026-07-14,12.8400,1246.2000,96.2000,-0.882
2026-07-15,12.7700,1229.5000,96.2600,-0.021
2026-07-16,12.7000,1224.4000,96.3500,-0.062
2026-07-17,12.6000,1211.2000,96.2800,0.159
2026-07-20,12.5300,1223.1000,96.4500,-1.192
2026-07-21,12.5600,1206.0000,96.2400,0.230
2026-07-22,11.3800,1182.8000,96.5700,-7.088
2026-07-23,11.8000,1166.3000,96.5700,-2.296
2026-07-24,11.7900,1151.7000,96.5600,-1.151
2026-07-27,11.7700,1150.8000,95.9100,-1.906
2026-07-28,11.7300,1135.6000,95.8500,-0.993
2026-07-29,11.7600,1142.3000,95.6500,-1.528
2026-07-30,11.8300,1144.8000,95.6800,-1.127
2026-07-31,11.8500,1148.1000,95.3800,-1.554
2026-08-03,12.0700,1180.0000,95.3400,-2.478
2026-08-04,12.1000,1172.6000,95.3800,-1.578
2026-08-05,12.1400,1176.0000,95.1400,-1.786
2026-08-06,12.1100,1171.0000,95.2100,-1.538
2026-08-07,12.2200,1172.0000,95.2100,-0.728
2026-08-10,12.1500,1158.8000,95.3000,-0.078
2026-08-11,12.4500,1205.0000,95.4400,-1.392
2026-08-12,12.3900,1200.0000,95.3300,-1.572
2026-08-13,12.4200,1206.0000,95.4400,-1.711
2026-08-14,12.2700,1200.0000,95.4300,-2.423
2026-08-17,12.1100,1192.0000,95.6000,-2.876
2026-08-18,12.1500,1178.8000,95.6800,-1.382
2026-08-19,12.1100,1170.0000,95.7500,-0.895
2026-08-20,12.1100,1180.0000,95.7100,-1.776
2026-08-21,12.1800,1174.7000,95.7000,-0.772
2026-08-24,12.2200,1190.0000,95.7500,-1.675
2026-08-25,12.3400,1193.5000,95.4100,-1.352
2026-08-26,12.2200,1182.0000,95.4300,-1.341
2026-08-27,12.1600,1177.0000,95.5400,-1.294
2026-08-28,12.1800,1178.0000,95.3800,-1.381
2026-08-31,12.1300,1154.4000,95.1144,-0.057
2026-09-01,12.1700,1171.0000,94.9552,-1.315
2026-09-02,12.1700,1156.5000,94.4877,-0.569
2026-09-03,12.0300,1155.0000,94.4949,-1.578
2026-09-04,11.9700,1151.0000,94.4949,-1.729
