date,adr_usd,local_px,fx,premium_pct
2005-06-01,18.3467,19.8400,10.8450,0.287
2005-06-02,18.6367,20.1300,10.8125,0.104
2005-06-03,18.4433,20.0067,10.8240,-0.218
2005-06-06,18.2900,19.9167,10.8825,-0.063
2005-06-07,18.3500,19.9500,10.8600,-0.110
2005-06-08,18.5667,20.1233,10.8380,-0.004
2005-06-09,18.7833,20.3700,10.8725,0.256
2005-06-10,18.8233,20.3900,10.8680,0.330
2005-06-13,19.0000,20.6000,10.8725,0.280
2005-06-14,19.0967,20.6167,10.8399,0.407
2005-06-15,19.1967,20.7900,10.8305,0.005
2005-06-16,19.3500,20.8767,10.7929,0.036
2005-06-17,19.5233,21.1000,10.7850,-0.209
2005-06-20,19.6667,21.2500,10.8300,0.231
2005-06-21,19.5267,21.0133,10.7905,0.271
2005-06-22,19.4367,20.8367,10.7585,0.356
2005-06-23,19.4300,20.9033,10.7880,0.276
2005-06-24,19.1533,20.5667,10.7638,0.241
2005-06-27,19.3167,20.8967,10.8089,-0.084
2005-06-28,19.6000,21.1567,10.8415,0.438
2005-06-29,19.7267,21.2133,10.7560,0.022
2005-06-30,19.8567,21.3767,10.7720,0.061
2005-07-01,19.7733,21.2400,10.7370,-0.044
2005-07-05,20.2767,21.8000,10.7550,0.035
2005-07-06,20.3667,21.9367,10.7715,0.006
2005-07-07,20.4500,22.0600,10.8010,0.127
2005-07-08,20.4300,21.9700,10.7440,-0.091
2005-07-11,20.4967,21.8700,10.7010,0.290
2005-07-12,20.4833,21.9700,10.6890,-0.343
2005-07-13,20.4667,21.7667,10.6922,0.536
2005-07-14,20.7967,22.1700,10.6360,-0.229
2005-07-15,21.1600,22.3867,10.6175,0.357
2005-07-18,21.1333,22.4267,10.5855,-0.250
2005-07-19,21.6167,22.9233,10.6200,0.146
2005-07-20,21.3667,22.7333,10.6565,0.159
2005-07-21,21.2867,22.5867,10.5910,-0.186
2005-07-22,21.2167,22.6200,10.6310,-0.285
2005-07-25,21.0333,22.5633,10.6705,-0.531
2005-07-26,21.1167,22.5233,10.6960,0.280
2005-07-27,21.3367,22.7267,10.6375,-0.131
2005-07-28,21.3133,22.6033,10.6160,0.101
2005-07-29,21.6667,22.9067,10.5995,0.257
2005-08-01,21.7233,22.9800,10.5980,0.184
2005-08-02,22.3100,23.5833,10.5980,0.258
2005-08-03,22.7433,24.0400,10.5950,0.235
2005-08-04,23.0167,24.3533,10.5780,-0.026
2005-08-05,22.9333,24.3167,10.5960,-0.068
2005-08-08,22.7900,24.3000,10.6050,-0.540
2005-08-09,23.0500,24.5167,10.6375,0.011
2005-08-10,22.9600,24.2567,10.5920,0.258
2005-08-11,23.1067,24.4733,10.5850,-0.061
2005-08-12,23.2567,24.7333,10.6350,0.001
2005-08-15,23.3500,24.7433,10.5965,-0.002
2005-08-16,23.0233,24.4167,10.5750,-0.285
2005-08-17,22.6800,24.1233,10.6075,-0.272
2005-08-18,22.8333,24.3700,10.6520,-0.197
2005-08-19,22.8700,24.6900,10.7575,-0.355
2005-08-22,23.1900,24.8067,10.7280,0.288
2005-08-23,22.8000,24.7167,10.7765,-0.592
2005-08-24,23.0000,25.0000,10.8815,0.110
2005-08-25,22.8400,24.6833,10.8060,-0.010
2005-08-26,22.3000,24.0567,10.8575,0.647
2005-08-29,22.0633,23.9300,10.8950,0.451
2005-08-30,22.3367,24.1133,10.8370,0.385
2005-08-31,22.8400,24.5767,10.7940,0.313
2005-09-01,23.2000,24.8767,10.7280,0.049
2005-09-02,23.4333,24.9200,10.6800,0.429
2005-09-06,23.6100,25.1533,10.6906,0.347
2005-09-07,24.1500,26.0000,10.7180,-0.446
2005-09-08,24.1433,25.8433,10.7110,0.064
2005-09-09,24.5833,26.2233,10.7050,0.355
2005-09-12,24.4433,26.1633,10.6985,-0.048
2005-09-13,24.1467,26.0933,10.7600,-0.427
2005-09-14,24.0200,25.9767,10.8370,0.207
2005-09-15,24.0000,25.9633,10.7955,-0.208
2005-09-16,24.1667,25.9633,10.8155,0.671
2005-09-19,24.4167,26.4633,10.8575,0.178
2005-09-20,24.2167,26.2700,10.8275,-0.188
2005-09-21,23.6367,25.5667,10.7800,-0.338
2005-09-22,23.1267,25.0733,10.8470,0.049
2005-09-23,23.1867,25.1500,10.8402,-0.060
2005-09-26,23.3833,25.4333,10.8820,0.049
2005-09-27,23.3067,25.3400,10.8880,0.143
2005-09-28,23.2333,25.2800,10.8410,-0.367
2005-09-29,22.9733,24.8400,10.8091,-0.032
2005-09-30,23.3067,25.0467,10.7910,0.413
2005-10-03,23.2000,24.8500,10.7630,0.484
2005-10-04,23.2167,24.8067,10.6870,0.020
2005-10-05,22.7567,24.4300,10.7110,-0.227
2005-10-06,22.2200,24.0400,10.7705,-0.449
2005-10-07,22.3500,24.0767,10.7900,0.162
2005-10-10,22.2300,24.0167,10.7900,-0.127
2005-10-11,22.3667,24.1867,10.8045,-0.085
2005-10-12,21.6100,23.5733,10.8825,-0.239
2005-10-13,21.6767,23.6400,10.9380,0.296
2005-10-14,21.5000,23.3633,10.9155,0.449
2005-10-17,21.7000,23.5300,10.8465,0.029
2005-10-18,21.8000,23.7000,10.8340,-0.345
2005-10-19,22.0167,23.8100,10.8800,0.605
2005-10-20,21.8000,23.6767,10.8480,-0.118
2005-10-21,22.3800,24.3300,10.9190,0.439
2005-10-24,22.8900,24.8000,10.8605,0.241
2005-10-25,22.3500,24.3967,10.8440,-0.657
2005-10-26,22.1233,24.1100,10.8885,-0.087
2005-10-27,21.7333,23.7933,10.9060,-0.382
2005-10-28,22.1900,24.0300,10.8300,0.007
2005-10-31,22.6633,24.4133,10.7890,0.156
2005-11-01,22.6000,24.2700,10.7700,0.289
2005-11-02,22.7300,24.4033,10.7430,0.064
2005-11-03,22.7800,24.5167,10.7220,-0.375
2005-11-04,23.3000,25.0167,10.7465,0.091
2005-11-07,23.3400,25.0533,10.7060,-0.262
2005-11-08,23.2033,24.9067,10.7415,0.069
2005-11-09,23.2167,24.9400,10.7100,-0.301
2005-11-10,23.2167,24.8567,10.7230,0.155
2005-11-11,23.4267,24.9767,10.7230,0.576
2005-11-14,23.3300,24.8567,10.6865,0.301
2005-11-15,23.1000,24.8567,10.6500,-1.027
2005-11-16,23.1233,24.6333,10.6445,-0.080
2005-11-17,23.0833,24.5267,10.6795,0.510
2005-11-18,22.7667,24.2933,10.6655,-0.048
2005-11-21,22.7833,24.3033,10.6415,-0.241
2005-11-22,22.7300,24.1633,10.6580,0.258
2005-11-23,22.8400,24.2600,10.6175,-0.040
2005-11-25,22.9000,24.1633,10.6072,0.526
2005-11-28,22.6767,23.9733,10.5715,-0.003
2005-11-29,22.6667,23.9733,10.5700,-0.061
2005-11-30,22.6633,23.9567,10.5765,0.055
2005-12-01,23.1333,24.2833,10.5080,0.104
2005-12-02,23.0367,24.0133,10.4560,0.307
2005-12-05,22.7433,23.8100,10.4850,0.153
2005-12-06,23.2833,24.3033,10.4135,-0.236
2005-12-07,23.0567,24.1000,10.4565,0.038
2005-12-08,22.7567,23.9900,10.5030,-0.370
2005-12-09,22.5133,23.9500,10.6400,0.017
2005-12-12,22.9100,23.9500,10.6225,1.612
2005-12-13,22.7267,24.1400,10.6325,0.100
2005-12-14,23.1200,24.8033,10.7455,0.162
2005-12-15,23.1500,24.8000,10.7270,0.133
2005-12-16,23.2267,24.9200,10.7650,0.335
2005-12-19,23.1933,24.9167,10.7165,-0.247
2005-12-20,23.4700,25.0367,10.6870,0.183
2005-12-21,24.0267,25.4767,10.6420,0.363
2005-12-22,23.8567,25.3833,10.6505,0.099
2005-12-23,24.0533,25.7400,10.6775,-0.222
2005-12-27,24.1267,25.9867,10.7355,-0.329
2005-12-28,23.9167,25.7400,10.7725,0.094
2005-12-29,24.1833,25.7433,10.6960,0.478
2005-12-30,24.1700,25.6933,10.6275,-0.026
2006-01-03,24.8533,26.3900,10.6430,0.233
2006-01-04,25.7333,27.1533,10.5872,0.335
2006-01-05,25.5000,27.0833,10.5910,-0.282
2006-01-06,25.6233,27.0600,10.5620,0.012
2006-01-09,25.6667,27.1467,10.5580,-0.176
2006-01-10,25.5200,27.0700,10.6026,-0.045
2006-01-11,26.1467,27.7800,10.6080,-0.157
2006-01-12,26.1967,27.7333,10.5655,-0.199
2006-01-13,26.1467,27.6333,10.5740,0.051
2006-01-17,25.5967,27.1267,10.5470,-0.479
2006-01-18,25.3000,26.8200,10.5720,-0.272
2006-01-19,25.5033,26.8000,10.5530,0.424
2006-01-20,25.0833,26.3400,10.5220,0.200
2006-01-23,25.2167,26.6033,10.5215,-0.269
2006-01-24,25.3267,26.6467,10.5050,-0.154
2006-01-25,25.5000,26.8500,10.4980,-0.298
2006-01-26,25.9967,27.2667,10.5025,0.133
2006-01-27,26.7533,27.9733,10.4555,-0.005
2006-01-30,26.5367,27.7867,10.4369,-0.326
2006-01-31,26.1133,27.3333,10.4400,-0.260
2006-02-01,25.9500,27.1567,10.4315,-0.320
2006-02-02,25.6400,26.9300,10.4870,-0.153
2006-02-03,25.5500,26.8433,10.4910,-0.145
2006-02-06,26.0000,26.8433,10.4590,1.304
2006-02-07,26.0167,27.3767,10.4775,-0.430
2006-02-08,26.1200,27.4500,10.5286,0.185
2006-02-09,26.5933,27.9167,10.4750,-0.215
2006-02-10,26.5933,27.8700,10.5080,0.266
2006-02-13,26.1800,27.5633,10.5085,-0.189
2006-02-14,26.2200,27.5800,10.5125,-0.059
2006-02-15,26.2600,27.6467,10.5226,-0.052
2006-02-16,26.7133,27.9867,10.5130,0.347
2006-02-17,26.8533,27.9767,10.4525,0.328
2006-02-21,26.7100,28.0433,10.4430,-0.535
2006-02-22,27.1600,28.4767,10.4885,0.035
2006-02-23,27.3600,28.7333,10.5050,0.029
2006-02-24,27.7200,29.0433,10.4760,-0.013
2006-02-27,28.7033,30.1733,10.4660,-0.439
2006-02-28,28.9967,30.1233,10.4542,0.632
2006-03-01,29.1733,30.5333,10.4620,-0.040
2006-03-02,29.1267,30.6633,10.5250,-0.025
2006-03-03,28.9233,30.5733,10.5775,0.066
2006-03-06,28.4500,30.2767,10.6090,-0.311
2006-03-07,27.7500,29.5167,10.6970,0.568
2006-03-08,27.6000,29.6000,10.7750,0.470
2006-03-09,27.9333,29.8867,10.7070,0.072
2006-03-10,28.3333,30.3333,10.7031,-0.026
2006-03-13,28.1600,30.1533,10.7185,0.099
2006-03-14,28.1433,30.0767,10.6860,-0.009
2006-03-15,29.9633,31.8067,10.6700,0.516
2006-03-16,30.4400,32.3167,10.6210,0.042
2006-03-17,30.5200,32.5600,10.7000,0.296
2006-03-20,30.6467,33.0700,10.7440,-0.433
2006-03-21,30.2567,33.0700,10.7980,-1.206
2006-03-22,29.8267,32.4467,10.8710,-0.068
2006-03-23,29.9600,32.5367,10.8555,-0.042
2006-03-24,29.9667,32.5433,10.8580,-0.017
2006-03-27,30.1100,32.9000,10.9390,0.113
2006-03-28,30.6167,33.5533,10.9420,-0.157
2006-03-29,30.5700,33.5733,10.9475,-0.318
2006-03-30,30.4500,33.3333,10.9295,-0.159
2006-03-31,30.5533,33.1500,10.8980,0.444
2006-04-03,31.0800,33.7167,10.8560,0.071
2006-04-04,31.0667,33.9433,10.8665,-0.544
2006-04-05,30.8333,33.8300,10.9400,-0.291
2006-04-06,30.2300,33.4067,11.0785,0.250
2006-04-07,29.2967,32.6167,11.1600,0.240
2006-04-10,29.5967,32.8133,11.0875,0.006
2006-04-11,29.0567,32.1333,11.0720,0.119
2006-04-12,29.4733,32.5433,11.0530,0.103
2006-04-13,29.6700,32.5433,11.1001,1.200
2006-04-17,29.8400,32.9300,11.0830,0.430
2006-04-18,29.8267,32.6300,10.9875,0.435
2006-04-19,29.5000,32.4367,10.9980,0.023
2006-04-20,29.5633,32.5533,11.0270,0.142
2006-04-21,29.8600,32.9167,11.0715,0.434
2006-04-24,29.8500,33.0767,11.0690,-0.108
2006-04-25,29.6800,33.0400,11.0850,-0.423
2006-04-26,30.3733,33.8667,11.1595,0.084
2006-04-27,30.2300,33.6200,11.0990,-0.201
2006-04-28,30.9600,34.1700,11.0890,0.473
2006-05-01,30.9367,34.1700,11.0525,0.067
2006-05-02,32.1667,35.3600,11.0120,0.175
2006-05-03,31.7833,34.8967,10.9640,-0.142
2006-05-04,31.9633,35.0333,10.9710,0.096
2006-05-05,32.0833,34.9900,10.9485,0.390
2006-05-08,32.2500,35.1700,10.9460,0.372
2006-05-09,32.3300,35.1900,10.9330,0.444
2006-05-10,32.2033,34.9600,10.8410,-0.138
2006-05-11,31.6267,34.3333,10.8650,0.085
2006-05-12,31.0500,34.4867,11.0525,-0.489
2006-05-15,30.7533,34.2833,11.1465,-0.012
2006-05-16,31.2233,34.6367,11.0540,-0.353
2006-05-17,30.6867,34.3033,11.1525,-0.233
2006-05-18,30.1100,33.7033,11.2240,0.273
2006-05-19,29.9900,33.6333,11.1860,-0.257
2006-05-22,28.3767,32.0000,11.2840,0.063
2006-05-23,29.1567,32.7567,11.1830,-0.460
2006-05-24,28.0733,31.7633,11.3050,-0.083
2006-05-25,29.3133,32.6900,11.1880,0.324
2006-05-26,29.6600,32.9067,11.1430,0.436
2006-05-30,28.0433,31.8267,11.2575,-0.807
2006-05-31,28.5967,32.3267,11.2880,-0.145
2006-06-01,29.4667,33.1267,11.2820,0.355
2006-06-02,29.4833,32.9767,11.3460,1.441
2006-06-05,28.4233,32.0900,11.2850,-0.044
2006-06-06,28.4833,32.1933,11.3675,0.575
2006-06-07,28.2500,32.0967,11.3250,-0.323
2006-06-08,28.1500,32.1533,11.4425,0.178
2006-06-09,27.2000,30.9633,11.3830,-0.005
2006-06-12,25.6567,29.6633,11.3825,-1.549
2006-06-13,25.0133,28.7567,11.4280,-0.596
2006-06-14,24.4067,27.9100,11.4600,0.215
2006-06-15,25.3333,28.7333,11.4170,0.660
2006-06-16,25.0567,28.6400,11.4228,-0.064
2006-06-19,25.1467,28.8433,11.4560,-0.122
2006-06-20,25.4633,29.1700,11.4560,0.003
2006-06-21,26.2967,30.0367,11.4230,0.007
2006-06-22,26.4200,30.1400,11.4350,0.236
2006-06-23,26.6433,30.4833,11.4400,-0.011
2006-06-26,26.4600,30.3733,11.4120,-0.583
2006-06-27,25.8067,29.5333,11.4180,-0.228
2006-06-28,26.2500,29.8700,11.3940,0.131
2006-06-29,27.7033,31.2433,11.3925,1.017
2006-06-30,27.9067,31.6367,11.2865,-0.442
2006-07-03,29.2533,33.0833,11.1540,-1.373
2006-07-05,28.8667,32.3467,11.1800,-0.228
2006-07-06,28.9967,32.1167,11.1220,0.415
2006-07-07,28.2667,31.1800,11.0315,0.008
2006-07-10,28.5667,31.4300,10.9560,-0.421
2006-07-11,28.6333,31.4967,10.9940,-0.055
2006-07-12,28.6533,31.7067,11.0280,-0.340
2006-07-13,27.5400,30.4900,11.0450,-0.236
2006-07-14,26.9933,29.6833,11.0290,0.295
2006-07-17,26.8867,29.5333,10.9825,-0.017
2006-07-18,27.6967,30.0800,10.9615,0.930
2006-07-19,28.8400,31.3367,10.9080,0.389
2006-07-20,28.1667,30.7833,10.8660,-0.576
2006-07-21,27.9333,30.8800,10.9095,-1.315
2006-07-24,29.0467,31.7067,10.9270,0.103
2006-07-25,29.6400,32.4667,10.9190,-0.316
2006-07-26,29.0567,31.7333,10.9410,0.181
2006-07-27,28.8100,31.4500,10.8952,-0.194
2006-07-28,29.3000,31.8000,10.8950,0.385
2006-07-31,29.2667,32.1000,10.9160,-0.475
2006-08-01,29.3433,32.4000,11.0220,-0.178
2006-08-02,29.8367,32.7667,10.9555,-0.241
2006-08-03,29.8867,32.7167,10.9800,0.302
2006-08-04,30.2000,33.0033,10.8910,-0.341
2006-08-07,29.7700,32.4233,10.8805,-0.099
2006-08-08,30.0033,32.7767,10.9110,-0.122
2006-08-09,29.2800,32.2333,10.8315,-1.609
2006-08-10,29.3333,31.8533,10.8950,0.331
2006-08-11,29.5133,31.9600,10.8160,-0.120
2006-08-14,29.9667,32.5267,10.8005,-0.495
2006-08-15,30.6867,33.1300,10.8135,0.160
2006-08-16,30.9467,33.2767,10.7405,-0.115
2006-08-17,30.9900,33.5467,10.7505,-0.688
2006-08-18,30.8767,33.5200,10.8390,-0.157
2006-08-21,30.9033,33.4567,10.8055,-0.191
2006-08-22,31.0300,33.7200,10.8000,-0.616
2006-08-23,30.8033,33.5200,10.8480,-0.312
2006-08-24,30.6433,33.5267,10.9220,-0.173
2006-08-25,30.5567,33.5367,10.9640,-0.102
2006-08-28,30.8133,33.5800,10.9320,0.313
2006-08-29,30.9767,33.6800,10.9030,0.279
2006-08-30,31.5733,34.4133,10.8765,-0.211
2006-08-31,31.3067,34.2733,10.9120,-0.325
2006-09-01,31.4333,34.3200,10.8940,-0.223
2006-09-05,31.2167,33.9567,10.8360,-0.384
2006-09-06,30.7067,33.7533,10.9355,-0.516
2006-09-07,30.4300,33.3833,11.0150,0.405
2006-09-08,30.4933,33.5933,11.0100,-0.060
2006-09-11,30.5567,33.8100,11.0651,0.004
2006-09-12,31.8733,35.0067,11.0320,0.446
2006-09-13,32.6733,35.8067,11.0010,0.383
2006-09-14,32.7200,35.8100,10.9846,0.368
2006-09-15,32.7200,35.7967,10.9455,0.048
2006-09-18,32.9500,35.7600,10.9275,0.688
2006-09-19,33.1333,36.3433,10.9385,-0.276
2006-09-20,33.3000,36.4433,10.9400,-0.036
2006-09-21,32.2100,35.6067,10.9905,-0.579
2006-09-22,31.3767,34.6633,11.0705,0.208
2006-09-25,32.6300,36.1067,11.1030,0.339
2006-09-26,32.3067,35.5833,11.0450,0.279
2006-09-27,32.0467,35.5533,11.0135,-0.728
2006-09-28,32.3267,35.5500,11.0505,0.485
2006-09-29,32.3133,35.5867,10.9775,-0.322
2006-10-02,32.1867,35.2800,10.9710,0.091
2006-10-03,31.9267,35.2833,11.0435,-0.071
2006-10-04,33.0867,36.3467,11.0560,0.644
2006-10-05,33.2300,36.7433,11.0166,-0.368
2006-10-06,32.8400,36.3333,11.0576,-0.056
2006-10-09,32.7633,36.3100,11.0576,-0.225
2006-10-10,32.9367,36.3367,11.0590,0.242
2006-10-11,32.7967,36.0400,11.0120,0.210
2006-10-12,33.3867,36.3533,10.9400,0.472
2006-10-13,33.8333,36.7000,10.8750,0.255
2006-10-16,33.9833,36.8700,10.8330,-0.151
2006-10-17,33.2500,36.0767,10.8685,0.169
2006-10-18,33.3367,36.1867,10.8238,-0.287
2006-10-19,33.2900,36.0767,10.7985,-0.356
2006-10-20,32.8333,35.5933,10.8205,-0.186
2006-10-23,32.9800,35.8500,10.8495,-0.191
2006-10-24,32.5000,35.2400,10.8175,-0.236
2006-10-25,32.8100,35.3867,10.7830,-0.022
2006-10-26,33.1400,35.5300,10.7330,0.110
2006-10-27,32.7733,35.1667,10.7065,-0.221
2006-10-30,31.7833,34.2033,10.7620,0.006
2006-10-31,32.2300,34.7167,10.7670,-0.042
2006-11-01,32.6333,35.3167,10.7505,-0.663
2006-11-02,32.5367,35.3167,10.8355,-0.174
2006-11-03,32.6800,35.3867,10.8020,-0.242
2006-11-06,33.5833,36.3800,10.8250,-0.072
2006-11-07,33.4267,36.2200,10.8110,-0.228
2006-11-08,34.0300,36.8633,10.8660,0.308
2006-11-09,33.6100,36.6167,10.8628,-0.292
2006-11-10,34.1567,37.1700,10.9120,0.274
2006-11-13,33.8500,36.9333,10.9240,0.120
2006-11-14,34.3267,37.2133,10.8655,0.227
2006-11-15,34.1633,37.1200,10.8600,-0.050
2006-11-16,34.7067,37.6967,10.8505,-0.101
2006-11-17,34.6300,37.8333,10.9670,0.384
2006-11-20,35.3100,37.8333,10.9590,2.281
2006-11-21,35.1533,38.4267,10.9973,0.605
2006-11-22,35.2000,38.4167,10.9705,0.519
2006-11-24,34.9400,38.3267,11.0225,0.485
2006-11-27,34.0700,37.8167,11.0536,-0.415
2006-11-28,33.9533,37.3700,11.0331,0.244
2006-11-29,34.8167,38.2333,11.0110,0.270
2006-11-30,35.0833,38.5300,11.0000,0.160
2006-12-01,35.3900,38.5300,10.9860,0.907
2006-12-04,36.6200,40.1267,10.9631,0.050
2006-12-05,38.2900,41.5433,10.8885,0.358
2006-12-06,37.8933,41.1967,10.8610,-0.099
2006-12-07,37.4667,40.8667,10.8675,-0.366
2006-12-08,37.8500,41.0433,10.8525,0.081
2006-12-11,38.5000,41.7400,10.8365,-0.047
2006-12-12,38.4000,41.7400,10.8451,-0.227
2006-12-13,38.6667,41.8900,10.8260,-0.070
2006-12-14,39.1667,42.2533,10.7920,0.036
2006-12-15,38.9900,41.8733,10.7675,0.261
2006-12-18,38.8633,42.0133,10.8175,0.064
2006-12-19,38.2667,41.4000,10.8470,0.261
2006-12-20,37.8633,41.0300,10.8133,-0.213
2006-12-21,37.9867,41.2767,10.8420,-0.222
2006-12-22,37.9033,41.2433,10.8580,-0.213
2006-12-26,38.3333,41.7933,10.8725,-0.276
2006-12-27,38.7500,42.1767,10.8820,-0.021
2006-12-28,38.5900,41.9200,10.8740,0.102
2006-12-29,38.5867,41.7233,10.7995,-0.124
2007-01-03,39.1167,42.2867,10.7650,-0.420
2007-01-04,38.3167,41.9800,10.8675,-0.808
2007-01-05,38.0067,41.6200,10.9590,0.076
2007-01-08,38.6367,42.3033,10.9735,0.224
2007-01-09,38.0267,41.9000,11.0245,0.054
2007-01-10,38.6933,42.6467,11.0200,-0.016
2007-01-11,39.4200,43.4167,10.9590,-0.498
2007-01-12,39.2733,43.0200,10.9790,0.228
2007-01-16,39.7300,43.5467,10.9921,0.287
2007-01-17,39.8933,43.7167,10.9175,-0.373
2007-01-18,39.1733,42.9100,10.9226,-0.286
2007-01-19,39.6367,43.1633,10.8860,-0.034
2007-01-22,39.8633,43.7067,10.9085,-0.507
2007-01-23,39.8933,43.6700,10.9610,0.131
2007-01-24,39.9300,43.6767,10.9487,0.095
2007-01-25,38.7333,42.8767,10.9875,-0.743
2007-01-26,39.2600,43.4133,11.0430,-0.135
2007-01-29,38.7067,42.9867,11.0920,-0.124
2007-01-30,39.1900,43.2900,11.0505,0.039
2007-01-31,40.0233,44.0867,11.0381,0.208
2007-02-01,41.4867,45.5400,10.9840,0.064
2007-02-02,42.5000,46.3867,11.0025,0.806
2007-02-05,42.0967,46.3867,10.9275,-0.831
2007-02-07,43.5167,47.5467,10.9400,0.127
2007-02-08,43.1167,47.0700,10.9670,0.459
2007-02-09,42.8033,47.0967,10.9555,-0.432
2007-02-12,42.6233,47.0200,11.0120,-0.177
2007-02-13,42.9633,47.0167,10.9900,0.425
2007-02-14,44.4233,48.5833,10.9170,-0.178
2007-02-15,44.1467,48.4833,10.9520,-0.276
2007-02-16,43.7533,48.2667,10.9924,-0.355
2007-02-20,43.0000,47.2767,10.9735,-0.192
2007-02-21,42.4067,46.6767,10.9895,-0.158
2007-02-22,42.4400,46.6500,10.9765,-0.141
2007-02-23,41.3833,45.8533,11.0285,-0.466
2007-02-26,39.6000,43.9267,11.0715,-0.190
2007-02-27,35.9000,40.4200,11.1475,-0.991
2007-02-28,36.8600,41.2067,11.1575,-0.194
2007-03-01,36.9067,41.2567,11.1846,0.053
2007-03-02,36.2200,40.7233,11.1765,-0.594
2007-03-05,35.1700,39.3533,11.1740,-0.138
2007-03-06,35.7100,39.7333,11.1403,0.123
2007-03-07,35.0367,39.1000,11.1550,-0.042
2007-03-08,36.0233,40.2133,11.1451,-0.162
2007-03-09,36.5833,40.7333,11.1170,-0.156
2007-03-12,36.4767,40.6100,11.1570,0.214
2007-03-13,34.8533,39.0967,11.1615,-0.499
2007-03-14,35.3100,39.3300,11.1800,0.373
2007-03-15,36.2300,40.4000,11.1420,-0.081
2007-03-16,36.0833,40.4700,11.1580,-0.515
2007-03-19,36.1000,40.4700,11.1490,-0.549
2007-03-20,36.8667,40.9600,11.1075,-0.025
2007-03-21,38.6533,42.4967,11.0795,0.775
2007-03-22,38.5300,42.1933,11.0140,0.577
2007-03-23,38.2667,41.9933,11.0130,0.357
2007-03-26,38.1267,41.9800,11.0255,0.135
2007-03-27,37.2033,41.1667,11.0495,-0.143
2007-03-28,36.6667,40.6967,11.0875,-0.104
2007-03-29,37.2733,41.2367,11.0580,-0.048
2007-03-30,36.7967,40.6767,11.0427,-0.106
2007-04-02,37.7333,41.6133,11.0305,0.020
2007-04-03,38.2467,42.1067,10.9785,-0.279
2007-04-04,38.3767,42.3867,10.9965,-0.438
2007-04-09,38.8000,42.5767,10.9710,-0.022
2007-04-10,38.0800,41.8833,11.0161,0.158
2007-04-11,37.4967,41.3300,10.9880,-0.311
2007-04-12,37.3100,41.0700,11.0125,0.043
2007-04-13,36.8100,40.4733,10.9915,-0.034
2007-04-16,37.2367,40.9800,10.9865,-0.171
2007-04-17,37.1333,40.7200,10.9870,0.193
2007-04-18,36.6600,40.3167,10.9905,-0.063
2007-04-19,36.2300,39.9667,11.0005,-0.280
2007-04-20,36.4300,40.0733,10.9864,-0.124
2007-04-23,36.0933,39.6233,10.9685,-0.087
2007-04-24,35.9367,39.4967,11.0030,0.113
2007-04-25,36.0333,39.4867,10.9385,-0.181
2007-04-26,35.4067,38.7533,10.9260,-0.175
2007-04-27,36.4100,39.7467,10.9240,0.069
2007-04-30,35.8967,39.2833,10.9295,-0.127
2007-05-02,36.8967,40.2700,10.9285,0.130
2007-05-03,37.2467,40.6767,10.8966,-0.222
2007-05-04,37.8400,41.2333,10.8825,-0.131
2007-05-07,37.9167,41.0400,10.8504,0.246
2007-05-08,37.5333,40.6667,10.8475,0.117
2007-05-09,38.1867,41.3300,10.8231,-0.000
2007-05-10,36.9333,40.0767,10.8175,-0.309
2007-05-11,37.3100,40.2800,10.8125,0.153
2007-05-14,37.5367,40.5067,10.7981,0.064
2007-05-15,37.4700,40.4767,10.7975,-0.046
2007-05-16,38.7367,41.7833,10.7951,0.080
2007-05-17,39.1100,42.2733,10.8000,-0.082
2007-05-18,39.4833,42.5600,10.8222,0.399
2007-05-21,39.6800,42.7500,10.7940,0.189
2007-05-22,39.5100,42.5067,10.7641,0.052
2007-05-23,39.5767,42.7400,10.7705,-0.267
2007-05-24,38.3467,41.5600,10.8332,-0.044
2007-05-25,38.8900,41.9200,10.7750,-0.038
2007-05-29,38.9200,42.1000,10.7965,-0.190
2007-05-30,39.9067,42.8300,10.8125,0.745
2007-05-31,39.8400,42.7100,10.7380,0.164
2007-06-01,40.4400,43.3700,10.7116,-0.121
2007-06-04,40.3400,43.3700,10.7465,-0.043
2007-06-05,40.2000,43.5200,10.7950,-0.285
2007-06-06,39.2600,42.7100,10.8575,-0.195
2007-06-07,38.4000,42.0000,10.8985,-0.357
2007-06-08,38.8500,42.3200,10.9785,0.783
2007-06-11,39.1000,42.5500,10.9146,0.296
2007-06-12,38.7300,42.6100,10.9243,-0.704
2007-06-13,39.1000,42.7200,10.9580,0.294
2007-06-14,39.2600,42.7000,10.9085,0.297
2007-06-15,39.3500,42.2600,10.8095,0.652
2007-06-18,40.3500,43.2700,10.7665,0.399
2007-06-19,40.5100,43.5100,10.7404,-0.001
2007-06-20,39.7500,43.0100,10.7785,-0.385
2007-06-21,39.5800,42.7100,10.8175,0.247
2007-06-22,39.5900,42.7900,10.7950,-0.123
2007-06-25,39.3500,42.6200,10.8151,-0.147
2007-06-26,39.1100,42.3200,10.8350,0.132
2007-06-27,38.5700,41.6000,10.8671,0.756
2007-06-28,39.7000,42.8000,10.7855,0.043
2007-06-29,39.3200,42.4100,10.7901,0.039
2007-07-02,40.0400,43.0200,10.7710,0.249
2007-07-03,39.7900,43.1300,10.7681,-0.658
2007-07-05,39.8900,43.0000,10.7930,0.124
2007-07-06,39.3200,42.1800,10.7805,0.495
2007-07-09,39.6100,42.7100,10.7562,-0.245
2007-07-10,38.4800,41.8200,10.7800,-0.810
2007-07-11,38.3000,41.3900,10.8250,0.169
2007-07-12,39.4700,42.3000,10.7805,0.593
2007-07-13,39.2900,42.2700,10.7651,0.062
2007-07-16,39.5300,42.7000,10.7706,-0.290
2007-07-17,38.3000,41.2500,10.7600,-0.095
2007-07-18,38.2400,41.0100,10.7510,0.248
2007-07-19,38.5000,41.3700,10.7276,-0.166
2007-07-20,38.0600,41.2000,10.7966,-0.262
2007-07-23,38.5900,41.5000,10.7574,0.031
2007-07-24,37.8000,41.0000,10.7895,-0.526
2007-07-25,37.7700,40.9800,10.8680,0.167
2007-07-26,36.3200,39.7700,10.9445,-0.049
2007-07-27,36.0000,39.7400,11.0110,-0.253
2007-07-30,37.4100,40.7800,10.9790,0.717
2007-07-31,37.0200,40.6100,10.9311,-0.352
2007-08-01,36.4000,39.6300,10.9605,0.672
2007-08-02,36.5300,39.9900,10.9330,-0.129
2007-08-03,35.0400,38.7800,10.9645,-0.929
2007-08-06,34.7400,38.1300,10.9780,0.020
2007-08-07,35.2000,38.6900,10.9625,-0.264
2007-08-08,35.8500,39.0400,10.9265,0.337
2007-08-09,33.9300,37.5200,10.9770,-0.733
2007-08-10,33.7600,37.2500,10.9988,-0.317
2007-08-13,35.0300,38.7400,10.9865,-0.656
2007-08-14,34.9600,38.7400,11.0450,-0.327
2007-08-15,33.8600,37.9900,11.1220,-0.871
2007-08-16,32.8100,36.9700,11.2692,0.011
2007-08-17,34.1900,37.8100,11.1320,0.662
2007-08-20,33.9700,37.7900,11.1230,-0.014
2007-08-21,33.9800,37.8400,11.1185,-0.157
2007-08-22,35.3800,39.0300,11.0630,0.284
2007-08-23,35.1600,38.9200,11.0755,0.055
2007-08-24,36.3500,39.9500,11.0310,0.370
2007-08-27,35.3800,39.1900,11.0405,-0.328
2007-08-28,34.0800,38.2900,11.0990,-1.213
2007-08-29,34.5800,38.1900,11.0850,0.372
2007-08-30,34.1700,37.9800,11.0845,-0.275
2007-08-31,34.8400,38.3900,11.0320,0.118
2007-09-04,35.6700,39.2600,11.0286,0.201
2007-09-05,35.3700,39.2200,11.0866,-0.017
2007-09-06,35.5700,39.1800,11.0550,0.364
2007-09-07,34.8700,39.0000,11.1255,-0.527
2007-09-10,34.5600,38.5800,11.1475,-0.141
2007-09-11,34.1800,37.8200,11.1076,0.385
2007-09-12,33.4800,37.0500,11.0675,0.011
2007-09-13,33.8100,37.4100,11.0731,0.075
2007-09-14,33.6900,37.3700,11.1095,0.155
2007-09-17,32.5000,36.1700,11.1482,0.170
2007-09-18,33.6000,36.8800,11.0925,1.060
2007-09-19,34.0500,37.3600,10.9880,0.145
2007-09-20,33.1400,36.3700,10.9676,-0.064
2007-09-21,33.1300,36.3000,10.9456,-0.103
2007-09-24,33.9000,37.0000,10.9385,0.220
2007-09-25,33.8900,36.9000,10.9413,0.488
2007-09-26,35.0200,38.2600,10.9265,0.012
2007-09-27,36.4800,39.8500,10.9255,0.016
2007-09-28,37.4000,40.7600,10.9315,0.304
2007-10-01,37.8200,41.0900,10.9130,0.445
2007-10-02,38.5900,41.8700,10.9101,0.554
2007-10-03,37.9700,41.4800,10.8730,-0.471
2007-10-04,37.9000,41.1200,10.8910,0.382
2007-10-05,38.2900,41.2800,10.8474,0.617
2007-10-08,38.5600,41.8300,10.8474,-0.006
2007-10-09,38.5500,41.7000,10.8281,0.101
2007-10-10,39.2600,42.4200,10.8402,0.327
2007-10-11,38.9100,41.8900,10.8120,0.428
2007-10-12,39.2700,42.2600,10.8250,0.591
2007-10-15,38.7600,41.8600,10.8085,0.081
2007-10-16,38.2100,41.4300,10.8368,-0.055
2007-10-17,38.7800,41.8300,10.8145,0.260
2007-10-18,38.4100,41.3400,10.8150,0.485
2007-10-19,37.5600,40.4900,10.7945,0.134
2007-10-22,38.0100,40.9000,10.8381,0.723
2007-10-23,38.0100,41.0900,10.8288,0.171
2007-10-24,37.1100,40.2200,10.8425,0.041
2007-10-25,37.8500,41.0700,10.8385,-0.113
2007-10-26,38.0500,40.9700,10.7620,-0.050
2007-10-29,34.9000,37.5600,10.7087,-0.497
2007-10-30,35.0300,37.7900,10.7180,-0.648
2007-10-31,35.6100,37.4500,10.6996,1.739
2007-11-01,34.6500,36.8500,10.6670,0.302
2007-11-05,33.6000,36.1300,10.7306,-0.208
2007-11-06,34.1800,36.5900,10.7030,-0.020
2007-11-07,33.7700,36.4900,10.7370,-0.633
2007-11-08,33.4600,36.0500,10.8165,0.394
2007-11-09,33.0700,36.1300,10.8806,-0.409
2007-11-12,31.1600,34.0800,10.8806,-0.517
2007-11-13,32.9300,35.6100,10.8921,0.724
2007-11-14,32.7100,35.6400,10.8690,-0.246
2007-11-15,31.7700,34.5500,10.9200,0.413
2007-11-16,31.4400,34.3300,10.9291,0.091
2007-11-19,30.3400,34.3300,10.9925,-2.851
2007-11-21,29.9600,33.0300,11.0005,-0.220
2007-11-23,30.3200,33.4000,10.9755,-0.366
2007-11-26,30.4700,33.6600,10.9870,-0.543
2007-11-27,30.9200,33.9100,10.9745,0.068
2007-11-28,32.1400,35.1400,10.9340,0.005
2007-11-29,32.0000,35.0000,10.9385,0.009
2007-11-30,32.4000,35.1900,10.8960,0.321
2007-12-03,32.4300,35.0400,10.9070,0.946
2007-12-04,32.2500,35.0500,10.9080,0.366
2007-12-05,33.3800,36.2400,10.8530,-0.035
2007-12-06,33.3300,35.9400,10.8346,0.478
2007-12-07,33.7700,36.5100,10.8140,0.024
2007-12-10,34.7500,37.5600,10.8195,0.101
2007-12-11,33.2700,36.2300,10.8001,-0.823
2007-12-12,34.0200,36.2300,10.8105,1.511
2007-12-13,33.8000,36.5000,10.8300,0.289
2007-12-14,33.5200,36.4800,10.8240,-0.543
2007-12-17,33.2500,36.3100,10.8509,-0.636
2007-12-18,34.1200,37.0400,10.8601,0.040
2007-12-19,33.7300,36.7200,10.8455,-0.376
2007-12-20,36.2600,39.4500,10.8405,-0.361
2007-12-21,37.9100,41.1500,10.8225,-0.296
2007-12-24,37.8100,41.0000,10.8130,-0.283
2007-12-26,38.3000,41.5000,10.8130,-0.208
2007-12-27,37.7800,40.9600,10.8670,0.233
2007-12-28,38.4200,42.0000,10.8958,-0.329
2007-12-31,38.1700,41.7000,10.9169,-0.072
2008-01-02,36.8700,39.9700,10.9020,0.565
2008-01-03,37.6300,40.8900,10.8821,0.145
2008-01-04,35.6800,39.1000,10.9270,-0.288
2008-01-07,37.2800,40.4900,10.9175,0.520
2008-01-08,37.2600,41.2500,10.8887,-1.645
2008-01-09,37.1300,40.6500,10.9730,0.228
2008-01-10,38.2400,41.8000,10.9575,0.243
2008-01-11,37.0600,40.5600,10.9220,-0.205
2008-01-14,36.8600,40.0500,10.9155,0.461
2008-01-15,35.2100,38.9100,10.9177,-1.205
2008-01-16,35.0800,38.5000,10.9360,-0.355
2008-01-17,33.3700,36.7200,10.9410,-0.572
2008-01-18,34.6200,37.6600,10.9375,0.546
2008-01-22,34.3900,37.6600,10.9260,-0.227
2008-01-23,35.2500,36.9000,10.9529,4.631
2008-01-24,35.9400,39.2900,10.8910,-0.376
2008-01-25,35.6400,38.6600,10.8680,0.190
2008-01-28,35.8400,39.1000,10.8730,-0.335
2008-01-29,36.8200,40.0200,10.8405,-0.263
2008-01-30,36.3700,39.7100,10.8315,-0.795
2008-01-31,35.9800,39.0700,10.8190,-0.367
2008-02-01,37.4500,40.2700,10.8120,0.549
2008-02-05,37.3000,40.3100,10.8236,0.154
2008-02-06,37.0700,40.1000,10.8178,0.004
2008-02-07,38.7000,41.5200,10.7946,0.614
2008-02-08,39.4700,42.4600,10.7580,0.004
2008-02-11,40.9000,43.7900,10.7725,0.615
2008-02-12,41.9900,44.9800,10.7481,0.336
2008-02-13,41.7600,44.9300,10.7500,-0.085
2008-02-14,41.0200,44.1200,10.7457,-0.093
2008-02-15,40.9500,43.7900,10.7660,0.678
2008-02-19,42.8500,45.8900,10.7460,0.341
2008-02-20,42.0200,45.1100,10.7990,0.593
2008-02-21,41.9000,45.0700,10.7980,0.385
2008-02-22,42.7800,45.9800,10.7751,0.252
2008-02-25,43.3500,46.5300,10.7915,0.540
2008-02-26,43.3000,46.4600,10.7320,0.021
2008-02-27,42.9500,46.0700,10.7360,0.089
2008-02-28,42.1800,45.0000,10.6730,0.042
2008-02-29,40.0000,42.7100,10.7263,0.457
2008-03-03,40.9000,43.8300,10.7001,-0.152
2008-03-04,40.5900,43.6600,10.7175,-0.361
2008-03-05,41.5600,44.3700,10.7015,0.238
2008-03-06,40.5000,43.9200,10.7650,-0.733
2008-03-07,39.2000,42.6000,10.8441,-0.214
2008-03-10,38.5400,41.9300,10.8490,-0.281
2008-03-11,40.4400,43.4200,10.7970,0.560
2008-03-12,40.2600,43.5400,10.7810,-0.312
2008-03-13,41.3700,44.6200,10.7775,-0.075
2008-03-14,40.2900,43.5200,10.7615,-0.372
2008-03-18,40.7200,43.5100,10.7165,0.293
2008-03-19,39.3000,42.6900,10.6965,-1.529
2008-03-24,41.3400,44.1500,10.6700,-0.091
2008-03-25,41.4300,44.2200,10.6810,0.071
2008-03-26,41.1000,44.1300,10.6915,-0.426
2008-03-27,41.4500,44.3900,10.6935,-0.147
2008-03-28,40.8300,43.7600,10.6925,-0.234
2008-03-31,41.7800,44.7700,10.6300,-0.799
2008-04-01,43.5700,46.0600,10.6005,0.274
2008-04-02,43.0000,45.6700,10.5525,-0.644
2008-04-03,42.8000,45.4100,10.5665,-0.408
2008-04-04,43.2300,45.5400,10.5661,0.301
2008-04-07,42.5700,44.9200,10.5400,-0.114
2008-04-08,42.8800,45.3200,10.5610,-0.076
2008-04-09,42.8300,45.2900,10.5565,-0.169
2008-04-10,44.3000,46.6200,10.5490,0.240
2008-04-11,44.3900,46.7400,10.5270,-0.023
2008-04-14,45.2800,47.4000,10.4788,0.101
2008-04-15,45.0100,47.0400,10.4840,0.316
2008-04-16,44.6700,46.6700,10.4616,0.133
2008-04-17,44.1100,46.1700,10.4775,0.100
2008-04-18,44.0900,46.2200,10.4605,-0.216
2008-04-21,44.4500,46.5500,10.5245,0.497
2008-04-22,44.2300,46.3000,10.5165,0.463
2008-04-23,43.8900,45.9200,10.4915,0.277
2008-04-24,43.8600,45.9600,10.4560,-0.218
2008-04-25,43.9500,46.1800,10.4675,-0.380
2008-04-28,44.2700,46.2000,10.4415,0.053
2008-04-29,42.7000,44.9200,10.5322,0.117
2008-04-30,43.4500,45.8000,10.5101,-0.292
2008-05-01,43.7000,45.8000,10.4890,0.081
2008-05-02,43.7000,45.5000,10.4575,0.438
2008-05-05,43.8000,45.8700,10.4711,-0.014
2008-05-06,44.7800,46.9600,10.4915,0.045
2008-05-07,44.1300,46.3800,10.5411,0.297
2008-05-08,44.3800,46.8600,10.5335,-0.240
2008-05-09,44.5300,47.0700,10.5701,-0.003
2008-05-12,45.0500,47.0800,10.4855,0.334
2008-05-13,46.3200,48.6000,10.4870,-0.050
2008-05-14,45.9900,48.4100,10.4885,-0.358
2008-05-15,45.9200,47.9300,10.4670,0.281
2008-05-16,46.0000,47.8300,10.4300,0.309
2008-05-19,46.1800,47.8700,10.3750,0.087
2008-05-20,45.4500,47.1400,10.3965,0.238
2008-05-21,45.2300,46.9500,10.3650,-0.147
2008-05-22,44.6500,46.4000,10.3840,-0.076
2008-05-23,46.7000,48.6500,10.3945,-0.221
2008-05-27,45.9600,47.8000,10.3970,-0.032
2008-05-28,46.3800,47.7200,10.3425,0.521
2008-05-29,47.4800,49.1900,10.3055,-0.528
2008-05-30,47.0500,48.5300,10.3290,0.140
2008-06-02,46.3700,47.9300,10.3390,0.025
2008-06-03,45.3400,46.8200,10.2900,-0.353
2008-06-04,44.7100,46.0700,10.3200,0.154
2008-06-05,45.0000,46.3800,10.3120,0.052
2008-06-06,43.0100,44.7000,10.3680,-0.240
2008-06-09,42.9000,44.3600,10.3640,0.229
2008-06-10,41.8800,43.7300,10.3880,-0.515
2008-06-11,41.9200,43.6200,10.4365,0.298
2008-06-12,43.7600,45.3400,10.3890,0.270
2008-06-13,44.0800,45.5700,10.3665,0.275
2008-06-16,44.0300,45.4100,10.3341,0.200
2008-06-17,43.9300,45.2600,10.3170,0.138
2008-06-18,42.6900,44.1300,10.2940,-0.419
2008-06-19,42.9900,44.5200,10.3180,-0.366
2008-06-20,41.5800,42.7700,10.2735,-0.123
2008-06-23,42.5700,43.9600,10.2970,-0.286
2008-06-24,43.0500,44.1600,10.2925,0.338
2008-06-25,43.5000,44.5700,10.2895,0.425
2008-06-26,42.9900,44.2000,10.2721,-0.091
2008-06-27,44.0200,45.5100,10.3011,-0.362
2008-06-30,45.5100,46.9600,10.3035,-0.146
2008-07-01,44.7200,46.5100,10.3850,-0.147
2008-07-02,42.9400,44.5200,10.3710,0.029
2008-07-03,42.8900,44.5500,10.3695,-0.169
2008-07-07,43.9600,45.6100,10.3216,-0.518
2008-07-08,45.1000,46.4600,10.3385,0.359
2008-07-09,45.4000,46.9100,10.3035,-0.282
2008-07-10,44.9500,46.0500,10.3051,0.589
2008-07-11,43.5800,44.7500,10.3085,0.390
2008-07-14,43.4600,44.6400,10.2955,0.234
2008-07-15,43.4100,44.9600,10.3215,-0.343
2008-07-16,44.8100,45.9700,10.2593,0.004
2008-07-17,45.6700,46.5800,10.2235,0.238
2008-07-18,45.4000,46.1200,10.2030,0.437
2008-07-21,45.0600,45.5200,10.1710,0.682
2008-07-22,44.9000,45.1600,10.1259,0.676
2008-07-23,43.7300,43.7700,10.0470,0.378
2008-07-24,42.9900,43.1500,10.0265,-0.107
2008-07-25,43.6200,43.7900,10.0255,-0.134
2008-07-28,45.3100,45.6300,10.0740,0.034
2008-07-29,45.6300,45.8200,10.0620,0.203
2008-07-30,46.1700,46.1900,10.0345,0.302
2008-07-31,45.8600,46.1500,10.0345,-0.286
2008-08-01,46.7700,46.5800,9.9720,0.127
2008-08-04,47.2900,46.8200,9.9355,0.352
2008-08-05,47.5700,47.0300,9.9166,0.305
2008-08-06,49.3900,49.1600,9.9518,-0.016
2008-08-07,47.7000,47.6600,10.0070,0.154
2008-08-08,47.4300,48.1200,10.1261,-0.191
2008-08-11,46.2700,46.9000,10.1360,-0.002
2008-08-12,46.2500,47.0600,10.1671,-0.079
2008-08-13,46.7400,47.3800,10.2055,0.676
2008-08-14,47.1300,47.9400,10.1680,-0.038
2008-08-15,47.3400,48.3000,10.2045,0.017
2008-08-18,47.3800,48.2700,10.1411,-0.459
2008-08-19,48.1500,48.7300,10.1885,0.672
2008-08-20,47.9900,48.7100,10.1400,-0.099
2008-08-21,47.3600,47.5900,10.1060,0.572
2008-08-22,47.3900,48.0100,10.1167,-0.139
2008-08-25,46.2500,46.8800,10.1210,-0.150
2008-08-26,45.3200,45.8700,10.1781,0.561
2008-08-27,44.6500,45.1600,10.1420,0.275
2008-08-28,44.9000,45.9600,10.2035,-0.318
2008-08-29,44.4200,45.5700,10.2970,0.371
2008-09-02,45.6600,47.3000,10.3850,0.249
2008-09-03,45.3400,47.1400,10.3803,-0.161
2008-09-04,44.7100,47.0300,10.4625,-0.536
2008-09-05,44.4200,46.4700,10.4965,0.335
2008-09-08,46.2600,48.4100,10.5185,0.513
2008-09-09,45.8500,48.4000,10.5070,-0.466
2008-09-10,43.6600,46.0800,10.6025,0.457
2008-09-11,45.4000,48.0800,10.6590,0.649
2008-09-12,46.2600,48.8400,10.5755,0.168
2008-09-15,44.2900,47.4300,10.7116,0.025
2008-09-17,39.1700,42.5100,10.8809,0.260
2008-09-18,41.0000,44.1800,10.8490,0.681
2008-09-19,40.9100,42.7600,10.6060,1.471
2008-09-22,40.8000,43.4000,10.5935,-0.411
2008-09-23,40.2700,43.4200,10.7220,-0.559
2008-09-24,39.6600,43.0100,10.7920,-0.486
2008-09-25,40.0400,42.9300,10.7680,0.431
2008-09-26,39.0600,41.9900,10.7955,0.422
2008-09-29,35.0700,38.5000,10.9160,-0.565
2008-09-30,38.1400,41.5800,10.9726,0.648
2008-10-01,38.1700,42.0300,10.9705,-0.370
2008-10-02,36.7400,41.3000,11.1150,-1.122
2008-10-03,37.0500,41.0800,11.1245,0.332
2008-10-06,32.8900,38.3300,11.7030,0.420
2008-10-07,30.7100,38.0700,12.1150,-2.272
2008-10-08,31.2000,37.0400,13.1390,10.674
2008-10-09,28.7100,37.3100,12.3788,-4.745
2008-10-10,26.9000,34.7000,12.9806,0.628
2008-10-13,32.5600,39.3500,12.9806,7.407
2008-10-14,30.8400,38.5000,12.4251,-0.470
2008-10-15,28.2100,35.9400,12.7240,-0.127
2008-10-16,27.5600,35.2200,13.1100,2.587
2008-10-17,28.4600,36.3700,12.8303,0.399
2008-10-20,29.3500,37.3400,12.7810,0.461
2008-10-21,27.3600,36.2900,13.1850,-0.595
2008-10-22,24.3600,33.2000,13.5938,-0.258
2008-10-23,22.4400,30.1800,13.6100,1.196
2008-10-24,20.5800,27.6900,13.5885,0.994
2008-10-27,19.2500,26.1000,13.2743,-2.096
2008-10-28,22.8300,29.3400,13.3625,3.976
2008-10-29,24.0500,31.3300,12.9232,-0.797
2008-10-30,25.4600,32.4900,12.8650,0.813
2008-10-31,25.2900,32.9700,12.7050,-2.545
2008-11-03,26.9600,34.4400,12.7977,0.182
2008-11-04,29.2000,36.3300,12.4705,0.231
2008-11-05,27.6300,35.4800,12.6360,-1.597
2008-11-06,26.8900,35.1400,12.9600,-0.827
2008-11-07,28.2300,35.7200,12.8525,1.575
2008-11-10,29.1800,37.2300,12.8150,0.441
2008-11-11,27.7400,36.0800,12.8150,-1.472
2008-11-12,26.7500,35.0700,13.0950,-0.117
2008-11-13,29.0900,37.1000,13.2900,4.207
2008-11-14,28.0700,36.6200,13.0028,-0.331
2008-11-18,27.3200,35.7900,13.1450,0.341
2008-11-19,24.7200,33.2700,13.1513,-2.284
2008-11-20,23.0800,32.4500,13.5610,-3.548
2008-11-21,25.2500,34.4800,13.9350,2.047
2008-11-24,27.0300,36.3900,13.4620,-0.006
2008-11-25,26.7600,35.4400,13.2705,0.203
2008-11-26,28.4100,37.1500,13.2200,1.098
2008-11-28,27.5100,36.9700,13.3900,-0.363
2008-12-01,26.1600,36.2200,13.5700,-1.990
2008-12-02,27.1200,36.4500,13.4653,0.186
2008-12-03,27.1700,36.7900,13.5500,0.069
2008-12-04,26.7100,36.2300,13.5100,-0.400
2008-12-05,27.8400,37.6900,13.8002,1.936
2008-12-08,29.0300,38.8000,13.4650,0.745
2008-12-09,28.4100,38.9300,13.5055,-1.441
2008-12-10,29.4500,39.3900,13.4665,0.683
2008-12-11,29.2800,38.8800,13.0910,-1.413
2008-12-15,29.3800,39.2000,13.3055,-0.277
2008-12-16,30.6400,39.6800,13.2230,2.105
2008-12-17,29.9000,39.2800,13.1700,0.250
2008-12-18,29.9400,39.4500,13.1800,0.028
2008-12-19,29.9800,39.4700,13.1225,-0.326
2008-12-22,29.9700,39.3300,13.1830,0.456
2008-12-23,29.6500,39.4000,13.2210,-0.507
2008-12-24,29.6600,39.6700,13.3300,-0.336
2008-12-26,29.9200,40.1000,13.3650,-0.279
2008-12-29,29.4800,40.2100,13.5225,-0.860
2008-12-30,29.9400,40.9900,13.7600,0.506
2008-12-31,30.1300,41.3700,13.8320,0.739
2009-01-02,32.0600,44.2400,13.7815,-0.128
2009-01-05,31.7200,42.7100,13.5225,0.429
2009-01-06,31.8000,42.3800,13.3300,0.022
2009-01-07,30.4900,40.9300,13.3955,-0.213
2009-01-08,29.7400,40.6800,13.4950,-1.342
2009-01-09,29.3000,40.2400,13.7080,-0.188
2009-01-12,28.7700,39.5700,13.7725,0.135
2009-01-13,28.5400,39.5900,13.8360,-0.258
2009-01-14,27.3500,38.4900,14.0805,0.052
2009-01-15,29.0900,40.7000,14.1600,1.207
2009-01-16,29.4500,41.0300,13.9250,-0.051
2009-01-20,28.1800,39.6500,13.9155,-1.100
2009-01-21,29.0900,39.8800,13.9275,1.593
2009-01-22,28.5000,40.1400,13.9675,-0.829
2009-01-23,28.6500,40.1200,14.0700,0.475
2009-01-26,28.9400,40.6200,13.9480,-0.627
2009-01-27,28.6400,40.6200,14.1850,0.014
2009-01-28,29.2300,41.0500,14.1220,0.557
2009-01-29,28.3000,40.0900,14.2021,0.254
2009-01-30,28.1500,40.1700,14.3330,0.442
2009-02-02,28.2800,40.1700,14.4960,2.053
2009-02-03,28.5200,41.5500,14.5825,0.095
2009-02-04,27.3500,39.4700,14.4650,0.233
2009-02-05,27.0400,38.8300,14.3180,-0.294
2009-02-06,28.2100,40.3500,14.1777,-0.879
2009-02-09,27.4600,39.1200,14.1340,-0.787
2009-02-10,26.0900,37.8900,14.3775,-1.001
2009-02-11,26.2800,37.9200,14.5423,0.784
2009-02-12,26.5100,38.2600,14.5880,1.079
2009-02-13,26.4900,38.4000,14.4650,-0.214
2009-02-17,24.5700,36.1800,14.6205,-0.712
2009-02-18,24.7400,36.2700,14.6530,-0.051
2009-02-19,24.4000,35.9600,14.5886,-1.012
2009-02-20,23.7000,34.9200,14.8360,0.691
2009-02-23,23.4000,34.8100,14.8600,-0.108
2009-02-24,23.7900,35.2600,14.8350,0.092
2009-02-25,23.3500,35.1100,14.9260,-0.734
2009-02-26,23.7200,35.5900,14.9728,-0.209
2009-02-27,23.0400,35.1900,15.0880,-1.214
2009-03-02,21.0000,32.5500,15.4060,-0.606
2009-03-03,20.6300,31.9600,15.3410,-0.975
2009-03-04,21.4900,32.9900,15.1750,-1.149
2009-03-05,19.9100,30.6700,15.3153,-0.578
2009-03-06,20.0500,30.4900,15.2540,0.309
2009-03-09,19.9500,30.8600,15.3815,-0.564
2009-03-10,21.4200,32.7400,15.2872,0.016
2009-03-11,21.9800,33.2500,15.1683,0.270
2009-03-12,23.0200,33.8700,14.9222,1.420
2009-03-13,24.4400,35.4800,14.5850,0.467
2009-03-17,25.6400,35.8600,14.0240,0.272
2009-03-18,25.8400,36.0100,14.1305,1.397
2009-03-19,25.4200,36.1100,14.0600,-1.023
2009-03-20,25.3500,36.2200,14.1400,-1.036
2009-03-23,26.5100,37.7700,14.2725,0.176
2009-03-24,26.0200,37.4900,14.3030,-0.730
2009-03-25,26.2300,37.3200,14.2210,-0.049
2009-03-26,26.3000,37.1200,14.2310,0.828
2009-03-27,25.5500,36.5200,14.3150,0.150
2009-03-30,24.8000,35.5400,14.3820,0.358
2009-03-31,25.2100,35.8600,14.2100,-0.102
2009-04-01,25.2700,35.3200,13.8882,-0.636
2009-04-02,26.7800,36.9200,13.8300,0.316
2009-04-03,28.1600,38.0700,13.6310,0.827
2009-04-06,27.9000,37.9600,13.6500,0.325
2009-04-07,26.9200,36.4200,13.5750,0.340
2009-04-08,27.2700,36.4100,13.3625,0.081
2009-04-13,28.0000,36.9200,13.0880,-0.741
2009-04-14,28.1400,37.1600,13.0835,-0.923
2009-04-15,28.2900,36.8700,13.1685,1.041
2009-04-16,28.8400,37.7400,13.0470,-0.298
2009-04-17,29.0100,38.2000,13.1350,-0.250
2009-04-20,28.1100,37.7000,13.3285,-0.620
2009-04-21,29.1700,38.3400,13.1220,-0.165
2009-04-22,29.5700,39.2700,13.1288,-1.141
2009-04-23,30.2500,39.8500,13.3270,1.165
2009-04-24,30.2600,40.3900,13.2445,-0.773
2009-04-27,27.7300,38.7700,13.7072,-1.960
2009-04-28,27.4300,38.1600,13.8850,-0.192
2009-04-29,29.6700,40.6900,13.5750,-1.015
2009-04-30,28.3100,39.0000,13.8010,0.181
2009-05-04,28.9100,38.3900,13.3005,0.161
2009-05-05,29.2300,38.9000,13.2030,-0.791
2009-05-06,30.6900,40.3000,13.1975,0.504
2009-05-07,30.7400,40.4800,13.0860,-0.627
2009-05-08,31.3300,41.1000,13.1061,-0.094
2009-05-11,31.5000,41.3800,13.1100,-0.202
2009-05-12,31.1700,41.2200,13.2325,0.062
2009-05-13,30.6000,40.8600,13.3153,-0.282
2009-05-14,31.2100,41.3300,13.3010,0.441
2009-05-15,31.1500,41.3500,13.2075,-0.505
2009-05-18,32.1500,41.8500,13.1200,0.790
2009-05-19,33.1600,42.8600,12.9530,0.215
2009-05-20,32.9700,42.7200,12.8845,-0.561
2009-05-21,32.1100,42.0700,13.0875,-0.109
2009-05-22,32.6900,43.2200,13.1675,-0.406
2009-05-26,33.3600,44.1300,13.1335,-0.718
2009-05-27,32.9100,43.5300,13.1501,-0.581
2009-05-28,32.6600,43.2300,13.2300,-0.048
2009-05-29,32.6900,42.8800,13.1820,0.494
2009-06-01,34.3200,45.2700,13.1565,-0.258
2009-06-02,34.9600,45.9900,13.2825,0.969
2009-06-03,33.9800,45.4000,13.3050,-0.418
2009-06-04,34.5500,45.7500,13.2557,0.106
2009-06-05,34.5300,45.7300,13.2950,0.388
2009-06-08,33.5900,45.2100,13.4570,-0.018
2009-06-09,32.7200,44.4900,13.5000,-0.715
2009-06-10,33.0000,44.7600,13.6360,0.534
2009-06-11,33.2700,44.4600,13.4400,0.573
2009-06-12,33.0500,44.2600,13.4010,0.068
2009-06-15,32.0600,43.0300,13.4305,0.066
2009-06-16,31.0000,41.8700,13.3420,-1.218
2009-06-17,30.9700,41.7700,13.4700,-0.128
2009-06-18,31.3600,42.0100,13.3410,-0.411
2009-06-19,31.0700,41.6000,13.3380,-0.382
2009-06-22,29.7300,39.7300,13.3715,0.059
2009-06-23,29.9600,40.2000,13.3219,-0.715
2009-06-24,30.9700,41.1400,13.2825,-0.010
2009-06-25,31.4700,41.4500,13.2890,0.894
2009-06-26,31.8200,42.1600,13.2425,-0.053
2009-06-29,31.9900,42.1300,13.1835,0.104
2009-06-30,32.2400,42.4100,13.1700,0.118
2009-07-01,32.9800,43.1300,13.0965,0.144
2009-07-02,32.5800,43.1000,13.1600,-0.521
2009-07-06,31.9200,41.9700,13.2535,0.799
2009-07-07,30.5800,40.9800,13.2698,-0.978
2009-07-08,31.1000,42.1400,13.4790,-0.523
2009-07-09,31.0000,41.9500,13.5545,0.164
2009-07-10,30.6700,41.9800,13.7200,0.236
2009-07-13,32.0800,44.0000,13.8025,0.633
2009-07-14,32.2600,44.3700,13.7850,0.226
2009-07-15,33.7300,45.6100,13.5965,0.550
2009-07-16,33.1700,45.2200,13.5680,-0.475
2009-07-17,33.0700,44.2100,13.3900,0.160
2009-07-20,33.4200,44.4400,13.3180,0.155
2009-07-21,33.4600,44.6000,13.3053,-0.180
2009-07-22,33.6800,44.7900,13.2335,-0.490
2009-07-23,35.3600,46.6000,13.1625,-0.123
2009-07-24,35.1800,46.4700,13.2210,0.089
2009-07-27,35.4500,47.0000,13.2205,-0.284
2009-07-28,36.1200,47.8100,13.2590,0.170
2009-07-29,36.3400,48.2900,13.2700,-0.138
2009-07-30,37.4200,49.5700,13.2210,-0.196
2009-07-31,38.6000,51.0100,13.2025,-0.095
2009-08-03,40.0100,52.2600,13.1310,0.530
2009-08-04,39.1800,51.3600,13.1025,-0.048
2009-08-05,39.7000,51.8600,13.1095,0.356
2009-08-06,39.5600,51.5200,12.9970,-0.202
2009-08-07,39.9600,51.8300,12.9305,-0.308
2009-08-10,39.7200,51.4400,12.9192,-0.243
2009-08-11,38.2500,49.8700,12.9925,-0.348
2009-08-12,37.8300,49.0800,12.9668,-0.054
2009-08-13,38.0500,49.0200,12.8705,-0.097
2009-08-14,37.9700,48.9900,12.8799,-0.174
2009-08-17,36.8100,47.8800,12.9850,-0.172
2009-08-18,36.8800,47.7700,12.9598,0.054
2009-08-19,36.5800,47.7700,12.8820,-1.356
2009-08-20,38.1500,47.1400,12.8675,4.136
2009-08-21,38.9200,49.3000,12.8200,1.208
2009-08-24,38.4000,49.8600,12.8470,-1.058
2009-08-25,38.7900,49.5500,12.8722,0.769
2009-08-26,38.5500,50.4700,13.1590,0.511
2009-08-27,38.0700,50.7700,13.2370,-0.742
2009-08-28,38.3200,50.3100,13.2670,1.052
2009-08-31,36.3800,48.4900,13.3361,0.055
2009-09-01,34.3800,46.9800,13.5725,-0.676
2009-09-02,34.8500,47.6700,13.5780,-0.736
2009-09-03,35.7900,48.5300,13.5681,0.062
2009-09-04,36.4300,48.8100,13.4260,0.207
2009-09-08,37.4200,49.8600,13.2880,-0.273
2009-09-09,36.9400,49.5700,13.4360,0.126
2009-09-10,36.4500,48.8400,13.4000,0.006
2009-09-11,36.9000,49.3900,13.3290,-0.417
2009-09-14,36.3500,48.7000,13.3990,0.011
2009-09-15,36.3500,48.4300,13.3365,0.099
2009-09-17,36.4700,48.5300,13.2466,-0.453
2009-09-18,36.3700,48.3700,13.2490,-0.379
2009-09-21,35.5900,47.6600,13.3425,-0.365
2009-09-22,35.8800,47.8300,13.3240,-0.049
2009-09-23,36.0300,48.0500,13.3475,0.085
2009-09-24,36.8500,49.7900,13.4605,-0.378
2009-09-25,36.2900,49.3300,13.5210,-0.532
2009-09-28,36.7000,49.6500,13.4885,-0.296
2009-09-29,36.7800,49.7100,13.5525,0.274
2009-09-30,38.0500,51.3800,13.4805,-0.169
2009-10-01,44.4000,57.8000,13.6540,4.885
2009-10-02,45.6900,62.5300,13.6700,-0.115
2009-10-05,45.3500,61.7800,13.6620,0.287
2009-10-06,45.9300,61.8100,13.4890,0.235
2009-10-07,45.9800,61.5000,13.4675,0.689
2009-10-08,45.0600,59.6000,13.3200,0.705
2009-10-09,44.3600,58.9800,13.2620,-0.254
2009-10-12,44.2600,58.3200,13.2620,0.647
2009-10-13,43.3900,57.1400,13.1610,-0.060
2009-10-14,42.9500,55.9200,13.0650,0.347
2009-10-15,44.8400,58.6100,13.0930,0.169
2009-10-16,45.8200,60.3100,13.0810,-0.618
2009-10-19,44.6700,58.0400,13.0832,0.694
2009-10-20,44.3200,57.8600,12.9587,-0.738
2009-10-21,44.4700,57.6800,12.8990,-0.552
2009-10-22,44.5100,57.6000,12.9515,0.082
2009-10-23,44.8400,58.6900,13.0132,-0.577
2009-10-26,44.6000,58.5200,13.1220,0.007
2009-10-27,44.4100,58.4400,13.2300,0.538
2009-10-28,43.3100,57.3300,13.2815,0.335
2009-10-29,44.6500,58.1200,13.1577,1.082
2009-10-30,43.3100,55.9900,13.1555,1.762
2009-11-03,42.7600,56.6300,13.3150,0.538
2009-11-04,43.1200,57.3300,13.2855,-0.075
2009-11-05,43.3500,57.5100,13.3318,0.493
2009-11-06,42.6500,57.1200,13.3754,-0.129
2009-11-09,43.6500,57.9300,13.3058,0.259
2009-11-10,43.6300,57.8300,13.2451,-0.072
2009-11-11,44.1500,58.1200,13.2451,0.614
2009-11-12,43.6200,57.7200,13.2526,0.152
2009-11-13,43.5000,56.8200,13.0735,0.088
2009-11-17,44.2300,57.6500,13.1000,0.505
2009-11-18,44.4200,57.7500,12.9760,-0.192
2009-11-19,43.4700,56.7900,13.0470,-0.132
2009-11-20,43.5200,57.0700,13.0850,-0.217
2009-11-23,44.0500,57.1200,13.0081,0.316
2009-11-24,45.6900,59.1500,12.9315,-0.112
2009-11-25,45.2000,57.9500,12.8585,0.294
2009-11-27,45.6200,58.0100,12.9195,1.601
2009-11-30,45.5100,58.8800,12.9160,-0.169
2009-12-01,47.2100,60.6500,12.8537,0.053
2009-12-02,47.8700,61.0000,12.7740,0.244
2009-12-03,48.4300,61.2200,12.6335,-0.059
2009-12-04,49.0000,61.9900,12.6318,-0.152
2009-12-07,48.3800,61.4700,12.6450,-0.477
2009-12-08,46.6200,60.2100,12.8410,-0.573
2009-12-09,47.3500,61.0900,12.9670,0.505
2009-12-10,47.9600,62.1700,12.9805,0.136
2009-12-11,48.7000,62.7700,12.9350,0.356
2009-12-14,48.3500,61.7700,12.7830,0.058
2009-12-15,47.9900,61.1200,12.7121,-0.188
2009-12-16,47.6000,60.6400,12.7065,-0.259
2009-12-17,46.6500,60.2600,12.9601,0.330
2009-12-18,46.6800,59.7700,12.8688,0.505
2009-12-21,46.5200,60.1700,12.8210,-0.875
2009-12-22,47.7500,61.6000,12.9530,0.407
2009-12-23,48.7000,62.7800,12.8810,-0.079
2009-12-24,48.9000,63.0700,12.8810,-0.130
2009-12-28,48.4900,63.2000,12.9355,-0.753
2009-12-29,48.1500,62.7600,13.0775,0.332
2009-12-30,47.7700,62.5700,13.0700,-0.215
2009-12-31,47.8800,62.6500,13.0576,-0.208
2010-01-04,49.9000,64.3900,12.9110,0.056
2010-01-05,48.7100,62.4400,12.8160,-0.021
2010-01-06,49.3900,62.9500,12.7420,-0.027
2010-01-07,50.0100,63.9700,12.7590,-0.254
2010-01-08,49.7700,63.1000,12.7256,0.373
2010-01-11,43.0000,54.8400,12.6660,-0.686
2010-01-12,44.1400,56.5600,12.7155,-0.767
2010-01-13,44.3400,56.4700,12.7620,0.207
2010-01-14,44.0000,55.9100,12.7200,0.104
2010-01-15,43.8700,55.8700,12.6845,-0.399
2010-01-19,44.0400,55.7700,12.6500,-0.107
2010-01-20,43.7900,55.9200,12.7700,-0.000
2010-01-21,43.0200,55.7400,12.7825,-1.345
2010-01-22,42.5300,55.2600,12.9295,-0.490
2010-01-25,42.4300,54.6700,12.9101,0.197
2010-01-26,42.1500,54.3900,12.9525,0.377
2010-01-27,41.7200,54.2900,12.9275,-0.657
2010-01-28,42.3000,55.2900,12.9293,-1.083
2010-01-29,42.1600,55.3600,13.0285,-0.780
2010-02-02,42.7100,55.0600,12.8620,-0.230
2010-02-03,42.6500,55.1200,12.9700,0.357
2010-02-04,40.8200,53.5100,13.0890,-0.151
2010-02-05,40.9900,53.8900,13.1940,0.357
2010-02-08,40.9300,54.2600,13.1436,-0.854
2010-02-09,41.4800,54.0600,13.0680,0.270
2010-02-10,41.0000,53.8200,13.0520,-0.570
2010-02-11,41.6900,53.8800,13.0415,0.909
2010-02-12,41.3300,53.3300,12.9820,0.609
2010-02-16,41.6000,53.4900,12.8510,-0.056
2010-02-17,41.9000,54.1200,12.8771,-0.305
2010-02-18,41.9800,53.9300,12.8455,-0.009
2010-02-19,41.7500,53.6200,12.8235,-0.153
2010-02-22,42.0000,53.9100,12.7987,-0.288
2010-02-23,41.8800,54.3200,12.8535,-0.901
2010-02-24,41.8900,53.7600,12.8500,0.128
2010-02-25,42.3800,54.3000,12.8535,0.319
2010-02-26,42.8000,54.8600,12.7575,-0.470
2010-03-01,43.7400,55.8900,12.7411,-0.287
2010-03-02,44.4900,56.6400,12.7176,-0.105
2010-03-03,44.7800,56.9600,12.6865,-0.263
2010-03-04,44.9300,57.1500,12.7175,-0.018
2010-03-05,45.5900,57.6100,12.6585,0.174
2010-03-08,45.8900,58.2400,12.6650,-0.207
2010-03-09,45.9600,57.9200,12.6275,0.200
2010-03-10,46.2100,58.2200,12.5951,-0.031
2010-03-11,46.2200,58.1300,12.6125,0.284
2010-03-12,46.2300,57.9700,12.5457,0.050
2010-03-16,45.9800,57.7400,12.5201,-0.299
2010-03-17,46.5000,57.8300,12.4825,0.369
2010-03-18,46.7100,58.4500,12.4710,-0.339
2010-03-19,46.4600,58.4200,12.5600,-0.113
2010-03-22,46.9400,58.9900,12.6135,0.369
2010-03-23,47.4500,59.1600,12.5270,0.474
2010-03-24,47.5900,59.8300,12.5370,-0.278
2010-03-25,47.4300,59.6500,12.4900,-0.687
2010-03-26,46.7000,58.4800,12.5407,0.145
2010-03-29,47.1300,58.6800,12.4615,0.087
2010-03-30,47.3400,58.8300,12.4125,-0.118
2010-03-31,47.5300,59.0300,12.3005,-0.958
2010-04-05,48.3000,59.4100,12.2725,-0.225
2010-04-06,48.6300,59.3900,12.2444,0.260
2010-04-07,48.5700,59.6900,12.2290,-0.492
2010-04-08,48.0400,58.9900,12.2355,-0.357
2010-04-09,48.5600,59.3000,12.1880,-0.194
2010-04-12,48.7500,59.3500,12.1685,-0.048
2010-04-13,48.6700,59.3700,12.1876,-0.089
2010-04-14,48.4700,59.1800,12.1901,-0.160
2010-04-15,48.1000,58.6600,12.1980,0.021
2010-04-16,46.2700,56.9800,12.2698,-0.364
2010-04-19,46.5100,57.1400,12.3347,0.400
2010-04-20,47.2000,57.8300,12.2220,-0.246
2010-04-21,47.7000,58.1700,12.1797,-0.125
2010-04-22,47.3500,57.8400,12.2636,0.394
2010-04-23,48.0400,58.5300,12.2016,0.148
2010-04-26,47.7700,58.2000,12.1556,-0.228
2010-04-27,46.0100,57.1500,12.2684,-1.230
2010-04-28,46.4100,57.3800,12.4135,0.403
2010-04-29,47.2200,57.7400,12.2335,0.046
2010-04-30,47.3300,58.3900,12.2281,-0.881
2010-05-04,44.8200,56.2200,12.4165,-1.013
2010-05-05,43.7700,55.6900,12.6270,-0.757
2010-05-06,42.3900,55.5300,12.8531,-1.883
2010-05-07,42.1700,54.3800,12.8328,-0.486
2010-05-10,44.4100,55.5300,12.5125,0.068
2010-05-11,44.8100,56.1400,12.5025,-0.207
2010-05-12,45.1200,55.8200,12.4381,0.539
2010-05-13,45.0400,56.0700,12.3580,-0.730
2010-05-14,44.3600,55.7000,12.5820,0.204
2010-05-17,43.9900,55.5900,12.7223,0.675
2010-05-18,43.4900,55.5800,12.5970,-1.432
2010-05-19,42.1600,55.5900,12.9305,-1.934
2010-05-20,40.7300,54.2700,13.1207,-1.528
2010-05-21,41.7400,54.1100,12.9701,0.050
2010-05-24,41.0900,53.5400,12.9524,-0.595
2010-05-25,41.2600,53.9000,13.1398,0.584
2010-05-26,41.4200,54.4300,12.9870,-1.172
2010-05-27,43.6700,55.8600,12.8532,0.483
2010-05-28,42.1800,54.7100,12.8633,-0.827
2010-06-01,41.9300,54.6100,12.9195,-0.803
2010-06-02,43.5300,55.5000,12.8388,0.698
2010-06-03,43.9600,56.1600,12.7534,-0.171
2010-06-04,43.5100,56.3300,12.8825,-0.494
2010-06-07,43.0100,55.8200,12.8934,-0.655
2010-06-08,43.3500,55.7900,12.9060,0.282
2010-06-09,43.5500,56.0300,12.8002,-0.509
2010-06-10,45.0500,57.2500,12.7335,0.200
2010-06-11,45.8700,58.1500,12.6755,-0.013
2010-06-14,46.0100,58.5400,12.5962,-0.999
2010-06-15,46.7100,58.7400,12.5777,0.018
2010-06-16,46.7900,58.9600,12.5858,-0.120
2010-06-17,46.7500,58.7900,12.5842,0.070
2010-06-18,46.9800,59.0300,12.5430,-0.174
2010-06-21,46.7900,58.6500,12.4555,-0.632
2010-06-22,45.7800,57.6800,12.5179,-0.647
2010-06-23,45.4500,57.6200,12.6452,-0.256
2010-06-24,45.4800,57.9300,12.7033,-0.268
2010-06-25,45.8500,58.1700,12.6967,0.076
2010-06-28,45.6000,58.1300,12.6482,-0.781
2010-06-29,44.1200,56.8400,12.8375,-0.354
2010-06-30,43.1500,56.0100,12.8306,-1.153
2010-07-01,43.0400,56.1200,13.0350,-0.031
2010-07-02,43.5900,57.2700,13.0810,-0.436
2010-07-06,44.2400,57.4300,12.9323,-0.379
2010-07-07,44.5400,57.2200,12.8955,0.378
2010-07-08,44.6900,57.1700,12.7821,-0.082
2010-07-09,45.4100,57.9900,12.7823,0.094
2010-07-12,46.0600,59.0000,12.8279,0.145
2010-07-13,46.3500,58.9000,12.7071,-0.004
2010-07-14,46.4200,59.0200,12.6961,-0.144
2010-07-15,46.3000,59.1800,12.7656,-0.127
2010-07-16,45.3000,58.5900,12.9256,-0.063
2010-07-19,45.0200,58.0600,12.9111,0.113
2010-07-20,44.9200,57.4400,12.8451,0.453
2010-07-21,44.5800,57.3600,12.7785,-0.686
2010-07-22,45.0900,57.6400,12.7520,-0.245
2010-07-23,45.7000,58.2900,12.7666,0.092
2010-07-26,46.3300,58.7900,12.6958,0.050
2010-07-27,46.7100,59.3100,12.6525,-0.354
2010-07-28,46.8600,59.5300,12.6770,-0.211
2010-07-29,47.4900,60.3600,12.7278,0.140
2010-07-30,48.6800,61.8100,12.6421,-0.434
2010-08-02,50.1400,63.1800,12.5771,-0.187
2010-08-03,50.0200,62.9300,12.5820,0.008
2010-08-04,50.3800,63.1600,12.5460,0.074
2010-08-05,50.0300,62.8600,12.5441,-0.162
2010-08-06,49.8900,63.2300,12.6667,-0.057
2010-08-09,49.6200,63.2300,12.6305,-0.882
2010-08-10,49.4000,62.4700,12.6900,0.350
2010-08-11,48.2500,61.7300,12.7314,-0.488
2010-08-12,48.0000,61.1700,12.7170,-0.210
2010-08-13,48.0400,61.2500,12.7225,-0.214
2010-08-16,48.0200,60.8700,12.6533,-0.179
2010-08-17,48.6900,61.4800,12.5833,-0.345
2010-08-18,49.6800,62.7900,12.5975,-0.327
2010-08-19,49.8400,63.3300,12.7310,0.192
2010-08-20,49.9300,63.7600,12.7705,0.005
2010-08-23,49.7500,64.4600,12.8751,-0.630
2010-08-24,49.2800,63.7900,12.9184,-0.201
2010-08-25,49.4600,64.5700,13.0291,-0.198
2010-08-26,48.9500,64.1300,12.9753,-0.960
2010-08-27,49.6000,64.6500,13.0008,-0.257
2010-08-30,49.2400,64.9000,13.1436,-0.279
2010-08-31,48.7000,64.6400,13.1671,-0.799
2010-09-01,49.9000,65.2900,13.0400,-0.338
2010-09-02,50.9900,66.4200,13.0550,0.222
2010-09-03,51.3800,66.4500,12.9450,0.092
2010-09-07,50.2600,65.7900,13.0599,-0.229
2010-09-08,50.1800,65.4400,13.0135,-0.211
2010-09-09,50.2600,65.3400,13.0127,0.095
2010-09-10,50.2700,65.0200,12.9605,0.204
2010-09-13,50.8900,65.5100,12.8635,-0.073
2010-09-14,51.6300,66.3100,12.8177,-0.199
2010-09-15,51.5000,66.0600,12.7772,-0.390
2010-09-20,51.9200,66.3800,12.7710,-0.110
2010-09-21,51.0600,65.2000,12.7638,-0.043
2010-09-22,51.0800,64.5900,12.6960,0.404
2010-09-23,50.6300,64.1500,12.6413,-0.229
2010-09-24,51.2600,64.4000,12.5485,-0.119
2010-09-27,51.3500,64.4600,12.5176,-0.283
2010-09-28,51.1900,64.0900,12.4926,-0.219
2010-09-29,51.0800,64.2100,12.4885,-0.652
2010-09-30,50.7300,64.0400,12.6270,0.026
2010-10-01,51.0700,64.1600,12.5433,-0.158
2010-10-04,51.2800,64.6000,12.6081,0.084
2010-10-05,51.6000,64.4600,12.5141,0.175
2010-10-06,50.3800,62.9500,12.4800,-0.120
2010-10-07,50.1900,63.1600,12.5452,-0.310
2010-10-08,50.9700,63.3000,12.4671,0.387
2010-10-11,52.4900,65.0600,12.4671,0.584
2010-10-12,53.4700,66.3900,12.4285,0.098
2010-10-13,54.6900,67.6400,12.3705,0.021
2010-10-14,54.7400,68.1600,12.4156,-0.289
2010-10-15,54.1900,67.4200,12.4150,-0.212
2010-10-18,55.3800,68.6700,12.4205,0.167
2010-10-19,53.0800,68.6700,12.4625,-3.668
2010-10-20,53.6200,66.5000,12.4025,0.003
2010-10-21,54.3900,66.6600,12.3885,1.082
2010-10-22,53.4900,67.4900,12.4021,-1.706
2010-10-25,53.6300,66.2900,12.3278,-0.266
2010-10-26,53.1300,66.1000,12.3820,-0.476
2010-10-27,52.9600,66.0100,12.4650,0.007
2010-10-28,52.9200,65.3200,12.4061,0.510
2010-10-29,54.9100,67.9800,12.3415,-0.313
2010-11-01,54.9100,67.8100,12.3417,-0.062
2010-11-03,55.2200,67.7600,12.2962,0.206
2010-11-04,55.8000,68.1800,12.2371,0.151
2010-11-05,55.3800,67.5300,12.2121,0.149
2010-11-08,56.0600,68.6000,12.2460,0.074
2010-11-09,55.8100,68.5600,12.2155,-0.562
2010-11-10,55.6600,68.2100,12.2560,0.010
2010-11-11,55.4700,68.1200,12.2560,-0.200
2010-11-12,55.2500,68.1600,12.2678,-0.558
2010-11-16,53.8900,67.0400,12.4450,0.039
2010-11-17,54.3100,67.2700,12.3633,-0.186
2010-11-18,55.2700,68.1000,12.2951,-0.213
2010-11-19,55.7300,68.3600,12.3000,0.275
2010-11-22,55.8700,68.8500,12.3001,-0.188
2010-11-23,54.8000,68.4800,12.4730,-0.187
2010-11-24,56.8300,70.2700,12.4016,0.296
2010-11-26,55.7700,70.7100,12.4940,-1.458
2010-11-29,56.1800,70.5000,12.5668,0.142
2010-11-30,56.5500,70.6000,12.4540,-0.245
2010-12-01,57.2900,71.2100,12.3735,-0.452
2010-12-02,57.3800,70.6300,12.3471,0.308
2010-12-03,57.2400,70.7500,12.3549,-0.043
2010-12-06,56.6000,70.2000,12.3870,-0.128
2010-12-07,56.6400,70.8300,12.4255,-0.638
2010-12-08,56.5800,70.3700,12.4362,-0.008
2010-12-09,56.0000,69.9600,12.4725,-0.163
2010-12-10,55.9300,69.7000,12.4542,-0.063
2010-12-13,56.3400,69.9200,12.3855,-0.200
2010-12-14,56.2100,69.7000,12.3633,-0.295
2010-12-15,55.4600,69.1400,12.3965,-0.563
2010-12-16,55.6000,69.2000,12.4496,0.029
2010-12-17,55.9900,69.5700,12.4286,0.025
2010-12-20,55.7400,69.4000,12.4115,-0.315
2010-12-21,55.9500,69.3700,12.3710,-0.222
2010-12-22,55.9400,68.9900,12.3311,-0.014
2010-12-23,55.7400,68.9600,12.3353,-0.294
2010-12-27,55.5500,68.9000,12.3661,-0.299
2010-12-28,55.5000,68.7300,12.3623,-0.173
2010-12-29,55.6300,68.8900,12.3600,-0.191
2010-12-30,55.8000,69.2600,12.3825,-0.239
2011-01-03,56.4700,69.3400,12.2535,-0.208
2011-01-04,56.6800,69.4700,12.2545,-0.017
2011-01-05,56.6400,69.1200,12.1964,-0.057
2011-01-06,56.0500,68.6900,12.2361,-0.155
2011-01-07,55.5000,67.9100,12.2440,0.065
2011-01-10,55.2900,67.5700,12.2400,0.155
2011-01-11,54.9300,66.7100,12.1765,0.263
2011-01-12,56.3800,68.1700,12.0589,-0.267
2011-01-13,56.2100,68.3700,12.0887,-0.613
2011-01-14,57.1600,68.7300,12.0582,0.283
2011-01-18,56.7400,68.1900,12.0451,0.226
2011-01-19,55.6900,67.2100,12.0681,-0.004
2011-01-20,55.1300,66.3900,12.0798,0.310
2011-01-21,54.2600,65.4400,12.0570,-0.029
2011-01-24,54.8300,66.1000,12.0422,-0.110
2011-01-25,54.8300,66.2500,12.0855,0.022
2011-01-26,55.5900,66.8500,12.0390,0.112
2011-01-27,54.2100,65.3100,12.0415,-0.051
2011-01-28,52.6700,64.3200,12.1400,-0.589
2011-01-31,53.0700,64.3700,12.1541,0.205
2011-02-01,54.1800,64.9600,12.0053,0.130
2011-02-02,54.0800,65.1700,12.0280,-0.188
2011-02-03,54.1400,65.1300,12.0400,0.084
2011-02-04,53.7000,64.4500,11.9977,-0.035
2011-02-08,54.6000,65.8000,11.9816,-0.578
2011-02-09,53.2300,64.4800,12.0568,-0.468
2011-02-10,52.9500,64.0100,12.0757,-0.108
2011-02-11,53.4900,64.5100,12.0673,0.059
2011-02-14,53.3800,64.5100,12.0446,-0.335
2011-02-15,53.2500,64.8700,12.1299,-0.429
2011-02-16,54.3600,65.9300,12.0875,-0.337
2011-02-17,55.7700,66.9400,12.0441,0.344
2011-02-18,56.8400,68.2700,12.0085,-0.020
2011-02-22,55.4100,67.2600,12.0983,-0.332
2011-02-23,54.4400,66.3200,12.1824,0.001
2011-02-24,54.8000,66.7800,12.1762,-0.081
2011-02-25,55.8500,67.7000,12.1261,0.036
2011-02-28,56.2300,68.0300,12.1130,0.120
2011-03-01,56.0100,68.0300,12.0882,-0.476
2011-03-02,56.1200,67.7400,12.1114,0.338
2011-03-03,57.8100,69.1800,12.0301,0.529
2011-03-04,57.3400,68.5800,12.0066,0.388
2011-03-07,57.1000,68.8700,12.0320,-0.243
2011-03-08,57.0700,68.6800,12.0010,-0.277
2011-03-09,58.0700,69.1600,11.9681,0.490
2011-03-10,56.6200,68.0300,11.9641,-0.425
2011-03-11,57.5300,68.4900,11.9211,0.134
2011-03-14,56.7500,67.6600,11.9188,-0.031
2011-03-15,56.6600,68.1300,12.0033,-0.175
2011-03-16,55.6400,67.7800,12.0842,-0.802
2011-03-17,55.4900,67.2400,12.0997,-0.147
2011-03-18,55.7000,67.0000,12.0584,0.247
2011-03-22,57.2400,68.6300,11.9870,-0.024
2011-03-23,58.0900,69.8500,12.0040,-0.170
2011-03-24,58.9000,70.3100,11.9532,0.134
2011-03-25,58.9300,70.3100,11.9330,0.016
2011-03-28,57.9600,69.4200,11.9561,-0.176
2011-03-29,58.0200,69.1500,11.9650,0.392
2011-03-30,58.2000,69.4900,11.9211,-0.157
2011-03-31,58.7000,69.8500,11.9170,0.147
2011-04-01,59.6000,69.8500,11.8290,0.932
2011-04-04,60.0900,71.1900,11.8552,0.067
2011-04-05,60.7600,71.1900,11.8216,0.896
2011-04-06,60.7300,71.4700,11.7866,0.154
2011-04-07,60.4300,71.1600,11.7922,0.141
2011-04-08,60.9500,71.3600,11.7460,0.325
2011-04-11,61.8800,72.4800,11.7412,0.241
2011-04-12,60.1800,71.2400,11.8230,-0.125
2011-04-13,61.2700,71.2400,11.8055,1.533
2011-04-14,61.3700,72.1600,11.7600,0.015
2011-04-15,61.1400,71.4600,11.7022,0.122
2011-04-18,61.7600,72.3900,11.7785,0.489
2011-04-19,62.3400,72.8700,11.6960,0.059
2011-04-20,63.1300,73.3600,11.6203,-0.001
2011-04-25,63.2200,73.3600,11.6175,0.117
2011-04-26,63.8000,73.3600,11.5736,0.654
2011-04-27,63.2300,73.3600,11.5954,-0.058
2011-04-28,62.9000,73.3600,11.5486,-0.981
2011-04-29,62.9000,72.4500,11.5237,0.047
2011-05-02,63.3100,72.9200,11.5050,-0.112
2011-05-03,62.7300,72.4800,11.5580,0.032
2011-05-04,61.3300,71.4700,11.6295,-0.205
2011-05-05,60.4800,71.0200,11.6930,-0.423
2011-05-06,61.8900,72.1700,11.5831,-0.668
2011-05-09,62.2700,72.5300,11.6303,-0.149
2011-05-10,63.0400,72.5300,11.5920,0.753
2011-05-11,62.1900,72.9200,11.6041,-1.034
2011-05-12,62.5000,72.6600,11.6698,0.380
2011-05-13,61.8300,72.6600,11.7463,-0.045
2011-05-16,62.7100,73.6800,11.7220,-0.233
2011-05-17,61.8600,73.6800,11.7661,-1.215
2011-05-18,62.4400,73.6800,11.7173,-0.702
2011-05-19,62.1700,73.6800,11.6716,-1.517
2011-05-20,61.8000,73.6800,11.6555,-2.238
2011-05-23,61.2500,73.6800,11.7335,-2.460
2011-05-24,61.9800,73.6800,11.6986,-1.591
2011-05-25,61.4900,71.9600,11.6820,-0.177
2011-05-26,61.4800,71.8600,11.6910,0.023
2011-05-27,61.8900,71.9600,11.6113,-0.136
2011-05-31,61.9300,71.4400,11.5790,0.376
2011-06-01,61.5200,72.0700,11.6362,-0.672
2011-06-02,63.0000,73.3300,11.6839,0.380
2011-06-03,62.7500,73.3400,11.6585,-0.249
2011-06-06,62.4600,73.5100,11.6931,-0.646
2011-06-07,63.0800,74.2900,11.7350,-0.358
2011-06-08,63.0000,74.6300,11.7920,-0.456
2011-06-09,63.8000,75.2600,11.7786,-0.150
2011-06-10,62.5800,74.6000,11.8668,-0.452
2011-06-13,62.6900,74.4300,11.8800,0.061
2011-06-14,62.5700,73.9200,11.7986,-0.130
2011-06-15,62.5200,74.5100,11.8819,-0.301
2011-06-16,61.5400,73.7000,11.9717,-0.035
2011-06-17,61.0200,72.8700,11.9040,-0.318
2011-06-20,62.1500,73.9000,11.8842,-0.054
2011-06-21,62.6400,73.8400,11.8068,0.160
2011-06-22,62.5100,73.8500,11.7793,-0.295
2011-06-23,62.9100,74.6200,11.8687,0.062
2011-06-24,62.5700,74.6900,11.8832,-0.451
2011-06-27,63.2700,75.4500,11.8936,-0.264
2011-06-28,65.1200,77.1500,11.8375,-0.083
2011-06-29,66.0000,77.6700,11.7680,-0.002
2011-06-30,66.4900,77.7900,11.7191,0.167
2011-07-01,68.8200,79.8500,11.6294,0.230
2011-07-05,68.2800,79.4900,11.6226,-0.165
2011-07-06,68.2300,79.2500,11.6361,0.181
2011-07-07,67.9400,78.5000,11.5725,0.157
2011-07-08,67.9600,79.1000,11.6279,-0.097
2011-07-11,67.2100,79.1800,11.7268,-0.460
2011-07-12,67.3400,79.6400,11.7889,-0.318
2011-07-13,67.4900,78.9800,11.7111,0.074
2011-07-14,67.5000,79.2400,11.7086,-0.261
2011-07-15,68.0000,79.8800,11.7123,-0.296
2011-07-18,66.9100,78.3900,11.7972,0.695
2011-07-19,66.9700,78.2800,11.7042,0.132
2011-07-20,66.6000,77.5600,11.6708,0.216
2011-07-21,67.2300,78.1600,11.6198,-0.051
2011-07-22,67.4800,78.6700,11.6240,-0.294
2011-07-25,67.4300,78.6000,11.6630,0.055
2011-07-26,68.9200,80.2000,11.6226,-0.121
2011-07-27,73.0000,85.1700,11.6479,-0.165
2011-07-28,71.9600,84.5000,11.6731,-0.592
2011-07-29,72.3700,85.0000,11.7235,-0.185
2011-08-01,72.4400,84.9600,11.7525,0.206
2011-08-02,71.1800,84.2200,11.7629,-0.584
2011-08-03,70.5200,83.2500,11.8384,0.282
2011-08-04,66.7000,80.1000,12.0080,-0.008
2011-08-05,66.1000,79.5100,12.0402,0.095
2011-08-08,61.3400,75.1800,12.1768,-0.648
2011-08-09,63.7300,76.6200,12.3440,2.673
2011-08-10,61.6200,76.9900,12.3850,-0.875
2011-08-11,65.2900,80.5000,12.4100,0.652
2011-08-12,65.7000,80.8400,12.2825,-0.178
2011-08-15,67.3300,82.1700,12.2501,0.377
2011-08-16,67.7400,82.7000,12.2489,0.331
2011-08-17,68.6400,83.3200,12.1875,0.402
2011-08-18,67.8100,83.4100,12.3565,0.455
2011-08-19,67.6500,83.2500,12.2327,-0.596
2011-08-22,67.2900,83.1700,12.3227,-0.301
2011-08-23,72.4100,89.1000,12.3155,0.086
2011-08-24,68.3000,85.2400,12.4222,-0.465
2011-08-25,64.9900,81.1300,12.4155,-0.544
2011-08-26,65.5000,81.5400,12.4657,0.135
2011-08-29,67.4300,84.0000,12.4157,-0.334
2011-08-30,67.7600,84.8700,12.4831,-0.335
2011-08-31,68.9200,83.6900,12.3262,1.508
2011-09-01,68.8500,84.6400,12.2556,-0.307
2011-09-02,67.9000,84.4400,12.3630,-0.586
2011-09-06,67.0400,83.8500,12.5201,0.101
2011-09-07,67.9300,84.4000,12.4702,0.367
2011-09-08,66.1000,82.7300,12.4996,-0.130
2011-09-09,64.3800,81.3700,12.6470,0.063
2011-09-12,64.2900,82.6300,12.7750,-0.605
2011-09-13,65.7000,84.4000,12.9367,0.704
2011-09-14,67.0400,86.7600,12.9540,0.096
2011-09-15,67.7300,87.4800,12.9083,-0.060
2011-09-19,67.8900,89.0600,13.1856,0.513
2011-09-20,67.5000,89.1200,13.1664,-0.277
2011-09-21,67.3600,91.5000,13.4127,-1.259
2011-09-22,62.6300,87.5600,13.8748,-0.756
2011-09-23,62.6900,85.1400,13.7753,1.430
2011-09-26,64.7300,87.6800,13.6683,0.907
2011-09-27,66.3400,88.7000,13.3376,-0.246
2011-09-28,64.8900,88.3200,13.3779,-1.711
2011-09-29,67.0600,91.5300,13.4715,-1.300
2011-09-30,64.8200,90.0000,13.7701,-0.825
2011-10-03,64.3600,90.2100,13.8767,-0.997
2011-10-04,65.3000,90.0000,13.9310,1.077
2011-10-05,65.8800,89.5800,13.6701,0.534
2011-10-06,67.4300,90.3800,13.5291,0.937
2011-10-07,66.0100,88.8600,13.3016,-1.189
2011-10-10,68.3100,90.3500,13.3016,0.568
2011-10-11,66.3200,88.5400,13.3210,-0.220
2011-10-12,68.3900,90.6200,13.2303,-0.152
2011-10-13,68.1100,91.1000,13.3621,-0.100
2011-10-14,68.9600,91.3400,13.2906,0.342
2011-10-17,67.7500,91.0900,13.2904,-1.150
2011-10-18,70.4900,94.5100,13.4215,0.104
2011-10-19,68.9900,92.9000,13.3802,-0.635
2011-10-20,66.8000,91.4300,13.7675,0.587
2011-10-21,67.6800,92.6300,13.5759,-0.808
2011-10-24,69.4500,92.7800,13.4546,0.714
2011-10-25,68.1800,92.0700,13.4430,-0.451
2011-10-26,70.1400,93.9100,13.4697,0.603
2011-10-27,72.2300,95.1200,13.1711,0.016
2011-10-28,69.0000,89.7500,13.1025,0.732
2011-10-31,67.0500,89.4000,13.1690,-1.232
2011-11-01,65.0800,88.7300,13.6665,0.238
2011-11-03,66.9700,89.7400,13.4270,0.201
2011-11-04,65.7100,88.7000,13.4735,-0.187
2011-11-07,67.9800,91.4900,13.4550,-0.025
2011-11-08,68.9200,92.0000,13.3826,0.253
2011-11-09,64.8200,88.6000,13.4955,-1.267
2011-11-10,65.3800,88.5900,13.5477,-0.017
2011-11-11,67.3600,90.9900,13.5477,0.294
2011-11-14,65.2800,88.3800,13.4865,-0.385
2011-11-15,66.7400,90.8600,13.5851,-0.212
2011-11-16,66.0200,90.2200,13.5919,-0.539
2011-11-17,64.0500,87.8200,13.6281,-0.606
2011-11-18,65.1900,89.6600,13.7015,-0.379
2011-11-22,64.0200,89.5500,13.9810,-0.049
2011-11-23,62.0800,87.8900,14.1426,-0.106
2011-11-25,61.7300,87.0500,14.2542,1.081
2011-11-28,63.8600,89.6700,14.0432,0.011
2011-11-29,65.0800,89.5800,13.9252,1.167
2011-11-30,68.2100,93.1000,13.6201,-0.212
2011-12-01,67.0900,91.3200,13.5875,-0.177
2011-12-02,66.4500,90.3400,13.5425,-0.388
2011-12-05,67.6500,91.6000,13.4890,-0.379
2011-12-06,67.7100,91.3900,13.5000,0.020
2011-12-07,68.2500,92.2500,13.5107,-0.043
2011-12-08,66.4700,91.3000,13.6807,-0.399
2011-12-09,68.3200,92.8700,13.6128,0.143
2011-12-13,66.0200,91.7900,13.7896,-0.818
2011-12-14,64.8100,89.9000,13.9400,0.495
2011-12-15,65.5800,91.2800,13.8313,-0.629
2011-12-16,66.5800,92.1600,13.8850,0.311
2011-12-19,65.5500,91.0000,13.8610,-0.155
2011-12-20,67.1600,92.7000,13.7866,-0.118
2011-12-21,68.0300,94.1400,13.8523,0.103
2011-12-22,68.8100,95.0000,13.8290,0.166
2011-12-23,69.7100,96.6900,13.8189,-0.371
2011-12-27,69.7700,97.6300,13.9727,-0.146
2011-12-28,68.4200,95.5500,13.9927,0.197
2011-12-29,69.3200,97.0100,13.9755,-0.136
2011-12-30,69.7100,97.5300,13.9510,-0.285
2012-01-03,70.1800,95.8800,13.6736,0.085
2012-01-04,70.0600,95.6800,13.6968,0.292
2012-01-05,69.6600,95.7400,13.7502,0.046
2012-01-09,69.0300,94.3500,13.7344,0.486
2012-01-10,69.8600,95.4300,13.6211,-0.286
2012-01-11,69.7900,95.0800,13.6517,0.205
2012-01-12,69.7400,94.4800,13.5976,0.370
2012-01-13,67.7400,92.1600,13.6140,0.066
2012-01-17,68.0900,91.6100,13.4614,0.053
2012-01-18,70.3400,93.6000,13.3284,0.162
2012-01-19,69.4900,92.1900,13.2269,-0.300
2012-01-20,68.2400,90.0600,13.2276,0.228
2012-01-23,67.4700,88.8000,13.1477,-0.104
2012-01-24,68.3600,89.8700,13.1654,0.143
2012-01-25,69.7000,90.7700,13.1560,1.022
2012-01-26,70.2200,91.3300,12.9517,-0.420
2012-01-27,69.6600,90.0100,12.9251,0.029
2012-01-30,69.5300,90.4000,12.9761,-0.196
2012-01-31,70.5200,91.8900,13.0356,0.040
2012-02-01,72.5900,93.5400,12.9514,0.507
2012-02-02,72.4700,92.8000,12.8011,-0.033
2012-02-03,73.0700,92.7300,12.7203,0.234
2012-02-07,73.4700,93.1400,12.6289,-0.382
2012-02-08,73.4800,93.4000,12.6905,-0.161
2012-02-09,73.8300,93.6000,12.7230,0.357
2012-02-10,72.9900,93.3600,12.7996,0.069
2012-02-13,73.5800,93.4000,12.7206,0.212
2012-02-14,73.4700,93.7700,12.7618,-0.010
2012-02-15,73.9000,95.1000,12.7556,-0.879
2012-02-16,74.9100,95.9600,12.8560,0.359
2012-02-17,74.1800,94.5500,12.8138,0.532
2012-02-21,73.7400,94.2300,12.7470,-0.248
2012-02-22,73.7200,94.6400,12.8305,-0.057
2012-02-23,73.9400,94.7100,12.8358,0.209
2012-02-24,74.0200,95.2100,12.8804,0.137
2012-02-27,74.1700,95.5000,12.8655,-0.080
2012-02-28,75.1800,96.5500,12.8646,0.172
2012-02-29,73.6000,94.4300,12.7941,-0.281
2012-03-01,75.9000,96.7900,12.7661,0.108
2012-03-02,75.5900,96.4000,12.7745,0.169
2012-03-05,74.7000,95.9000,12.8241,-0.108
2012-03-06,72.5600,94.1500,12.9900,0.112
2012-03-07,73.0400,94.0400,12.9293,0.421
2012-03-08,74.7800,95.0400,12.7780,0.541
2012-03-09,74.9500,94.8900,12.6307,-0.235
2012-03-12,74.9700,95.0800,12.7203,0.299
2012-03-13,76.8600,96.7400,12.6370,0.401
2012-03-14,75.7100,96.3500,12.6757,-0.397
2012-03-15,75.4200,95.3900,12.6686,0.164
2012-03-16,75.0200,95.2400,12.6701,-0.198
2012-03-20,74.4300,94.2800,12.7046,0.297
2012-03-21,76.7400,97.6000,12.7031,-0.119
2012-03-22,76.6500,98.1400,12.8326,0.226
2012-03-23,76.7700,97.9900,12.8120,0.375
2012-03-26,79.2900,100.3000,12.6808,0.245
2012-03-27,78.9200,100.2800,12.6578,-0.384
2012-03-28,78.1900,99.8000,12.8014,0.295
2012-03-29,78.2200,100.1600,12.8533,0.378
2012-03-30,82.2700,105.2000,12.8115,0.190
2012-04-02,84.5800,107.8500,12.7569,0.044
2012-04-03,85.3400,109.0000,12.7301,-0.331
2012-04-04,83.8100,107.0200,12.8327,0.496
2012-04-09,83.5400,108.2200,12.9840,0.229
2012-04-10,80.6400,106.1800,13.1782,0.084
2012-04-11,81.1900,107.0000,13.1580,-0.159
2012-04-12,82.7800,107.9200,13.0630,0.200
2012-04-13,82.6000,108.8100,13.1460,-0.206
2012-04-16,82.3300,108.9000,13.2290,0.013
2012-04-17,81.6500,107.0000,13.0850,-0.150
2012-04-18,80.3700,105.8700,13.1270,-0.348
2012-04-19,81.2400,107.4800,13.2286,-0.010
2012-04-20,82.2600,107.6700,13.1211,0.245
2012-04-23,81.1600,107.0000,13.2053,0.163
2012-04-24,81.2900,107.3000,13.1545,-0.342
2012-04-25,82.6200,108.6700,13.1684,0.117
2012-04-26,83.3300,109.7400,13.2077,0.291
2012-04-27,83.6400,107.4800,12.9909,1.094
2012-04-30,81.2600,105.7900,12.9900,-0.220
2012-05-02,82.5000,106.6200,12.9580,0.266
2012-05-03,82.1600,106.7200,12.9853,-0.031
2012-05-04,81.2300,106.9500,13.1631,-0.024
2012-05-07,81.4600,107.0000,13.1555,0.154
2012-05-08,81.8400,109.3200,13.3250,-0.245
2012-05-09,82.3400,111.2000,13.4910,-0.104
2012-05-10,83.3800,112.3100,13.4585,-0.083
2012-05-11,82.6700,112.0300,13.4905,-0.450
2012-05-14,81.3400,111.3000,13.6663,-0.124
2012-05-15,81.2800,112.1800,13.7332,-0.496
2012-05-16,80.4700,110.6000,13.8078,0.462
2012-05-17,79.2600,109.4500,13.7890,-0.145
2012-05-18,78.6700,108.7900,13.8275,-0.008
2012-05-21,79.4100,109.0600,13.7925,0.428
2012-05-22,79.3800,109.8900,13.7420,-0.733
2012-05-23,79.1500,110.4900,14.0294,0.500
2012-05-24,78.9900,110.5400,14.0018,0.054
2012-05-25,79.1900,111.1200,14.0114,-0.147
2012-05-29,81.2900,112.7600,13.9321,0.438
2012-05-30,79.3900,112.4000,14.0861,-0.508
2012-05-31,78.8300,112.8000,14.3045,-0.033
2012-06-01,77.1900,110.2700,14.3650,0.556
2012-06-04,77.4600,110.0600,14.2427,0.240
2012-06-05,77.9100,110.9700,14.2592,0.111
2012-06-06,79.2500,111.2300,14.0951,0.426
2012-06-07,78.6100,110.4500,13.9588,-0.652
2012-06-08,78.8600,109.8700,14.0210,0.637
2012-06-11,78.5500,110.4900,13.9785,-0.623
2012-06-12,79.4200,111.0000,13.9823,0.043
2012-06-13,80.7300,112.8100,13.9755,0.013
2012-06-14,81.6700,113.8300,13.9943,0.405
2012-06-15,83.0100,115.4100,13.9234,0.146
2012-06-18,82.5200,114.3800,13.9125,0.372
2012-06-19,82.6500,113.2400,13.6982,-0.022
2012-06-20,82.9100,113.8000,13.7296,0.028
2012-06-21,82.9600,115.3800,13.7550,-1.099
2012-06-22,83.8500,116.2500,13.8470,-0.123
2012-06-25,85.0900,118.3500,13.9675,0.422
2012-06-26,88.0900,121.0600,13.8516,0.792
2012-06-27,86.1500,117.0100,13.6701,0.648
2012-06-28,85.7600,116.4900,13.6670,0.617
2012-06-29,89.2500,119.1200,13.4110,0.481
2012-07-03,91.0200,120.8300,13.2921,0.128
2012-07-05,90.0600,120.7100,13.3448,-0.436
2012-07-06,89.9000,120.4300,13.4914,0.712
2012-07-09,89.9800,120.4500,13.4518,0.489
2012-07-10,89.8900,120.1900,13.3002,-0.528
2012-07-11,86.5300,115.3100,13.3270,0.007
2012-07-12,87.4700,117.9100,13.4519,-0.209
2012-07-13,87.4800,116.4000,13.3450,0.294
2012-07-16,87.1300,115.1600,13.2695,0.397
2012-07-17,87.6300,115.4700,13.2230,0.349
2012-07-18,87.0700,114.6800,13.1066,-0.489
2012-07-19,86.9600,115.0100,13.2040,-0.163
2012-07-20,86.7500,115.8000,13.2976,-0.383
2012-07-23,85.7200,116.3000,13.5275,-0.294
2012-07-24,84.8300,115.9200,13.7200,0.403
2012-07-25,83.9300,114.1500,13.6626,0.456
2012-07-26,85.9500,115.3000,13.4441,0.219
2012-07-27,89.5200,118.7800,13.2690,0.003
2012-07-30,88.2900,117.4800,13.2625,-0.328
2012-07-31,85.4200,113.8000,13.2669,-0.417
2012-08-01,86.9900,116.4500,13.2677,-0.888
2012-08-02,86.6700,115.7800,13.3959,0.278
2012-08-03,87.2200,114.6500,13.1177,-0.207
2012-08-06,86.3000,113.9800,13.0597,-1.118
2012-08-07,86.9900,114.6800,13.1797,-0.026
2012-08-08,86.9700,114.4000,13.1690,0.114
2012-08-09,87.4200,114.6300,13.1265,0.106
2012-08-10,87.9500,115.2100,13.0965,-0.023
2012-08-13,86.6100,113.5300,13.1620,0.411
2012-08-14,86.2700,113.5500,13.1421,-0.152
2012-08-15,85.9900,113.1900,13.1501,-0.099
2012-08-16,86.2800,113.5500,13.1272,-0.254
2012-08-17,86.1200,112.8500,13.1582,0.415
2012-08-20,86.1600,112.8300,13.1160,0.157
2012-08-21,84.0000,110.4100,13.1086,-0.270
2012-08-22,82.8600,108.5700,13.1602,0.438
2012-08-23,82.3100,108.2600,13.1375,-0.116
2012-08-24,83.3500,109.9100,13.1727,-0.105
2012-08-27,83.1000,109.7900,13.1740,-0.286
2012-08-28,83.5500,110.2900,13.1825,-0.136
2012-08-29,83.5300,111.3200,13.2855,-0.311
2012-08-30,83.9600,111.6600,13.3938,0.711
2012-08-31,84.5000,111.1900,13.2401,0.620
2012-09-04,85.8100,113.0100,13.1781,0.063
2012-09-05,86.0300,112.9000,13.1084,-0.114
2012-09-06,87.0600,113.6800,13.0445,-0.101
2012-09-07,86.3400,112.2100,12.9901,-0.048
2012-09-10,86.3200,112.7800,12.9920,-0.561
2012-09-11,87.0000,112.9900,12.9975,0.078
2012-09-12,87.4700,113.9600,13.0302,0.013
2012-09-14,91.3900,116.2500,12.7410,0.163
2012-09-17,91.9700,117.8000,12.7409,-0.528
2012-09-18,91.5000,117.3500,12.8136,-0.090
2012-09-19,91.9700,118.1600,12.8317,-0.124
2012-09-20,92.2600,118.7000,12.9050,0.305
2012-09-21,91.6400,118.1000,12.8305,-0.441
2012-09-24,91.5300,118.3100,12.9125,-0.103
2012-09-25,91.1900,117.8000,12.8210,-0.752
2012-09-26,90.3200,116.5200,12.9170,0.126
2012-09-27,91.8300,118.0700,12.8446,-0.100
2012-09-28,91.9800,118.5600,12.8630,-0.208
2012-10-01,91.9400,117.9600,12.8172,-0.101
2012-10-02,91.7900,118.2300,12.8478,-0.254
2012-10-03,91.5900,117.5400,12.8481,0.115
2012-10-04,93.6800,119.5600,12.7550,-0.060
2012-10-05,95.1800,121.9200,12.7054,-0.812
2012-10-08,94.9000,121.4800,12.7054,-0.746
2012-10-09,93.3700,120.5400,12.8889,-0.163
2012-10-10,92.7200,119.9200,12.9230,-0.082
2012-10-11,92.9000,120.1900,12.8901,-0.367
2012-10-12,93.1200,119.8900,12.8925,0.138
2012-10-15,92.7700,118.9600,12.8165,-0.052
2012-10-16,95.5000,122.8300,12.8103,-0.400
2012-10-17,96.7200,123.8000,12.8001,0.002
2012-10-18,96.3100,123.7100,12.8271,-0.139
2012-10-19,95.5800,123.2900,12.8605,-0.300
2012-10-22,94.6600,121.9800,12.8594,-0.207
2012-10-23,93.6900,121.8300,12.9810,-0.173
2012-10-24,92.7700,120.6500,12.9997,-0.043
2012-10-25,91.9500,119.3000,12.9815,0.054
2012-10-26,91.5500,119.2200,13.0198,-0.020
2012-10-31,90.6100,117.9200,13.0877,0.566
2012-11-05,89.9200,117.4600,13.0486,-0.108
2012-11-06,89.9100,116.7800,12.9652,-0.180
2012-11-07,88.9900,116.4100,13.0639,-0.133
2012-11-08,88.5600,116.7600,13.1158,-0.519
2012-11-09,88.5700,116.9000,13.1763,-0.169
2012-11-12,91.1100,120.6100,13.1763,-0.465
2012-11-13,92.5300,122.5700,13.2206,-0.196
2012-11-14,91.5500,121.7000,13.2225,-0.532
2012-11-15,91.7300,121.4500,13.2531,0.099
2012-11-16,92.8200,122.1600,13.1831,0.168
2012-11-20,94.4900,122.7300,13.0145,0.199
2012-11-21,95.9500,125.0400,13.0500,0.140
2012-11-23,97.2600,126.8500,12.9822,-0.461
2012-11-26,98.1800,127.7100,13.0055,-0.017
2012-11-27,97.2800,126.8400,12.9766,-0.476
2012-11-28,97.2700,126.2100,13.0273,0.401
2012-11-29,97.5900,125.9900,12.9775,0.522
2012-11-30,98.0800,126.6600,12.9171,0.024
2012-12-03,98.8100,128.2200,12.9255,-0.392
2012-12-04,99.0800,128.2400,12.9596,0.128
2012-12-05,98.0100,126.3600,12.9260,0.259
2012-12-06,98.8000,127.3500,12.9076,0.139
2012-12-07,99.7300,128.1300,12.8503,0.020
2012-12-10,101.7000,130.4600,12.7982,-0.232
2012-12-11,99.5600,127.0700,12.7516,-0.091
2012-12-13,97.2100,124.6600,12.8003,-0.183
2012-12-14,98.6900,126.0100,12.7760,0.061
2012-12-17,99.4000,126.4500,12.7537,0.254
2012-12-18,101.3400,128.9200,12.7202,-0.010
2012-12-19,100.0400,127.8900,12.7310,-0.414
2012-12-20,100.0700,127.7300,12.7780,0.109
2012-12-21,99.5000,128.8200,12.9322,-0.112
2012-12-24,99.4700,129.2500,12.9848,-0.070
2012-12-26,98.6200,128.4600,13.0100,-0.121
2012-12-27,98.6700,128.1200,13.0125,0.214
2012-12-28,100.5200,130.6400,12.9880,-0.065
2012-12-31,100.7000,129.3100,12.9635,0.953
2013-01-02,101.3000,129.1100,12.7600,0.115
2013-01-03,102.0000,130.3300,12.7452,-0.252
2013-01-04,101.5300,129.3800,12.7513,0.065
2013-01-07,101.4900,129.7100,12.7728,-0.061
2013-01-08,101.7700,130.2500,12.7891,-0.073
2013-01-09,103.7100,132.0000,12.7460,0.143
2013-01-10,105.3700,133.3100,12.6452,-0.051
2013-01-11,105.9100,134.2500,12.6591,-0.132
2013-01-14,106.6600,134.6800,12.6368,0.077
2013-01-15,106.7400,134.7000,12.6471,0.219
2013-01-16,107.0900,135.3400,12.6291,-0.070
2013-01-17,106.9600,134.6200,12.5857,-0.002
2013-01-18,106.6500,135.1100,12.6568,-0.093
2013-01-22,108.8900,137.8800,12.6746,0.097
2013-01-23,108.8600,138.3600,12.6587,-0.403
2013-01-24,108.6200,137.8000,12.6208,-0.517
2013-01-25,108.9800,138.4500,12.6992,-0.039
2013-01-28,108.6700,139.3100,12.7723,-0.369
2013-01-29,110.4000,140.4700,12.6901,-0.264
2013-01-30,111.2300,141.8500,12.7491,-0.029
2013-01-31,107.8900,137.2900,12.7344,0.074
2013-02-01,110.9900,139.9500,12.6356,0.209
2013-02-05,110.4000,139.7900,12.6260,-0.285
2013-02-06,110.0100,139.6200,12.6731,-0.146
2013-02-07,109.4700,139.1100,12.7381,0.240
2013-02-08,109.0800,139.1300,12.7271,-0.218
2013-02-11,109.2200,138.9500,12.7556,0.264
2013-02-12,109.2700,138.6100,12.7326,0.375
2013-02-13,111.1600,141.2400,12.7236,0.138
2013-02-14,110.4100,140.4000,12.6965,-0.155
2013-02-15,110.4900,140.4400,12.6883,-0.176
2013-02-19,113.2300,143.3200,12.6681,0.084
2013-02-20,113.0200,144.0700,12.6821,-0.511
2013-02-21,112.2800,143.2200,12.7543,-0.010
2013-02-22,114.2300,145.0600,12.7480,0.386
2013-02-25,114.9100,147.2400,12.7287,-0.662
2013-02-26,112.9700,145.3300,12.8798,0.119
2013-02-27,112.6800,144.1500,12.8264,0.262
2013-02-28,111.7400,142.9100,12.7788,-0.084
2013-03-01,109.4800,139.9400,12.7956,0.104
2013-03-04,109.6400,139.9600,12.7700,0.036
2013-03-05,110.6700,140.8500,12.7401,0.103
2013-03-06,110.3100,141.0400,12.7420,-0.342
2013-03-07,108.7800,139.0700,12.7845,-0.000
2013-03-08,109.8500,139.0600,12.6525,-0.052
2013-03-11,109.4300,137.4500,12.5470,-0.108
2013-03-12,110.5000,137.5800,12.4502,-0.004
2013-03-13,111.2000,138.4300,12.3971,-0.415
2013-03-14,111.2500,138.4700,12.4476,0.007
2013-03-15,111.8600,139.1900,12.4325,-0.086
2013-03-19,109.3800,136.2500,12.4452,-0.091
2013-03-20,110.8800,137.4200,12.3950,0.011
2013-03-21,108.0400,134.5600,12.3592,-0.766
2013-03-22,107.5200,132.9500,12.3714,0.051
2013-03-25,107.2700,132.5800,12.3605,0.008
2013-03-26,112.1700,138.4600,12.3453,0.012
2013-03-27,112.6300,138.9700,12.3786,0.324
2013-04-01,114.6700,141.6000,12.3404,-0.065
2013-04-02,119.2400,146.5300,12.2775,-0.091
2013-04-03,118.6600,146.3200,12.3205,-0.085
2013-04-04,118.1800,145.4400,12.3381,0.256
2013-04-05,117.5400,143.2400,12.2390,0.431
2013-04-08,117.0100,142.6000,12.1583,-0.235
2013-04-09,121.3300,147.5800,12.1283,-0.290
2013-04-10,124.7400,151.2300,12.1156,-0.066
2013-04-11,124.8800,150.3000,12.0680,0.270
2013-04-12,124.9600,151.1100,12.0871,-0.046
2013-04-15,123.3800,151.7200,12.1729,-1.009
2013-04-16,123.6100,150.4400,12.1650,-0.045
2013-04-17,122.4500,149.9100,12.2350,-0.062
2013-04-18,121.8000,149.8600,12.2690,-0.283
2013-04-19,121.4800,149.3700,12.2320,-0.519
2013-04-22,122.3600,150.5300,12.3071,0.040
2013-04-23,123.0300,150.9100,12.2437,-0.183
2013-04-24,116.4700,141.7600,12.2850,0.934
2013-04-25,114.9600,139.6700,12.1175,-0.263
2013-04-26,114.5000,138.5600,12.1786,0.639
2013-04-29,113.1500,138.0000,12.1240,-0.592
2013-04-30,113.3900,138.0900,12.1323,-0.378
2013-05-02,114.9900,140.0500,12.1540,-0.208
2013-05-03,117.8700,142.1900,12.0880,0.205
2013-05-06,115.4500,140.0000,12.1065,-0.165
2013-05-07,118.1000,142.1100,12.0750,0.349
2013-05-08,115.6700,139.2600,12.0308,-0.072
2013-05-09,114.8400,137.9200,11.9760,-0.281
2013-05-10,115.3600,139.5500,12.1313,0.284
2013-05-13,115.1900,139.6800,12.1425,0.136
2013-05-14,116.6700,142.2600,12.1525,-0.335
2013-05-15,116.7400,142.4800,12.2316,0.219
2013-05-16,116.2700,142.6100,12.2421,-0.190
2013-05-17,115.4600,142.6200,12.3153,-0.300
2013-05-20,114.1200,140.2900,12.3355,0.344
2013-05-21,110.0300,135.4700,12.3225,0.084
2013-05-22,105.8800,131.0900,12.3185,-0.505
2013-05-23,109.9500,136.6300,12.4651,0.310
2013-05-24,107.3700,134.4800,12.5404,0.124
2013-05-28,107.3400,135.3600,12.5387,-0.569
2013-05-29,107.0600,135.3000,12.6373,-0.004
2013-05-30,107.0100,136.9900,12.7778,-0.186
2013-05-31,108.5900,139.2800,12.7791,-0.367
2013-06-03,108.5100,138.3200,12.7900,0.336
2013-06-04,106.4200,135.4800,12.7240,-0.053
2013-06-05,103.5200,133.4700,12.8296,-0.493
2013-06-06,104.3000,133.0800,12.9000,1.102
2013-06-07,103.9500,132.3100,12.7386,0.081
2013-06-10,102.9000,132.4500,12.8535,-0.142
2013-06-11,100.9600,129.7200,12.8650,0.127
2013-06-12,101.1500,130.6800,12.8449,-0.577
2013-06-13,101.2900,128.9400,12.7795,0.391
2013-06-14,101.3000,128.2400,12.6980,0.305
2013-06-17,101.8800,130.5500,12.7776,-0.285
2013-06-18,100.2400,128.9500,12.8845,0.158
2013-06-19,97.5600,129.0700,12.8721,-2.704
2013-06-20,93.0300,124.2100,13.4050,0.400
2013-06-21,91.9100,122.4700,13.4147,0.673
2013-06-24,91.4100,121.5900,13.3945,0.698
2013-06-25,92.8600,122.7400,13.2570,0.297
2013-06-26,97.0800,128.2100,13.2150,0.063
2013-06-27,101.2400,131.6200,13.0365,0.275
2013-06-28,103.1900,134.3100,12.9925,-0.179
2013-07-01,103.5800,134.3800,12.9000,-0.567
2013-07-02,102.1600,133.7100,12.9790,-0.835
2013-07-03,102.2100,134.3600,13.0310,-0.871
2013-07-05,102.6600,134.3000,13.0440,-0.291
2013-07-08,102.5600,132.2800,12.9490,0.397
2013-07-09,102.4100,132.0000,12.8675,-0.170
2013-07-10,100.5600,130.2100,12.9475,-0.008
2013-07-11,102.2800,131.0800,12.8475,0.247
2013-07-12,102.2100,131.3900,12.8295,-0.198
2013-07-15,102.0000,129.4200,12.7390,0.400
2013-07-16,100.1200,126.6800,12.6280,-0.196
2013-07-17,102.4000,128.6700,12.5310,-0.274
2013-07-18,102.0500,127.8800,12.5375,0.051
2013-07-19,101.4000,126.8100,12.5525,0.372
2013-07-22,100.8900,126.1100,12.5040,0.034
2013-07-23,103.0700,128.9200,12.5125,0.036
2013-07-24,102.0000,128.8100,12.6425,0.111
2013-07-25,100.9800,127.1700,12.6550,0.488
2013-07-26,100.2500,127.0900,12.7120,0.274
2013-07-29,98.4400,125.8500,12.7340,-0.395
2013-07-30,98.3300,125.9000,12.7540,-0.389
2013-07-31,99.4900,127.3800,12.8570,0.419
2013-08-01,102.3600,131.9300,12.8240,-0.503
2013-08-02,104.3800,132.2100,12.6805,0.113
2013-08-05,103.5300,131.2600,12.6765,-0.015
2013-08-06,104.1800,131.9400,12.6440,-0.163
2013-08-07,103.7300,132.0800,12.6900,-0.338
2013-08-08,104.3000,131.4600,12.6170,0.103
2013-08-09,106.1100,134.0500,12.6010,-0.254
2013-08-12,102.0100,129.2500,12.5620,-0.855
2013-08-13,101.3700,128.9800,12.7515,0.219
2013-08-14,100.9800,128.7000,12.7205,-0.193
2013-08-15,99.1000,127.2700,12.8335,-0.071
2013-08-16,97.5700,126.1300,12.8685,-0.454
2013-08-19,99.6300,130.5900,12.9900,-0.896
2013-08-20,99.2800,129.2200,12.9795,-0.278
2013-08-21,96.9700,128.6600,13.1700,-0.739
2013-08-22,96.0900,126.2300,13.1555,0.144
2013-08-23,97.3200,126.7300,12.9930,-0.223
2013-08-26,95.4400,126.0700,13.1420,-0.510
2013-08-27,93.9000,124.2900,13.3145,0.590
2013-08-28,92.7000,123.6100,13.2295,-0.787
2013-08-29,92.5700,123.7400,13.2850,-0.615
2013-08-30,94.3800,126.4800,13.3355,-0.490
2013-09-03,94.7300,126.6000,13.4330,0.514
2013-09-04,95.8400,127.3600,13.2930,0.031
2013-09-05,96.0100,128.6200,13.3990,0.019
2013-09-06,99.0400,130.3900,13.1775,0.092
2013-09-09,100.6500,132.0800,13.1530,0.231
2013-09-10,101.3500,132.8800,13.1420,0.236
2013-09-11,101.4100,132.6400,13.0870,0.057
2013-09-12,100.1700,131.2800,13.0970,-0.067
2013-09-13,100.3100,131.3300,13.0490,-0.332
2013-09-17,100.8000,130.4600,12.9180,-0.189
2013-09-18,105.0000,133.4900,12.9700,2.019
2013-09-19,105.7000,134.4500,12.7380,0.142
2013-09-20,103.0000,133.0100,12.7770,-1.058
2013-09-23,102.3900,131.2000,12.7990,-0.115
2013-09-24,101.8800,131.7200,12.8605,-0.529
2013-09-25,102.8900,134.0700,12.9340,-0.740
2013-09-26,101.2900,132.2300,13.0465,-0.062
2013-09-27,98.0400,129.0800,13.1465,-0.149
2013-09-30,97.0900,127.0000,13.1550,0.568
2013-10-01,100.2300,131.7600,13.1771,0.238
2013-10-02,98.4900,129.2600,13.1530,0.220
2013-10-03,96.2900,126.6700,13.2465,0.695
2013-10-04,98.5000,129.0400,13.0855,-0.115
2013-10-07,97.5200,127.8900,13.0880,-0.200
2013-10-08,95.7200,126.5200,13.1520,-0.497
2013-10-09,95.4200,126.1600,13.2020,-0.148
2013-10-10,96.5500,126.3500,13.0700,-0.126
2013-10-11,96.4600,125.1300,13.0475,0.580
2013-10-14,95.0300,123.6300,13.0475,0.292
2013-10-15,93.5200,121.5400,12.9485,-0.367
2013-10-16,93.0000,119.7100,12.8585,-0.105
2013-10-17,93.9300,120.1700,12.7665,-0.212
2013-10-18,93.5000,120.0300,12.8010,-0.284
2013-10-21,91.9900,119.5500,12.9590,-0.285
2013-10-22,93.9800,121.0800,12.8610,-0.175
2013-10-23,93.9100,121.9600,12.9335,-0.411
2013-10-24,91.6500,118.3300,12.9770,0.511
2013-10-25,94.4000,121.6100,12.8750,-0.058
2013-10-28,93.9300,121.0100,12.8625,-0.159
2013-10-29,94.9500,122.8000,12.8740,-0.457
2013-10-30,94.2300,121.9000,12.8765,-0.463
2013-10-31,93.3000,122.0500,12.9995,-0.627
2013-11-01,93.7000,122.3800,13.0815,0.158
2013-11-04,91.9100,119.5800,12.9855,-0.193
2013-11-05,89.4600,118.1300,13.1400,-0.491
2013-11-06,89.6000,117.9000,13.1495,-0.068
2013-11-07,88.6600,117.3300,13.1975,-0.274
2013-11-08,90.2600,118.7300,13.2430,0.675
2013-11-11,89.7100,118.6800,13.2430,0.104
2013-11-12,89.3900,118.3300,13.1980,-0.298
2013-11-13,89.4300,117.0500,13.0850,-0.026
2013-11-14,91.0000,118.2300,13.0070,0.113
2013-11-15,94.5700,122.6700,12.9505,-0.161
2013-11-19,91.9500,119.2200,12.8965,-0.534
2013-11-20,92.3500,120.3100,12.9805,-0.362
2013-11-21,91.3900,119.3000,13.0635,0.073
2013-11-22,91.7000,119.0900,12.9985,0.089
2013-11-25,91.6500,119.7300,13.0130,-0.389
2013-11-26,91.6300,120.0200,13.0665,-0.243
2013-11-27,94.7600,124.5900,13.0960,-0.395
2013-11-29,94.9500,125.9400,13.1110,-1.152
2013-12-02,92.8400,122.8000,13.2030,-0.182
2013-12-03,92.7200,121.7800,13.2165,0.627
2013-12-04,93.4700,121.9400,13.1020,0.430
2013-12-05,92.2400,120.9200,13.0185,-0.692
2013-12-06,93.5700,121.1600,12.9380,-0.082
2013-12-09,94.9900,122.4000,12.8505,-0.272
2013-12-10,95.3900,122.8100,12.8850,0.081
2013-12-11,95.4700,124.2500,12.9225,-0.707
2013-12-13,94.5600,122.4300,12.9575,0.079
2013-12-16,94.5300,122.5700,12.9450,-0.164
2013-12-17,93.7500,121.8200,12.9530,-0.317
2013-12-18,95.2200,123.3000,12.9925,0.336
2013-12-19,95.4500,124.2000,12.9710,-0.315
2013-12-20,95.9200,124.3200,12.9475,-0.103
2013-12-23,97.5500,126.9900,12.9725,-0.349
2013-12-26,97.2500,127.1500,13.0555,-0.146
2013-12-27,97.5100,127.4800,13.0730,-0.004
2013-12-30,97.9900,128.1600,13.0490,-0.229
2014-01-02,94.4400,124.2700,13.1155,-0.328
2014-01-03,94.0600,123.6300,13.1055,-0.291
2014-01-06,93.7500,122.8500,13.0930,-0.084
2014-01-07,94.3900,123.2200,13.0450,-0.072
2014-01-08,92.7100,121.8000,13.0905,-0.360
2014-01-09,94.0000,122.9700,13.1550,0.559
2014-01-10,96.9400,126.1700,12.9965,-0.144
2014-01-13,95.6100,125.3300,13.0135,-0.724
2014-01-14,95.1400,124.8100,13.0865,-0.244
2014-01-15,93.7000,123.9600,13.1640,-0.495
2014-01-16,92.7700,123.0400,13.3115,0.366
2014-01-17,92.9200,123.3400,13.2680,-0.044
2014-01-21,93.5700,124.0300,13.2970,0.314
2014-01-22,93.8600,125.1800,13.3180,-0.142
2014-01-23,92.4200,123.8600,13.3785,-0.174
2014-01-24,90.4800,121.7600,13.4560,-0.008
2014-01-27,89.8900,120.7000,13.4450,0.130
2014-01-28,90.3000,119.6800,13.3135,0.452
2014-01-29,89.9400,120.3600,13.3415,-0.305
2014-01-30,90.4100,120.7800,13.3105,-0.364
2014-01-31,90.2400,121.1800,13.3585,-0.522
2014-02-04,88.9100,118.9200,13.3605,-0.111
2014-02-05,88.1700,117.2400,13.3375,0.304
2014-02-06,88.4900,117.5000,13.2175,-0.458
2014-02-07,91.2000,121.1300,13.3305,0.367
2014-02-10,89.0600,118.7300,13.3035,-0.210
2014-02-11,90.5800,120.5800,13.2845,-0.207
2014-02-12,89.6100,119.2300,13.3125,0.053
2014-02-13,89.1900,118.3200,13.3380,0.542
2014-02-14,90.5200,119.9100,13.2505,0.028
2014-02-18,90.5200,119.7200,13.2285,0.020
2014-02-19,89.0900,118.8800,13.2720,-0.538
2014-02-20,88.8300,118.1100,13.2935,-0.020
2014-02-21,88.9900,118.0600,13.2710,0.033
2014-02-24,88.8800,117.9100,13.2035,-0.473
2014-02-25,86.0000,113.6800,13.2110,-0.058
2014-02-26,85.0000,112.8800,13.3175,0.282
2014-02-27,86.9800,115.4800,13.2960,0.146
2014-02-28,85.6200,113.4900,13.2255,-0.223
2014-03-03,84.7300,112.8900,13.3315,0.060
2014-03-04,86.3100,114.4300,13.2820,0.181
2014-03-05,86.0000,113.9400,13.2520,0.024
2014-03-06,86.0500,113.2700,13.1425,-0.158
2014-03-07,84.8700,111.8400,13.1740,-0.029
2014-03-10,83.4600,110.3900,13.2200,-0.051
2014-03-11,83.3000,110.6100,13.2325,-0.347
2014-03-12,82.7400,109.6400,13.2700,0.142
2014-03-13,82.5900,109.6200,13.2290,-0.330
2014-03-14,83.3300,109.9900,13.2275,0.213
2014-03-18,85.0000,112.0100,13.1670,-0.081
2014-03-19,85.2200,113.0400,13.1685,-0.724
2014-03-20,88.8300,118.2000,13.2625,-0.329
2014-03-21,88.6800,117.1500,13.2200,0.073
2014-03-24,88.4100,116.8200,13.1945,-0.143
2014-03-25,89.8200,117.9900,13.1415,0.040
2014-03-26,90.6000,119.2900,13.1260,-0.309
2014-03-27,93.1800,122.0500,13.0680,-0.231
2014-03-28,93.0500,121.6400,13.0880,0.118
2014-03-31,93.2400,121.6100,13.0560,0.102
2014-04-01,92.8000,121.1600,13.0265,-0.226
2014-04-02,92.9300,121.6600,13.1005,0.068
2014-04-03,91.1400,119.7600,13.1335,-0.051
2014-04-04,90.8700,118.3400,13.0265,0.027
2014-04-07,91.1900,118.7900,13.0090,-0.135
2014-04-08,93.4400,121.8100,12.9500,-0.661
2014-04-09,93.3400,121.3500,13.0525,0.397
2014-04-10,92.3300,120.7600,13.0455,-0.257
2014-04-11,92.3500,120.6000,13.0740,0.115
2014-04-14,92.7600,120.9000,13.0510,0.133
2014-04-15,92.1700,120.9000,13.0960,-0.161
2014-04-16,94.9700,124.0800,13.0545,-0.082
2014-04-21,94.9600,123.6300,13.0400,0.160
2014-04-22,93.0300,121.1800,13.0500,0.185
2014-04-23,91.4900,119.5000,13.0920,0.233
2014-04-24,91.9100,120.3400,13.0955,0.017
2014-04-25,90.8300,119.2200,13.1350,0.071
2014-04-28,90.5700,118.9200,13.1425,0.094
2014-04-29,91.0400,119.5600,13.1155,-0.131
2014-04-30,90.7700,119.3900,13.0835,-0.529
2014-05-02,93.1600,121.3100,12.9985,-0.178
2014-05-05,92.3100,120.5300,13.0080,-0.376
2014-05-06,94.6900,123.4100,13.0025,-0.234
2014-05-07,97.7800,126.8900,12.9800,0.022
2014-05-08,97.9400,126.8000,12.9455,-0.009
2014-05-09,98.5300,127.5600,12.9860,0.307
2014-05-12,98.8500,128.1900,12.9575,-0.082
2014-05-13,100.2200,129.5200,12.9260,0.019
2014-05-14,99.4800,128.4000,12.8850,-0.171
2014-05-15,97.3400,126.0700,12.9745,0.178
2014-05-16,98.5500,127.0700,12.9220,0.217
2014-05-19,98.2000,126.5100,12.8945,0.090
2014-05-20,97.3800,125.6500,12.9365,0.259
2014-05-21,97.3400,125.7900,12.9150,-0.060
2014-05-22,97.3000,125.3900,12.8815,-0.042
2014-05-23,96.8800,124.6400,12.8630,-0.019
2014-05-27,96.6200,124.5200,12.8870,-0.005
2014-05-28,96.0400,123.6500,12.8710,-0.030
2014-05-29,96.6000,124.1400,12.8455,-0.042
2014-05-30,95.0100,122.0400,12.8605,0.121
2014-06-02,95.8300,123.8300,12.9110,-0.084
2014-06-03,96.8400,125.4400,12.9375,-0.122
2014-06-04,96.6900,125.2900,12.9460,-0.092
2014-06-05,97.3700,125.5700,12.8765,-0.153
2014-06-06,97.6700,126.2200,12.9070,-0.125
2014-06-09,97.2100,126.6400,12.9880,-0.303
2014-06-10,96.0000,125.1200,13.0435,0.078
2014-06-11,96.4000,125.6900,13.0295,-0.068
2014-06-12,95.7200,124.1400,12.9860,0.130
2014-06-13,95.3800,124.0500,13.0215,0.120
2014-06-16,94.3300,123.1300,13.0264,-0.205
2014-06-17,93.7500,122.5600,13.0910,0.137
2014-06-18,95.6800,124.3500,13.0660,0.535
2014-06-19,96.1800,125.3500,12.9955,-0.287
2014-06-20,94.7300,123.2100,13.0065,0.000
2014-06-23,94.6500,123.2700,12.9950,-0.221
2014-06-24,94.0000,122.9600,13.0195,-0.469
2014-06-25,95.3700,124.3000,13.0195,-0.107
2014-06-26,94.3300,122.7600,13.0200,0.047
2014-06-27,94.7700,122.7600,13.0010,0.367
2014-06-30,93.6500,121.5900,12.9695,-0.107
2014-07-01,93.6900,121.1300,12.9455,0.129
2014-07-02,94.9000,123.2600,12.9625,-0.199
2014-07-03,97.0200,125.1300,12.9665,0.536
2014-07-07,95.1300,123.7500,13.0030,-0.042
2014-07-08,95.1100,123.6900,13.0020,-0.023
2014-07-09,94.4600,122.3300,12.9725,0.170
2014-07-10,93.6600,121.7400,12.9985,0.003
2014-07-11,93.1700,121.1100,12.9820,-0.129
2014-07-14,94.9800,123.3500,12.9773,-0.074
2014-07-15,95.1000,123.4200,12.9735,-0.034
2014-07-16,97.2300,125.5400,12.9350,0.181
2014-07-17,96.4600,125.2400,12.9700,-0.105
2014-07-18,97.8800,126.7300,12.9610,0.104
2014-07-21,98.1400,127.3200,12.9685,-0.037
2014-07-22,98.3300,127.4200,12.9355,-0.177
2014-07-23,98.9900,127.9700,12.9260,-0.012
2014-07-24,100.2600,129.6500,12.9550,0.183
2014-07-25,97.0700,125.2600,12.9500,0.356
2014-07-28,95.4200,124.3200,12.9875,-0.316
2014-07-29,94.8100,123.9600,13.0655,-0.069
2014-07-30,94.1700,123.9900,13.1375,-0.221
2014-07-31,93.8900,124.3500,13.2370,-0.055
2014-08-01,93.9300,123.8400,13.2140,0.225
2014-08-04,95.7900,126.1700,13.1980,0.201
2014-08-05,94.6000,125.7300,13.2810,-0.073
2014-08-06,94.5200,125.1900,13.2545,0.073
2014-08-07,93.1300,124.0000,13.2665,-0.362
2014-08-08,92.9000,123.0800,13.2340,-0.111
2014-08-11,94.8300,125.2700,13.1920,-0.136
2014-08-12,94.4900,124.2500,13.1700,0.156
2014-08-13,94.0000,123.4200,13.1060,-0.181
2014-08-14,94.6400,123.8000,13.0710,-0.078
2014-08-15,94.6500,123.7700,13.1015,0.190
2014-08-18,95.3800,124.3400,13.0495,0.101
2014-08-19,95.8900,125.2200,13.0570,-0.013
2014-08-20,96.2400,126.2600,13.0825,-0.280
2014-08-21,97.4400,127.6100,13.0935,-0.021
2014-08-22,96.4700,126.7700,13.1375,-0.026
2014-08-25,96.8100,127.2000,13.1305,-0.066
2014-08-26,96.0200,125.5700,13.1050,0.210
2014-08-27,97.0700,126.9100,13.0850,0.084
2014-08-28,95.7400,125.1700,13.1175,0.333
2014-08-29,96.9100,126.9300,13.0690,-0.219
2014-09-02,97.9600,128.3200,13.1310,0.243
2014-09-03,98.4200,128.9000,13.0915,-0.041
2014-09-04,96.9200,127.2300,13.1115,-0.121
2014-09-05,96.8000,126.1100,13.0680,0.308
2014-09-08,95.8700,125.0100,13.0755,0.276
2014-09-09,93.7700,123.7500,13.2040,0.052
2014-09-10,93.8500,123.8500,13.2090,0.094
2014-09-11,92.9700,122.9700,13.2120,-0.112
2014-09-12,94.4200,124.9400,13.2485,0.122
2014-09-15,95.2200,126.1700,13.2315,-0.142
2014-09-17,97.2600,128.2900,13.1805,-0.075
2014-09-18,97.1300,128.8000,13.2355,-0.189
2014-09-19,95.3200,126.2300,13.2390,-0.028
2014-09-22,94.5700,125.6000,13.2595,-0.163
2014-09-23,93.2700,124.3500,13.2925,-0.298
2014-09-24,94.9000,126.0400,13.2990,0.133
2014-09-25,92.2800,123.6000,13.3800,-0.105
2014-09-26,92.0400,123.5300,13.4445,0.173
2014-09-29,92.0300,124.2500,13.4823,-0.139
2014-09-30,92.0500,123.6300,13.4270,-0.028
2014-10-01,90.6600,121.9900,13.4610,0.039
2014-10-02,91.4700,122.2700,13.4100,0.320
2014-10-03,91.0700,123.0000,13.4725,-0.249
2014-10-06,93.1500,124.9600,13.3970,-0.134
2014-10-07,92.5200,124.8400,13.4370,-0.417
2014-10-08,93.0700,124.3300,13.4855,0.949
2014-10-09,91.2500,122.4200,13.3940,-0.163
2014-10-10,89.0700,120.0400,13.4270,-0.371
2014-10-13,87.3600,117.6800,13.4270,-0.324
2014-10-14,87.3000,117.3900,13.4015,-0.336
2014-10-15,87.9000,119.1500,13.5615,0.047
2014-10-16,87.4600,118.6000,13.5605,0.000
2014-10-17,88.1000,119.7700,13.5155,-0.583
2014-10-20,90.2000,122.0400,13.5365,0.049
2014-10-21,91.5700,124.0400,13.5060,-0.295
2014-10-22,91.3900,123.9000,13.5430,-0.105
2014-10-23,90.9300,123.2700,13.5240,-0.240
2014-10-24,91.6500,124.3500,13.5290,-0.287
2014-10-27,93.3200,126.0800,13.5727,0.460
2014-10-28,93.4700,125.7200,13.4880,0.280
2014-10-29,93.8200,126.5100,13.4150,-0.514
2014-10-30,95.6100,128.4300,13.4300,-0.020
2014-10-31,96.2400,129.5200,13.4825,0.182
2014-11-03,95.2600,129.5200,13.5405,-0.412
2014-11-04,96.9300,131.3400,13.5930,0.317
2014-11-05,96.7200,131.2900,13.5935,0.142
2014-11-06,96.8100,132.0500,13.6205,-0.144
2014-11-07,97.2900,131.3900,13.5625,0.426
2014-11-10,96.3700,130.8200,13.5475,-0.201
2014-11-11,96.2200,130.7900,13.5475,-0.333
2014-11-12,96.4700,130.5400,13.5600,0.209
2014-11-13,95.5200,129.8300,13.6120,0.148
2014-11-14,94.9700,128.3700,13.5360,0.141
2014-11-18,97.3800,131.9400,13.5450,-0.029
2014-11-19,97.9900,133.3300,13.6070,0.004
2014-11-20,97.1200,132.2700,13.6170,-0.016
2014-11-21,98.2800,133.6000,13.6255,0.233
2014-11-24,96.6400,131.9200,13.6415,-0.067
2014-11-25,96.7900,132.2200,13.6410,-0.143
2014-11-26,97.7500,134.1800,13.7155,-0.083
2014-11-28,97.0400,132.7600,13.9210,1.755
2014-12-01,92.3100,128.7000,13.9355,-0.048
2014-12-02,91.7800,129.3800,14.0695,-0.193
2014-12-03,91.3200,128.7700,14.0920,-0.064
2014-12-04,89.5500,126.7200,14.1020,-0.345
2014-12-05,89.3500,128.5000,14.3260,-0.387
2014-12-08,88.4200,127.4700,14.4270,0.073
2014-12-09,86.6200,124.5400,14.3655,-0.085
2014-12-10,83.3100,121.2300,14.5175,-0.235
2014-12-11,83.8100,123.6600,14.7050,-0.338
2014-12-15,82.3800,121.5000,14.7940,0.307
2014-12-16,81.9400,120.8700,14.7440,-0.048
2014-12-17,84.8900,124.4500,14.5655,-0.646
2014-12-18,88.3200,128.5900,14.5585,-0.007
2014-12-19,88.7200,129.9100,14.6635,0.142
2014-12-22,89.2200,130.7800,14.6405,-0.120
2014-12-23,88.6200,131.0900,14.7075,-0.574
2014-12-24,88.3800,130.0600,14.7460,0.204
2014-12-26,88.1100,129.7000,14.7460,0.175
2014-12-29,88.3600,130.5500,14.7125,-0.422
2014-12-30,88.5100,130.0100,14.7230,0.233
2014-12-31,88.0300,130.8800,14.7500,-0.791
2015-01-02,85.4000,126.8200,14.8060,-0.297
2015-01-05,82.9700,124.0700,14.9700,0.110
2015-01-06,84.5700,126.3500,14.8785,-0.414
2015-01-07,85.3000,125.8100,14.7875,0.260
2015-01-08,86.9200,127.8000,14.6095,-0.637
2015-01-09,87.0400,127.1600,14.5765,-0.225
2015-01-12,86.2800,126.1200,14.6370,0.133
2015-01-13,86.9600,126.9000,14.5755,-0.119
2015-01-14,86.4900,125.1500,14.5740,0.720
2015-01-15,84.3100,123.6800,14.5920,-0.529
2015-01-16,86.2200,125.3000,14.6110,0.540
2015-01-20,86.3500,126.7300,14.6465,-0.203
2015-01-21,87.6000,129.8700,14.7250,-0.677
2015-01-22,90.4300,132.6300,14.6015,-0.444
2015-01-23,87.7200,128.4100,14.6400,0.009
2015-01-26,87.9000,128.3300,14.5640,-0.243
2015-01-27,87.4200,128.0100,14.5775,-0.448
2015-01-28,86.4200,127.4900,14.6855,-0.453
2015-01-29,85.5900,126.7100,14.8805,0.515
2015-01-30,83.5600,125.1900,15.0050,0.153
2015-02-03,85.6200,125.8900,14.7515,0.328
2015-02-04,85.6500,127.2100,14.7935,-0.396
2015-02-05,87.5000,129.5600,14.7480,-0.397
2015-02-06,87.0000,129.4300,14.9175,0.272
2015-02-09,88.9000,131.7400,14.8090,-0.067
2015-02-10,88.1700,132.1300,14.9530,-0.219
2015-02-11,86.4500,130.4000,15.1025,0.124
2015-02-12,88.9100,132.8200,14.8905,-0.323
2015-02-13,88.6600,131.8300,14.8730,0.026
2015-02-17,89.1600,133.2000,14.8850,-0.364
2015-02-18,87.8100,130.5600,14.9610,0.622
2015-02-19,87.7700,131.8800,14.9370,-0.590
2015-02-20,89.5300,134.3200,15.0625,0.398
2015-02-23,90.4900,136.2600,15.0780,0.133
2015-02-24,92.5800,137.9800,14.9755,0.481
2015-02-25,91.3600,136.1300,14.9190,0.125
2015-02-26,95.2600,142.9800,14.9465,-0.419
2015-02-27,95.2600,142.7300,14.9390,-0.295
2015-03-02,95.7400,143.5400,14.9895,-0.021
2015-03-03,95.3100,142.8200,14.9350,-0.332
2015-03-04,92.1300,138.8500,15.0825,0.076
2015-03-05,92.2700,139.9300,15.1810,0.104
2015-03-06,89.4500,138.2600,15.4480,-0.056
2015-03-09,88.1400,136.6800,15.4635,-0.281
2015-03-10,86.5300,135.3000,15.5815,-0.350
2015-03-11,88.0300,136.3800,15.4610,-0.203
2015-03-12,90.4600,139.8800,15.3660,-0.629
2015-03-13,89.9700,139.6400,15.4985,-0.143
2015-03-17,90.2100,138.7400,15.4250,0.295
2015-03-18,93.8100,141.8700,15.4285,2.019
2015-03-19,93.0000,142.5100,15.3055,-0.118
2015-03-20,93.1000,140.1000,15.0500,0.011
2015-03-23,93.6100,140.0800,14.9565,-0.052
2015-03-24,94.2800,141.3500,14.9450,-0.317
2015-03-25,94.3100,141.2000,14.9330,-0.260
2015-03-26,92.2900,139.7300,15.0855,-0.362
2015-03-27,94.4400,143.4600,15.1720,-0.122
2015-03-30,93.9900,143.3800,15.2490,-0.038
2015-03-31,93.5000,143.1100,15.2450,-0.398
2015-04-01,95.0900,144.0300,15.1130,-0.223
2015-04-06,97.0900,144.8400,14.8225,-0.641
2015-04-07,97.7500,145.8400,14.9200,0.002
2015-04-08,98.8800,147.1600,14.9065,0.160
2015-04-09,98.0700,147.4600,15.0550,0.125
2015-04-10,97.1000,147.4700,15.1670,-0.135
2015-04-13,95.2400,146.7000,15.3110,-0.599
2015-04-14,95.8100,146.4400,15.2135,-0.464
2015-04-15,95.1000,145.1100,15.3610,0.671
2015-04-16,95.6700,145.2700,15.2160,0.208
2015-04-17,93.7400,143.5200,15.3190,0.056
2015-04-20,93.3000,143.9800,15.3940,-0.246
2015-04-21,93.7800,144.7900,15.3810,-0.378
2015-04-22,93.1800,143.8600,15.4275,-0.074
2015-04-23,94.1400,144.6900,15.3305,-0.255
2015-04-24,94.1200,144.7100,15.3825,0.048
2015-04-27,92.5000,141.4400,15.3175,0.175
2015-04-28,92.4900,140.6800,15.2185,0.054
2015-04-29,92.5500,140.5900,15.1680,-0.149
2015-04-30,90.4900,139.0800,15.3855,0.103
2015-05-04,92.2600,142.5500,15.5120,0.395
2015-05-05,93.2500,142.9200,15.3410,0.094
2015-05-06,92.7100,142.2600,15.2945,-0.327
2015-05-07,93.4700,143.0000,15.3325,0.219
2015-05-08,95.6700,144.6800,15.1210,-0.012
2015-05-11,95.0900,145.6800,15.2855,-0.227
2015-05-12,93.7800,143.9200,15.2980,-0.316
2015-05-13,94.4500,144.1800,15.2385,-0.175
2015-05-14,96.4400,145.4200,15.1160,0.247
2015-05-15,96.5600,144.8500,14.9970,-0.027
2015-05-18,97.7800,147.7300,15.1280,0.130
2015-05-19,96.5400,146.5500,15.1910,0.071
2015-05-20,96.0900,146.1600,15.1900,-0.136
2015-05-21,95.4800,145.5200,15.2580,0.112
2015-05-22,93.6800,143.1200,15.2915,0.091
2015-05-26,90.6000,138.5400,15.3310,0.259
2015-05-27,91.8500,140.4100,15.3570,0.459
2015-05-28,90.8400,139.2200,15.3765,0.330
2015-05-29,88.9000,137.0300,15.3688,-0.293
2015-06-01,89.4700,138.5200,15.4685,-0.089
2015-06-02,90.1000,138.9900,15.4345,0.054
2015-06-03,89.1100,138.3800,15.4555,-0.474
2015-06-04,88.8200,137.9500,15.5575,0.168
2015-06-05,88.0900,138.2300,15.6925,0.004
2015-06-08,87.5200,136.9000,15.6735,0.200
2015-06-09,88.3500,137.8500,15.5530,-0.319
2015-06-10,88.6100,137.1500,15.4610,-0.109
2015-06-11,90.0900,138.5200,15.3990,0.151
2015-06-12,89.3700,137.7600,15.3975,-0.111
2015-06-15,88.1900,136.3600,15.4190,-0.279
2015-06-16,89.6100,138.1200,15.4230,0.062
2015-06-17,91.6600,140.0900,15.4300,0.958
2015-06-18,90.9900,140.0400,15.2710,-0.778
2015-06-19,90.5600,139.4300,15.3440,-0.340
2015-06-22,91.3100,140.2500,15.3265,-0.217
2015-06-23,90.8300,140.1800,15.3970,-0.235
2015-06-24,90.1300,139.8600,15.4450,-0.468
2015-06-25,90.0700,139.5100,15.4860,-0.020
2015-06-26,90.8000,141.1800,15.5630,0.094
2015-06-29,89.1600,139.8600,15.6555,-0.197
2015-06-30,89.0900,139.9700,15.6902,-0.133
2015-07-01,89.4000,141.2600,15.7780,-0.145
2015-07-02,90.3100,141.3600,15.6895,0.235
2015-07-06,89.2000,140.2600,15.7430,0.119
2015-07-07,89.8900,141.8000,15.8330,0.369
2015-07-08,88.7700,140.9500,15.8110,-0.423
2015-07-09,88.8000,140.6200,15.7940,-0.263
2015-07-10,90.6900,142.6800,15.7305,-0.014
2015-07-13,89.6200,140.8700,15.7295,0.069
2015-07-14,91.0000,142.9600,15.6715,-0.244
2015-07-15,91.4600,144.5000,15.7740,-0.160
2015-07-16,92.2500,145.9300,15.7985,-0.129
2015-07-17,91.7400,145.9400,15.9160,0.050
2015-07-20,91.8300,147.1800,15.9885,-0.243
2015-07-21,90.9600,145.2800,15.9565,-0.096
2015-07-22,88.3700,142.5900,16.1065,-0.180
2015-07-23,89.8700,145.4900,16.1325,-0.349
2015-07-24,88.2300,143.4500,16.2265,-0.198
2015-07-27,87.4700,142.4300,16.2665,-0.103
2015-07-28,88.4800,143.9800,16.2565,-0.099
2015-07-29,90.0200,146.4100,16.1945,-0.428
2015-07-30,90.5500,147.7400,16.4755,0.979
2015-07-31,90.6400,146.1000,16.0610,-0.358
2015-08-03,91.2900,147.6300,16.1015,-0.433
2015-08-04,91.7000,149.2000,16.1660,-0.642
2015-08-05,90.8600,148.9000,16.3775,-0.063
2015-08-06,91.0700,148.4300,16.3615,0.387
2015-08-07,91.7000,148.2600,16.1780,0.062
2015-08-10,93.8300,151.2300,16.1535,0.224
2015-08-11,90.5700,147.5300,16.3335,0.273
2015-08-12,90.0800,146.7500,16.2960,0.030
2015-08-13,90.1200,147.8400,16.3735,-0.191
2015-08-14,91.1400,149.1300,16.3655,0.017
2015-08-17,91.5200,150.3000,16.3995,-0.141
2015-08-18,90.8300,148.8200,16.4220,0.229
2015-08-19,88.0600,145.8700,16.5260,-0.234
2015-08-20,86.8000,145.3200,16.6630,-0.471
2015-08-21,83.7900,142.6400,16.9250,-0.579
2015-08-24,81.9000,141.2200,17.0825,-0.931
2015-08-25,83.4600,144.0000,17.0080,-1.424
2015-08-26,86.0500,146.4600,17.0890,0.403
2015-08-27,87.8800,147.6800,16.8815,0.457
2015-08-28,87.8100,146.5900,16.7800,0.515
2015-08-31,89.0300,149.3500,16.7315,-0.261
2015-09-01,86.6900,147.1000,16.8775,-0.536
2015-09-02,87.5700,146.9200,16.9415,0.978
2015-09-03,87.6300,147.3300,16.7850,-0.165
2015-09-04,84.8000,143.7700,16.8620,-0.543
2015-09-08,85.1100,143.2000,16.7840,-0.245
2015-09-09,84.8500,142.9200,16.8015,-0.251
2015-09-10,85.5800,143.5200,16.7575,-0.076
2015-09-11,86.2400,145.0500,16.8230,0.022
2015-09-14,85.1800,142.9200,16.7955,0.101
2015-09-15,86.8300,145.4200,16.7680,0.121
2015-09-17,90.8000,150.2300,16.5880,0.259
2015-09-18,89.9900,150.1400,16.5615,-0.735
2015-09-21,90.5000,151.0500,16.6925,0.011
2015-09-22,89.6500,151.3400,16.8790,-0.013
2015-09-23,90.2700,154.3600,17.1040,0.024
2015-09-24,89.8700,151.7700,17.0620,1.032
2015-09-25,87.2500,148.3200,16.9630,-0.214
2015-09-28,86.5600,148.1700,17.0115,-0.620
2015-09-29,87.9500,149.8500,17.0895,0.302
2015-09-30,89.2500,151.2700,16.8980,-0.301
2015-10-01,88.4300,149.6800,16.8915,-0.206
2015-10-02,89.6400,150.3900,16.8115,0.205
2015-10-05,91.6100,153.4500,16.6990,-0.307
2015-10-06,91.7200,152.9000,16.6820,0.070
2015-10-07,90.6200,150.7200,16.5735,-0.352
2015-10-08,92.5000,152.0800,16.5015,0.367
2015-10-09,93.5100,153.7100,16.4125,-0.154
2015-10-12,93.7500,154.7300,16.4125,-0.558
2015-10-13,93.5100,155.6100,16.5680,-0.439
2015-10-14,93.8500,154.2100,16.5715,0.852
2015-10-15,95.0300,155.6200,16.4280,0.318
2015-10-16,96.9000,158.4500,16.3820,0.184
2015-10-19,96.0100,158.2900,16.5225,0.216
2015-10-20,97.1100,160.7900,16.5715,0.084
2015-10-21,97.8800,162.8200,16.6650,0.182
2015-10-22,100.3500,165.3500,16.5135,0.220
2015-10-23,100.1100,166.1500,16.5380,-0.354
2015-10-26,101.3200,167.6900,16.4900,-0.366
2015-10-27,101.8000,168.1100,16.5525,0.235
2015-10-28,101.8600,168.7800,16.4440,-0.759
2015-10-29,100.8300,167.5000,16.6155,0.020
2015-10-30,99.0900,163.1700,16.5300,0.384
2015-11-03,101.9600,167.3500,16.3730,-0.246
2015-11-04,101.3600,167.3900,16.5245,0.061
2015-11-05,100.3900,166.8200,16.5815,-0.215
2015-11-06,99.4700,167.3900,16.8430,0.088
2015-11-09,96.5200,162.2900,16.8540,0.237
2015-11-10,97.7300,163.5100,16.7625,0.190
2015-11-11,97.4900,163.1800,16.7625,0.146
2015-11-12,97.0500,163.0600,16.7320,-0.415
2015-11-13,96.1800,160.7800,16.6965,-0.120
2015-11-17,98.6800,165.4500,16.7700,0.022
2015-11-18,96.8500,162.0600,16.7655,0.194
2015-11-19,98.7500,164.1900,16.5700,-0.342
2015-11-20,99.5400,164.6000,16.5080,-0.170
2015-11-23,101.0100,167.4400,16.5240,-0.317
2015-11-24,99.9500,165.5500,16.4570,-0.642
2015-11-25,99.7600,164.2900,16.5450,0.464
2015-11-27,97.9100,164.8800,16.5885,-1.493
2015-11-30,96.3800,160.4300,16.6005,-0.271
2015-12-01,98.1000,162.3700,16.5305,-0.127
2015-12-02,97.5200,161.6800,16.5880,0.053
2015-12-03,94.6900,158.5500,16.7180,-0.156
2015-12-04,94.8400,158.3200,16.6555,-0.227
2015-12-07,93.5900,158.0300,16.9000,0.087
2015-12-08,93.7000,158.9200,17.0245,0.377
2015-12-09,93.1800,158.7800,17.0505,0.061
2015-12-10,92.7800,159.5100,17.0945,-0.569
2015-12-11,91.0000,157.7900,17.3570,0.101
2015-12-14,91.5600,158.7500,17.3580,0.113
2015-12-15,94.6200,162.3900,17.1490,-0.078
2015-12-16,94.8000,161.2200,17.1800,1.021
2015-12-17,94.9700,162.0100,17.1190,0.351
2015-12-18,93.2600,159.4200,16.9930,-0.592
2015-12-21,94.1100,161.7400,17.1640,-0.130
2015-12-22,95.1000,163.3700,17.1855,0.039
2015-12-23,94.2400,162.6300,17.1865,-0.409
2015-12-24,94.5900,163.5200,17.2760,-0.065
2015-12-28,94.9800,164.1600,17.2610,-0.131
2015-12-29,94.3500,162.5800,17.2065,-0.146
2015-12-30,91.9900,160.0800,17.3390,-0.361
2015-12-31,92.3500,161.6300,17.1950,-1.754
2016-01-04,90.8400,157.6200,17.3600,0.050
2016-01-05,90.8800,157.8000,17.3595,-0.023
2016-01-06,89.1100,156.3700,17.4360,-0.638
2016-01-07,87.0800,155.1400,17.6525,-0.917
2016-01-08,85.2500,152.6100,17.9145,0.073
2016-01-11,85.2700,152.9800,17.9560,0.086
2016-01-12,86.1100,153.5100,17.9230,0.537
2016-01-13,85.4100,153.5800,17.8595,-0.678
2016-01-14,87.6000,157.0600,17.8930,-0.202
2016-01-15,85.4300,156.7700,18.2475,-0.562
2016-01-19,86.9700,158.9600,18.1845,-0.509
2016-01-20,85.5700,158.6700,18.5945,0.279
2016-01-21,85.3400,160.3100,18.4655,-1.700
2016-01-22,87.7200,161.6300,18.4500,0.132
2016-01-25,87.9100,163.7200,18.5600,-0.341
2016-01-26,89.1600,163.8700,18.4750,0.521
2016-01-27,89.9200,165.9900,18.3780,-0.443
2016-01-28,91.8800,168.5900,18.3120,-0.201
2016-01-29,94.8200,171.8100,18.2110,0.504
2016-02-02,93.0100,172.2200,18.4895,-0.145
2016-02-03,92.9700,169.4800,18.3930,0.897
2016-02-04,91.2700,166.5500,18.2255,-0.124
2016-02-05,89.7100,165.2900,18.3720,-0.287
2016-02-08,88.1500,164.6100,18.6485,-0.136
2016-02-09,87.2500,164.4200,18.8627,0.096
2016-02-10,89.4800,169.3300,18.8470,-0.406
2016-02-11,87.5500,168.7500,19.1925,-0.426
2016-02-12,88.6700,167.5900,19.0040,0.548
2016-02-16,90.8000,171.3800,18.7890,-0.453
2016-02-17,92.4800,169.8400,18.2750,-0.490
2016-02-18,95.2800,174.1000,18.1705,-0.558
2016-02-19,96.5100,176.2700,18.2720,0.041
2016-02-22,96.4500,174.0500,18.0190,-0.148
2016-02-23,95.2300,173.4600,18.2000,-0.082
2016-02-24,93.9100,170.9100,18.2270,0.152
2016-02-25,94.0300,170.2900,18.1305,0.112
2016-02-26,93.3100,170.3300,18.1850,-0.379
2016-02-29,93.5900,169.9100,18.0675,-0.480
2016-03-01,95.5200,170.9700,17.9000,0.006
2016-03-02,96.1700,171.6500,17.8415,-0.040
2016-03-03,95.9800,172.1200,17.9015,-0.175
2016-03-04,95.2700,169.2800,17.7575,-0.062
2016-03-07,92.7300,164.3400,17.7370,0.082
2016-03-08,89.9900,161.7000,17.9210,-0.265
2016-03-09,92.5400,164.2000,17.7045,-0.221
2016-03-10,91.1300,162.3800,17.8955,0.432
2016-03-11,92.4800,163.6900,17.6905,-0.054
2016-03-14,92.4200,164.4500,17.7770,-0.094
2016-03-15,89.4400,160.1500,17.9245,0.104
2016-03-16,91.9100,162.4300,17.9405,1.515
2016-03-17,93.0400,161.6800,17.3920,0.084
2016-03-18,94.0500,163.3600,17.2950,-0.429
2016-03-22,94.2400,163.5100,17.3300,-0.117
2016-03-23,92.9400,163.4400,17.5200,-0.373
2016-03-28,92.6200,161.4200,17.4535,0.145
2016-03-29,94.9300,164.8500,17.4885,0.709
2016-03-30,96.6000,166.6700,17.2550,0.008
2016-03-31,96.3100,166.8000,17.2140,-0.607
2016-04-01,97.3800,169.2600,17.3205,-0.350
2016-04-04,96.3700,168.1000,17.4575,0.082
2016-04-05,93.9100,166.1700,17.7480,0.302
2016-04-06,94.0000,166.1600,17.6655,-0.063
2016-04-07,92.0200,164.8600,17.9125,-0.018
2016-04-08,91.3800,162.5900,17.7600,-0.184
2016-04-11,89.9800,158.9900,17.6385,-0.175
2016-04-12,90.9700,158.9100,17.5155,0.270
2016-04-13,91.4400,159.5900,17.4905,0.215
2016-04-14,91.3000,159.2100,17.3670,-0.408
2016-04-15,91.7100,161.2100,17.5580,-0.115
2016-04-18,91.9100,160.2600,17.4515,0.085
2016-04-19,94.4000,163.1600,17.2935,0.056
2016-04-20,94.2100,162.6800,17.2590,-0.051
2016-04-21,93.2900,163.0500,17.4150,-0.359
2016-04-22,93.7000,163.8300,17.4440,-0.232
2016-04-25,93.0500,163.8000,17.6010,-0.014
2016-04-26,93.2400,161.8200,17.3860,0.177
2016-04-27,91.6800,159.1400,17.3790,0.120
2016-04-28,93.2500,161.0900,17.2175,-0.333
2016-04-29,93.2100,160.0800,17.1900,0.092
2016-05-02,92.0400,158.5600,17.2425,0.088
2016-05-03,89.9500,158.5400,17.5415,-0.476
2016-05-04,89.1300,158.7200,17.7050,-0.577
2016-05-05,89.1200,159.2600,17.7850,-0.477
2016-05-06,90.4300,161.5700,17.9155,0.272
2016-05-09,88.7000,161.2000,18.1325,-0.226
2016-05-10,91.1500,163.9100,18.0095,0.150
2016-05-11,90.8900,163.6600,17.9265,-0.444
2016-05-12,92.5900,166.6500,18.0345,0.199
2016-05-13,90.4900,164.8500,18.1470,-0.387
2016-05-16,92.6100,168.5600,18.2160,0.082
2016-05-17,90.1000,165.0100,18.2850,-0.159
2016-05-18,88.5600,163.5800,18.3375,-0.723
2016-05-19,87.6400,161.8400,18.5460,0.431
2016-05-20,87.9700,161.3500,18.3770,0.194
2016-05-23,87.5600,162.0500,18.4710,-0.196
2016-05-24,89.3200,165.0000,18.4435,-0.159
2016-05-25,90.3100,166.7100,18.4500,-0.053
2016-05-26,91.1500,168.2500,18.4500,-0.047
2016-05-27,91.6300,169.1900,18.4280,-0.198
2016-05-31,90.6800,166.7400,18.4130,0.137
2016-06-01,90.9800,168.1800,18.5475,0.336
2016-06-02,90.7300,169.0200,18.6320,0.017
2016-06-03,92.4900,172.1200,18.6120,0.013
2016-06-06,93.8900,175.1000,18.6140,-0.190
2016-06-07,95.3200,175.2700,18.4360,0.264
2016-06-08,96.1200,173.9100,18.1250,0.177
2016-06-09,94.4000,172.3400,18.2885,0.176
2016-06-10,91.5600,170.4900,18.5260,-0.508
2016-06-13,89.3800,168.3400,18.8145,-0.105
2016-06-14,88.8400,168.5400,18.9785,0.039
2016-06-15,89.5200,169.1100,18.8630,-0.147
2016-06-16,90.4100,171.0600,18.9875,0.354
2016-06-17,90.2200,169.9900,18.8615,0.105
2016-06-20,90.4600,169.1400,18.6660,-0.170
2016-06-21,90.2500,168.3500,18.6550,0.007
2016-06-22,91.0100,168.3800,18.5300,0.155
2016-06-23,92.4300,168.3500,18.3010,0.479
2016-06-24,88.1400,167.2300,18.8545,-0.626
2016-06-27,87.2800,167.6100,19.1520,-0.269
2016-06-28,88.8500,166.7500,18.9100,0.759
2016-06-29,91.1900,168.5600,18.5355,0.276
2016-06-30,92.4900,169.1800,18.4935,1.103
2016-07-01,90.3700,166.1700,18.3930,0.029
2016-07-05,90.4800,170.3100,18.7805,-0.225
2016-07-06,88.4200,166.0000,18.7535,-0.109
2016-07-07,87.9000,165.5500,18.8785,0.237
2016-07-08,89.9100,166.0900,18.5615,0.480
2016-07-11,91.2300,168.6400,18.4915,0.034
2016-07-12,91.0900,166.9500,18.2935,-0.188
2016-07-13,90.7100,166.9100,18.4020,0.009
2016-07-14,91.0000,166.8600,18.3240,-0.067
2016-07-15,91.4000,169.1500,18.5190,0.067
2016-07-18,93.4800,171.8400,18.4800,0.530
2016-07-19,93.4500,173.1600,18.5355,0.031
2016-07-20,94.0300,175.1000,18.5820,-0.213
2016-07-21,93.9500,174.4900,18.6150,0.228
2016-07-22,95.3300,176.5500,18.6140,0.508
2016-07-25,95.7900,179.6300,18.7560,0.019
2016-07-26,93.6300,175.6100,18.7902,0.184
2016-07-27,92.1100,173.2800,18.8715,0.315
2016-07-28,89.9800,170.1300,18.9085,0.005
2016-07-29,89.5000,167.7500,18.7610,0.096
2016-08-01,89.3000,168.6500,18.8325,-0.282
2016-08-02,88.6300,167.7900,18.9150,-0.087
2016-08-03,89.0200,168.0500,18.9005,0.120
2016-08-04,88.7700,167.4000,18.8450,-0.067
2016-08-05,89.3900,167.6400,18.8685,0.612
2016-08-08,91.4600,169.7900,18.5785,0.076
2016-08-09,93.7500,172.7700,18.3800,-0.265
2016-08-10,94.3700,173.9800,18.3510,-0.461
2016-08-11,95.8500,174.8500,18.2640,0.120
2016-08-12,96.4800,175.9200,18.2500,0.089
2016-08-15,98.4300,178.0500,18.0450,-0.243
2016-08-16,98.5400,177.7300,17.9750,-0.340
2016-08-17,98.1900,178.4900,18.2765,0.542
2016-08-18,100.5100,182.0500,18.0575,-0.304
2016-08-19,98.6700,180.1800,18.2525,-0.046
2016-08-22,98.0400,179.5000,18.3165,0.042
2016-08-23,95.7500,177.2900,18.3730,-0.772
2016-08-24,96.6200,178.3700,18.4955,0.187
2016-08-25,95.7500,176.0300,18.4385,0.295
2016-08-26,92.6200,171.6500,18.2950,-1.283
2016-08-29,92.9800,173.0200,18.5625,-0.246
2016-08-30,92.1800,173.1100,18.7850,0.029
2016-08-31,91.5500,172.2300,18.8490,0.193
2016-09-01,92.4300,173.3400,18.8260,0.386
2016-09-02,92.8500,172.6300,18.6440,0.278
2016-09-06,93.9400,171.8100,18.3385,0.269
2016-09-07,92.2600,170.0900,18.3505,-0.463
2016-09-08,91.1000,170.4700,18.6100,-0.547
2016-09-09,89.8500,169.2900,18.8395,-0.010
2016-09-12,90.9500,171.5500,19.0705,1.105
2016-09-13,87.7300,167.4300,19.1651,0.421
2016-09-14,87.2500,167.3800,19.2075,0.123
2016-09-15,86.7500,167.9000,19.2425,-0.579
2016-09-19,85.8800,168.7700,19.6205,-0.159
2016-09-20,87.5100,173.9600,19.8485,-0.153
2016-09-21,90.5000,178.4900,19.8425,0.608
2016-09-22,91.6100,179.7400,19.5550,-0.332
2016-09-23,91.7600,182.2600,19.7360,-0.638
2016-09-26,90.1600,180.1000,19.8605,-0.576
2016-09-27,92.5800,179.7300,19.4650,0.265
2016-09-28,92.5700,179.5500,19.5120,0.597
2016-09-29,91.6400,178.6600,19.3825,-0.581
2016-09-30,92.0400,178.7500,19.3355,-0.440
2016-10-03,93.3100,179.9800,19.3350,0.242
2016-10-04,94.1600,181.8000,19.2360,-0.371
2016-10-05,94.5500,182.0200,19.2455,-0.030
2016-10-06,94.3100,181.7300,19.2320,-0.194
2016-10-07,93.2300,179.5000,19.3325,0.411
2016-10-10,96.3200,182.1700,19.3325,2.218
2016-10-11,95.4600,180.7900,18.9685,0.157
2016-10-12,96.2600,182.1100,18.9990,0.425
2016-10-13,95.9900,182.0100,19.0440,0.436
2016-10-14,96.5600,183.3400,19.0475,0.318
2016-10-17,96.6200,182.3600,18.8850,0.059
2016-10-18,97.8000,182.0300,18.6575,0.242
2016-10-19,98.3500,182.6200,18.5605,-0.042
2016-10-20,97.8900,182.2700,18.5910,-0.155
2016-10-21,98.3700,183.2600,18.6315,0.010
2016-10-24,98.6500,183.1900,18.5835,0.074
2016-10-25,97.4000,180.5500,18.4850,-0.280
2016-10-26,95.3600,178.5500,18.6680,-0.298
2016-10-27,96.4500,181.7000,18.8140,-0.132
2016-10-28,95.2100,180.5700,18.7170,-1.310
2016-10-31,95.6700,181.3000,18.7900,-0.847
2016-11-01,91.1400,175.5000,19.1000,-0.811
2016-11-03,89.6200,172.0100,19.2255,0.168
2016-11-04,90.3700,171.9200,19.1180,0.494
2016-11-07,94.6400,176.4000,18.6365,-0.014
2016-11-08,96.2600,177.9300,18.4350,-0.267
2016-11-09,89.2600,176.7700,19.7745,-0.149
2016-11-10,82.9800,170.8700,20.4935,-0.477
2016-11-11,81.6100,169.1700,20.4935,-1.136
2016-11-14,81.6600,168.5000,20.8415,1.004
2016-11-15,80.9000,163.9200,20.3450,0.409
2016-11-16,79.1400,160.2700,20.2720,0.101
2016-11-17,79.7100,162.1500,20.1845,-0.777
2016-11-18,78.1800,161.7500,20.4250,-1.278
2016-11-22,79.3900,163.5700,20.5125,-0.441
2016-11-23,80.7200,167.3000,20.6530,-0.352
2016-11-25,80.1300,164.9100,20.6505,0.341
2016-11-28,80.5200,166.1800,20.5740,-0.312
2016-11-29,79.1100,163.5200,20.5950,-0.363
2016-11-30,78.0500,160.9100,20.4565,-0.775
2016-12-01,76.0200,158.1000,20.7375,-0.287
2016-12-02,76.8100,158.6800,20.6130,-0.222
2016-12-05,77.5500,159.9200,20.5725,-0.238
2016-12-06,76.3100,155.6000,20.3750,-0.076
2016-12-07,76.6300,155.9600,20.3280,-0.120
2016-12-08,77.6000,157.8000,20.3765,0.204
2016-12-09,79.3200,161.9500,20.3330,-0.413
2016-12-13,79.1100,160.4700,20.2560,-0.140
2016-12-14,77.4500,158.8600,20.2295,-1.374
2016-12-15,77.9400,158.7100,20.6140,1.232
2016-12-16,76.5200,156.3900,20.4170,-0.102
2016-12-19,75.6800,154.0700,20.4120,0.265
2016-12-20,75.4900,154.1400,20.4305,0.058
2016-12-21,75.5400,155.4300,20.5100,-0.320
2016-12-22,75.6400,156.7700,20.7095,-0.079
2016-12-23,75.8100,156.3900,20.6110,-0.088
2016-12-27,76.0900,157.8000,20.7085,-0.145
2016-12-28,76.0800,157.8000,20.7350,-0.030
2016-12-29,76.8600,159.1600,20.6755,-0.156
2016-12-30,76.2100,157.6700,20.6170,-0.347
2017-01-03,76.4500,161.2900,20.9060,-0.907
2017-01-04,75.1200,161.4300,21.3855,-0.484
2017-01-05,75.9700,162.9800,21.3950,-0.271
2017-01-06,75.3000,160.0600,21.2960,0.187
2017-01-09,74.1900,158.5600,21.3375,-0.162
2017-01-10,74.5700,162.2200,21.6245,-0.596
2017-01-11,74.3200,162.7800,21.8750,-0.126
2017-01-12,74.7800,163.2400,21.7045,-0.572
2017-01-13,75.3200,162.0900,21.5435,0.108
2017-01-17,76.1900,164.1100,21.5825,0.199
2017-01-18,75.1400,164.8900,21.8510,-0.425
2017-01-19,75.1900,164.9900,21.8910,-0.237
2017-01-20,75.1300,161.9700,21.8910,1.542
2017-01-23,76.0700,162.4500,21.4355,0.375
2017-01-24,77.3300,165.6000,21.3840,-0.143
2017-01-25,78.6400,165.6000,21.3110,1.202
2017-01-26,77.5000,164.2600,21.2950,0.473
2017-01-27,76.7400,160.5200,21.0245,0.512
2017-01-30,75.6900,157.2200,20.7530,-0.089
2017-01-31,75.2300,156.8600,20.8355,-0.073
2017-02-01,76.9600,159.8100,20.8155,0.242
2017-02-02,77.8900,160.0400,20.6260,0.385
2017-02-03,78.8400,160.7000,20.3565,-0.130
2017-02-07,76.8900,158.5400,20.6415,0.109
2017-02-08,78.8800,161.5800,20.4990,0.072
2017-02-09,79.8000,162.9700,20.4155,-0.033
2017-02-10,80.4000,163.5500,20.3135,-0.140
2017-02-13,79.2200,161.0900,20.3250,-0.047
2017-02-14,79.5400,160.9400,20.3450,0.549
2017-02-15,79.5700,161.1200,20.2900,0.203
2017-02-16,80.2400,163.5300,20.3405,-0.194
2017-02-17,79.9000,163.4400,20.4615,0.029
2017-02-21,82.1400,164.4700,20.4230,1.997
2017-02-22,82.4100,164.2400,19.9155,-0.071
2017-02-23,83.3500,164.4600,19.7350,0.019
2017-02-24,82.5200,164.0700,19.8690,-0.068
2017-02-27,82.6700,164.4600,19.8290,-0.324
2017-02-28,80.5400,161.8200,19.9975,-0.470
2017-03-01,83.0200,164.7600,19.8785,0.165
2017-03-02,82.1500,164.4200,19.9265,-0.440
2017-03-03,84.3300,164.8700,19.5775,0.138
2017-03-06,85.4300,167.7500,19.5360,-0.509
2017-03-07,85.6300,166.9800,19.5050,0.025
2017-03-08,85.8400,169.2600,19.6045,-0.576
2017-03-09,85.6800,170.1900,19.7885,-0.377
2017-03-10,86.1000,169.0200,19.6540,0.119
2017-03-13,86.4100,169.3100,19.5590,-0.178
2017-03-14,84.9400,167.3900,19.6260,-0.410
2017-03-15,87.8100,169.1200,19.4490,0.983
2017-03-16,88.7200,170.5000,19.1725,-0.236
2017-03-17,89.8500,171.8400,19.1320,0.036
2017-03-21,89.8700,171.8400,19.0915,-0.154
2017-03-22,88.5000,168.9200,19.0645,-0.118
2017-03-23,89.6700,170.1400,18.9920,0.095
2017-03-24,91.0400,171.2100,18.8520,0.244
2017-03-27,91.3900,172.8800,18.8205,-0.509
2017-03-28,91.5100,173.9900,18.8650,-0.780
2017-03-29,90.5900,169.3900,18.8300,0.703
2017-03-30,90.5300,169.2900,18.6650,-0.187
2017-03-31,88.5200,166.0400,18.8290,0.382
2017-04-03,91.0200,169.8700,18.7325,0.373
2017-04-04,90.8500,171.1200,18.8180,-0.093
2017-04-05,91.6500,172.4500,18.7235,-0.492
2017-04-06,92.1400,173.1300,18.7450,-0.239
2017-04-07,92.3700,172.8400,18.6480,-0.340
2017-04-10,92.7500,173.5400,18.6910,-0.104
2017-04-11,92.3600,172.9900,18.7485,0.099
2017-04-12,91.2800,170.0600,18.7665,0.730
2017-04-17,92.5300,171.2700,18.5480,0.207
2017-04-18,91.9500,170.8500,18.4780,-0.553
2017-04-19,90.5300,170.9000,18.8680,-0.051
2017-04-20,90.8100,170.6100,18.8480,0.322
2017-04-21,90.6800,170.9300,18.8425,-0.039
2017-04-24,92.2900,172.7200,18.6900,-0.133
2017-04-25,90.1700,170.8100,18.9305,-0.067
2017-04-26,87.7400,168.1700,19.1490,-0.093
2017-04-27,88.4800,168.6200,19.1190,0.323
2017-04-28,90.0400,169.4100,18.9340,0.633
2017-05-02,90.0100,169.0200,18.7800,0.011
2017-05-03,89.9600,169.3900,18.7950,-0.183
2017-05-04,88.9200,169.1000,19.0145,-0.014
2017-05-05,89.4500,169.7200,19.0040,0.160
2017-05-08,89.0400,170.9600,19.1055,-0.494
2017-05-09,90.1300,173.0300,19.1225,-0.392
2017-05-10,90.1700,171.5300,18.9705,-0.276
2017-05-11,91.1900,171.7900,18.8825,0.233
2017-05-12,91.4300,171.8000,18.7640,-0.140
2017-05-15,92.5900,172.8500,18.6600,-0.045
2017-05-16,93.6200,174.8000,18.6195,-0.277
2017-05-17,91.4300,171.4200,18.6280,-0.644
2017-05-18,89.7700,169.7000,18.9265,0.120
2017-05-19,91.4400,171.1200,18.6780,-0.192
2017-05-22,92.3200,172.3800,18.6695,-0.013
2017-05-23,92.9000,173.1900,18.6380,-0.025
2017-05-24,95.8200,176.8200,18.5665,0.613
2017-05-25,95.5900,177.2500,18.4660,-0.414
2017-05-26,94.9700,176.2100,18.4990,-0.298
2017-05-30,93.7700,175.3600,18.6590,-0.225
2017-05-31,94.3400,175.6700,18.6550,0.183
2017-06-01,94.8000,176.4200,18.5775,-0.173
2017-06-02,94.2000,176.4600,18.6700,-0.334
2017-06-05,97.3000,178.3900,18.3895,0.303
2017-06-06,96.2900,176.0700,18.2825,-0.016
2017-06-07,96.5200,176.0300,18.2305,-0.039
2017-06-08,95.5500,174.0200,18.1775,-0.192
2017-06-09,94.8900,172.1700,18.1855,0.228
2017-06-12,94.6400,171.4100,18.1725,0.335
2017-06-13,94.7300,171.3600,18.0780,-0.063
2017-06-14,95.7500,171.8600,17.9300,-0.105
2017-06-15,95.3700,172.0300,18.0900,0.287
2017-06-16,97.2800,174.0500,17.9195,0.156
2017-06-19,96.5100,173.8200,17.9360,-0.414
2017-06-20,96.3100,175.8600,18.1255,-0.735
2017-06-21,95.9600,175.4600,18.1540,-0.715
2017-06-22,96.5600,175.0600,18.1120,-0.097
2017-06-23,97.0100,174.1900,17.9620,0.034
2017-06-26,98.3000,175.2200,17.8830,0.325
2017-06-27,96.9800,174.4200,17.9735,-0.065
2017-06-28,97.3700,173.9300,17.8890,0.147
2017-06-29,96.8600,174.9700,18.0310,-0.184
2017-06-30,98.3400,178.7600,18.0760,-0.560
2017-07-03,96.2300,177.7400,18.2215,-1.347
2017-07-05,96.9100,177.5900,18.3295,0.023
2017-07-06,96.6800,177.0400,18.3070,-0.027
2017-07-07,96.9400,175.5300,18.1440,0.204
2017-07-10,97.9300,175.9000,17.9810,0.107
2017-07-11,98.0300,176.0200,17.9530,-0.015
2017-07-12,99.9100,177.6800,17.7670,-0.096
2017-07-13,100.2000,177.9200,17.7390,-0.098
2017-07-14,102.9000,181.3900,17.5620,-0.373
2017-07-17,103.2300,181.5400,17.6000,0.080
2017-07-18,102.7600,179.7300,17.4990,0.050
2017-07-19,102.8700,180.7100,17.4775,-0.509
2017-07-20,103.1800,180.6000,17.5120,0.049
2017-07-21,103.3100,181.9600,17.5630,-0.284
2017-07-24,102.7200,181.6900,17.6835,-0.025
2017-07-25,100.5000,178.5800,17.7630,-0.035
2017-07-26,101.0300,178.0900,17.7560,0.729
2017-07-27,101.0100,179.4000,17.6915,-0.389
2017-07-28,101.3600,180.0300,17.7535,-0.045
2017-07-31,100.8800,179.7800,17.8590,0.212
2017-08-01,99.9700,178.6500,17.8085,-0.346
2017-08-02,99.9300,178.7400,17.8200,-0.372
2017-08-03,99.5800,178.1000,17.8845,-0.003
2017-08-04,98.9900,177.2700,17.8650,-0.239
2017-08-07,99.7100,178.8500,17.9660,0.162
2017-08-08,99.5000,177.6100,17.9135,0.354
2017-08-09,99.5200,178.6600,17.9835,0.175
2017-08-10,98.9200,177.9600,17.8740,-0.646
2017-08-11,99.9900,178.2200,17.8380,0.080
2017-08-14,101.1100,180.0400,17.7685,-0.213
2017-08-15,101.6600,180.8200,17.8365,0.280
2017-08-16,100.9600,178.8800,17.7290,0.063
2017-08-17,100.3400,179.1100,17.7470,-0.579
2017-08-18,101.0100,178.8200,17.7560,0.298
2017-08-21,101.1200,178.8200,17.6460,-0.215
2017-08-22,100.9200,178.3500,17.6400,-0.183
2017-08-23,100.7900,178.3100,17.7070,0.089
2017-08-24,100.5100,178.1700,17.7050,-0.122
2017-08-25,100.3200,176.8000,17.6140,-0.054
2017-08-28,100.2200,178.9600,17.8250,-0.178
2017-08-29,100.4200,179.7000,17.8710,-0.133
2017-08-30,100.4500,178.3400,17.7441,-0.056
2017-08-31,100.0600,178.9300,17.7875,-0.530
2017-09-01,99.7000,177.5000,17.7835,-0.112
2017-09-05,96.9500,173.4500,17.8325,-0.325
2017-09-06,98.8800,175.7300,17.7980,0.146
2017-09-07,98.6300,173.7900,17.7040,0.474
2017-09-08,98.1500,174.6000,17.7245,-0.363
2017-09-11,98.6200,174.3900,17.6470,-0.204
2017-09-12,98.7900,175.1700,17.7510,0.110
2017-09-13,99.3800,176.0600,17.7865,0.399
2017-09-14,99.3900,175.6000,17.7220,0.307
2017-09-15,97.4600,171.8100,17.6865,0.327
2017-09-18,98.8000,175.0600,17.7580,0.222
2017-09-19,97.2900,174.0000,17.7675,-0.655
2017-09-20,97.6600,173.5700,17.6895,-0.469
2017-09-21,99.3500,178.2200,17.8250,-0.633
2017-09-22,99.6500,176.7800,17.7355,-0.026
2017-09-25,97.9100,175.6300,17.9050,-0.183
2017-09-26,97.0200,174.3100,18.0070,0.226
2017-09-27,95.7700,174.7100,18.1010,-0.777
2017-09-28,96.0100,174.7500,18.2370,0.197
2017-09-29,95.5300,174.0400,18.1480,-0.386
2017-10-02,96.0000,174.7300,18.2110,0.055
2017-10-03,96.9600,176.7800,18.2110,-0.117
2017-10-04,95.8800,175.4300,18.2175,-0.434
2017-10-05,96.0500,177.2100,18.3145,-0.733
2017-10-06,94.6000,175.6000,18.5165,-0.247
2017-10-09,94.3500,176.2300,18.5165,-0.866
2017-10-10,94.3200,177.3100,18.6605,-0.736
2017-10-11,94.8100,177.4900,18.6950,-0.137
2017-10-12,94.8300,178.2900,18.7625,-0.205
2017-10-13,94.0200,178.0100,18.8890,-0.233
2017-10-16,93.1000,177.5900,19.0915,0.086
2017-10-17,93.0300,175.0200,19.0405,1.208
2017-10-18,92.0000,173.5200,18.9125,0.274
2017-10-19,91.4000,172.7100,18.8390,-0.302
2017-10-20,90.7100,172.2300,19.0170,0.159
2017-10-23,88.7000,169.4400,19.0695,-0.173
2017-10-24,89.0000,170.9600,19.1760,-0.172
2017-10-25,89.1900,169.9400,19.1000,0.243
2017-10-26,89.0700,171.3600,19.0545,-0.958
2017-10-27,91.3600,174.8200,19.1785,0.226
2017-10-30,88.3400,170.0500,19.1655,-0.436
2017-10-31,87.7500,167.3700,19.1290,0.291
2017-11-01,86.9400,165.1500,19.1350,0.732
2017-11-03,85.7800,164.6700,19.1890,-0.041
2017-11-06,87.7500,167.4700,19.0800,-0.026
2017-11-07,86.7300,166.6000,19.1420,-0.349
2017-11-08,86.6400,165.5500,19.0705,-0.195
2017-11-09,86.8200,165.6800,19.0670,-0.085
2017-11-10,86.0300,164.6500,19.0670,-0.374
2017-11-13,86.9900,166.7100,19.1675,0.017
2017-11-14,87.8000,168.3900,19.1455,-0.174
2017-11-15,86.9100,167.2500,19.2565,0.065
2017-11-16,86.8300,165.5300,19.1005,0.193
2017-11-17,87.5700,166.0500,18.9275,-0.182
2017-11-21,88.8500,167.2400,18.8045,-0.097
2017-11-22,90.0600,167.9900,18.7045,0.275
2017-11-24,90.4300,168.2400,18.5200,-0.454
2017-11-27,91.3100,169.7600,18.5405,-0.275
2017-11-28,90.8400,168.6200,18.5775,0.082
2017-11-29,90.4400,167.9900,18.5125,-0.335
2017-11-30,89.9700,168.2600,18.6335,-0.365
2017-12-01,92.6800,172.3700,18.6200,0.116
2017-12-04,93.2400,173.4600,18.6575,0.290
2017-12-05,93.9900,176.3400,18.7150,-0.248
2017-12-06,92.0900,173.6500,18.8895,0.175
2017-12-07,91.4800,173.5600,18.9365,-0.189
2017-12-08,93.4400,176.7000,18.9560,0.240
2017-12-11,94.4400,179.7800,18.9650,-0.375
2017-12-13,96.5200,183.7400,19.1400,0.544
2017-12-14,96.0900,183.7400,19.1030,-0.098
2017-12-15,93.7400,179.1900,19.1160,0.002
2017-12-18,95.6000,182.0400,19.0335,-0.044
2017-12-19,93.6000,179.8200,19.2150,0.018
2017-12-20,92.6600,178.2400,19.2130,-0.119
2017-12-21,92.7000,180.2300,19.3825,-0.308
2017-12-22,91.0400,179.4800,19.5905,-0.629
2017-12-26,90.4800,179.5000,19.7325,-0.535
2017-12-27,91.9000,180.7600,19.7245,0.281
2017-12-28,91.7200,180.7300,19.7160,0.058
2017-12-29,93.9000,184.9500,19.6395,-0.289
2018-01-02,96.3400,187.6600,19.4840,0.026
2018-01-03,95.3900,184.6500,19.3680,0.055
2018-01-04,95.1000,183.5800,19.2540,-0.258
2018-01-05,95.9500,183.9400,19.2392,0.359
2018-01-08,97.1200,186.5600,19.2200,0.056
2018-01-09,96.1100,185.2700,19.3060,0.151
2018-01-10,93.4800,180.4700,19.2290,-0.397
2018-01-11,93.4200,180.1000,19.3245,0.238
2018-01-12,95.3300,181.6000,19.0535,0.020
2018-01-16,97.5000,183.4400,18.8600,0.243
2018-01-17,96.6200,180.8100,18.6280,-0.457
2018-01-18,96.6800,180.1300,18.6545,0.123
2018-01-19,96.6500,180.1800,18.5870,-0.298
2018-01-22,96.0400,179.6600,18.7425,0.191
2018-01-23,96.6700,181.5200,18.7665,-0.057
2018-01-24,99.5400,184.0900,18.5315,0.202
2018-01-25,99.3200,185.1100,18.4880,-0.803
2018-01-26,100.0000,185.2400,18.5080,-0.086
2018-01-29,96.8100,180.5800,18.5875,-0.351
2018-01-30,96.7800,181.6500,18.6950,-0.396
2018-01-31,97.5400,181.5200,18.6215,0.063
2018-02-01,98.7600,181.2800,18.3600,0.024
2018-02-02,98.0300,182.7600,18.5465,-0.519
2018-02-06,96.1800,179.3400,18.6940,0.256
2018-02-07,93.4900,175.7900,18.6450,-0.841
2018-02-08,90.2300,171.3000,18.9010,-0.441
2018-02-09,90.0400,168.4900,18.8815,0.902
2018-02-12,90.2200,168.1900,18.6400,-0.012
2018-02-13,90.2500,168.7600,18.6325,-0.357
2018-02-14,90.6100,168.2000,18.6035,0.218
2018-02-15,90.7500,167.7500,18.5195,0.187
2018-02-16,92.6200,171.8400,18.4780,-0.405
2018-02-20,91.9400,171.9300,18.6390,-0.327
2018-02-21,92.2100,173.3900,18.6610,-0.760
2018-02-22,94.1900,176.0400,18.6450,-0.240
2018-02-23,93.9200,174.3100,18.5585,-0.005
2018-02-26,93.2500,174.2300,18.6540,-0.162
2018-02-27,92.8500,175.6300,18.8068,-0.574
2018-02-28,92.3000,174.5200,18.8405,-0.357
2018-03-01,91.8500,173.1100,18.8115,-0.189
2018-03-02,92.0800,173.3700,18.8455,0.092
2018-03-05,91.6100,172.0900,18.8635,0.418
2018-03-06,92.9200,173.9800,18.7365,0.069
2018-03-07,92.4700,173.1900,18.8055,0.407
2018-03-08,94.2700,175.9200,18.7040,0.229
2018-03-09,93.5900,174.5200,18.5670,-0.431
2018-03-12,93.9700,174.8400,18.6245,0.100
2018-03-13,93.2700,173.8000,18.5425,-0.491
2018-03-14,93.2600,173.6700,18.6035,-0.100
2018-03-15,92.4200,173.1500,18.7000,-0.187
2018-03-16,89.9700,168.6900,18.7300,-0.104
2018-03-20,88.3700,166.1400,18.7465,-0.287
2018-03-21,92.8300,171.4100,18.5930,0.694
2018-03-22,91.5900,170.5800,18.5300,-0.506
2018-03-23,87.6300,162.7700,18.5705,-0.023
2018-03-26,89.2500,163.4400,18.2900,-0.123
2018-03-27,89.2400,164.6000,18.3200,-0.676
2018-03-28,90.4400,165.8200,18.2600,-0.408
2018-04-02,88.3300,161.6900,18.3110,0.032
2018-04-03,90.8000,165.5500,18.1955,-0.202
2018-04-04,94.6600,171.4600,18.2310,0.650
2018-04-05,95.3700,173.8400,18.1270,-0.554
2018-04-06,93.8200,171.9200,18.3290,0.025
2018-04-09,93.6800,172.4000,18.2245,-0.970
2018-04-10,95.5100,174.5200,18.2715,-0.005
2018-04-11,96.5700,176.2600,18.2210,-0.170
2018-04-12,96.7600,176.2800,18.1510,-0.369
2018-04-13,97.6800,176.7000,18.0795,-0.056
2018-04-16,97.2000,175.6200,18.0250,-0.237
2018-04-17,98.6300,178.2500,17.9705,-0.565
2018-04-18,98.4200,178.1700,18.0355,-0.373
2018-04-19,96.9300,178.8500,18.3355,-0.628
2018-04-20,96.4500,178.7600,18.6145,0.435
2018-04-23,93.0800,176.1000,18.8950,-0.128
2018-04-24,91.8800,173.0500,18.7950,-0.209
2018-04-25,91.6200,172.5700,19.0200,0.980
2018-04-26,94.5900,178.0100,18.8695,0.268
2018-04-27,95.8000,178.6000,18.6675,0.131
2018-04-30,96.6600,180.7800,18.7715,0.368
2018-05-02,91.3700,174.3200,19.0730,-0.029
2018-05-03,90.0900,171.7600,19.1125,0.247
2018-05-04,90.4600,174.4000,19.1965,-0.429
2018-05-07,88.9500,172.8200,19.4480,0.098
2018-05-08,87.9100,172.0000,19.6110,0.233
2018-05-09,86.5900,169.0600,19.5165,-0.039
2018-05-10,86.2600,165.7000,19.3020,0.482
2018-05-11,86.6200,168.3800,19.3650,-0.380
2018-05-14,85.3300,167.0500,19.5085,-0.350
2018-05-15,84.7800,167.0300,19.7160,0.073
2018-05-16,85.2800,166.9600,19.7300,0.777
2018-05-17,84.5700,166.5200,19.7400,0.253
2018-05-18,82.8400,165.3300,19.9320,-0.129
2018-05-21,83.5800,165.7900,19.8870,0.257
2018-05-22,84.1200,165.9900,19.7140,-0.094
2018-05-23,84.9400,166.1100,19.7730,1.109
2018-05-24,83.8100,164.8100,19.7175,0.268
2018-05-25,83.2800,163.0100,19.5440,-0.152
2018-05-29,81.9500,161.9800,19.7360,-0.150
2018-05-30,83.9500,165.9900,19.7000,-0.367
2018-05-31,83.3200,166.2500,20.0005,0.237
2018-06-01,83.0400,165.4200,19.8585,-0.311
2018-06-04,83.8200,167.9000,19.9860,-0.225
2018-06-05,81.1500,165.7800,20.3720,-0.278
2018-06-06,81.5700,165.3600,20.2690,-0.016
2018-06-07,82.4000,169.1900,20.4920,-0.199
2018-06-08,84.7500,171.9700,20.4905,0.981
2018-06-11,83.0500,171.1600,20.5260,-0.404
2018-06-12,83.9300,173.3900,20.6127,-0.224
2018-06-13,84.3400,174.6300,20.5919,-0.549
2018-06-14,83.9300,174.7500,20.6700,-0.725
2018-06-15,82.2500,170.5300,20.6450,-0.425
2018-06-18,82.5400,169.3200,20.6600,0.713
2018-06-19,82.0500,168.2600,20.5080,0.005
2018-06-20,82.7500,168.4600,20.3610,0.016
2018-06-21,83.2900,168.9300,20.3910,0.537
2018-06-22,85.0500,170.3500,20.1025,0.365
2018-06-25,85.8700,171.4400,20.1080,0.716
2018-06-26,86.5000,172.7300,19.8635,-0.527
2018-06-27,84.6800,171.3700,20.0560,-0.896
2018-06-28,87.0200,171.7000,19.8300,0.501
2018-06-29,87.7900,174.9500,19.6495,-1.399
2018-07-02,86.1700,172.1900,20.1690,0.933
2018-07-03,88.2300,172.5300,19.5660,0.058
2018-07-05,93.1800,179.4600,19.2455,-0.073
2018-07-06,95.7200,182.6600,19.0655,-0.090
2018-07-09,94.6300,181.5600,19.1650,-0.111
2018-07-10,94.4500,178.5300,19.0165,0.605
2018-07-11,94.4800,180.5400,18.9955,-0.593
2018-07-12,95.0400,179.8900,18.7855,-0.752
2018-07-13,95.5200,180.9200,18.8845,-0.296
2018-07-16,95.5700,180.2200,18.8425,-0.079
2018-07-17,95.5100,180.5900,18.8715,-0.193
2018-07-18,95.9000,181.6200,18.8860,-0.277
2018-07-19,95.0800,181.6300,19.0555,-0.248
2018-07-20,95.6000,181.9600,19.0975,0.336
2018-07-23,95.8700,181.3700,19.0705,0.804
2018-07-24,97.3100,183.8900,18.8490,-0.256
2018-07-25,98.4300,183.8300,18.7990,0.657
2018-07-26,97.6200,181.8800,18.6375,0.033
2018-07-27,98.3700,183.3200,18.5595,-0.409
2018-07-30,97.9300,181.5500,18.5375,-0.007
2018-07-31,98.1400,182.8400,18.5980,-0.175
2018-08-01,97.5000,181.3800,18.6255,0.121
2018-08-02,97.3200,181.3100,18.6270,-0.018
2018-08-03,97.7800,181.8800,18.5725,-0.153
2018-08-06,97.9600,181.5200,18.5215,-0.046
2018-08-07,100.4400,186.0100,18.4585,-0.329
2018-08-08,100.9600,186.5100,18.4780,0.024
2018-08-09,99.2900,185.5400,18.6805,-0.033
2018-08-10,95.6000,181.5900,18.9380,-0.299
2018-08-13,95.2900,182.9200,19.2655,0.361
2018-08-14,96.0000,181.4600,19.0040,0.539
2018-08-15,94.6700,181.9700,19.2195,-0.010
2018-08-16,95.6100,182.0100,19.0085,-0.148
2018-08-17,96.4500,182.4300,19.0605,0.772
2018-08-20,96.9900,184.5500,19.0345,0.036
2018-08-21,97.4700,184.2900,18.8680,-0.208
2018-08-22,98.2500,184.3200,18.8160,0.297
2018-08-23,96.9700,184.0800,18.8630,-0.633
2018-08-24,97.0700,183.8000,18.8180,-0.617
2018-08-27,98.9800,185.6800,18.6615,-0.522
2018-08-28,96.8800,184.8800,18.9225,-0.843
2018-08-29,97.6300,185.2500,19.0415,0.352
2018-08-30,96.9600,185.6700,19.1575,0.044
2018-08-31,95.8800,182.7100,19.2135,0.826
2018-09-04,94.2600,182.7700,19.3505,-0.204
2018-09-05,94.0300,182.0100,19.4270,0.364
2018-09-06,94.8500,182.3400,19.3610,0.712
2018-09-07,95.3200,184.4000,19.2110,-0.695
2018-09-10,94.7800,182.6600,19.2940,0.114
2018-09-11,94.9300,182.6800,19.2100,-0.175
2018-09-12,94.9300,181.0300,19.0705,0.003
2018-09-13,97.8000,183.7300,18.8800,0.499
2018-09-14,97.8400,184.7100,18.8695,-0.049
2018-09-17,98.3500,185.1800,18.8455,0.089
2018-09-18,98.4600,184.9400,18.7372,-0.245
2018-09-19,97.2000,182.4000,18.7545,-0.058
2018-09-20,97.5600,183.5000,18.8665,0.306
2018-09-21,96.5700,181.0000,18.8375,0.505
2018-09-24,95.0000,180.0600,18.8560,-0.515
2018-09-25,95.7900,182.0200,18.9820,-0.105
2018-09-26,96.7600,182.1800,18.8955,0.358
2018-09-27,97.3700,183.1700,18.8290,0.092
2018-09-28,98.9700,185.1800,18.7050,-0.031
2018-10-01,99.8500,187.0000,18.6625,-0.350
2018-10-02,98.9100,186.1700,18.7380,-0.447
2018-10-03,97.3700,184.5000,18.8340,-0.603
2018-10-04,97.1900,185.6300,19.1740,0.389
2018-10-05,97.6900,183.7000,19.0140,1.115
2018-10-08,97.2100,183.8500,19.0140,0.536
2018-10-09,97.8000,186.0600,19.0085,-0.084
2018-10-10,96.4500,184.9900,19.0745,-0.549
2018-10-11,95.5200,182.2600,19.0205,-0.316
2018-10-12,95.4800,180.1500,18.9235,0.295
2018-10-15,95.5600,180.5200,18.8095,-0.430
2018-10-16,98.4000,184.6200,18.7740,0.063
2018-10-17,98.3300,185.3700,18.8010,-0.270
2018-10-18,96.3300,184.6000,19.1590,-0.022
2018-10-19,95.5100,184.4300,19.2285,-0.422
2018-10-22,92.6400,179.8000,19.3675,-0.211
2018-10-23,92.3500,178.3100,19.4075,0.515
2018-10-24,91.4200,179.7600,19.4575,-1.046
2018-10-25,91.8900,179.1800,19.4130,-0.443
2018-10-26,92.1500,178.8500,19.4390,0.157
2018-10-29,86.9600,174.4000,19.7610,-1.467
2018-10-30,85.1900,170.5600,19.9865,-0.173
2018-10-31,85.0700,172.6900,20.2550,-0.220
2018-11-01,87.9200,175.6500,20.1325,0.771
2018-11-05,90.6400,180.3900,19.9780,0.383
2018-11-06,90.2500,178.4500,19.8560,0.421
2018-11-07,93.0400,185.1600,19.8000,-0.508
2018-11-08,89.0500,179.3500,20.0450,-0.474
2018-11-09,90.1700,181.6300,20.3795,1.174
2018-11-12,88.2900,179.6500,20.3795,0.156
2018-11-13,86.5400,176.8600,20.4500,0.065
2018-11-14,85.6900,174.4600,20.3565,-0.014
2018-11-15,83.6900,169.2800,20.3135,0.428
2018-11-16,86.3400,174.1100,20.1770,0.056
2018-11-20,84.6800,172.6100,20.3625,-0.104
2018-11-21,86.8000,175.6600,20.1810,-0.278
2018-11-23,87.0800,173.5400,20.4400,2.565
2018-11-26,82.6800,169.7800,20.5420,0.036
2018-11-27,82.9500,169.7700,20.4755,0.044
2018-11-28,85.6200,173.1800,20.4305,1.008
2018-11-29,87.2200,176.3400,20.2550,0.184
2018-11-30,86.7500,176.4700,20.2975,-0.221
2018-12-03,85.2300,173.4900,20.2365,-0.585
2018-12-04,83.2300,170.9400,20.4960,-0.206
2018-12-06,83.3900,169.5600,20.4220,0.436
2018-12-07,82.5000,168.1500,20.2850,-0.475
2018-12-10,81.5100,165.4900,20.3783,0.371
2018-12-11,80.9900,163.8000,20.2885,0.315
2018-12-13,84.6100,171.7100,20.2545,-0.196
2018-12-14,83.6500,169.5700,20.2955,0.119
2018-12-17,81.5300,163.7700,20.1165,0.146
2018-12-18,82.5400,166.0700,20.1255,0.028
2018-12-19,83.5600,167.9600,20.0260,-0.371
2018-12-20,85.3300,170.1400,19.9275,-0.058
2018-12-21,83.5200,166.5400,19.9275,-0.063
2018-12-24,83.1300,165.9500,19.9275,-0.176
2018-12-26,84.9600,168.8900,19.8836,0.024
2018-12-27,85.0600,167.3400,19.6630,-0.052
2018-12-28,85.1400,167.5700,19.6535,-0.143
2018-12-31,86.0500,168.7300,19.6350,0.136
2019-01-02,87.2800,170.8000,19.6065,0.191
2019-01-03,87.9000,172.9100,19.6095,-0.314
2019-01-04,89.4000,173.4600,19.4400,0.192
2019-01-07,90.8500,176.0800,19.3140,-0.348
2019-01-08,91.5000,177.2500,19.3550,-0.086
2019-01-09,93.1200,178.8800,19.2310,0.111
2019-01-10,93.0700,178.0600,19.1600,0.147
2019-01-11,93.3500,178.4000,19.1200,0.048
2019-01-14,93.3200,177.6700,19.1200,0.427
2019-01-15,94.3100,178.8900,19.0555,0.460
2019-01-16,94.2000,178.5300,18.9700,0.094
2019-01-17,93.7300,178.0500,19.0535,0.302
2019-01-18,93.4100,178.5800,19.1130,-0.025
2019-01-22,92.1800,176.8700,19.1375,-0.260
2019-01-23,92.7600,176.5200,19.0870,0.301
2019-01-24,91.9300,174.5500,18.9860,-0.007
2019-01-25,91.5600,174.2700,18.9275,-0.557
2019-01-28,91.0500,173.3800,19.0405,-0.009
2019-01-29,91.6900,174.0400,18.9850,0.019
2019-01-30,90.3300,172.3200,19.1635,0.455
2019-01-31,91.0200,173.9700,19.0525,-0.319
2019-02-01,89.8900,171.8600,19.1275,0.045
2019-02-05,91.4700,174.2000,19.0830,0.202
2019-02-06,92.0500,175.1000,19.1075,0.448
2019-02-07,93.0500,177.3700,19.1100,0.253
2019-02-08,93.0300,176.9800,19.1060,0.431
2019-02-11,92.8500,179.2500,19.2820,-0.121
2019-02-12,92.8400,178.4300,19.2455,0.137
2019-02-13,91.9400,178.4300,19.4050,-0.011
2019-02-14,93.1400,179.3100,19.3485,0.503
2019-02-15,92.7200,178.3500,19.3360,0.523
2019-02-19,91.9000,176.1800,19.1855,0.076
2019-02-20,91.6200,176.0500,19.1855,-0.155
2019-02-21,92.3000,177.6900,19.2835,0.167
2019-02-22,92.3500,176.8000,19.1310,-0.071
2019-02-25,91.2800,174.5700,19.0940,-0.160
2019-02-26,91.0100,174.7400,19.1550,-0.235
2019-02-27,91.2300,174.4500,19.2095,0.458
2019-02-28,90.6300,174.8900,19.2650,-0.167
2019-03-01,90.2800,173.7700,19.3065,0.304
2019-03-04,89.8000,173.2200,19.3000,0.054
2019-03-05,89.3200,172.1800,19.2750,-0.009
2019-03-06,88.2800,171.3000,19.3815,-0.117
2019-03-07,87.3400,171.1300,19.5795,-0.072
2019-03-08,87.1300,169.7600,19.4835,-0.000
2019-03-11,89.5200,173.5600,19.4275,0.205
2019-03-12,87.4400,168.9300,19.3005,-0.099
2019-03-13,87.6200,168.8500,19.3350,0.334
2019-03-14,87.5100,169.3900,19.3000,-0.293
2019-03-15,88.9800,171.0900,19.2150,-0.067
2019-03-19,89.9400,171.1400,18.9925,-0.188
2019-03-20,92.4000,174.4400,18.8950,0.086
2019-03-21,92.4700,174.9100,18.8550,-0.319
2019-03-22,91.4000,174.8300,19.1640,0.188
2019-03-25,92.4600,176.0500,18.9950,-0.240
2019-03-26,92.9600,177.4600,19.1035,0.071
2019-03-27,91.8600,177.6000,19.3420,0.043
2019-03-28,92.3800,179.0800,19.3665,-0.096
2019-03-29,92.2800,179.1500,19.3980,-0.081
2019-04-01,93.7600,180.0500,19.2140,0.056
2019-04-02,92.8100,178.2700,19.2245,0.086
2019-04-03,92.8300,178.3500,19.1685,-0.229
2019-04-04,93.1000,178.3500,19.1775,0.108
2019-04-05,95.7600,182.2500,19.0735,0.218
2019-04-08,95.9900,182.2200,18.9615,-0.114
2019-04-09,95.2900,180.7800,18.9050,-0.351
2019-04-10,95.7600,180.5900,18.8285,-0.160
2019-04-11,96.1200,181.3500,18.8525,-0.077
2019-04-12,96.1400,180.3700,18.7555,-0.030
2019-04-15,96.3900,181.9600,18.8610,-0.087
2019-04-16,96.7800,183.0900,18.9620,0.232
2019-04-17,96.4100,181.5500,18.8405,0.050
2019-04-22,95.7700,180.6300,18.8370,-0.126
2019-04-23,95.8900,181.8500,18.9490,-0.081
2019-04-24,95.0500,181.5600,19.0100,-0.479
2019-04-25,94.9200,181.0900,19.0965,0.096
2019-04-26,95.5500,180.8100,18.9510,0.148
2019-04-29,96.6300,183.8300,19.0185,-0.030
2019-04-30,97.5900,184.9300,18.9945,0.236
2019-05-02,99.0300,189.6700,19.1260,-0.140
2019-05-03,99.1600,188.0800,18.9820,0.077
2019-05-06,98.4800,186.9900,18.9775,-0.053
2019-05-07,98.0700,186.7600,19.0425,-0.005
2019-05-08,97.8000,186.9800,19.0700,-0.254
2019-05-09,96.9600,186.6200,19.2740,0.140
2019-05-10,98.6200,188.1400,19.1385,0.321
2019-05-13,97.7200,188.0600,19.1955,-0.256
2019-05-14,99.5700,191.4200,19.1455,-0.412
2019-05-15,99.1900,189.4300,19.0610,-0.192
2019-05-16,98.7300,188.8300,19.0730,-0.277
2019-05-17,98.2000,188.5900,19.1665,-0.199
2019-05-20,98.6400,188.1900,19.1000,0.113
2019-05-21,98.9800,188.1800,19.0360,0.127
2019-05-22,99.4300,189.0100,18.9830,-0.139
2019-05-23,98.1000,187.0200,19.0170,-0.248
2019-05-24,97.7600,186.4800,19.0620,-0.070
2019-05-28,95.2400,183.1500,19.1735,-0.296
2019-05-29,95.9200,184.2100,19.2250,0.107
2019-05-30,95.8900,183.5600,19.0895,-0.278
2019-05-31,93.0600,182.2000,19.6520,0.374
2019-06-03,94.6800,187.3600,19.7680,-0.105
2019-06-04,95.8500,187.2400,19.5560,0.109
2019-06-05,96.9400,189.9100,19.5510,-0.201
2019-06-06,96.3500,188.9500,19.7198,0.556
2019-06-07,96.5300,189.7900,19.6675,0.032
2019-06-10,97.6200,187.6800,19.1810,-0.232
2019-06-11,97.4700,187.1100,19.1315,-0.340
2019-06-12,98.5500,189.8000,19.1530,-0.552
2019-06-13,98.1500,187.8500,19.1760,0.193
2019-06-14,97.9800,187.9200,19.1300,-0.258
2019-06-17,97.1800,186.5800,19.1710,-0.148
2019-06-18,97.7500,187.1200,19.1185,-0.126
2019-06-19,97.5900,186.4300,19.1670,0.333
2019-06-20,98.6500,187.5800,18.9905,-0.127
2019-06-21,96.9000,185.1800,19.0770,-0.175
2019-06-24,97.0700,186.1700,19.1810,0.011
2019-06-25,97.5800,187.6000,19.2205,-0.025
2019-06-26,96.7800,185.6200,19.1250,-0.285
2019-06-27,95.9200,183.9900,19.1630,-0.097
2019-06-28,96.7500,185.9600,19.2089,-0.061
2019-07-01,97.9800,187.4400,19.0760,-0.285
2019-07-02,97.6100,186.2900,19.0790,-0.032
2019-07-03,98.4600,186.8700,19.0435,0.338
2019-07-05,97.4400,185.4400,19.0320,0.004
2019-07-08,97.9000,185.0300,18.9040,0.022
2019-07-09,96.2000,183.9900,18.8940,-1.212
2019-07-10,96.9000,185.8700,19.2270,0.237
2019-07-11,97.2300,185.6600,19.0995,0.024
2019-07-12,97.4200,184.6900,19.0255,0.355
2019-07-15,98.1300,186.1600,18.9700,-0.004
2019-07-16,96.7900,185.2300,19.0855,-0.271
2019-07-17,95.4500,182.1700,19.0090,-0.400
2019-07-18,94.0300,177.6400,19.0000,0.573
2019-07-19,94.1200,179.3200,19.0145,-0.198
2019-07-22,92.2200,175.7900,19.0700,0.042
2019-07-23,91.9500,176.5300,19.1318,-0.347
2019-07-24,92.0000,175.3800,19.0900,0.141
2019-07-25,91.0900,173.4700,19.0400,-0.020
2019-07-26,91.6000,174.3100,19.0690,0.208
2019-07-29,93.2500,177.9500,19.0670,-0.084
2019-07-30,91.1400,174.1200,19.0750,-0.155
2019-07-31,90.7000,173.7000,18.9930,-0.825
2019-08-01,89.6200,172.5100,19.1700,-0.411
2019-08-02,88.4700,171.1300,19.3115,-0.164
2019-08-05,85.8800,168.5700,19.5545,-0.377
2019-08-06,86.9700,170.0400,19.6125,0.312
2019-08-07,88.3500,173.5100,19.6825,0.222
2019-08-08,89.1300,173.5600,19.4935,0.107
2019-08-09,89.7800,174.2900,19.4430,0.154
2019-08-12,88.0600,172.6700,19.5525,-0.284
2019-08-13,87.3800,169.9400,19.4210,-0.141
2019-08-14,85.0600,168.1800,19.6323,-0.706
2019-08-15,86.4000,169.5300,19.6335,0.061
2019-08-16,88.7100,174.8300,19.5570,-0.766
2019-08-19,87.7800,174.4300,19.8110,-0.303
2019-08-20,88.1700,174.3000,19.7565,-0.061
2019-08-21,88.8400,174.9800,19.6652,-0.157
2019-08-22,88.6700,176.1500,19.7400,-0.633
2019-08-23,88.2100,175.7600,19.8645,-0.305
2019-08-26,88.8000,176.5400,19.9175,0.185
2019-08-27,88.5700,177.6800,20.0055,-0.276
2019-08-28,89.2100,178.8800,20.0120,-0.197
2019-08-29,89.2700,179.8900,20.1185,-0.162
2019-08-30,91.3600,183.0300,20.0674,0.167
2019-09-03,89.9600,180.1700,19.9920,-0.179
2019-09-04,91.8900,182.1600,19.7790,-0.226
2019-09-05,92.2200,182.0300,19.6935,-0.229
2019-09-06,93.4500,182.7700,19.5575,-0.003
2019-09-09,93.2600,182.8800,19.5365,-0.373
2019-09-10,92.9600,181.2700,19.5005,0.004
2019-09-11,92.8000,181.3200,19.5500,0.057
2019-09-12,92.9000,180.2200,19.4210,0.112
2019-09-13,93.6100,181.8700,19.3555,-0.376
2019-09-17,95.6100,185.2500,19.4170,0.214
2019-09-18,94.9500,184.5600,19.3480,-0.461
2019-09-19,94.7300,184.2900,19.4050,-0.253
2019-09-20,94.4900,184.6600,19.4400,-0.526
2019-09-23,94.9400,184.9800,19.4420,-0.215
2019-09-24,96.1200,187.2600,19.4485,-0.171
2019-09-25,96.3200,188.3500,19.5600,0.028
2019-09-26,94.3400,185.4700,19.6435,-0.083
2019-09-27,91.3400,179.7900,19.6810,-0.013
2019-09-30,91.5800,181.0500,19.7420,-0.140
2019-10-01,89.9800,178.3000,19.7755,-0.202
2019-10-02,88.9400,176.2100,19.7760,-0.183
2019-10-03,89.9200,176.6600,19.6985,0.265
2019-10-04,93.2800,182.5000,19.5385,-0.134
2019-10-07,91.5500,179.7100,19.5500,-0.406
2019-10-08,91.1100,179.3600,19.5820,-0.529
2019-10-09,90.6200,177.7600,19.5750,-0.209
2019-10-10,91.2700,178.0500,19.4575,-0.259
2019-10-11,91.6000,176.9700,19.3316,0.061
2019-10-14,90.9000,175.4000,19.3316,0.185
2019-10-15,91.4500,176.0200,19.2480,0.002
2019-10-16,91.7000,176.1900,19.1990,-0.077
2019-10-17,91.4500,176.1800,19.1550,-0.572
2019-10-18,91.7300,175.8800,19.1410,-0.170
2019-10-21,91.8000,176.0500,19.1460,-0.165
2019-10-22,92.0600,176.2400,19.1000,-0.230
2019-10-23,92.2200,176.5300,19.1130,-0.153
2019-10-24,93.2900,178.7200,19.1010,-0.295
2019-10-25,91.5300,174.5600,19.0490,-0.117
2019-10-28,89.6800,171.4600,19.0460,-0.382
2019-10-29,90.7100,173.3900,19.1010,-0.072
2019-10-30,90.3800,172.8800,19.1670,0.203
2019-10-31,89.0200,170.7000,19.1740,-0.008
2019-11-01,89.1000,170.7700,19.0990,-0.350
2019-11-04,89.8300,172.4200,19.1660,-0.146
2019-11-05,89.1300,171.4400,19.2190,-0.082
2019-11-06,88.9200,170.2200,19.2000,0.297
2019-11-07,92.1900,176.5200,19.1280,-0.101
2019-11-08,92.7800,177.1400,19.1080,0.081
2019-11-11,92.6000,177.3600,19.1080,-0.237
2019-11-12,92.0100,178.0200,19.2700,-0.403
2019-11-13,91.5800,177.5900,19.4260,0.176
2019-11-14,91.6900,177.2100,19.4400,0.584
2019-11-15,93.0200,178.2000,19.2050,0.250
2019-11-19,92.5700,179.5200,19.3420,-0.262
2019-11-20,92.6300,180.9600,19.4800,-0.286
2019-11-21,92.2900,179.0500,19.4220,0.109
2019-11-22,92.2700,179.1900,19.4020,-0.094
2019-11-25,91.5400,178.1300,19.4620,0.014
2019-11-26,89.9900,175.2600,19.4930,0.090
2019-11-27,89.4100,174.9500,19.5370,-0.154
2019-11-29,90.9300,177.4800,19.5430,0.126
2019-12-02,90.0400,176.2100,19.5670,-0.016
2019-12-03,88.3300,172.9800,19.5550,-0.145
2019-12-04,89.4400,174.0000,19.4820,0.142
2019-12-05,90.7700,175.5900,19.3640,0.101
2019-12-06,91.3500,176.4300,19.3310,0.090
2019-12-09,91.8000,176.4700,19.2290,0.030
2019-12-10,92.6200,178.5200,19.2140,-0.314
2019-12-11,93.6300,179.0900,19.1780,0.264
2019-12-13,95.3200,181.6900,19.0660,0.026
2019-12-16,94.8400,179.9300,18.9810,0.048
2019-12-17,94.8600,179.8500,18.9100,-0.261
2019-12-18,96.8300,183.7500,18.9580,-0.098
2019-12-19,95.2900,180.7900,18.9410,-0.167
2019-12-20,94.5100,178.9700,18.9140,-0.119
2019-12-23,94.3400,178.7600,18.9310,-0.092
2019-12-24,94.0800,178.5200,18.9550,-0.107
2019-12-26,94.3100,178.8200,18.9440,-0.089
2019-12-27,94.7400,178.9100,18.8190,-0.346
2019-12-30,94.5600,179.2700,18.8630,-0.503
2019-12-31,94.5100,179.2700,18.8600,-0.571
2020-01-02,96.2500,181.4900,18.8890,0.174
2020-01-03,96.6600,183.3500,18.8650,-0.546
2020-01-06,97.1900,183.2400,18.8210,-0.174
2020-01-07,97.6000,184.6600,18.8760,-0.233
2020-01-08,97.5800,183.5600,18.7730,-0.203
2020-01-09,96.9100,182.6300,18.8300,-0.081
2020-01-10,96.5000,181.4700,18.7680,-0.198
2020-01-13,96.3200,181.1100,18.8200,0.091
2020-01-14,94.7200,177.9700,18.8040,0.080
2020-01-15,94.0200,176.6400,18.8100,0.120
2020-01-16,94.6200,177.8200,18.7770,-0.085
2020-01-17,94.5300,176.8000,18.7280,0.133
2020-01-21,93.1100,175.2000,18.7020,-0.608
2020-01-22,93.8800,175.4800,18.6930,0.006
2020-01-23,93.8700,176.7900,18.8330,-0.003
2020-01-24,93.6200,176.1800,18.8450,0.140
2020-01-27,91.0400,172.5500,18.9599,0.035
2020-01-28,92.6600,173.6500,18.7800,0.210
2020-01-29,93.1300,174.2600,18.6762,-0.189
2020-01-30,92.2300,173.5800,18.7990,-0.113
2020-01-31,90.1700,170.2550,18.8900,0.045
2020-02-04,93.2300,174.2650,18.6760,-0.085
2020-02-05,94.1800,175.5400,18.6200,-0.101
2020-02-06,94.3000,175.8800,18.6700,0.101
2020-02-07,93.9100,176.2400,18.7550,-0.063
2020-02-10,94.3800,176.4800,18.7670,0.364
2020-02-11,95.7500,178.8600,18.6940,0.076
2020-02-12,95.6400,178.1200,18.6270,0.016
2020-02-13,95.3100,177.6000,18.6420,0.043
2020-02-14,95.2600,176.8700,18.5700,0.016
2020-02-18,95.0300,176.7500,18.5890,-0.056
2020-02-19,95.0400,176.4500,18.5880,0.119
2020-02-20,94.3300,177.2800,18.8200,0.140
2020-02-21,91.4800,173.2600,18.8130,-0.669
2020-02-24,88.2100,168.6400,19.0890,-0.152
2020-02-25,86.7100,165.9400,19.0540,-0.436
2020-02-26,86.9100,167.2500,19.1630,-0.421
2020-02-27,84.0100,163.4000,19.3470,-0.530
2020-02-28,81.3900,159.2100,19.7300,0.862
2020-03-02,83.8800,162.4000,19.5830,1.147
2020-03-03,84.0200,163.4600,19.3300,-0.642
2020-03-04,86.6700,168.8000,19.5330,0.292
2020-03-05,85.1700,168.9900,19.8250,-0.083
2020-03-06,83.0600,166.8900,20.1710,0.390
2020-03-09,73.4600,155.5500,20.9260,-1.175
2020-03-10,72.9400,151.5800,21.0510,1.297
2020-03-11,65.9400,140.8000,21.2050,-0.692
2020-03-12,65.6200,142.5000,22.3260,2.809
2020-03-13,73.0700,157.7200,21.8850,1.391
2020-03-17,63.8800,146.9400,23.1400,0.598
2020-03-18,60.4000,142.8800,23.7200,0.272
2020-03-19,60.1100,144.6600,24.0870,0.088
2020-03-20,59.7700,146.3800,24.0260,-1.897
2020-03-23,57.3900,143.7800,25.1270,0.295
2020-03-24,60.0400,149.3600,25.1320,1.026
2020-03-25,62.1500,149.9400,24.3950,1.117
2020-03-26,63.6400,146.7200,23.1300,0.327
2020-03-27,61.3400,143.5400,23.4100,0.040
2020-03-30,60.5000,145.0700,24.2650,1.195
2020-03-31,60.5100,143.2200,23.4480,-0.933
2020-04-01,58.8000,142.8200,24.4530,0.675
2020-04-02,58.4800,141.9500,24.0340,-0.986
2020-04-03,57.4700,142.3200,24.6900,-0.300
2020-04-06,60.1400,148.6600,24.6280,-0.368
2020-04-07,59.2400,143.8200,24.0350,-0.999
2020-04-08,59.5000,143.0800,24.0390,-0.034
2020-04-13,59.7600,141.2500,23.7230,0.367
2020-04-14,60.2600,141.5300,23.5990,0.479
2020-04-15,58.3300,139.7800,24.0640,0.419
2020-04-16,57.5300,139.0000,24.1240,-0.154
2020-04-17,58.0700,137.6600,23.8310,0.528
2020-04-20,57.0200,137.0200,24.0370,0.028
2020-04-21,55.8300,136.1800,24.4330,0.168
2020-04-22,56.2600,138.0600,24.5850,0.185
2020-04-23,56.5300,139.7800,24.6820,-0.181
2020-04-24,56.6200,141.7300,24.8225,-0.836
2020-04-27,58.9400,145.8000,24.8320,0.384
2020-04-28,61.9600,150.2400,24.3940,0.603
2020-04-29,66.3700,157.4000,23.9270,0.892
2020-04-30,64.3300,155.7700,23.9790,-0.971
2020-05-04,62.9500,151.8400,24.3853,1.097
2020-05-05,63.9300,153.0800,23.7938,-0.631
2020-05-06,64.4800,157.1100,24.2950,-0.290
2020-05-07,64.2500,154.6200,23.9610,-0.434
2020-05-08,67.7400,159.9200,23.6190,0.047
2020-05-11,67.3900,160.9300,23.9130,0.137
2020-05-12,64.8500,157.7100,24.0370,-1.160
2020-05-13,63.1700,152.8100,24.3110,0.499
2020-05-14,62.4200,149.2800,24.1720,1.073
2020-05-15,61.4200,147.6500,24.0493,0.041
2020-05-18,65.9400,156.5800,23.5900,-0.656
2020-05-19,63.7800,151.1000,23.6140,-0.324
2020-05-20,65.0000,150.0800,23.2150,0.545
2020-05-21,64.8800,148.1500,22.9240,0.392
2020-05-22,65.5800,149.6500,22.7380,-0.357
2020-05-26,68.8500,153.0600,22.3360,0.473
2020-05-27,69.1100,154.7200,22.3580,-0.132
2020-05-28,67.3400,150.4600,22.1910,-0.682
2020-05-29,67.7100,149.9600,22.1700,0.102
2020-06-01,69.5700,153.3700,21.9910,-0.247
2020-06-02,70.3500,152.2600,21.7220,0.364
2020-06-03,72.0000,157.3300,21.6350,-0.990
2020-06-04,68.6000,150.1400,21.8510,-0.161
2020-06-05,72.3200,156.1300,21.5450,-0.203
2020-06-08,74.4300,160.1200,21.6380,0.582
2020-06-09,69.8300,152.9600,21.7280,-0.806
2020-06-10,68.4400,148.8700,21.9410,0.869
2020-06-11,63.7900,145.1500,22.5210,-1.026
2020-06-12,66.3200,147.1100,22.2980,0.524
2020-06-15,65.5600,145.1100,22.5210,1.749
2020-06-16,66.7900,148.7200,22.1750,-0.412
2020-06-17,66.1600,147.8400,22.3680,0.099
2020-06-18,64.8000,147.6200,22.6690,-0.491
2020-06-19,65.2600,148.0000,22.6100,-0.302
2020-06-22,65.3900,147.0300,22.4570,-0.125
2020-06-23,64.9800,145.6600,22.3890,-0.121
2020-06-24,62.9400,143.3500,22.7116,-0.281
2020-06-25,63.1800,142.6000,22.8300,1.150
2020-06-26,61.4300,141.7700,22.9460,-0.573
2020-06-29,62.6900,145.2100,23.1230,-0.173
2020-06-30,62.0100,142.4900,23.0821,0.451
2020-07-01,62.0000,141.4900,22.8230,0.009
2020-07-02,62.3400,140.6900,22.5200,-0.213
2020-07-06,61.6600,137.7900,22.2750,-0.321
2020-07-07,60.6400,138.6300,22.6360,-0.985
2020-07-08,60.5000,137.0000,22.8550,0.929
2020-07-09,59.0200,133.5800,22.7020,0.305
2020-07-10,58.8600,132.5000,22.5070,-0.018
2020-07-13,57.7400,131.3500,22.4320,-1.391
2020-07-14,58.0800,130.3100,22.5920,0.694
2020-07-15,58.3400,130.6200,22.3710,-0.082
2020-07-16,57.7900,129.9600,22.2880,-0.891
2020-07-17,57.7900,130.8100,22.4800,-0.687
2020-07-20,57.7100,130.0700,22.5800,0.184
2020-07-21,60.3200,134.8300,22.3190,-0.150
2020-07-22,61.3000,136.8600,22.2560,-0.315
2020-07-23,60.5400,136.4300,22.3140,-0.983
2020-07-24,60.1300,134.0000,22.3630,0.350
2020-07-27,61.5400,135.0600,22.0130,0.302
2020-07-28,61.4600,135.0000,21.9570,-0.039
2020-07-29,62.4800,137.0300,22.0030,0.325
2020-07-30,62.1100,137.1100,22.1830,0.488
2020-07-31,61.5100,136.5600,22.2260,0.111
2020-08-03,60.0000,135.8100,22.5740,-0.269
2020-08-04,57.7400,131.1300,22.7460,0.157
2020-08-05,58.0300,129.7300,22.4230,0.301
2020-08-06,58.4100,130.5200,22.3590,0.060
2020-08-07,57.8500,129.5500,22.4830,0.397
2020-08-10,58.4000,130.8300,22.4930,0.404
2020-08-11,59.1400,132.5200,22.3380,-0.312
2020-08-12,59.6400,133.1100,22.3180,-0.004
2020-08-13,59.9100,132.7200,22.2800,0.572
2020-08-14,61.3100,134.6600,22.0190,0.251
2020-08-17,60.8900,135.3700,22.0420,-0.854
2020-08-18,59.4500,131.6200,22.1800,0.182
2020-08-19,58.4600,129.5300,22.0460,-0.501
2020-08-20,58.5600,129.4800,22.1480,0.169
2020-08-21,58.2200,127.5800,22.0420,0.587
2020-08-24,58.9700,129.6000,21.9740,-0.015
2020-08-25,59.0500,129.1400,21.9610,0.418
2020-08-26,58.0300,127.2000,21.9450,0.115
2020-08-27,58.0000,128.5900,22.1150,-0.251
2020-08-28,59.1900,128.7300,21.8700,0.558
2020-08-31,58.3300,127.3600,21.8800,0.209
2020-09-01,58.5900,127.5500,21.7510,-0.087
2020-09-02,58.0900,126.2100,21.8320,0.485
2020-09-03,57.0000,123.6100,21.6630,-0.106
2020-09-04,56.9100,122.2900,21.5950,0.496
2020-09-08,55.8300,121.4800,21.7320,-0.124
2020-09-09,56.6100,120.8700,21.5200,0.790
2020-09-10,56.0000,120.2600,21.2850,-0.885
2020-09-11,56.2700,119.4200,21.3270,0.492
2020-09-14,56.4600,118.9900,21.1230,0.227
2020-09-15,56.2200,118.8600,21.0550,-0.411
2020-09-17,55.6800,115.9400,20.9930,0.819
2020-09-18,55.0500,115.9500,20.9490,-0.540
2020-09-21,54.4400,115.7100,21.5160,1.230
2020-09-22,54.5400,118.4300,21.5850,-0.596
2020-09-23,54.5400,122.0100,22.1160,-1.139
2020-09-24,54.3200,119.8100,22.2800,1.014
2020-09-25,54.6500,122.0400,22.4510,0.536
2020-09-28,55.7000,124.9100,22.5070,0.363
2020-09-29,55.2300,123.8200,22.4660,0.210
2020-09-30,56.1900,124.6000,22.0910,-0.378
2020-10-01,55.8100,121.5600,21.9760,0.895
2020-10-02,56.0100,121.4000,21.7200,0.209
2020-10-05,56.5800,120.8100,21.4301,0.365
2020-10-06,56.7000,122.5900,21.5210,-0.462
2020-10-07,57.1000,122.9800,21.5330,-0.022
2020-10-08,59.5100,127.4700,21.4160,-0.018
2020-10-09,60.3900,127.4700,21.1530,0.214
2020-10-12,60.0900,127.8400,21.1530,-0.572
2020-10-13,58.8700,125.6700,21.3920,0.211
2020-10-14,58.3500,124.7800,21.3460,-0.181
2020-10-15,57.9900,123.3700,21.3940,0.562
2020-10-16,57.6800,121.9700,21.1740,0.133
2020-10-19,55.4800,121.9700,21.1369,-3.855
2020-10-20,55.8400,117.8800,21.0650,-0.215
2020-10-21,56.1200,118.4500,21.0896,-0.080
2020-10-22,56.4900,118.7000,21.0260,0.064
2020-10-23,58.1100,121.0300,20.8961,0.328
2020-10-26,57.4500,119.9800,20.9580,0.353
2020-10-27,56.2200,118.0300,20.8670,-0.606
2020-10-28,55.0900,117.5100,21.1520,-0.837
2020-10-29,54.0300,115.6400,21.3670,-0.168
2020-10-30,53.7700,113.6900,21.2760,0.625
2020-11-03,54.2100,115.3400,21.1560,-0.566
2020-11-04,55.3000,116.4500,20.9360,-0.579
2020-11-05,57.3900,119.0000,20.8340,0.476
2020-11-06,57.6500,118.4600,20.6300,0.398
2020-11-09,65.5100,132.8200,20.4000,0.618
2020-11-10,68.0100,138.2600,20.4330,0.510
2020-11-11,70.2600,144.2100,20.4330,-0.449
2020-11-12,66.4800,137.1700,20.5170,-0.564
2020-11-13,68.3900,139.6700,20.4500,0.134
2020-11-17,73.2300,148.5100,20.3060,0.129
2020-11-18,74.6200,152.1700,20.2460,-0.719
2020-11-19,75.8500,152.6400,20.1830,0.294
2020-11-20,74.6200,150.1400,20.0830,-0.187
2020-11-23,74.6800,150.5000,20.1090,-0.217
2020-11-24,77.1200,154.3900,20.0120,-0.037
2020-11-25,75.9600,151.7500,20.0150,0.187
2020-11-27,74.3300,145.3500,20.0150,2.354
2020-11-30,72.1500,145.9500,20.1500,-0.389
2020-12-01,76.0600,152.2300,20.0470,0.163
2020-12-02,77.5900,155.0900,20.0470,0.293
2020-12-03,75.8500,151.4600,19.8870,-0.407
2020-12-04,76.7200,151.3600,19.7440,0.077
2020-12-07,75.7600,150.5200,19.8100,-0.292
2020-12-08,75.7900,150.0300,19.7150,-0.407
2020-12-09,74.9000,148.7600,19.8520,-0.046
2020-12-10,75.8000,151.4400,19.9870,0.041
2020-12-11,75.2300,151.9800,20.0930,-0.540
2020-12-14,77.3000,156.2500,20.2180,0.022
2020-12-15,78.0000,155.1900,20.0830,0.939
2020-12-16,77.5000,154.5700,19.9500,0.027
2020-12-17,78.0000,154.5500,19.7880,-0.132
2020-12-18,75.2700,150.5400,19.9813,-0.093
2020-12-21,74.0700,147.6000,20.0400,0.567
2020-12-22,73.1700,147.1500,20.0540,-0.282
2020-12-23,73.7900,147.9300,20.0800,0.162
2020-12-24,74.5900,147.6700,20.0800,1.427
2020-12-28,74.6600,149.5200,20.0610,0.171
2020-12-29,75.6600,151.2400,19.9050,-0.422
2020-12-30,75.9200,151.4900,19.9340,-0.100
2020-12-31,75.7700,150.3400,19.8920,0.254
2021-01-04,75.1200,149.9500,19.9380,-0.117
2021-01-05,74.8700,148.9700,19.9200,0.115
2021-01-06,75.6100,148.2300,19.7130,0.553
2021-01-07,74.2700,148.4500,19.9280,-0.300
2021-01-08,75.2900,150.2300,19.9410,-0.063
2021-01-11,75.0700,150.3100,20.0760,0.266
2021-01-12,75.8000,149.7300,19.9270,0.879
2021-01-13,75.0100,149.0400,19.7880,-0.409
2021-01-14,76.8900,151.4600,19.7230,0.126
2021-01-15,75.7500,149.6700,19.7470,-0.058
2021-01-19,74.8400,146.8000,19.6642,0.250
2021-01-20,74.0300,145.3300,19.6642,0.168
2021-01-21,74.1100,146.1200,19.7270,0.053
2021-01-22,73.7400,146.9000,19.9250,0.018
2021-01-25,74.7500,150.2900,20.1400,0.171
2021-01-26,74.4200,149.0700,20.0800,0.245
2021-01-27,73.4100,148.4800,20.2200,-0.030
2021-01-28,72.6800,146.7100,20.2300,0.219
2021-01-29,68.0500,139.7000,20.2550,-1.335
2021-02-02,68.7500,138.5700,20.1510,-0.023
2021-02-03,68.3200,137.9200,20.2170,0.147
2021-02-04,69.0100,140.0500,20.4570,0.802
2021-02-05,69.5500,139.9000,20.1300,0.074
2021-02-08,69.0000,138.5200,20.1120,0.182
2021-02-09,69.9800,141.0300,20.0970,-0.277
2021-02-10,70.6600,141.2900,20.0500,0.271
2021-02-11,68.9500,137.4300,19.9600,0.141
2021-02-12,69.7300,138.8700,19.9300,0.073
2021-02-16,71.2600,143.3600,20.2180,0.498
2021-02-17,70.7000,142.4600,20.1860,0.179
2021-02-18,70.4900,142.9700,20.4360,0.758
2021-02-19,70.4500,143.9900,20.4000,-0.189
2021-02-22,69.6000,144.2300,20.6720,-0.245
2021-02-23,69.6800,142.4800,20.6040,0.764
2021-02-24,70.3100,143.1500,20.4600,0.492
2021-02-25,68.3200,142.8700,20.8910,-0.100
2021-02-26,68.5000,143.1400,20.9350,0.185
2021-03-01,69.5300,143.7500,20.6070,-0.327
2021-03-02,70.3400,145.5400,20.6240,-0.323
2021-03-03,69.5600,146.1200,20.9203,-0.410
2021-03-04,72.1700,151.6100,20.8206,-0.889
2021-03-05,73.7000,157.2200,21.2770,-0.260
2021-03-08,73.0800,156.6000,21.4500,0.100
2021-03-09,73.2900,155.8200,21.2580,-0.013
2021-03-10,74.6500,155.2000,20.9500,0.768
2021-03-11,75.6300,155.8300,20.6960,0.445
2021-03-12,74.0100,153.4700,20.7411,0.023
2021-03-16,75.4700,155.7300,20.5670,-0.328
2021-03-17,74.8600,152.3700,20.6720,1.562
2021-03-18,74.4800,152.4400,20.4400,-0.133
2021-03-19,75.6400,155.0200,20.4971,0.013
2021-03-22,75.4500,154.9300,20.5880,0.262
2021-03-23,75.0600,155.6800,20.6290,-0.539
2021-03-24,75.4200,157.8600,20.7930,-0.658
2021-03-25,75.5700,156.5400,20.7830,0.330
2021-03-26,74.7400,153.7300,20.5730,0.021
2021-03-29,76.4200,158.0500,20.5850,-0.468
2021-03-30,76.3300,157.6400,20.5970,-0.268
2021-03-31,75.3300,154.0900,20.4410,-0.070
2021-04-05,78.5800,159.6600,20.2420,-0.375
2021-04-06,80.7800,163.0200,20.1410,-0.197
2021-04-07,79.7300,161.7500,20.1800,-0.529
2021-04-08,81.0000,162.5900,20.0900,0.085
2021-04-09,80.7900,162.9100,20.1620,-0.013
2021-04-12,80.1100,161.4700,20.1010,-0.273
2021-04-13,79.9900,161.0200,20.0520,-0.388
2021-04-14,79.7300,160.5000,20.0580,-0.360
2021-04-15,80.6200,160.6600,19.9180,-0.050
2021-04-16,80.0500,159.6600,19.9120,-0.166
2021-04-19,79.1000,156.9400,19.8110,-0.150
2021-04-20,79.5900,159.1900,19.8720,-0.646
2021-04-21,80.5900,160.6000,19.8840,-0.221
2021-04-22,80.7100,160.9500,19.8740,-0.340
2021-04-23,80.8400,160.5700,19.8520,-0.054
2021-04-26,80.4400,160.2300,19.8430,-0.383
2021-04-27,79.7900,159.6600,19.9740,-0.180
2021-04-28,79.9100,159.2000,19.9420,0.098
2021-04-29,80.5700,160.9800,20.1090,0.645
2021-04-30,77.5000,156.8900,20.1690,-0.370
2021-05-03,78.8400,159.2100,20.2000,0.029
2021-05-04,78.3300,158.6200,20.2560,0.029
2021-05-05,77.6400,157.5500,20.2160,-0.376
2021-05-06,79.0400,158.0600,20.1770,0.898
2021-05-07,79.7900,158.8700,19.9010,-0.050
2021-05-10,81.1000,161.3300,19.8700,-0.114
2021-05-11,79.7100,158.9200,19.8550,-0.413
2021-05-12,78.9500,159.1800,20.1160,-0.229
2021-05-13,80.9800,161.4400,20.0460,0.553
2021-05-14,82.5900,163.9400,19.8600,0.051
2021-05-17,82.1500,162.6200,19.8000,0.023
2021-05-18,84.6000,168.1600,19.8280,-0.247
2021-05-19,83.9300,167.1700,19.8000,-0.591
2021-05-20,85.0200,169.2100,19.8770,-0.128
2021-05-21,82.7600,165.1800,19.9400,-0.095
2021-05-24,82.8800,165.0000,19.8630,-0.228
2021-05-25,81.4900,162.2900,19.8880,-0.137
2021-05-26,81.0500,161.4900,19.8940,-0.154
2021-05-27,80.7900,161.5100,19.9700,-0.107
2021-05-28,82.0000,163.1700,19.9300,0.157
2021-06-01,82.9700,165.9400,19.8970,-0.515
2021-06-02,84.1400,167.7200,19.8950,-0.193
2021-06-03,83.3200,168.2800,20.0650,-0.653
2021-06-04,83.9500,167.5300,19.9270,-0.145
2021-06-07,86.4600,172.0300,19.7800,-0.588
2021-06-08,85.2200,168.6900,19.7720,-0.114
2021-06-09,85.7200,169.5100,19.6860,-0.449
2021-06-10,86.3000,170.0500,19.6750,-0.150
2021-06-11,86.5500,172.0900,19.9610,0.391
2021-06-14,85.9700,171.3400,19.9150,-0.076
2021-06-15,85.2800,171.1100,20.1690,0.521
2021-06-16,84.7200,172.1400,20.0440,-1.352
2021-06-17,83.6600,170.9800,20.4680,0.149
2021-06-18,82.4500,170.6800,20.6710,-0.145
2021-06-21,83.8000,171.5300,20.5970,0.625
2021-06-22,83.1400,169.3100,20.5830,1.073
2021-06-23,83.6100,169.0600,20.2600,0.197
2021-06-24,84.5600,168.1200,20.0440,0.816
2021-06-25,84.6000,167.7400,19.7930,-0.174
2021-06-28,84.2900,167.3100,19.7800,-0.349
2021-06-29,84.0500,166.7800,19.8020,-0.206
2021-06-30,84.5100,168.1300,19.9060,0.057
2021-07-01,84.4500,168.7000,19.9870,0.053
2021-07-02,84.8800,167.6700,19.8440,0.457
2021-07-06,84.3300,168.6700,19.9840,-0.086
2021-07-07,85.1100,169.8500,19.9870,0.153
2021-07-08,83.4900,167.1000,19.9650,-0.247
2021-07-09,83.5800,165.8700,19.8810,0.178
2021-07-12,84.1500,167.3800,19.8440,-0.235
2021-07-13,83.0800,166.3000,19.9910,-0.129
2021-07-14,84.1000,167.3600,19.8920,-0.041
2021-07-15,85.0900,169.7700,19.9280,-0.119
2021-07-16,85.5700,170.6000,19.8380,-0.496
2021-07-19,82.9700,166.1400,20.0000,-0.120
2021-07-20,81.7400,164.8400,20.1470,-0.096
2021-07-21,83.0000,167.4000,20.1530,-0.078
2021-07-22,82.0200,165.1800,20.1934,0.270
2021-07-23,82.7300,166.4600,20.0300,-0.452
2021-07-26,83.4800,166.8900,20.0100,0.092
2021-07-27,82.8300,165.5500,19.9750,-0.059
2021-07-28,86.9700,173.3300,19.9410,0.056
2021-07-29,88.4400,175.6300,19.8590,0.002
2021-07-30,87.3700,173.6800,19.8460,-0.164
2021-08-02,86.2500,171.8600,19.8560,-0.350
2021-08-03,89.1500,177.3400,19.8960,0.019
2021-08-04,87.1600,174.7100,19.9690,-0.378
2021-08-05,86.9000,172.8700,19.9252,0.162
2021-08-06,87.2100,174.5900,20.0180,-0.007
2021-08-09,86.3000,173.5100,20.0670,-0.191
2021-08-10,87.0100,174.5900,20.0860,0.102
2021-08-11,87.6100,174.1900,19.9560,0.370
2021-08-12,87.2200,173.4500,19.8910,0.023
2021-08-13,87.8500,174.4300,19.8620,0.033
2021-08-16,87.7800,174.3400,19.8850,0.121
2021-08-17,87.0700,174.5000,19.9830,-0.291
2021-08-18,87.5300,175.3900,20.0110,-0.133
2021-08-19,85.8400,173.4500,20.1110,-0.471
2021-08-20,85.5400,174.3500,20.4250,0.210
2021-08-23,86.1500,175.4300,20.3640,0.003
2021-08-24,86.0900,174.2900,20.3180,0.360
2021-08-25,86.2000,174.6100,20.2660,0.047
2021-08-26,85.5300,174.2900,20.3570,-0.101
2021-08-27,85.9900,173.6000,20.2020,0.067
2021-08-30,86.1200,173.4400,20.1270,-0.061
2021-08-31,86.7100,174.8700,20.0740,-0.462
2021-09-01,84.5100,169.3200,19.9640,-0.357
2021-09-02,86.0000,171.2500,19.9670,0.272
2021-09-03,85.3800,170.0300,19.8890,-0.128
2021-09-07,84.5700,169.2400,19.9440,-0.339
2021-09-08,84.5700,168.5700,19.9370,0.022
2021-09-09,84.7200,169.5000,19.9300,-0.385
2021-09-10,86.2400,171.3200,19.8640,-0.008
2021-09-13,86.4000,171.3700,19.8680,0.169
2021-09-14,87.7700,174.6100,19.8980,0.020
2021-09-15,89.5100,177.4100,19.8980,0.393
2021-09-17,87.0300,174.2800,19.9841,-0.206
2021-09-20,86.2900,173.6800,20.1610,0.167
2021-09-21,86.5500,174.3200,20.1170,-0.119
2021-09-22,87.7800,176.3700,20.0130,-0.395
2021-09-23,88.9900,178.2200,20.0250,-0.010
2021-09-24,88.5200,177.8200,20.0940,0.029
2021-09-27,88.5400,178.3800,20.0935,-0.265
2021-09-28,88.0600,179.1300,20.3310,-0.053
2021-09-29,87.4100,179.3200,20.4910,-0.116
2021-09-30,86.7200,179.2300,20.5620,-0.511
2021-10-01,86.0300,176.0100,20.4910,0.156
2021-10-04,85.9000,176.1900,20.5340,0.112
2021-10-05,86.1100,177.7600,20.5620,-0.394
2021-10-06,84.3400,173.6900,20.6460,0.252
2021-10-07,82.7800,170.9900,20.5930,-0.305
2021-10-08,82.9800,171.9900,20.7460,0.093
2021-10-11,82.5400,172.5600,20.7460,-0.766
2021-10-12,83.4000,173.6100,20.7680,-0.233
2021-10-13,83.6600,172.5000,20.6480,0.140
2021-10-14,83.8400,172.5700,20.5920,0.042
2021-10-15,84.1600,171.5300,20.4520,0.346
2021-10-18,84.1100,171.7800,20.3160,-0.525
2021-10-19,83.9700,170.5600,20.2670,-0.222
2021-10-20,83.5100,168.5000,20.1690,-0.041
2021-10-21,82.2100,167.0100,20.2690,-0.227
2021-10-22,83.6400,169.2300,20.2120,-0.104
2021-10-25,83.4700,168.5200,20.2110,0.108
2021-10-26,85.6900,173.2200,20.2190,0.021
2021-10-27,83.5100,169.8900,20.2200,-0.608
2021-10-28,82.8500,169.2700,20.3320,-0.484
2021-10-29,82.1900,169.2600,20.5510,-0.208
2021-11-01,82.0000,170.8000,20.8510,0.104
2021-11-03,80.6800,166.7300,20.8270,0.781
2021-11-04,81.0900,167.3700,20.6290,-0.053
2021-11-05,81.3600,165.7400,20.4250,0.264
2021-11-08,82.1900,167.0100,20.3360,0.079
2021-11-09,81.5200,165.6400,20.2800,-0.192
2021-11-10,80.7900,166.3200,20.4680,-0.577
2021-11-11,81.2000,167.4400,20.4680,-0.740
2021-11-12,80.2600,164.5200,20.5190,0.101
2021-11-16,77.8400,161.6500,20.8230,0.270
2021-11-17,76.1100,157.0000,20.6910,0.305
2021-11-18,75.4200,156.2700,20.7270,0.034
2021-11-19,74.3000,155.3000,20.7990,-0.492
2021-11-22,74.3000,156.2700,20.9720,-0.287
2021-11-23,74.2500,157.7700,21.2390,-0.045
2021-11-24,73.8200,158.5100,21.3970,-0.352
2021-11-26,72.2500,154.7600,21.8530,2.021
2021-11-29,71.5100,154.8000,21.7300,0.382
2021-11-30,70.7400,152.4500,21.4530,-0.454
2021-12-01,70.1700,150.7300,21.3050,-0.818
2021-12-02,70.9700,151.2400,21.3090,-0.007
2021-12-03,71.0100,151.3900,21.4390,0.560
2021-12-06,70.5500,150.0800,21.2220,-0.239
2021-12-07,71.5100,150.0700,21.0470,0.291
2021-12-08,71.4200,149.8300,20.9590,-0.094
2021-12-09,71.0200,148.8700,21.0120,0.240
2021-12-10,70.9900,148.3400,20.8730,-0.110
2021-12-13,69.5500,146.5400,20.9540,-0.549
2021-12-14,72.0700,153.0000,21.1980,-0.148
2021-12-15,73.0500,153.8400,21.2300,0.809
2021-12-16,73.9200,153.7700,20.8720,0.335
2021-12-17,76.3200,159.1300,20.7310,-0.572
2021-12-20,76.1400,158.4300,20.7380,-0.335
2021-12-21,75.2300,156.8300,20.8060,-0.195
2021-12-22,75.0600,155.6500,20.7490,0.059
2021-12-23,75.3700,156.1100,20.6480,-0.311
2021-12-27,76.9200,159.5500,20.6760,-0.320
2021-12-28,76.7900,158.8500,20.5810,-0.509
2021-12-29,77.4400,159.3300,20.5830,0.041
2021-12-30,77.3400,158.9300,20.5140,-0.173
2021-12-31,77.7100,159.3200,20.5140,0.059
2022-01-03,77.4500,159.1100,20.5700,0.129
2022-01-04,78.7400,161.3900,20.5010,0.022
2022-01-05,78.7200,162.2100,20.4390,-0.810
2022-01-06,78.7800,161.8000,20.4350,-0.503
2022-01-07,79.6000,162.3200,20.3970,0.025
2022-01-10,80.1900,163.7100,20.4550,0.195
2022-01-11,80.9100,165.4600,20.3530,-0.474
2022-01-12,81.9800,166.6400,20.3670,0.197
2022-01-13,82.2600,167.4000,20.3600,0.049
2022-01-14,82.8300,168.3900,20.3160,-0.067
2022-01-18,83.1100,169.4300,20.3780,-0.040
2022-01-19,81.1800,166.3400,20.4700,-0.099
2022-01-20,81.4800,167.6000,20.4230,-0.712
2022-01-21,82.0700,167.6700,20.4680,0.185
2022-01-24,80.6000,165.7700,20.6590,0.447
2022-01-25,80.0400,165.4100,20.6770,0.054
2022-01-26,79.4400,164.7500,20.6480,-0.438
2022-01-27,77.3400,161.1000,20.7600,-0.337
2022-01-28,75.2700,156.7000,20.8340,0.075
2022-01-31,75.2200,155.2000,20.6370,0.020
2022-02-01,75.0900,154.5900,20.5690,-0.089
2022-02-02,76.9000,158.6000,20.5898,-0.167
2022-02-03,73.6900,152.1200,20.5540,-0.432
2022-02-04,74.3500,154.3900,20.7180,-0.228
2022-02-08,76.0600,157.2700,20.6360,-0.199
2022-02-09,76.4000,157.1400,20.5000,-0.331
2022-02-10,76.7300,157.9500,20.4330,-0.739
2022-02-11,77.3200,159.1600,20.4060,-0.868
2022-02-14,75.6100,154.6400,20.4020,-0.246
2022-02-15,76.8400,157.0000,20.3630,-0.338
2022-02-16,78.3200,159.4700,20.3120,-0.242
2022-02-17,77.5000,157.7700,20.2850,-0.356
2022-02-18,77.0800,156.7700,20.2990,-0.195
2022-02-22,78.0600,158.9000,20.2820,-0.364
2022-02-23,77.0900,156.3600,20.2450,-0.186
2022-02-24,75.9000,155.8200,20.6430,0.552
2022-02-25,79.9300,163.1700,20.4150,0.004
2022-02-28,80.4000,165.0300,20.4030,-0.600
2022-03-01,76.7700,158.4000,20.5790,-0.262
2022-03-02,79.2000,163.2600,20.6190,0.026
2022-03-03,77.6100,160.2300,20.7140,0.332
2022-03-04,76.5500,160.9900,20.9360,-0.450
2022-03-07,74.8500,159.8400,21.2360,-0.556
2022-03-08,75.4200,161.5400,21.3960,-0.106
2022-03-09,77.5000,162.0100,20.9520,0.227
2022-03-10,76.6000,160.2000,20.9740,0.288
2022-03-11,78.7800,164.8800,20.9640,0.166
2022-03-14,78.7700,164.7800,20.9060,-0.063
2022-03-15,79.2000,164.7900,20.8850,0.376
2022-03-16,79.6100,164.0900,20.7280,0.564
2022-03-17,80.5800,165.6600,20.5510,-0.036
2022-03-18,81.7500,166.3900,20.4040,0.248
2022-03-22,82.0700,166.4700,20.2650,-0.093
2022-03-23,81.5200,164.7000,20.1700,-0.166
2022-03-24,81.0500,163.0100,20.1200,0.038
2022-03-25,80.9000,161.5700,19.9400,-0.158
2022-03-28,81.1900,163.1300,20.1400,0.237
2022-03-29,83.8400,167.5200,20.0120,0.156
2022-03-30,83.0000,165.1200,19.8330,-0.307
2022-03-31,82.8500,165.3600,19.9110,-0.240
2022-04-01,83.0000,164.7200,19.8370,-0.044
2022-04-04,82.3200,163.6200,19.7450,-0.660
2022-04-05,80.7700,161.4000,19.9320,-0.254
2022-04-06,79.7400,160.8200,20.0450,-0.610
2022-04-07,78.9600,159.0100,20.1600,0.109
2022-04-08,78.6600,158.0200,20.0770,-0.060
2022-04-11,79.3000,157.9400,20.0100,0.468
2022-04-12,79.0200,156.4100,19.8410,0.239
2022-04-13,78.9500,156.4100,19.8020,-0.047
2022-04-18,79.3800,157.5700,19.9311,0.408
2022-04-19,79.0000,159.1000,20.0500,-0.443
2022-04-20,78.4000,156.9000,19.9990,-0.069
2022-04-21,77.7000,156.6800,20.1650,0.001
2022-04-22,76.5500,155.0300,20.3120,0.296
2022-04-25,76.1500,153.9400,20.2560,0.201
2022-04-26,75.1200,152.9400,20.4340,0.366
2022-04-27,74.9400,152.7900,20.4480,0.293
2022-04-28,75.4000,154.0100,20.5610,0.662
2022-04-29,74.7400,153.4400,20.3590,-0.832
2022-05-02,73.7100,151.1300,20.4310,-0.353
2022-05-03,72.0100,145.7300,20.3460,0.536
2022-05-04,73.1400,146.3200,20.2260,1.102
2022-05-05,71.0600,143.5300,20.2910,0.458
2022-05-06,68.3800,138.0500,20.1110,-0.385
2022-05-09,69.3100,141.1500,20.3020,-0.309
2022-05-10,69.7900,141.6900,20.4030,0.496
2022-05-11,70.3000,142.8200,20.2540,-0.304
2022-05-12,72.6600,147.0000,20.3060,0.370
2022-05-13,74.0900,148.5100,20.1270,0.411
2022-05-16,76.2300,153.0300,20.0570,-0.089
2022-05-17,76.6300,153.2700,19.9730,-0.142
2022-05-18,74.0500,148.3500,19.9930,-0.203
2022-05-19,74.4700,148.6100,19.9250,-0.154
2022-05-20,74.2800,147.6800,19.8630,-0.093
2022-05-23,74.0600,147.1200,19.8280,-0.186
2022-05-24,74.2500,147.2100,19.8790,0.266
2022-05-25,74.3700,147.3400,19.8370,0.127
2022-05-26,75.0000,148.4200,19.8010,0.059
2022-05-27,75.5700,148.2500,19.5750,-0.217
2022-05-31,74.8400,147.4300,19.6800,-0.098
2022-06-01,74.0700,146.0400,19.7500,0.170
2022-06-02,76.4800,149.1700,19.5550,0.259
2022-06-03,75.7100,147.9200,19.6010,0.324
2022-06-06,74.0000,144.5700,19.5940,0.294
2022-06-07,73.5300,143.7600,19.6010,0.255
2022-06-08,73.2200,143.1800,19.5700,0.078
2022-06-09,72.7000,143.5900,19.6120,-0.704
2022-06-10,70.8700,141.4400,19.9140,-0.219
2022-06-13,70.2400,143.7200,20.4110,-0.246
2022-06-14,68.7300,141.7000,20.6710,0.262
2022-06-15,69.9300,141.9800,20.6610,1.762
2022-06-16,68.5000,139.9800,20.5410,0.519
2022-06-17,68.5300,139.9700,20.4290,0.021
2022-06-21,68.8600,138.9100,20.1950,0.110
2022-06-22,67.7600,136.1600,20.0470,-0.236
2022-06-23,67.1600,134.9300,20.0120,-0.392
2022-06-24,68.2900,135.8400,19.9060,0.072
2022-06-27,69.1200,138.1300,19.8790,-0.526
2022-06-28,67.4300,136.1800,19.9830,-1.053
2022-06-29,67.4300,135.6700,20.1630,0.213
2022-06-30,67.4900,135.7600,20.1180,0.012
2022-07-01,68.7100,138.8300,20.3180,0.558
2022-07-05,64.4700,132.1500,20.5510,0.259
2022-07-06,61.5600,127.0500,20.6940,0.269
2022-07-07,60.2800,123.6500,20.5990,0.421
2022-07-08,60.5300,123.8600,20.4440,-0.091
2022-07-11,59.6900,123.9900,20.7350,-0.180
2022-07-12,59.8900,124.9200,20.7490,-0.524
2022-07-13,60.3000,124.9000,20.7250,0.057
2022-07-14,59.5900,124.2200,20.8580,0.059
2022-07-15,60.8400,124.7700,20.5780,0.342
2022-07-18,59.4900,122.0100,20.3890,-0.587
2022-07-19,60.4700,123.9500,20.4640,-0.165
2022-07-20,59.7100,122.8900,20.4690,-0.545
2022-07-21,59.1200,122.2700,20.6630,-0.090
2022-07-22,59.1900,121.6000,20.5020,-0.204
2022-07-25,59.0800,121.0900,20.4640,-0.156
2022-07-26,59.9600,122.3900,20.4720,0.294
2022-07-27,61.0400,124.2500,20.5070,0.744
2022-07-28,62.5700,126.8200,20.3830,0.565
2022-07-29,61.9800,127.0300,20.3630,-0.646
2022-08-01,61.1100,124.6800,20.2510,-0.743
2022-08-02,59.7000,124.0500,20.5200,-1.246
2022-08-03,59.6000,122.1000,20.5530,0.324
2022-08-04,60.6400,123.3500,20.3280,-0.066
2022-08-05,60.3300,122.9200,20.3940,0.095
2022-08-08,60.6000,122.9200,20.2912,0.036
2022-08-09,60.5400,122.6300,20.2810,0.123
2022-08-10,62.0900,124.1200,19.9640,-0.132
2022-08-11,63.9100,127.7800,19.9220,-0.359
2022-08-12,66.0000,130.9300,19.8690,0.157
2022-08-15,65.4000,129.5600,19.8400,0.149
2022-08-16,66.0500,131.5500,19.9180,0.006
2022-08-17,66.0200,131.7100,20.0670,0.586
2022-08-18,66.6000,133.9400,20.0850,-0.130
2022-08-19,65.5100,132.2300,20.1860,0.006
2022-08-22,65.9600,132.9700,20.1630,0.019
2022-08-23,66.0000,131.7400,20.0170,0.283
2022-08-24,65.5400,130.3900,19.8960,0.006
2022-08-25,65.6800,130.8300,19.9440,0.124
2022-08-26,64.7700,129.0700,19.9130,-0.072
2022-08-29,64.4700,128.8100,20.0150,0.176
2022-08-30,64.3700,129.4000,20.0950,-0.037
2022-08-31,62.7100,126.2700,20.0860,-0.246
2022-09-01,64.4500,129.7000,20.2200,0.476
2022-09-02,65.1600,129.7100,19.9270,0.104
2022-09-06,64.0300,129.0400,20.1090,-0.219
2022-09-07,66.0800,131.8200,20.0260,0.388
2022-09-08,66.4900,132.1700,19.9850,0.537
2022-09-09,66.3300,131.7100,19.8870,0.152
2022-09-12,68.2700,135.5700,19.8000,-0.292
2022-09-13,66.1600,132.9000,20.0660,-0.108
2022-09-14,67.1000,133.7400,19.9530,0.108
2022-09-15,65.8000,131.8900,20.0670,0.114
2022-09-19,64.9800,129.0100,20.0000,0.736
2022-09-20,64.0200,127.8800,19.9950,0.100
2022-09-21,63.3300,126.8800,19.9950,-0.198
2022-09-22,63.5200,126.7100,19.9640,0.080
2022-09-23,61.6100,124.1600,20.1760,0.116
2022-09-26,59.9800,122.2600,20.3730,-0.051
2022-09-27,60.8800,124.0900,20.3160,-0.327
2022-09-28,62.2200,125.1700,20.3050,0.933
2022-09-29,61.3000,123.7300,20.1500,-0.170
2022-09-30,62.7500,126.3200,20.1150,-0.078
2022-10-03,64.1400,128.4000,20.0330,0.071
2022-10-04,65.5400,130.6100,19.9700,0.209
2022-10-05,63.9100,127.9400,20.1070,0.441
2022-10-06,65.0100,130.8100,20.1110,-0.052
2022-10-07,63.6700,127.6000,20.0300,-0.054
2022-10-10,62.9000,125.3600,20.0300,0.502
2022-10-11,63.1700,127.0000,19.9470,-0.783
2022-10-12,62.9400,125.8700,20.0250,0.133
2022-10-13,63.1200,126.2500,19.9920,-0.048
2022-10-14,62.7000,125.7500,20.0680,0.061
2022-10-17,63.0800,126.1300,19.9780,-0.086
2022-10-18,63.8500,127.8600,20.0400,0.075
2022-10-19,64.8400,130.3700,20.1260,0.097
2022-10-20,64.4500,129.4000,20.0310,-0.232
2022-10-21,66.2100,132.0500,19.8980,-0.231
2022-10-24,68.4700,136.5300,19.9450,0.024
2022-10-25,69.6000,138.5000,19.8670,-0.163
2022-10-26,69.9000,139.6800,19.8660,-0.585
2022-10-27,69.0000,137.3900,19.8380,-0.370
2022-10-28,70.6100,140.0300,19.8240,-0.038
2022-10-31,71.6200,142.1400,19.8480,0.008
2022-11-01,73.9000,145.7500,19.7350,0.063
2022-11-03,73.4500,144.2900,19.6750,0.154
2022-11-04,73.9000,144.4300,19.5320,-0.061
2022-11-07,74.5900,145.0100,19.4670,0.134
2022-11-08,75.5700,147.7000,19.4640,-0.413
2022-11-09,74.7300,146.4500,19.5710,-0.134
2022-11-10,76.1000,147.4700,19.3700,-0.044
2022-11-11,77.0100,150.4000,19.3700,-0.819
2022-11-14,76.5000,148.1000,19.3920,0.168
2022-11-15,77.8000,150.8000,19.3810,-0.010
2022-11-16,77.7800,150.3100,19.3140,-0.057
2022-11-17,79.2800,153.7500,19.4400,0.241
2022-11-18,79.6000,154.7500,19.4870,0.237
2022-11-22,78.9900,153.4400,19.4510,0.133
2022-11-23,80.0900,154.9000,19.3730,0.167
2022-11-25,79.7800,154.3400,19.3330,-0.066
2022-11-28,79.5500,153.3200,19.3080,0.179
2022-11-29,78.4900,150.7400,19.2200,0.078
2022-11-30,79.8700,153.9800,19.3660,0.452
2022-12-01,79.4000,152.5300,19.1500,-0.314
2022-12-02,78.0000,151.1100,19.3420,-0.160
2022-12-05,76.5600,151.0000,19.7600,0.187
2022-12-06,76.3800,150.6800,19.8450,0.595
2022-12-07,77.0100,151.7600,19.7020,-0.023
2022-12-08,77.1700,151.7500,19.6730,0.044
2022-12-09,78.0800,154.1500,19.7970,0.276
2022-12-13,78.5900,153.3200,19.6410,0.677
2022-12-14,77.9600,152.7300,19.6980,0.547
2022-12-15,76.6000,151.2600,19.7860,0.199
2022-12-16,76.1200,150.4900,19.7870,0.085
2022-12-19,75.8100,150.2800,19.7260,-0.491
2022-12-20,76.7000,151.6900,19.7950,0.091
2022-12-21,78.0300,152.8300,19.7150,0.658
2022-12-22,78.1600,151.8200,19.5920,0.864
2022-12-23,79.9300,154.5900,19.4300,0.462
2022-12-27,79.6800,155.1600,19.4000,-0.374
2022-12-28,78.8000,152.8000,19.3980,0.037
2022-12-29,79.3500,154.5100,19.3570,-0.590
2022-12-30,78.1200,152.3500,19.4960,-0.031
2023-01-03,77.7900,150.9100,19.4210,0.110
2023-01-04,78.1400,151.5400,19.3300,-0.327
2023-01-05,78.5800,152.9000,19.3750,-0.426
2023-01-06,80.2300,153.4700,19.1720,0.226
2023-01-09,80.5200,154.1700,19.1760,0.153
2023-01-10,80.3900,153.1400,19.1050,0.291
2023-01-11,84.2100,159.3700,19.0180,0.490
2023-01-12,84.6100,159.5700,18.8750,0.082
2023-01-13,85.0100,159.5000,18.7850,0.120
2023-01-17,86.1700,161.0300,18.7400,0.281
2023-01-18,84.7800,161.1400,18.7480,-1.362
2023-01-19,83.6800,158.7700,19.0660,0.488
2023-01-20,84.1300,159.0100,18.9120,0.061
2023-01-23,85.5800,161.2300,18.8240,-0.083
2023-01-24,86.0100,161.7500,18.8410,0.186
2023-01-25,86.1700,162.1400,18.8440,0.147
2023-01-26,86.4400,162.9500,18.8360,-0.081
2023-01-27,86.3000,162.1100,18.7730,-0.061
2023-01-30,86.0300,161.5000,18.7700,-0.013
2023-01-31,87.8000,164.8700,18.7980,0.107
2023-02-01,87.5700,163.4300,18.7080,0.242
2023-02-02,85.2200,159.2900,18.6180,-0.394
2023-02-03,83.4300,158.2300,18.8830,-0.436
2023-02-07,83.0300,157.0600,19.0300,0.602
2023-02-08,81.7900,155.1000,18.9570,-0.033
2023-02-09,81.6600,153.7900,18.9590,0.669
2023-02-10,82.4400,154.0200,18.7080,0.136
2023-02-13,84.5100,156.8300,18.6260,0.369
2023-02-14,84.8500,158.0600,18.5410,-0.468
2023-02-15,86.8000,161.5900,18.6010,-0.082
2023-02-16,94.9000,175.9400,18.5130,-0.143
2023-02-17,94.6200,173.7500,18.4160,0.289
2023-02-21,92.2400,170.2600,18.3920,-0.360
2023-02-22,92.9100,170.8200,18.3500,-0.193
2023-02-23,93.5500,171.4200,18.4350,0.606
2023-02-24,92.5900,170.0100,18.3990,0.204
2023-02-27,92.7900,170.6100,18.4080,0.116
2023-02-28,91.9200,168.5000,18.3450,0.076
2023-03-01,93.5500,169.2300,18.0950,0.029
2023-03-02,93.3100,169.3500,18.1120,-0.205
2023-03-03,94.0600,169.0700,18.0130,0.213
2023-03-06,91.6200,165.1500,18.0150,-0.058
2023-03-07,89.8400,162.8400,18.1310,0.030
2023-03-08,90.9700,163.5900,17.9490,-0.188
2023-03-09,89.6000,164.0900,18.0860,-1.243
2023-03-10,88.6700,164.3200,18.3590,-0.932
2023-03-13,87.4700,166.5000,18.7700,-1.393
2023-03-14,88.8600,165.5400,18.7190,0.481
2023-03-15,86.4300,164.0400,18.9570,-0.119
2023-03-16,88.6600,166.3200,18.9130,0.819
2023-03-17,87.2300,165.4300,18.9800,0.080
2023-03-21,88.0100,164.0100,18.6700,0.186
2023-03-22,88.2100,164.1000,18.5270,-0.410
2023-03-23,88.0700,164.2200,18.4890,-0.845
2023-03-24,89.5600,165.5600,18.4980,0.065
2023-03-27,91.5700,168.1400,18.3920,0.164
2023-03-28,93.1100,169.7100,18.2420,0.083
2023-03-29,94.8700,171.7100,18.0940,-0.030
2023-03-30,95.0400,172.4000,18.0950,-0.247
2023-03-31,95.1900,171.5500,18.0250,0.017
2023-04-03,94.9000,172.0100,18.1140,-0.063
2023-04-04,94.9900,172.4800,18.1580,0.002
2023-04-05,93.6200,171.5100,18.3080,-0.064
2023-04-10,93.6000,170.3100,18.1610,-0.190
2023-04-11,94.2700,171.3200,18.1950,0.119
2023-04-12,93.6400,169.3200,18.0710,-0.061
2023-04-13,94.0300,169.1700,18.0100,0.105
2023-04-14,93.3500,168.2900,18.0490,0.117
2023-04-17,93.2600,168.4700,18.1014,0.204
2023-04-18,93.0500,168.0700,18.0679,0.031
2023-04-19,93.6900,168.9900,18.0427,0.031
2023-04-20,95.3500,172.4700,18.0136,-0.412
2023-04-21,95.0100,171.1700,18.0100,-0.033
2023-04-24,95.6000,171.9200,18.0074,0.134
2023-04-25,94.9900,172.0700,18.0660,-0.268
2023-04-26,94.8300,172.3900,18.1074,-0.393
2023-04-27,95.2400,172.0000,18.0706,0.061
2023-04-28,97.0200,174.8800,17.9973,-0.155
2023-05-02,97.9800,176.1700,18.0570,0.427
2023-05-03,96.8100,173.9900,17.8960,-0.425
2023-05-04,96.3300,172.3700,17.9560,0.348
2023-05-05,98.0300,174.3900,17.7481,-0.232
2023-05-08,99.0700,176.3500,17.8197,0.108
2023-05-09,99.5200,177.1200,17.7453,-0.293
2023-05-10,100.2700,176.4900,17.6074,0.034
2023-05-11,100.7800,177.0800,17.6120,0.234
2023-05-12,100.9300,177.3100,17.6024,0.198
2023-05-15,101.5900,177.3100,17.5540,0.576
2023-05-16,101.3600,177.3900,17.4297,-0.407
2023-05-17,100.3300,176.4600,17.5912,0.018
2023-05-18,100.5800,178.2400,17.7162,-0.028
2023-05-19,99.9900,178.2200,17.6920,-0.739
2023-05-22,98.4800,175.7100,17.8395,-0.015
2023-05-23,97.0300,174.4800,17.9628,-0.107
2023-05-24,97.1600,173.4700,17.8120,-0.236
2023-05-25,97.9300,173.9900,17.8332,0.374
2023-05-26,98.3800,173.5700,17.6647,0.124
2023-05-30,97.8200,173.2400,17.6730,-0.209
2023-05-31,100.6100,178.6300,17.7488,-0.033
2023-06-01,101.3100,177.6200,17.5493,0.097
2023-06-02,102.5000,179.6900,17.4976,-0.189
2023-06-05,103.8000,181.3100,17.4640,-0.019
2023-06-06,103.5600,180.4200,17.4124,-0.054
2023-06-07,103.9800,180.9200,17.3411,-0.336
2023-06-08,104.8500,182.5300,17.4095,0.005
2023-06-09,107.2400,185.7400,17.2912,-0.166
2023-06-12,107.7900,186.5000,17.3080,0.034
2023-06-13,109.0900,188.4600,17.2140,-0.357
2023-06-14,110.5700,189.2000,17.1100,-0.008
2023-06-15,110.4600,188.6000,17.1787,0.613
2023-06-16,111.1900,189.9600,17.0765,-0.045
2023-06-20,110.1800,189.7800,17.1908,-0.196
2023-06-21,109.4200,187.2300,17.1601,0.286
2023-06-22,110.1200,188.4700,17.1472,0.188
2023-06-23,108.1100,185.8300,17.1723,-0.097
2023-06-26,108.1200,184.8800,17.1345,0.205
2023-06-27,110.7400,188.7600,17.0833,0.223
2023-06-28,109.8700,187.5600,17.0731,0.012
2023-06-29,110.5900,189.0300,17.0976,0.028
2023-06-30,110.8400,189.4100,17.1439,0.324
2023-07-03,112.0000,193.5900,17.0578,-1.313
2023-07-05,111.9800,190.5000,16.9966,-0.090
2023-07-06,110.3800,190.2000,17.2568,0.148
2023-07-07,111.1800,190.6200,17.1073,-0.221
2023-07-10,109.0200,186.1500,17.0485,-0.154
2023-07-11,109.2400,186.3600,17.0853,0.150
2023-07-12,109.0300,183.9000,16.8480,-0.112
2023-07-13,108.1100,182.0700,16.8998,0.348
2023-07-14,108.4200,181.3300,16.8002,0.451
2023-07-17,108.4500,181.4000,16.8047,0.467
2023-07-18,108.2200,181.9100,16.7423,-0.398
2023-07-19,108.2000,180.9500,16.7590,0.211
2023-07-20,108.0200,182.4800,16.8359,-0.339
2023-07-21,108.6400,184.5800,16.9228,-0.396
2023-07-24,108.0200,181.9400,16.8164,-0.159
2023-07-25,108.2900,183.5100,16.9099,-0.214
2023-07-26,109.1800,184.2900,16.8769,-0.015
2023-07-27,110.7200,187.0300,16.7073,-1.094
2023-07-28,113.7800,190.0400,16.6635,-0.233
2023-07-31,113.2500,189.7200,16.7183,-0.203
2023-08-01,112.3400,189.6500,16.8414,-0.239
2023-08-02,109.8700,187.2800,17.0430,-0.015
2023-08-03,109.8000,189.4900,17.3356,0.451
2023-08-04,110.7800,189.4700,17.0579,-0.265
2023-08-07,113.1600,192.2900,17.0564,0.375
2023-08-08,113.0000,193.0600,17.1512,0.388
2023-08-09,112.9400,192.4900,17.0760,0.190
2023-08-10,112.4100,191.4900,16.9410,-0.552
2023-08-11,111.7200,190.0800,16.9950,-0.111
2023-08-14,112.5700,192.1100,17.0746,0.051
2023-08-15,112.3700,192.7100,17.1114,-0.223
2023-08-16,116.6200,199.6700,17.0640,-0.335
2023-08-17,114.3900,195.7800,17.1160,0.005
2023-08-18,116.0400,197.7000,17.0598,0.132
2023-08-21,114.2200,194.5000,17.0310,0.014
2023-08-22,114.5000,193.9900,16.9166,-0.152
2023-08-23,115.8700,194.9800,16.7987,-0.171
2023-08-24,115.1900,193.5800,16.8180,0.076
2023-08-25,116.6600,195.5900,16.7970,0.186
2023-08-28,117.2300,196.3600,16.7116,-0.229
2023-08-29,118.6700,199.5300,16.8436,0.177
2023-08-30,117.6600,197.2200,16.7435,-0.110
2023-08-31,112.5200,190.9000,16.8810,-0.500
2023-09-01,111.4500,190.7900,17.1523,0.195
2023-09-05,109.0000,190.1000,17.3392,-0.580
2023-09-06,109.4000,192.4200,17.5490,-0.226
2023-09-07,107.6400,189.7000,17.5396,-0.476
2023-09-08,107.6000,189.4500,17.5710,-0.204
2023-09-11,110.0300,190.7000,17.3680,0.210
2023-09-12,108.2500,186.7800,17.2553,0.005
2023-09-13,108.9900,186.8700,17.1055,-0.234
2023-09-14,109.1900,186.7600,17.1090,0.028
2023-09-15,107.5200,183.6300,17.0680,-0.063
2023-09-18,109.7400,187.6500,17.1116,0.071
2023-09-19,110.2600,188.4400,17.0624,-0.164
2023-09-20,109.6100,187.6300,17.0270,-0.531
2023-09-21,107.9200,186.0100,17.1577,-0.454
2023-09-22,109.3600,187.7200,17.1431,-0.129
2023-09-25,110.2800,192.0600,17.3711,-0.256
2023-09-26,107.5500,188.5300,17.4958,-0.192
2023-09-27,106.9300,189.3800,17.7030,-0.043
2023-09-28,107.9000,189.0900,17.5990,0.425
2023-09-29,109.1500,189.9800,17.4064,0.006
2023-10-02,110.6300,195.7600,17.5457,-0.844
2023-10-03,108.5300,194.9400,17.9134,-0.270
2023-10-04,108.7100,195.3400,17.9505,-0.102
2023-10-05,105.5900,191.7700,18.3190,0.866
2023-10-06,105.0100,190.5800,18.1600,0.062
2023-10-09,103.6900,188.1600,18.1600,0.075
2023-10-10,106.6000,190.9200,17.9800,0.391
2023-10-11,108.0300,192.7300,17.8190,-0.120
2023-10-12,107.6000,193.1900,17.8990,-0.309
2023-10-13,106.0100,191.1900,18.0525,0.097
2023-10-16,106.4700,190.6900,17.9564,0.258
2023-10-17,105.9000,190.4200,17.9022,-0.439
2023-10-18,103.3700,188.5400,18.2492,0.054
2023-10-19,101.5300,185.6400,18.2860,0.010
2023-10-20,100.6200,183.1900,18.2152,0.050
2023-10-23,101.1700,183.1500,18.1033,0.001
2023-10-24,100.4500,182.3800,18.2818,0.691
2023-10-25,100.4200,183.8000,18.2970,-0.033
2023-10-26,104.6200,189.8400,18.1841,0.212
2023-10-27,106.5000,192.9900,18.0496,-0.395
2023-10-30,111.9800,202.1600,18.0210,-0.178
2023-10-31,113.4100,203.8400,18.0530,0.441
2023-11-01,117.9700,209.5400,17.9460,1.035
2023-11-03,120.9400,210.9300,17.3706,-0.403
2023-11-06,120.4300,211.2200,17.5236,-0.087
2023-11-07,120.8800,211.9600,17.4680,-0.381
2023-11-08,118.0000,207.2700,17.4792,-0.490
2023-11-09,118.7400,212.3500,17.4832,-2.239
2023-11-10,118.9600,209.7200,17.4832,-0.830
2023-11-13,120.0300,211.1300,17.5770,-0.073
2023-11-14,126.0600,219.0400,17.4010,0.145
2023-11-15,127.2200,220.3300,17.3256,0.039
2023-11-16,125.8900,217.7700,17.3019,0.020
2023-11-17,126.7700,218.1900,17.2099,-0.009
2023-11-21,123.7100,212.8700,17.2096,0.014
2023-11-22,124.4800,214.5300,17.2014,-0.190
2023-11-24,123.7200,214.7200,17.1255,-1.324
2023-11-27,123.4200,212.0900,17.1520,-0.189
2023-11-28,124.7500,213.5000,17.1180,0.022
2023-11-29,124.1800,214.7400,17.2022,-0.523
2023-11-30,126.8900,220.9200,17.3758,-0.198
2023-12-01,126.9100,218.3000,17.2032,0.012
2023-12-04,126.0400,220.1500,17.4136,-0.304
2023-12-05,126.4600,219.6800,17.4726,0.582
2023-12-06,126.7200,218.7400,17.2642,0.015
2023-12-07,127.5600,222.8300,17.4351,-0.192
2023-12-08,128.2100,222.6500,17.3809,0.086
2023-12-11,127.7800,222.7600,17.4230,-0.058
2023-12-13,130.0400,224.5300,17.4146,0.859
2023-12-14,130.6500,224.6500,17.2848,0.523
2023-12-15,129.4100,222.9900,17.1810,-0.292
2023-12-18,131.6600,226.2500,17.2043,0.116
2023-12-19,132.5700,226.4600,17.0730,-0.054
2023-12-20,130.4800,223.4300,17.0780,-0.267
2023-12-21,131.2400,223.9000,17.0534,-0.041
2023-12-22,130.9500,222.6900,16.9830,-0.134
2023-12-26,131.5200,223.5500,16.9675,-0.176
2023-12-27,131.2800,222.6200,16.9138,-0.259
2023-12-28,130.6000,221.5600,16.9090,-0.329
2023-12-29,130.3500,221.4600,16.8998,-0.529
2024-01-02,128.2600,220.3000,17.0140,-0.943
2024-01-03,127.3800,217.2300,17.0560,0.014
2024-01-04,126.2700,215.3200,17.0480,-0.026
2024-01-05,126.3500,213.4500,16.9141,0.122
2024-01-08,128.4100,216.1200,16.8030,-0.163
2024-01-09,127.6600,216.7600,16.9360,-0.256
2024-01-10,128.3200,218.2500,16.9880,-0.119
2024-01-11,129.2300,218.6200,16.9867,0.411
2024-01-12,130.0200,219.2000,16.8510,-0.047
2024-01-16,129.9300,223.5600,17.1499,-0.327
2024-01-17,128.6700,221.7800,17.2650,0.166
2024-01-18,132.5200,227.7000,17.2035,0.123
2024-01-19,133.6500,228.2500,17.1160,0.221
2024-01-22,134.4800,231.4200,17.1342,-0.432
2024-01-23,135.6400,235.5400,17.3620,-0.018
2024-01-24,132.8700,228.5000,17.1590,-0.222
2024-01-25,135.5400,233.1100,17.2283,0.173
2024-01-26,136.5400,233.8500,17.1442,0.101
2024-01-29,136.1000,234.6600,17.2418,0.000
2024-01-30,137.8200,235.8200,17.1794,0.401
2024-01-31,135.5400,233.0700,17.1762,-0.113
2024-02-01,140.7600,239.9700,17.1020,0.316
2024-02-02,141.0400,241.5200,17.1550,0.180
2024-02-06,139.3100,237.6500,17.0265,-0.191
2024-02-07,139.3900,237.4600,17.0430,0.043
2024-02-08,139.4700,239.4700,17.1182,-0.302
2024-02-09,141.6400,242.5800,17.0937,-0.192
2024-02-12,141.9000,241.8100,17.0591,0.107
2024-02-13,140.1400,241.2100,17.2020,-0.059
2024-02-14,142.1600,243.5100,17.0970,-0.189
2024-02-15,142.0900,241.9600,17.0810,0.307
2024-02-16,133.4000,227.5100,17.0620,0.043
2024-02-20,132.5400,225.6700,17.0444,0.105
2024-02-21,133.2100,226.3200,17.0580,0.402
2024-02-22,133.4600,228.2500,17.1330,0.178
2024-02-23,118.8300,203.4000,17.1034,-0.079
2024-02-26,118.4100,202.7900,17.1077,-0.107
2024-02-27,121.8400,208.4100,17.0716,-0.197
2024-02-28,124.1100,212.6100,17.0896,-0.240
2024-02-29,124.2400,212.2200,17.0580,-0.137
2024-03-01,124.8300,212.2800,17.0055,-0.000
2024-03-04,123.4000,210.2200,16.9628,-0.428
2024-03-05,122.0600,207.5500,16.9287,-0.442
2024-03-06,121.4700,205.5800,16.8610,-0.374
2024-03-07,121.3400,204.4600,16.8688,0.111
2024-03-08,121.9900,205.1800,16.8082,-0.067
2024-03-11,122.0500,205.0100,16.8134,0.096
2024-03-12,122.1600,204.9600,16.8281,0.299
2024-03-13,124.5300,207.5900,16.7300,0.361
2024-03-14,125.2800,209.2600,16.6940,-0.056
2024-03-15,127.9800,213.8100,16.6889,-0.105
2024-03-19,125.5800,211.1300,16.8420,0.176
2024-03-20,128.3400,213.9500,16.7713,0.604
2024-03-21,130.3800,217.9800,16.7390,0.121
2024-03-22,129.5300,216.6500,16.7249,-0.006
2024-03-25,129.2000,215.4100,16.7097,0.223
2024-03-26,130.5500,217.5900,16.6870,0.119
2024-03-27,130.2500,216.1500,16.5370,-0.350
2024-04-01,129.6500,215.4700,16.6560,0.220
2024-04-02,128.3200,212.7900,16.5727,-0.061
2024-04-03,125.1900,206.7200,16.5490,0.221
2024-04-04,128.3900,213.2700,16.5076,-0.623
2024-04-05,128.4700,211.4600,16.4809,0.128
2024-04-08,128.7100,210.4300,16.3250,-0.148
2024-04-09,128.8200,211.6000,16.3579,-0.415
2024-04-10,125.7400,206.5600,16.5073,0.485
2024-04-11,125.3300,206.3000,16.4345,-0.158
2024-04-12,124.2400,207.3500,16.6577,-0.190
2024-04-15,122.9600,205.0100,16.6390,-0.203
2024-04-16,119.5200,203.7300,16.9944,-0.301
2024-04-17,118.9400,201.2800,16.9775,0.323
2024-04-18,119.0700,203.0000,17.1169,0.399
2024-04-19,119.6900,204.8300,17.2062,0.542
2024-04-22,118.5100,202.9900,17.1180,-0.061
2024-04-23,116.3800,197.5000,17.0097,0.232
2024-04-24,115.9000,198.8700,17.1010,-0.337
2024-04-25,115.1100,198.2600,17.1850,-0.224
2024-04-26,118.9300,204.7300,17.1436,-0.411
2024-04-29,118.9200,201.5900,17.0137,0.366
2024-04-30,117.6600,201.4800,17.0642,-0.349
2024-05-02,117.5600,200.0300,16.9286,-0.509
2024-05-03,118.6800,201.5400,17.0320,0.296
2024-05-06,119.4500,201.8400,16.9016,0.025
2024-05-07,119.9200,202.9900,16.9080,-0.113
2024-05-08,119.3900,201.4000,16.9039,0.206
2024-05-09,121.3100,203.3100,16.8590,0.593
2024-05-10,120.9700,202.8700,16.7650,-0.031
2024-05-13,122.0200,205.3500,16.8070,-0.132
2024-05-14,120.7900,203.2200,16.8402,0.095
2024-05-15,121.7700,203.1800,16.6831,-0.015
2024-05-16,120.3200,201.1700,16.6839,-0.213
2024-05-17,119.9100,199.0300,16.6162,0.108
2024-05-20,118.7800,196.8500,16.5621,-0.064
2024-05-21,117.5100,195.4900,16.5946,-0.249
2024-05-22,116.8900,194.9300,16.6206,-0.334
2024-05-23,117.3700,196.4800,16.7065,-0.201
2024-05-24,116.7500,194.9300,16.6813,-0.090
2024-05-28,117.3200,196.7600,16.7039,-0.401
2024-05-29,116.1700,197.2900,16.9370,-0.270
2024-05-30,116.2400,197.7500,16.9232,-0.523
2024-05-31,114.6200,194.3700,16.9940,0.214
2024-06-03,105.8200,187.4600,17.5780,-0.773
2024-06-04,111.4100,199.2700,17.8580,-0.158
2024-06-05,113.7600,199.5000,17.5340,-0.017
2024-06-06,112.8500,201.5500,17.5212,-1.897
2024-06-07,108.3500,198.6400,18.2662,-0.365
2024-06-10,109.1900,200.2700,18.4040,0.341
2024-06-11,109.9400,202.8100,18.4350,-0.067
2024-06-12,108.2500,203.1300,18.7390,-0.138
2024-06-13,107.2300,197.5300,18.5611,0.760
2024-06-14,106.2400,195.5300,18.4519,0.257
2024-06-17,108.3000,200.4300,18.4897,-0.093
2024-06-18,108.2400,198.8800,18.3918,0.097
2024-06-20,107.8800,198.1700,18.3950,0.139
2024-06-21,106.7500,193.0000,18.1995,0.663
2024-06-24,108.6300,194.9100,18.0039,0.342
2024-06-25,109.2800,198.0500,18.1250,0.010
2024-06-26,106.2500,194.3500,18.1658,-0.689
2024-06-27,106.1500,194.9100,18.3180,-0.238
2024-06-28,107.6500,196.3900,18.2610,0.097
2024-07-01,108.3900,198.6300,18.3860,0.330
2024-07-02,107.5100,195.9900,18.2249,-0.028
2024-07-03,105.5000,196.1200,18.1141,-2.558
2024-07-05,107.0000,192.7000,18.0870,0.431
2024-07-08,109.8900,198.2000,17.9935,-0.237
2024-07-09,112.3300,201.0300,17.9441,0.267
2024-07-10,114.6800,204.4400,17.8331,0.034
2024-07-11,115.6000,204.9900,17.8318,0.559
2024-07-12,117.5000,206.8200,17.6530,0.291
2024-07-15,115.6100,206.2800,17.7660,-0.430
2024-07-16,118.2400,208.4900,17.6590,0.149
2024-07-17,117.6000,208.3900,17.7487,0.161
2024-07-18,115.9400,208.8000,17.8452,-0.911
2024-07-19,116.3100,210.0000,17.9387,-0.645
2024-07-22,118.8300,212.9000,17.9260,0.054
2024-07-23,117.0100,212.0800,18.0738,-0.282
2024-07-24,111.0900,204.2000,18.3789,-0.014
2024-07-25,108.2700,200.0600,18.3491,-0.697
2024-07-26,109.5700,201.8900,18.3960,-0.161
2024-07-29,109.2400,203.0800,18.6591,0.370
2024-07-30,108.2000,202.7700,18.7983,0.310
2024-07-31,110.2500,205.5300,18.5975,-0.240
2024-08-01,110.0200,205.7400,18.6418,-0.312
2024-08-02,108.8700,207.8700,18.9991,-0.494
2024-08-05,106.8500,207.0000,19.4450,0.372
2024-08-06,107.1300,208.6300,19.3187,-0.800
2024-08-07,109.8200,211.8800,19.1741,-0.618
2024-08-08,110.5900,209.5100,19.1130,0.888
2024-08-09,111.8200,210.2900,18.8245,0.098
2024-08-12,110.0100,210.0000,18.9940,-0.499
2024-08-13,111.4400,211.1900,19.0499,0.522
2024-08-14,112.4500,211.5900,18.8242,0.042
2024-08-15,112.9200,210.2900,18.6539,0.166
2024-08-16,113.0000,210.5600,18.6169,-0.090
2024-08-19,113.5400,211.9900,18.7425,0.383
2024-08-20,110.2300,209.7900,18.8923,-0.734
2024-08-21,107.3800,207.7200,19.1910,-0.793
2024-08-22,107.0100,208.2400,19.4370,-0.117
2024-08-23,107.9800,205.7300,19.0940,0.217
2024-08-26,105.5200,204.0400,19.4050,0.354
2024-08-27,104.9100,206.3400,19.6486,-0.100
2024-08-28,104.5100,204.8000,19.5288,-0.344
2024-08-29,103.8100,205.7700,19.7880,-0.170
2024-08-30,102.7800,202.5100,19.6576,-0.232
2024-09-03,100.5600,199.7900,19.8300,-0.190
2024-09-04,102.8900,204.9000,19.8161,-0.494
2024-09-05,102.0600,202.9100,19.9926,0.559
2024-09-06,101.9600,203.1000,20.0399,0.604
2024-09-09,102.1900,203.4300,19.8845,-0.113
2024-09-10,99.7200,200.0600,20.0831,0.104
2024-09-11,101.3600,200.6500,19.8377,0.212
2024-09-12,103.2500,200.7600,19.6029,0.817
2024-09-13,104.5700,200.5200,19.2589,0.434
2024-09-17,103.2100,198.1800,19.2769,0.392
2024-09-18,102.0800,197.4600,19.2802,-0.328
2024-09-19,102.2100,197.3300,19.2449,-0.318
2024-09-20,99.7500,193.0000,19.3230,-0.131
2024-09-23,100.3300,194.6000,19.3865,-0.049
2024-09-24,100.9900,195.1400,19.3435,0.108
2024-09-25,100.1600,196.9200,19.5715,-0.453
2024-09-26,100.9200,197.1700,19.5690,0.162
2024-09-27,99.3900,195.7300,19.6428,-0.256
2024-09-30,98.7100,194.1300,19.6903,0.120
2024-10-02,98.3200,191.2600,19.3734,-0.408
2024-10-03,98.8900,191.3000,19.4841,0.720
2024-10-04,99.6700,192.1200,19.1551,-0.625
2024-10-07,99.4300,191.6400,19.3477,0.383
2024-10-08,98.7300,190.4800,19.3761,0.431
2024-10-09,98.2900,191.6800,19.4026,-0.507
2024-10-10,98.4200,192.0100,19.4816,-0.142
2024-10-11,98.5800,190.2500,19.4312,0.685
2024-10-14,98.6600,191.5400,19.4312,0.088
2024-10-15,98.7200,194.2600,19.5715,-0.541
2024-10-16,97.3900,193.5300,19.8835,0.060
2024-10-17,95.9800,190.8900,19.8860,-0.013
2024-10-18,97.8800,194.7500,19.8161,-0.406
2024-10-21,98.2700,196.6500,20.0494,0.191
2024-10-22,98.0000,195.2000,19.8992,-0.096
2024-10-23,97.7000,193.6600,19.9284,0.537
2024-10-24,96.5400,191.6100,19.8520,0.022
2024-10-25,96.7500,193.3000,19.9126,-0.334
2024-10-28,98.3800,197.1900,20.0444,0.003
2024-10-29,96.8000,194.1400,20.0000,-0.278
2024-10-30,96.0700,193.4900,20.1720,0.156
2024-10-31,96.8900,193.8500,20.0314,0.121
2024-11-01,96.7400,195.8600,20.0273,-1.080
2024-11-04,97.6100,196.3100,20.0880,-0.118
2024-11-05,96.2300,193.7800,20.2417,0.519
2024-11-06,96.6600,194.0000,20.2500,0.895
2024-11-07,97.0100,192.2100,19.8839,0.356
2024-11-08,96.8700,195.5000,20.2230,0.205
2024-11-11,96.2000,195.2900,20.2230,-0.381
2024-11-12,93.1400,191.7100,20.5914,0.041
2024-11-13,92.7500,190.9800,20.5908,-0.000
2024-11-14,91.1600,186.2300,20.5104,0.399
2024-11-15,90.0800,184.0900,20.3376,-0.483
2024-11-19,89.3000,179.5500,20.1465,0.200
2024-11-20,86.9100,176.2800,20.3099,0.132
2024-11-21,86.6400,176.3200,20.4431,0.453
2024-11-22,87.1400,178.4200,20.4845,0.046
2024-11-25,88.5000,179.4400,20.3320,0.278
2024-11-26,87.5700,181.0000,20.7360,0.323
2024-11-27,85.8100,176.6000,20.6488,0.333
2024-11-29,89.3900,178.5100,20.3142,1.725
2024-12-02,87.5200,179.1700,20.4351,-0.180
2024-12-03,89.2300,181.8500,20.3230,-0.279
2024-12-04,90.6900,183.9400,20.2576,-0.122
2024-12-05,91.8800,186.2000,20.1920,-0.363
2024-12-06,90.8300,182.3900,20.2363,0.777
2024-12-09,90.6800,183.3100,20.1870,-0.139
2024-12-10,89.3200,179.5600,20.2400,0.681
2024-12-11,89.3200,179.8500,20.1342,-0.006
2024-12-13,88.6800,177.9500,20.1391,0.362
2024-12-16,86.8400,175.0100,20.1412,-0.059
2024-12-17,88.4300,178.1200,20.2650,0.608
2024-12-18,86.8000,176.7300,20.1588,-0.991
2024-12-19,84.7100,172.1000,20.4137,0.479
2024-12-20,87.3000,174.6900,20.0664,0.280
2024-12-23,87.3300,176.4900,20.2010,-0.042
2024-12-24,87.3400,175.7700,20.1610,0.180
2024-12-26,87.7900,177.3000,20.1750,-0.104
2024-12-27,87.2800,177.3600,20.2220,-0.486
2024-12-30,85.3100,175.9400,20.5460,-0.376
2024-12-31,85.4900,177.9100,20.8557,0.217
2025-01-02,85.4200,175.6700,20.6250,0.290
2025-01-03,81.2300,167.7000,20.6490,0.019
2025-01-06,83.4400,169.7500,20.2771,-0.329
2025-01-07,85.1000,172.7200,20.3255,0.145
2025-01-08,83.8300,170.8600,20.3720,-0.048
2025-01-10,82.2600,170.8500,20.7124,-0.275
2025-01-13,83.5400,172.9900,20.7901,0.399
2025-01-14,83.5900,171.9300,20.5144,-0.262
2025-01-15,83.4800,169.2900,20.4700,0.941
2025-01-16,82.2900,169.3100,20.7958,1.074
2025-01-17,82.5000,171.0000,20.7010,-0.127
2025-01-21,84.9700,175.4300,20.5571,-0.431
2025-01-22,84.4600,172.8600,20.4838,0.085
2025-01-23,84.2500,171.8900,20.3605,-0.205
2025-01-24,85.3300,172.8900,20.2317,-0.146
2025-01-27,84.6500,174.3600,20.7208,0.597
2025-01-28,86.3400,177.5500,20.5534,-0.052
2025-01-29,86.6300,177.1000,20.5702,0.621
2025-01-30,87.2800,179.7900,20.4287,-0.828
2025-01-31,85.3200,176.3100,20.6290,-0.172
2025-02-04,85.7700,176.0700,20.4413,-0.423
2025-02-05,85.1000,175.1500,20.5827,0.005
2025-02-06,89.7000,183.6800,20.5022,0.122
2025-02-07,87.7900,180.0100,20.5889,0.411
2025-02-10,87.2000,178.5100,20.6780,1.010
2025-02-11,87.9100,180.6500,20.5498,0.002
2025-02-12,89.0200,182.4200,20.4826,-0.046
2025-02-13,89.7100,183.3300,20.5031,0.329
2025-02-14,91.1100,185.1800,20.3097,-0.075
2025-02-18,91.4300,185.3700,20.2490,-0.126
2025-02-19,90.6900,185.8000,20.4428,-0.218
2025-02-20,90.6000,183.9900,20.3652,0.282
2025-02-21,89.4000,182.5900,20.3521,-0.352
2025-02-24,89.6300,183.1200,20.4401,0.046
2025-02-25,89.0000,182.6700,20.5295,0.023
2025-02-26,89.4700,182.3400,20.4272,0.232
2025-02-27,94.0900,192.6300,20.4818,0.043
2025-02-28,94.0800,193.1500,20.5254,-0.024
2025-03-03,93.3900,192.9900,20.4555,-1.014
2025-03-04,93.0400,193.4700,20.8270,0.157
2025-03-05,95.2800,193.8800,20.3860,0.185
2025-03-06,97.4300,197.7900,20.3132,0.061
2025-03-07,97.7200,198.1000,20.2660,-0.031
2025-03-10,96.6200,196.6600,20.2860,-0.334
2025-03-11,96.3900,195.4600,20.3490,0.350
2025-03-12,98.3200,198.0100,20.1678,0.141
2025-03-13,97.7100,195.6900,20.0913,0.318
2025-03-14,99.0200,197.3400,19.8545,-0.375
2025-03-18,99.3200,198.1000,19.9858,0.201
2025-03-19,99.4300,199.0100,20.0570,0.209
2025-03-20,98.6200,199.0000,20.1342,-0.219
2025-03-21,97.3900,196.7200,20.1940,-0.026
2025-03-24,96.6100,193.9100,20.0960,0.122
2025-03-25,97.1000,195.4000,20.0713,-0.260
2025-03-26,96.9300,194.9800,20.1100,-0.028
2025-03-27,99.2000,201.9100,20.2783,-0.371
2025-03-28,100.1300,204.2900,20.4198,0.085
2025-03-31,97.5800,199.1700,20.4582,0.232
2025-04-01,100.1300,203.1700,20.3290,0.189
2025-04-02,99.9300,204.5600,20.5000,0.145
2025-04-03,101.4600,202.2600,19.9508,0.080
2025-04-04,96.8100,198.3000,20.4910,0.037
2025-04-07,92.5000,191.2500,20.7140,0.185
2025-04-08,93.2200,194.7000,20.7089,-0.848
2025-04-09,97.6800,198.6100,20.9441,3.007
2025-04-10,96.7400,197.5300,20.5029,0.413
2025-04-11,98.4300,200.0800,20.3700,0.211
2025-04-14,100.1800,200.8100,20.1255,0.402
2025-04-15,101.4700,205.1800,19.9704,-1.238
2025-04-16,103.7900,207.2500,19.9648,-0.017
2025-04-21,104.5000,206.8100,19.6628,-0.645
2025-04-22,106.2300,208.6500,19.5840,-0.292
2025-04-23,106.3400,207.9600,19.6327,0.391
2025-04-24,105.9100,207.5600,19.5896,-0.042
2025-04-25,106.4100,207.1700,19.5585,0.460
2025-04-28,106.3400,207.2000,19.5507,0.339
2025-04-29,105.4500,205.2200,19.5851,0.636
2025-04-30,105.3100,206.1900,19.5914,0.062
2025-05-02,101.2700,198.3100,19.6685,0.440
2025-05-05,100.7300,198.1000,19.6316,-0.177
2025-05-06,102.8800,202.2800,19.6870,0.128
2025-05-07,103.9700,203.9900,19.5831,-0.188
2025-05-08,101.7300,198.7200,19.5850,0.261
2025-05-09,102.0400,198.8500,19.4834,-0.021
2025-05-12,99.8500,196.5200,19.6130,-0.348
2025-05-13,102.0300,197.6000,19.4181,0.265
2025-05-14,102.5400,199.2400,19.3501,-0.414
2025-05-15,102.4500,199.8100,19.4860,-0.088
2025-05-16,103.4000,201.5200,19.5250,0.183
2025-05-19,107.0000,206.2300,19.3707,0.503
2025-05-20,107.8400,207.4800,19.2670,0.142
2025-05-21,107.4300,208.1600,19.3190,-0.296
2025-05-22,105.8600,204.4300,19.3232,0.061
2025-05-23,106.5900,205.1100,19.2798,0.192
2025-05-27,107.0900,206.2900,19.2309,-0.168
2025-05-28,106.8500,206.8700,19.4170,0.290
2025-05-29,107.4400,207.2300,19.3390,0.265
2025-05-30,106.5300,206.0500,19.3901,0.249
2025-06-02,106.6400,204.5200,19.2450,0.347
2025-06-03,105.5800,203.0100,19.2572,0.151
2025-06-04,104.8600,201.0100,19.2042,0.182
2025-06-05,105.2800,202.1600,19.1774,-0.129
2025-06-06,107.0600,204.1400,19.1226,0.287
2025-06-09,104.7700,199.4200,19.0515,0.092
2025-06-10,105.4200,200.8600,19.0519,-0.007
2025-06-11,106.3100,201.3000,18.8436,-0.484
2025-06-12,105.7800,199.9200,18.8879,-0.062
2025-06-13,105.9300,200.5200,18.9085,-0.111
2025-06-16,104.8200,197.8200,18.9266,0.287
2025-06-17,102.5900,195.1500,18.9581,-0.338
2025-06-18,101.8000,193.4500,19.0068,0.020
2025-06-20,100.4400,191.7800,19.1369,0.225
2025-06-23,100.6300,192.6400,19.1600,0.087
2025-06-24,101.2300,192.3900,19.0210,0.083
2025-06-25,100.7800,190.0900,18.9159,0.286
2025-06-26,101.5800,192.0200,18.8741,-0.155
2025-06-27,101.9900,192.2800,18.8283,-0.130
2025-06-30,102.9800,193.0400,18.8292,0.447
2025-07-01,103.3900,193.7600,18.7381,-0.014
2025-07-02,106.1900,198.7300,18.7503,0.191
2025-07-03,105.7000,199.3900,18.6440,-1.165
2025-07-07,105.6900,197.1400,18.6647,0.065
2025-07-08,104.4800,194.5900,18.7084,0.450
2025-07-09,102.4600,190.8600,18.5610,-0.358
2025-07-10,101.5000,188.8500,18.6313,0.136
2025-07-11,100.6700,187.5600,18.6727,0.223
2025-07-14,98.6200,184.8200,18.7585,0.095
2025-07-15,98.2200,184.7700,18.7928,-0.101
2025-07-16,99.3100,186.1800,18.7302,-0.092
2025-07-17,100.2900,188.3500,18.7629,-0.094
2025-07-18,99.3700,186.2000,18.7037,-0.183
2025-07-21,99.8300,186.4900,18.6335,-0.253
2025-07-22,98.4300,183.3800,18.5963,-0.184
2025-07-23,97.5800,180.7100,18.5784,0.320
2025-07-24,97.8400,181.5600,18.5589,0.011
2025-07-25,98.6000,182.6200,18.5676,0.250
2025-07-28,92.0400,172.7800,18.7314,-0.218
2025-07-29,92.2400,172.8100,18.7694,0.185
2025-07-30,89.8900,169.2400,18.7987,-0.153
2025-07-31,90.4600,170.5500,18.7970,-0.300
2025-08-01,88.9700,168.0700,18.8770,-0.072
2025-08-04,88.3000,166.8600,18.8514,-0.241
2025-08-05,89.1700,167.2100,18.7715,0.105
2025-08-06,88.1800,164.1000,18.6400,0.163
2025-08-07,88.2300,164.8600,18.6879,0.014
2025-08-08,86.8600,161.5900,18.5421,-0.330
2025-08-11,86.2200,161.1900,18.6474,-0.256
2025-08-12,86.1600,160.1300,18.5583,-0.145
2025-08-13,85.7400,159.8000,18.6538,0.086
2025-08-14,84.5500,159.1800,18.8160,-0.057
2025-08-15,85.2500,159.6900,18.7330,0.006
2025-08-18,85.3100,160.2500,18.7821,-0.012
2025-08-19,84.5400,159.2100,18.8090,-0.125
2025-08-20,86.2300,161.9000,18.7834,0.043
2025-08-21,87.0000,163.6500,18.7849,-0.135
2025-08-22,88.8800,165.5400,18.5921,-0.177
2025-08-25,88.1100,164.8400,18.6316,-0.411
2025-08-26,86.9100,162.4700,18.6658,-0.151
2025-08-27,86.9900,162.3600,18.7039,0.213
2025-08-28,87.6800,163.6500,18.6638,-0.004
2025-08-29,86.6400,161.9000,18.6381,-0.259
2025-09-02,86.9200,162.1400,18.7163,0.334
2025-09-03,83.6700,156.4800,18.6732,-0.154
2025-09-04,85.4500,160.0100,18.7419,0.087
2025-09-05,85.3600,159.7100,18.6770,-0.177
2025-09-08,86.7900,162.2900,18.6301,-0.369
2025-09-09,87.0300,162.2500,18.6330,-0.054
2025-09-10,86.7700,161.6500,18.5980,-0.170
2025-09-11,90.3800,167.3000,18.5196,0.048
2025-09-12,92.3100,170.4000,18.4821,0.122
2025-09-15,94.3800,173.1400,18.3353,-0.053
2025-09-17,93.0300,170.0700,18.3350,0.294
2025-09-18,92.6900,170.4200,18.3710,-0.082
2025-09-19,96.3000,177.0200,18.3749,-0.039
2025-09-22,97.0000,178.0900,18.4322,0.394
2025-09-23,98.3100,180.4300,18.3067,-0.253
2025-09-24,97.8200,180.3600,18.4453,0.040
2025-09-25,96.9300,179.2400,18.4410,-0.274
2025-09-26,98.5100,181.1300,18.3835,-0.019
2025-09-29,99.3300,182.6000,18.3441,-0.213
2025-09-30,98.6300,180.4500,18.3442,0.265
2025-10-01,95.5600,175.3900,18.3588,0.027
2025-10-02,96.3200,177.7000,18.4829,0.184
2025-10-03,95.7100,175.9300,18.3830,0.008
2025-10-06,95.1300,174.8200,18.3456,-0.171
2025-10-07,94.2900,173.5100,18.3814,-0.111
2025-10-08,96.2100,175.9400,18.3550,0.371
2025-10-09,95.1800,175.1100,18.3800,-0.097
2025-10-10,93.7600,173.9400,18.5195,-0.173
2025-10-13,92.6500,171.3600,18.5195,0.130
2025-10-14,92.1300,170.4200,18.4904,-0.040
2025-10-15,93.0100,171.5500,18.4793,0.190
2025-10-16,95.3700,176.2200,18.4029,-0.404
2025-10-17,96.0900,176.7800,18.4297,0.176
2025-10-20,95.6900,176.5000,18.3874,-0.312
2025-10-21,93.1000,171.5200,18.4230,-0.001
2025-10-22,96.0000,177.3100,18.4179,-0.281
2025-10-23,96.5900,177.9800,18.3981,-0.153
2025-10-24,95.4600,175.9500,18.3930,-0.211
2025-10-27,95.7500,176.3000,18.3920,-0.112
2025-10-28,95.1700,174.7600,18.4133,0.274
2025-10-29,94.6600,174.7000,18.4194,-0.196
2025-10-30,95.6000,176.9400,18.5430,0.187
2025-10-31,94.3600,175.0300,18.5465,-0.014
2025-11-03,94.1200,174.1200,18.4832,-0.090
2025-11-04,92.3500,171.7200,18.6114,0.091
2025-11-05,94.1400,174.8000,18.5993,0.168
2025-11-06,93.3300,173.3100,18.6203,0.273
2025-11-07,95.8500,176.8000,18.4738,0.153
2025-11-10,94.7400,173.9400,18.3908,0.169
2025-11-11,97.3700,178.7100,18.3908,0.202
2025-11-12,96.0000,175.6500,18.3031,0.034
2025-11-13,94.0100,172.0800,18.2706,-0.185
2025-11-14,94.0400,171.9700,18.3299,0.235
2025-11-18,94.4400,172.9600,18.3570,0.233
2025-11-19,94.1200,172.9300,18.3368,-0.199
2025-11-20,94.0300,173.0000,18.3920,-0.035
2025-11-21,94.8300,175.1500,18.4540,-0.086
2025-11-24,93.7300,173.3700,18.5131,0.088
2025-11-25,93.9700,172.6300,18.4311,0.328
2025-11-26,94.1500,173.3700,18.3444,-0.379
2025-11-28,95.9400,176.9900,18.2915,-0.848
2025-12-01,96.2900,175.7200,18.2811,0.176
2025-12-02,101.7500,185.8900,18.3050,0.195
2025-12-03,102.2800,186.7200,18.2800,0.133
2025-12-04,101.4700,185.1200,18.2285,-0.084
2025-12-05,100.6300,183.4300,18.1887,-0.216
2025-12-08,101.0400,184.6600,18.2319,-0.241
2025-12-09,103.4000,188.1300,18.1778,-0.091
2025-12-10,103.5500,187.7600,18.2198,0.483
2025-12-11,102.5900,185.3400,18.0301,-0.199
2025-12-15,102.9700,184.8600,17.9755,0.126
2025-12-16,102.0800,183.0800,17.9417,0.038
2025-12-17,100.4300,180.1500,18.0319,0.524
2025-12-18,102.0600,183.8300,17.9700,-0.233
2025-12-19,100.1400,181.6100,17.9977,-0.760
2025-12-22,101.0200,181.0500,17.9900,0.378
2025-12-23,102.2400,183.3200,17.9240,-0.035
2025-12-24,102.8400,184.6200,17.9209,-0.174
2025-12-26,103.1600,184.7400,17.9088,0.004
2025-12-29,102.8400,184.2700,17.9620,0.245
2025-12-30,100.6400,180.4100,17.9474,0.118
2025-12-31,101.0700,182.0300,18.0057,-0.025
2026-01-02,100.9400,181.1400,17.8763,-0.385
2026-01-05,102.5000,183.9800,17.8800,-0.386
2026-01-06,100.8500,181.6700,17.9599,-0.300
2026-01-07,100.5800,180.7900,17.9532,-0.120
2026-01-08,102.3600,183.9500,17.9863,0.086
2026-01-09,101.9800,183.1300,17.9787,0.118
2026-01-12,102.1900,183.0700,17.9056,-0.051
2026-01-13,103.0300,183.4800,17.8535,0.253
2026-01-14,103.8500,184.5000,17.8052,0.221
2026-01-15,102.9800,178.5600,17.6607,1.854
2026-01-16,101.6800,179.5000,17.6720,0.105
2026-01-20,103.2000,181.5600,17.6066,0.077
2026-01-21,103.6800,181.2700,17.4325,-0.292
2026-01-22,106.1400,185.6000,17.4706,-0.090
2026-01-23,106.9600,185.9100,17.4536,0.416
2026-01-26,107.5000,186.4500,17.3061,-0.220
2026-01-27,107.6000,184.4700,17.2321,0.514
2026-01-28,108.0900,185.2200,17.2493,0.663
2026-01-29,106.1500,182.6100,17.2600,0.331
2026-01-30,104.3600,182.3700,17.3493,-0.720
2026-02-03,108.4300,186.9700,17.2239,-0.113
2026-02-04,106.6800,184.6200,17.2962,-0.056
2026-02-05,107.3200,187.2700,17.4122,-0.215
2026-02-06,110.3700,190.9500,17.2695,-0.181
2026-02-09,111.4400,192.1600,17.1896,-0.312
2026-02-10,113.2300,194.1100,17.2201,0.450
2026-02-11,113.2800,194.5800,17.1984,0.125
2026-02-12,112.8600,194.2600,17.2309,0.107
2026-02-13,114.3900,196.6600,17.1661,-0.151
2026-02-17,114.6500,196.4700,17.1510,0.085
2026-02-18,112.2000,193.7200,17.1454,-0.696
2026-02-19,112.1300,193.6000,17.2736,0.046
2026-02-20,113.5100,194.3900,17.1520,0.156
2026-02-23,111.4000,192.5400,17.2397,-0.254
2026-02-24,111.8600,191.6400,17.1734,0.241
2026-02-25,112.7300,193.4600,17.1597,-0.010
2026-02-26,113.1700,194.4500,17.2347,0.306
2026-02-27,112.3200,193.6300,17.2207,-0.107
2026-03-02,112.3300,194.7600,17.3667,0.164
2026-03-03,109.3700,193.7600,17.6348,-0.458
2026-03-04,111.5400,196.5200,17.5454,-0.417
2026-03-05,108.8500,192.5000,17.6951,0.058
2026-03-06,109.5300,195.0600,17.7980,-0.061
2026-03-09,109.3100,192.7700,17.7615,0.716
2026-03-10,108.7300,191.4300,17.4765,-0.736
2026-03-11,108.9900,192.9000,17.6444,-0.308
2026-03-12,107.3300,191.6700,17.8350,-0.129
2026-03-13,106.1800,190.3500,17.9437,0.093
2026-03-17,107.0000,188.6500,17.7144,0.474
2026-03-18,105.4000,188.1300,17.6840,-0.925
2026-03-19,106.0800,187.7800,17.8663,0.930
2026-03-20,101.3900,182.0100,17.8874,-0.357
2026-03-23,102.9000,183.1400,17.8134,0.087
2026-03-24,105.8000,188.8800,17.8211,-0.176
2026-03-25,108.5100,193.6200,17.7461,-0.546
2026-03-26,106.9600,191.7000,17.7662,-0.873
2026-03-27,107.5700,194.8700,18.0240,-0.506
2026-03-30,108.1100,195.8300,18.1189,0.027
2026-03-31,111.0600,198.6400,18.0327,0.821
2026-04-01,113.1000,201.7500,17.7957,-0.238
2026-04-06,113.7400,202.1500,17.7891,0.091
2026-04-07,115.1000,203.3800,17.7635,0.530
2026-04-08,115.5700,201.3300,17.4120,-0.049
2026-04-09,115.2800,199.8300,17.3485,0.082
2026-04-10,116.6100,201.7900,17.3023,-0.014
2026-04-13,117.2800,202.8200,17.3609,0.389
2026-04-14,115.0700,198.5400,17.2627,0.051
2026-04-15,117.0000,202.5200,17.2822,-0.157
2026-04-16,116.9600,202.0300,17.2637,-0.056
2026-04-17,117.7200,203.1100,17.2380,-0.091
2026-04-20,117.3400,202.7900,17.3092,0.156
2026-04-21,115.5500,200.1500,17.3340,0.072
2026-04-23,113.6200,198.1100,17.3503,-0.493
2026-04-24,113.7300,197.3400,17.3853,0.194
2026-04-27,113.0400,196.5100,17.3840,-0.001
2026-04-28,113.6800,197.6000,17.3756,-0.038
2026-04-29,112.0100,196.2900,17.4931,-0.178
2026-04-30,118.2400,206.3300,17.5161,0.378
2026-05-04,118.9100,208.2100,17.5019,-0.046
2026-05-05,121.2900,210.5700,17.3741,0.076
2026-05-06,122.1700,210.3500,17.2577,0.232
2026-05-07,119.9100,206.6300,17.2400,0.046
2026-05-08,121.2000,208.3200,17.2070,0.110
2026-05-11,123.1200,211.4300,17.1880,0.089
2026-05-12,124.8700,214.9900,17.2543,0.216
2026-05-13,123.0400,211.5200,17.1836,-0.044
2026-05-14,122.2400,210.2000,17.2090,0.077
2026-05-15,121.3800,210.3900,17.3600,0.155
2026-05-18,122.2500,211.0800,17.2864,0.117
2026-05-19,121.8600,211.9500,17.3766,-0.094
2026-05-20,121.5500,209.6400,17.3009,0.311
2026-05-21,121.4000,210.0900,17.3561,0.292
2026-05-22,121.2800,209.9300,17.3241,0.084
2026-05-26,121.9200,211.0900,17.3311,0.100
2026-05-27,122.6700,213.0800,17.3704,0.001
2026-05-28,120.8600,209.2200,17.3370,0.151
2026-05-29,119.0300,206.6200,17.3498,-0.051
2026-06-01,117.7300,204.0100,17.3726,0.254
2026-06-02,120.1400,207.4500,17.2874,0.116
2026-06-03,121.8100,211.9700,17.3190,-0.475
2026-06-04,122.5300,211.5900,17.2875,0.110
2026-06-05,122.8800,214.1000,17.5068,0.478
2026-06-08,122.5100,212.8700,17.4306,0.316
2026-06-09,122.2000,212.5500,17.4149,0.122
2026-06-10,123.6500,215.5800,17.3989,-0.205
2026-06-11,128.3600,221.4800,17.3689,0.662
2026-06-12,129.3700,222.7300,17.2080,-0.049
2026-06-15,126.3400,217.4800,17.1934,-0.119
2026-06-16,126.8800,219.2700,17.1924,-0.517
2026-06-17,125.5600,217.3500,17.1796,-0.756
2026-06-18,126.4700,219.4100,17.3764,0.159
2026-06-22,125.1600,217.2000,17.3287,-0.145
2026-06-23,127.1100,223.2900,17.5430,-0.135
2026-06-24,123.0800,216.2700,17.6173,0.261
2026-06-25,125.3700,219.3400,17.5276,0.184
2026-06-26,128.8700,225.2000,17.4460,-0.166
2026-06-29,131.2000,228.9300,17.5157,0.383
2026-06-30,127.9000,223.5000,17.4490,-0.146
2026-07-01,128.1100,224.4400,17.5261,0.039
2026-07-02,129.3000,225.4700,17.4524,0.084
2026-07-06,130.2500,226.3000,17.4426,0.393
2026-07-07,129.5000,226.8900,17.4980,-0.128
2026-07-08,127.8000,224.7100,17.6270,0.251
2026-07-09,127.0000,222.7300,17.5353,-0.014
2026-07-10,127.6600,223.2000,17.4732,-0.061
2026-07-13,129.0100,225.3600,17.4961,0.158
2026-07-14,133.1700,232.5200,17.4287,-0.181
2026-07-15,128.7700,223.2700,17.3858,0.272
2026-07-16,129.4900,225.2000,17.4280,0.211
2026-07-17,129.0200,225.6800,17.5120,0.115
2026-07-20,130.0100,226.8500,17.4390,-0.055
2026-07-21,130.3500,226.9900,17.3885,-0.146
2026-07-22,130.9200,227.9800,17.3905,-0.133
2026-07-23,127.0800,222.3100,17.5148,0.121
2026-07-24,127.1200,221.9200,17.4526,-0.028
2026-07-27,132.1500,230.1700,17.4420,0.142
2026-07-28,127.7300,222.1700,17.4193,0.147
2026-07-29,121.0600,211.2600,17.5130,0.356
2026-07-30,126.7600,219.7000,17.3380,0.035
2026-07-31,127.9900,221.9500,17.3235,-0.102
2026-08-03,125.7500,217.8100,17.3102,-0.062
2026-08-04,126.2800,218.1900,17.2612,-0.099
2026-08-05,124.3700,214.5900,17.2303,-0.138
2026-08-06,122.1800,210.0700,17.2255,0.186
2026-08-07,122.4600,209.3400,17.1357,0.241
2026-08-10,119.9200,205.6000,17.1305,-0.083
2026-08-11,118.2300,201.7100,17.1070,0.271
2026-08-12,117.5000,200.4100,17.0621,0.035
2026-08-13,116.5100,198.2800,17.0540,0.210
2026-08-14,118.2700,201.1800,17.0120,0.010
2026-08-17,117.2800,199.7500,17.0151,-0.099
2026-08-18,117.3100,200.4100,17.0520,-0.186
2026-08-19,118.7200,201.3400,16.9621,0.017
2026-08-20,118.7100,201.0100,16.9483,0.091
2026-08-21,120.6800,203.9500,16.8909,-0.054
2026-08-24,121.9900,206.9400,16.9639,0.001
2026-08-25,123.7100,209.7600,16.9331,-0.134
2026-08-26,122.9100,208.5300,16.9750,0.053
2026-08-27,120.3400,203.7900,16.9585,0.142
2026-08-28,120.1200,204.9300,17.0430,-0.102
2026-08-31,120.4100,204.8000,16.9989,-0.057
2026-09-01,119.9600,204.0200,16.9901,-0.102
2026-09-02,121.3700,205.8200,16.9872,0.172
2026-09-03,121.0800,204.7000,16.9102,0.024
2026-09-04,120.4100,203.1300,16.9102,0.239
