date,adr_usd,local_px,fx,premium_pct
2009-02-02,5.1508,13.3333,2.3262,-10.137
2009-02-03,5.3333,13.3333,2.3151,-7.396
2009-02-04,5.5476,13.3333,2.2910,-4.678
2009-02-05,5.7778,13.3333,2.2966,-0.481
2009-02-06,6.1587,13.3333,2.2620,4.483
2009-02-09,6.0159,13.3333,2.2375,0.954
2009-02-10,5.4603,13.3333,2.2663,-7.190
2009-02-11,5.5635,13.3333,2.2649,-5.494
2009-02-12,5.5000,13.3333,2.2940,-5.372
2009-02-13,5.5556,13.3333,2.2765,-5.146
2009-02-17,5.1190,13.3333,2.3192,-10.959
2009-02-18,4.9683,13.3333,2.3572,-12.166
2009-02-19,4.8333,13.3333,2.3554,-14.617
2009-02-20,4.4841,13.3333,2.3898,-19.629
2009-02-25,4.3175,13.3333,2.3880,-22.674
2009-02-26,4.2857,13.3333,2.3508,-24.439
2009-02-27,4.1508,13.3333,2.3750,-26.064
2009-03-02,3.8175,13.3333,2.4365,-30.241
2009-03-03,3.9048,13.3333,2.4420,-28.484
2009-03-04,4.2778,13.3333,2.3738,-23.841
2009-03-05,3.9365,13.3333,2.3860,-29.556
2009-03-06,3.8889,13.3333,2.3735,-30.773
2009-03-09,3.7460,13.3333,2.3698,-33.420
2009-03-10,4.0317,13.3333,2.3472,-29.025
2009-03-11,4.0000,13.3333,2.3357,-29.929
2009-03-12,4.1508,13.3333,2.3265,-27.574
2009-03-13,4.0238,13.3333,2.3125,-30.212
2009-03-16,3.9603,13.3333,2.2635,-32.769
2009-03-17,3.9365,13.3333,2.2792,-32.709
2009-03-18,4.0159,13.3333,2.3033,-30.627
2009-03-19,4.0079,13.3333,2.2516,-32.318
2009-03-20,4.0159,13.3333,2.2500,-32.232
2009-03-23,4.3413,13.3333,2.2709,-26.061
2009-03-24,4.3413,13.3333,2.2548,-26.585
2009-03-25,4.5238,13.3333,2.2383,-24.058
2009-03-26,4.8333,13.3333,2.2371,-18.905
2009-03-27,4.5952,13.3333,2.2761,-21.556
2009-03-30,4.2937,13.3333,2.3251,-25.126
2009-03-31,4.3413,13.3333,2.3007,-25.090
2009-04-01,4.6746,13.3333,2.2860,-19.854
2009-04-02,5.0397,13.3333,2.2400,-15.333
2009-04-03,5.2460,13.3333,2.2024,-13.346
2009-04-06,5.1190,13.3333,2.2274,-14.484
2009-04-07,5.0159,13.3333,2.2255,-16.279
2009-04-08,5.0794,13.3333,2.1950,-16.381
2009-04-09,5.4048,13.3333,2.1774,-11.738
2009-04-13,5.5794,13.3333,2.1745,-9.008
2009-04-14,5.4683,13.3333,2.1778,-10.684
2009-04-15,5.4444,13.3333,2.1955,-10.350
2009-04-16,5.6429,13.3333,2.1756,-7.925
2009-04-17,5.6349,13.3333,2.1856,-7.632
2009-04-20,5.2302,13.3333,2.2322,-12.439
2009-04-22,5.4603,13.3333,2.2045,-9.720
2009-04-23,5.4921,13.3333,2.2185,-8.619
2009-04-24,5.6270,13.3333,2.1960,-7.324
2009-04-27,5.3254,13.3333,2.1963,-12.279
2009-04-28,5.3016,13.3333,2.2060,-12.285
2009-04-29,5.5159,13.3333,2.1617,-10.573
2009-04-30,5.6349,13.3333,2.1724,-8.190
2009-05-04,6.4127,13.3333,2.1363,2.746
2009-05-05,6.6270,13.3333,2.1495,6.835
2009-05-06,7.0952,13.3333,2.1199,12.809
2009-05-07,6.7381,13.3333,2.1052,6.388
2009-05-08,7.0159,13.3333,2.0742,9.142
2009-05-11,7.0397,13.3333,2.0528,8.383
2009-05-12,6.9048,13.3333,2.0687,7.129
2009-05-13,6.3175,13.3333,2.1010,-0.453
2009-05-14,6.4524,13.3333,2.0939,1.330
2009-05-15,6.3968,13.3333,2.0815,-0.138
2009-05-18,6.9921,13.3333,2.0798,9.066
2009-05-19,7.1825,13.3333,2.0489,10.372
2009-05-20,7.0952,13.3333,2.0205,7.519
2009-05-21,6.8095,13.3333,2.0332,3.838
2009-05-22,6.9762,13.3333,2.0274,6.076
2009-05-26,7.3889,13.3333,2.0221,12.058
2009-05-27,7.6111,13.3333,2.0148,15.012
2009-05-28,8.0317,13.3333,2.0074,20.922
2009-05-29,8.2540,16.3571,1.9678,-0.703
2009-06-01,8.8254,17.0635,1.9452,0.608
2009-06-02,9.1825,17.6587,1.9402,0.890
2009-06-03,8.6746,17.1429,1.9474,-1.458
2009-06-04,9.0238,17.6587,1.9457,-0.573
2009-06-05,9.1111,17.7778,1.9606,0.481
2009-06-08,8.9048,17.4921,1.9779,0.690
2009-06-09,8.8810,17.1111,1.9448,0.938
2009-06-10,8.7857,17.0556,1.9494,0.418
2009-06-12,8.8810,16.9921,1.9214,0.423
2009-06-15,8.3095,16.1032,1.9480,0.520
2009-06-16,7.9286,15.5159,1.9475,-0.483
2009-06-17,7.8968,15.7063,1.9855,-0.173
2009-06-18,8.0635,15.8651,1.9611,-0.326
2009-06-19,8.0794,15.8571,1.9540,-0.442
2009-06-22,7.4286,15.1190,2.0138,-1.054
2009-06-23,7.8492,15.7063,2.0026,0.079
2009-06-24,7.9683,15.5714,1.9650,0.554
2009-06-25,8.2857,16.2222,1.9632,0.273
2009-06-26,8.3968,16.1905,1.9444,0.842
2009-06-29,8.4127,16.5238,1.9570,-0.364
2009-06-30,8.3095,16.2698,1.9653,0.374
2009-07-01,8.4603,16.3413,1.9299,-0.084
2009-07-02,8.1508,16.1429,1.9565,-1.213
2009-07-06,8.0079,15.8413,1.9727,-0.278
2009-07-07,7.6746,15.2778,1.9667,-1.205
2009-07-08,7.5635,15.2143,2.0035,-0.400
2009-07-09,7.7063,15.2143,1.9910,0.848
2009-07-10,7.5794,15.1111,2.0141,1.022
2009-07-13,7.5794,14.8413,1.9897,1.613
2009-07-14,7.4762,14.6825,1.9721,0.417
2009-07-15,8.2222,15.8810,1.9358,0.224
2009-07-16,8.5317,16.3571,1.9362,0.991
2009-07-17,8.5079,16.4127,1.9278,-0.068
2009-07-20,9.0000,17.1825,1.9056,-0.187
2009-07-21,8.9524,17.0397,1.9085,0.270
2009-07-22,9.0635,17.1984,1.9046,0.372
2009-07-23,9.3333,17.5794,1.8870,0.186
2009-07-24,9.2540,17.4683,1.8958,0.432
2009-07-27,9.1984,17.2778,1.8857,0.392
2009-07-28,9.1190,17.1349,1.8785,-0.028
2009-07-29,8.7698,16.7143,1.8987,-0.377
2009-07-30,9.1746,17.1111,1.8780,0.694
2009-07-31,9.2619,17.4048,1.8653,-0.738
2009-08-03,9.7302,17.8571,1.8353,0.003
2009-08-04,9.8651,18.0079,1.8326,0.393
2009-08-05,9.9762,17.9762,1.8291,1.509
2009-08-06,9.5159,17.5000,1.8304,-0.469
2009-08-07,9.5635,17.4206,1.8211,-0.026
2009-08-10,9.4603,17.5000,1.8435,-0.342
2009-08-11,9.2698,16.9921,1.8530,1.088
2009-08-12,9.6190,17.6587,1.8318,-0.218
2009-08-13,9.8889,18.1508,1.8340,-0.080
2009-08-14,9.8016,18.2619,1.8440,-1.028
2009-08-17,9.2857,18.2619,1.8665,-5.093
2009-08-18,9.4524,17.4206,1.8683,1.373
2009-08-19,9.4127,17.4048,1.8325,-0.896
2009-08-20,9.6429,17.6984,1.8453,0.540
2009-08-21,9.7857,17.9921,1.8297,-0.484
2009-08-24,9.8968,18.1746,1.8333,-0.169
2009-08-25,9.6349,17.7857,1.8300,-0.865
2009-08-26,9.5159,17.6984,1.8672,0.393
2009-08-27,9.8016,18.1825,1.8810,1.398
2009-08-28,9.5873,18.0476,1.8730,-0.502
2009-08-31,9.3254,17.5079,1.8700,-0.397
2009-09-01,9.0714,17.2222,1.8936,-0.259
2009-09-02,8.9841,16.8651,1.8936,0.873
2009-09-03,9.2063,17.1587,1.8730,0.494
2009-09-04,9.4762,17.4841,1.8458,0.040
2009-09-08,9.8651,18.0159,1.8245,-0.095
2009-09-09,9.7619,17.9048,1.8295,-0.253
2009-09-10,10.0238,18.2143,1.8206,0.193
2009-09-11,10.0556,18.3492,1.8129,-0.651
2009-09-14,10.1190,18.2698,1.8161,0.588
2009-09-15,10.1667,18.2857,1.8058,0.401
2009-09-16,10.5159,18.9286,1.7983,-0.094
2009-09-17,10.5714,19.1270,1.8097,0.022
2009-09-18,10.5952,19.2619,1.8080,-0.549
2009-09-21,10.6984,19.4444,1.8137,-0.209
2009-09-22,11.0476,19.6032,1.8028,1.599
2009-09-23,10.6429,19.0952,1.7877,-0.361
2009-09-24,10.4127,18.8492,1.8025,-0.426
2009-09-25,10.4444,18.7778,1.8002,0.129
2009-09-28,10.6270,19.0873,1.7886,-0.418
2009-09-29,10.5238,18.8413,1.7905,0.009
2009-09-30,10.6667,18.8492,1.7743,0.407
2009-10-01,10.1746,18.3413,1.7810,-1.201
2009-10-02,10.6667,18.9365,1.7814,0.344
2009-10-05,11.2460,19.6825,1.7702,1.144
2009-10-06,11.3889,20.0794,1.7493,-0.781
2009-10-07,11.5000,20.1984,1.7613,0.280
2009-10-08,11.8175,20.5556,1.7450,0.321
2009-10-09,11.9206,20.5635,1.7395,0.839
2009-10-13,12.3333,21.3889,1.7310,-0.186
2009-10-14,13.2698,22.7381,1.7055,-0.468
2009-10-15,13.8492,23.7063,1.7010,-0.628
2009-10-16,13.3333,22.8651,1.7070,-0.460
2009-10-19,13.8175,23.6508,1.7085,-0.185
2009-10-20,13.3492,23.1587,1.7555,1.191
2009-10-21,13.6032,23.2936,1.7335,1.234
2009-10-22,13.6905,23.5714,1.7258,0.236
2009-10-23,13.4127,22.8651,1.7143,0.561
2009-10-26,13.2222,22.7143,1.7166,-0.075
2009-10-27,12.6111,21.8254,1.7308,0.009
2009-10-28,11.5794,20.2619,1.7541,0.244
2009-10-29,12.5556,21.8254,1.7380,-0.018
2009-10-30,11.9841,20.8730,1.7445,0.160
2009-11-03,12.1984,21.1190,1.7530,1.254
2009-11-04,12.5397,21.8175,1.7229,-0.976
2009-11-05,13.0079,22.2619,1.7222,0.631
2009-11-06,12.7619,21.6032,1.7165,1.401
2009-11-09,13.2698,22.2619,1.6995,1.304
2009-11-10,13.2857,22.4603,1.7088,1.079
2009-11-11,13.2381,22.5794,1.7088,0.186
2009-11-12,12.7302,21.6111,1.7350,2.201
2009-11-13,12.8889,21.9286,1.7270,1.507
2009-11-16,13.2381,22.4206,1.7102,0.977
2009-11-17,13.4524,22.5397,1.7205,2.685
2009-11-18,13.1587,22.2540,1.7078,0.982
2009-11-19,13.1825,22.4524,1.7325,1.721
2009-11-23,13.1905,22.4603,1.7255,1.335
2009-11-24,13.1190,22.4444,1.7308,1.167
2009-11-25,13.3810,22.6190,1.7271,2.172
2009-11-27,12.9048,22.0556,1.7369,1.626
2009-11-30,12.7778,21.5079,1.7505,3.996
2009-12-01,13.1825,22.2619,1.7253,2.165
2009-12-02,13.5079,22.6984,1.7195,2.328
2009-12-03,13.4444,22.8175,1.7050,0.462
2009-12-04,13.3571,22.5794,1.7234,1.950
2009-12-07,13.5238,23.2540,1.7265,0.408
2009-12-08,13.1349,22.7778,1.7500,0.915
2009-12-09,13.4524,23.2460,1.7630,2.024
2009-12-10,13.6984,23.8492,1.7723,1.797
2009-12-11,13.7778,23.8016,1.7605,1.908
2009-12-14,13.7937,23.4683,1.7465,2.652
2009-12-15,13.5714,23.5000,1.7510,1.122
2009-12-16,13.5397,23.0159,1.7469,2.766
2009-12-17,12.8730,22.5397,1.7905,2.260
2009-12-18,12.8254,22.5159,1.7890,1.904
2009-12-21,12.6746,22.0159,1.7820,2.590
2009-12-22,13.1349,23.1190,1.7827,1.283
2009-12-23,13.4603,23.2143,1.7605,2.079
2009-12-24,13.6587,23.2143,1.7618,3.660
2009-12-28,13.5952,23.2778,1.7385,1.536
2009-12-29,13.5238,23.2778,1.7380,0.973
2009-12-30,13.5794,23.1270,1.7423,2.302
2010-01-04,13.8810,23.4921,1.7200,1.631
2010-01-05,13.9603,23.8889,1.7296,1.075
2010-01-06,14.1111,24.0476,1.7292,1.469
2010-01-07,13.7619,23.5079,1.7409,1.915
2010-01-08,13.8095,23.4444,1.7342,2.150
2010-01-11,13.7778,23.4603,1.7330,1.776
2010-01-12,13.5556,23.2936,1.7407,1.299
2010-01-13,13.5714,23.4048,1.7480,1.359
2010-01-14,13.4048,23.3810,1.7684,1.386
2010-01-15,13.0238,22.8968,1.7681,0.570
2010-01-19,13.1429,22.7063,1.7767,2.839
2010-01-20,12.4921,21.9048,1.7920,2.196
2010-01-21,11.7063,20.9524,1.8021,0.686
2010-01-22,11.2778,20.6746,1.8210,-0.666
2010-01-26,11.2143,20.8571,1.8466,-0.714
2010-01-27,11.0952,20.2619,1.8529,1.463
2010-01-28,10.9365,20.3175,1.8525,-0.283
2010-01-29,10.6746,20.1111,1.8755,-0.452
2010-02-01,11.2302,20.6349,1.8645,1.472
2010-02-02,11.5159,21.1111,1.8325,-0.039
2010-02-03,11.3730,21.0556,1.8507,-0.036
2010-02-04,10.6032,20.0714,1.8865,-0.341
2010-02-05,10.5952,19.5794,1.8845,1.978
2010-02-08,10.3095,19.2857,1.8648,-0.314
2010-02-09,10.6508,19.6429,1.8450,0.040
2010-02-10,10.7063,19.8413,1.8575,0.231
2010-02-11,11.1429,20.7936,1.8551,-0.589
2010-02-12,11.1825,20.7143,1.8624,0.541
2010-02-17,11.4444,20.8413,1.8355,0.792
2010-02-18,11.5635,20.8889,1.8229,0.911
2010-02-19,11.5079,20.6349,1.8050,0.663
2010-02-22,11.3571,20.6032,1.8080,-0.337
2010-02-23,11.0317,20.1429,1.8225,-0.186
2010-02-24,10.9921,20.1429,1.8203,-0.665
2010-02-25,11.3968,20.1429,1.8400,4.107
2010-02-26,11.7063,20.1429,1.8010,4.668
2010-03-01,12.0000,20.1429,1.7971,7.061
2010-03-02,12.0397,20.1429,1.7822,6.525
2010-03-03,11.9683,20.1429,1.7763,5.542
2010-03-04,11.9127,20.1429,1.7895,5.833
2010-03-05,12.1825,20.1429,1.7781,7.541
2010-03-08,12.2302,20.1429,1.7870,8.501
2010-03-09,12.3413,20.1429,1.7894,9.634
2010-03-10,12.4841,20.1429,1.7685,9.608
2010-03-11,12.4683,20.1429,1.7698,9.549
2010-03-12,12.3810,20.1429,1.7630,8.364
2010-03-15,12.3254,20.1429,1.7660,8.061
2010-03-16,12.5873,20.1429,1.7620,10.108
2010-03-17,12.5238,20.1429,1.7655,9.770
2010-03-18,12.3492,20.1429,1.7895,9.711
2010-03-19,12.1032,20.1429,1.7988,8.084
2010-03-22,11.9524,20.1429,1.8022,6.939
2010-03-23,12.1111,20.1429,1.7815,7.115
2010-03-24,11.8571,20.1429,1.7882,5.263
2010-03-25,11.6270,20.1429,1.8050,4.189
2010-03-26,11.8571,20.1429,1.8207,7.176
2010-03-29,12.5714,20.1429,1.8080,12.840
2010-03-30,12.7857,20.1429,1.7970,14.065
2010-03-31,12.9365,20.1429,1.7821,14.453
2010-04-01,13.4206,20.1429,1.7659,17.657
2010-04-05,13.7302,20.1429,1.7585,19.866
2010-04-06,14.1032,20.1429,1.7593,23.179
2010-04-07,13.9048,20.1429,1.7635,21.736
2010-04-08,14.1190,20.1429,1.7780,24.628
2010-04-09,14.2460,20.1429,1.7709,25.247
2010-04-12,14.0794,20.1429,1.7575,22.845
2010-04-13,14.0238,20.1429,1.7583,22.416
2010-04-14,14.1905,20.1429,1.7445,22.899
2010-04-15,13.8730,20.1429,1.7428,20.032
2010-04-16,13.5317,20.1429,1.7610,18.302
2010-04-19,13.3016,20.1429,1.7622,16.369
2010-04-20,13.2698,20.1429,1.7509,15.347
2010-04-22,13.4048,20.1429,1.7690,17.724
2010-04-23,13.7143,20.1429,1.7633,20.054
2010-04-26,13.8175,20.1429,1.7450,19.702
2010-04-27,12.9444,20.1429,1.7652,13.437
2010-04-28,13.0079,20.1429,1.7622,13.800
2010-04-29,13.3095,20.1429,1.7305,14.344
2010-04-30,13.0159,20.1429,1.7270,11.595
2010-05-03,12.8651,22.2222,1.7360,0.502
2010-05-04,12.0952,21.3095,1.7515,-0.585
2010-05-05,12.0714,21.5159,1.7819,-0.027
2010-05-06,11.4921,21.3095,1.8365,-0.959
2010-05-07,11.2460,20.7143,1.8360,-0.321
2010-05-10,12.0794,21.3810,1.7783,0.467
2010-05-11,11.8175,20.8968,1.7764,0.458
2010-05-12,11.9762,21.2540,1.7734,-0.072
2010-05-13,11.8413,21.0317,1.7721,-0.227
2010-05-14,11.4444,20.4762,1.8035,0.800
2010-05-17,11.0079,19.9206,1.8204,0.593
2010-05-18,10.5714,19.0238,1.7980,-0.086
2010-05-19,10.3571,18.7619,1.8498,2.115
2010-05-20,9.7143,18.0476,1.8885,1.650
2010-05-21,10.2619,18.8810,1.8499,0.543
2010-05-24,10.1349,18.8492,1.8520,-0.421
2010-05-25,10.1032,18.6270,1.8785,1.889
2010-05-26,10.1111,18.2540,1.8560,2.806
2010-05-27,10.7222,19.2460,1.8274,1.807
2010-05-28,10.6825,19.3810,1.8170,0.151
2010-06-01,10.5000,19.2460,1.8235,-0.516
2010-06-02,10.9683,19.7381,1.8287,1.619
2010-06-04,10.3254,19.0556,1.8420,-0.190
2010-06-07,9.9048,18.4921,1.8651,-0.101
2010-06-08,10.1746,18.7381,1.8608,1.040
2010-06-09,10.2063,18.6508,1.8380,0.582
2010-06-10,10.7937,19.4603,1.8140,0.613
2010-06-11,10.9762,19.8492,1.8045,-0.215
2010-06-14,11.0397,19.9444,1.8017,-0.272
2010-06-15,11.3651,20.3095,1.7902,0.178
2010-06-16,11.4603,20.4524,1.7854,0.043
2010-06-17,11.2619,20.1349,1.7819,-0.334
2010-06-18,11.2460,19.8810,1.7723,0.253
2010-06-21,11.4444,20.2698,1.7624,-0.494
2010-06-22,11.2619,20.1984,1.7670,-1.478
2010-06-23,11.3095,20.3413,1.7870,-0.645
2010-06-24,11.0873,19.7619,1.7915,0.511
2010-06-25,11.1984,19.9444,1.7820,0.056
2010-06-28,11.0000,19.6429,1.7773,-0.471
2010-06-29,10.3889,18.8651,1.8060,-0.545
2010-06-30,10.4603,18.7222,1.7941,0.238
2010-07-01,10.4921,18.7460,1.8010,0.801
2010-07-02,10.5794,18.6190,1.7765,0.941
2010-07-06,10.5000,18.7222,1.7628,-1.137
2010-07-07,10.8730,19.0873,1.7706,0.862
2010-07-08,11.0476,19.4444,1.7595,-0.032
2010-07-12,10.9206,19.1905,1.7648,0.429
2010-07-13,11.0238,19.3016,1.7510,0.006
2010-07-14,10.8254,18.9683,1.7603,0.462
2010-07-15,10.6984,18.8810,1.7715,0.378
2010-07-16,10.3651,18.3016,1.7858,1.139
2010-07-19,10.4524,18.6190,1.7857,0.246
2010-07-20,10.9603,19.3492,1.7789,0.765
2010-07-21,11.1270,19.6270,1.7735,0.544
2010-07-22,11.6746,20.2063,1.7639,1.913
2010-07-23,11.8254,20.6270,1.7618,1.004
2010-07-26,11.8254,20.4762,1.7680,2.105
2010-07-27,11.6746,20.4048,1.7640,0.927
2010-07-28,11.6587,20.4841,1.7623,0.303
2010-07-29,11.6825,20.5397,1.7678,0.549
2010-07-30,11.6190,20.1587,1.7585,1.356
2010-08-02,11.9127,20.6349,1.7460,0.798
2010-08-03,12.1349,21.0317,1.7568,1.364
2010-08-04,12.3333,21.3016,1.7582,1.797
2010-08-05,12.3413,21.3810,1.7565,1.387
2010-08-06,12.0794,21.0714,1.7585,0.807
2010-08-09,12.1270,21.0714,1.7540,0.946
2010-08-10,11.8413,20.6349,1.7613,1.072
2010-08-11,11.2619,19.7302,1.7670,0.860
2010-08-12,11.2540,19.8492,1.7685,0.269
2010-08-13,11.2143,19.6349,1.7718,1.195
2010-08-16,11.2857,19.6587,1.7580,0.924
2010-08-17,11.3968,19.7857,1.7513,0.877
2010-08-18,11.2857,19.5794,1.7513,0.946
2010-08-19,10.9603,19.1111,1.7626,1.086
2010-08-20,10.9762,19.1508,1.7615,0.960
2010-08-23,10.7619,18.8968,1.7640,0.461
2010-08-24,10.6270,18.6508,1.7622,0.408
2010-08-25,10.5952,18.6111,1.7680,0.652
2010-08-26,10.4444,18.2302,1.7590,0.777
2010-08-27,10.9127,18.9683,1.7493,0.640
2010-08-30,10.5952,18.6111,1.7570,0.025
2010-08-31,10.6508,18.5397,1.7529,0.702
2010-09-01,11.0635,19.2063,1.7406,0.264
2010-09-02,11.1032,19.1032,1.7339,0.778
2010-09-03,11.1111,19.0952,1.7238,0.304
2010-09-08,11.4603,19.7143,1.7230,0.162
2010-09-09,11.5159,19.6190,1.7256,1.288
2010-09-10,11.5079,19.5873,1.7183,0.954
2010-09-13,11.6905,19.7619,1.7165,1.542
2010-09-14,11.5238,19.4127,1.7037,1.135
2010-09-15,11.4841,19.6032,1.7176,0.622
2010-09-16,11.5556,19.5079,1.7198,1.873
2010-09-17,11.3095,19.1667,1.7145,1.166
2010-09-20,11.3730,19.2460,1.7158,1.391
2010-09-21,11.3889,19.1984,1.7276,2.485
2010-09-22,11.2778,19.0952,1.7226,1.738
2010-09-23,11.1587,18.8175,1.7187,1.919
2010-09-24,10.6349,17.9444,1.7119,1.457
2010-09-27,10.7143,18.1746,1.7089,0.743
2010-09-28,10.9921,18.5556,1.7071,1.126
2010-09-29,10.7698,18.1270,1.7039,1.234
2010-09-30,10.8016,18.0159,1.6960,1.685
2010-10-01,10.8492,18.0794,1.6810,0.875
2010-10-04,10.7302,17.9365,1.6887,1.023
2010-10-05,10.8333,17.8889,1.6733,1.333
2010-10-06,10.6667,17.5397,1.6721,1.688
2010-10-07,10.4286,17.2936,1.6798,1.297
2010-10-08,10.5873,17.5317,1.6748,1.140
2010-10-11,10.6429,17.5873,1.6748,1.350
2010-10-13,10.6429,17.3651,1.6574,1.580
2010-10-14,10.5397,17.2063,1.6633,1.885
2010-10-15,10.5238,17.2619,1.6576,1.056
2010-10-18,10.4762,17.1746,1.6632,1.452
2010-10-19,10.0873,16.5476,1.6914,3.106
2010-10-20,10.0159,16.5000,1.6749,1.670
2010-10-21,9.8254,16.2698,1.6930,2.241
2010-10-22,9.8095,16.3571,1.6948,1.639
2010-10-25,9.7937,16.4286,1.7078,1.808
2010-10-26,9.8730,16.4127,1.7053,2.582
2010-10-27,9.8651,16.6508,1.7164,1.691
2010-10-28,10.1825,17.2619,1.7119,0.982
2010-10-29,10.3492,17.4603,1.6982,0.657
2010-11-01,10.4762,17.6587,1.7042,1.103
2010-11-03,10.6667,17.7619,1.6985,2.001
2010-11-04,11.0159,18.1111,1.6790,2.123
2010-11-05,10.6270,17.4603,1.6831,2.440
2010-11-08,10.7381,18.0159,1.6974,1.171
2010-11-09,10.6349,17.9048,1.6987,0.898
2010-11-10,10.7937,18.3254,1.7090,0.660
2010-11-11,10.6746,17.9365,1.7090,1.708
2010-11-12,10.4524,17.7460,1.7200,1.308
2010-11-16,10.0079,16.9524,1.7378,2.592
2010-11-17,9.9683,17.0238,1.7227,0.872
2010-11-18,10.1905,17.3413,1.7137,0.704
2010-11-19,10.1270,17.1429,1.7204,1.631
2010-11-22,9.9524,16.7381,1.7223,2.407
2010-11-23,9.6667,16.2698,1.7378,3.251
2010-11-24,9.8492,16.7460,1.7230,1.339
2010-11-26,9.5794,15.9286,1.7268,3.849
2010-11-29,9.3175,15.5556,1.7282,3.516
2010-11-30,9.2222,15.4762,1.7146,2.173
2010-12-01,9.5952,16.2698,1.7030,0.435
2010-12-02,10.0317,16.8571,1.7015,1.257
2010-12-03,10.1349,16.7381,1.6859,2.081
2010-12-06,10.1984,16.9206,1.6848,1.546
2010-12-07,10.4048,17.2698,1.6809,1.271
2010-12-08,10.3016,17.0000,1.6901,2.416
2010-12-09,10.3492,17.3730,1.7064,1.651
2010-12-10,10.7460,18.1032,1.7183,1.998
2010-12-13,11.0952,18.6508,1.7054,1.453
2010-12-14,10.9286,18.2143,1.6945,1.670
2010-12-15,10.7619,17.9603,1.6979,1.739
2010-12-16,10.7143,17.6032,1.7048,3.764
2010-12-17,10.7778,18.1746,1.7134,1.607
2010-12-20,10.5952,17.6905,1.7081,2.302
2010-12-21,11.0476,18.4921,1.6970,1.383
2010-12-22,11.1111,18.4921,1.6958,1.894
2010-12-23,11.0159,18.3175,1.6938,1.863
2010-12-27,10.8889,17.9286,1.6897,2.624
2010-12-28,10.6825,17.5159,1.6898,3.057
2010-12-29,10.7937,17.8651,1.6810,1.562
2010-12-30,10.9921,17.9921,1.6631,1.605
2011-01-03,11.2619,18.3571,1.6452,0.931
2011-01-04,11.5794,18.8968,1.6687,2.253
2011-01-05,11.5159,19.0079,1.6694,1.140
2011-01-06,11.4921,19.0794,1.6880,1.673
2011-01-07,11.4762,19.1111,1.6850,1.184
2011-01-10,11.2460,18.8492,1.6921,0.956
2011-01-11,11.5000,19.0000,1.6899,2.283
2011-01-12,11.8730,19.6270,1.6761,1.393
2011-01-13,11.6984,19.3016,1.6666,1.010
2011-01-14,11.6032,19.2063,1.6819,1.609
2011-01-18,11.6508,19.0000,1.6725,2.558
2011-01-19,11.2540,18.4286,1.6704,2.008
2011-01-20,11.0159,18.0556,1.6735,2.102
2011-01-21,10.8571,17.9206,1.6705,1.207
2011-01-24,10.8254,17.8571,1.6695,1.209
2011-01-26,10.7460,17.5238,1.6682,2.298
2011-01-27,10.5159,17.2222,1.6746,2.251
2011-01-28,10.1746,16.6667,1.6845,2.835
2011-01-31,10.5159,16.9444,1.6739,3.884
2011-02-01,10.7778,17.3810,1.6620,3.059
2011-02-02,10.7778,17.6587,1.6641,1.566
2011-02-03,11.0159,18.1746,1.6676,1.075
2011-02-04,10.8651,17.7778,1.6745,2.339
2011-02-07,10.7460,17.8571,1.6780,0.978
2011-02-08,10.9444,17.8730,1.6679,2.133
2011-02-09,10.6746,17.8730,1.6621,-0.732
2011-02-10,10.8968,17.8730,1.6670,1.634
2011-02-11,11.1032,18.1746,1.6655,1.748
2011-02-14,11.2143,18.3095,1.6665,2.070
2011-02-15,11.0952,18.2143,1.6680,1.606
2011-02-16,11.3413,18.4841,1.6724,2.613
2011-02-17,11.5079,18.7778,1.6605,1.764
2011-02-18,11.7063,19.0714,1.6645,2.170
2011-02-22,11.0397,18.0397,1.6660,1.954
2011-02-23,10.9206,17.8254,1.6737,2.538
2011-02-24,10.7778,17.8254,1.6617,0.471
2011-02-25,10.7063,17.3413,1.6597,2.468
2011-02-28,10.7143,17.4524,1.6598,1.898
2011-03-01,10.5397,17.1587,1.6600,1.965
2011-03-02,10.6349,17.2619,1.6600,2.271
2011-03-03,11.1190,18.0556,1.6550,1.919
2011-03-04,10.9603,17.6587,1.6432,1.989
2011-03-09,10.7698,17.6587,1.6553,0.955
2011-03-10,10.5000,17.0635,1.6589,2.080
2011-03-11,10.2143,16.6984,1.6612,1.614
2011-03-14,10.5556,17.3175,1.6658,1.536
2011-03-15,10.6905,17.5635,1.6673,1.485
2011-03-16,10.3175,17.0000,1.6685,1.263
2011-03-17,10.2857,16.9286,1.6723,1.608
2011-03-18,10.2937,16.9048,1.6727,1.854
2011-03-21,9.9127,18.5238,1.6638,-10.965
2011-03-22,9.7857,16.0714,1.6632,1.270
2011-03-23,9.8968,16.0952,1.6609,2.127
2011-03-24,9.8571,16.0952,1.6565,1.448
2011-03-25,9.7460,16.0952,1.6560,0.275
2011-03-28,9.6587,16.0952,1.6591,-0.438
2011-03-29,9.7619,16.0952,1.6559,0.432
2011-03-30,9.8254,16.0952,1.6274,-0.655
2011-03-31,9.9206,16.0952,1.6287,0.388
2011-04-01,10.0000,16.0952,1.6156,0.378
2011-04-04,10.0079,16.0952,1.6099,0.103
2011-04-05,9.9762,16.0952,1.6083,-0.314
2011-04-06,9.7619,16.0952,1.6021,-2.831
2011-04-07,10.0000,16.0952,1.5925,-1.058
2011-04-08,10.1508,16.0952,1.5765,-0.575
2011-04-11,10.1349,16.0952,1.5790,-0.573
2011-04-12,9.8095,16.0952,1.5895,-3.125
2011-04-13,9.5000,16.0952,1.5923,-6.017
2011-04-14,9.5556,16.0952,1.5825,-6.049
2011-04-15,9.6825,16.0952,1.5721,-5.426
2011-04-18,9.3333,16.0952,1.5950,-7.509
2011-04-19,9.3810,16.0952,1.5800,-7.911
2011-04-20,9.6349,16.0952,1.5683,-6.119
2011-04-25,9.4524,16.0952,1.5701,-7.791
2011-04-26,9.6825,16.0952,1.5636,-5.937
2011-04-27,9.5556,16.0952,1.5685,-6.880
2011-04-28,9.3651,14.6032,1.5870,1.775
2011-04-29,9.5873,15.0000,1.5670,0.155
2011-05-02,9.5079,14.6746,1.5745,2.015
2011-05-03,9.1349,14.2063,1.5835,1.822
2011-05-04,8.8492,14.0635,1.6030,0.866
2011-05-05,8.3651,13.4524,1.6172,0.562
2011-05-06,8.5159,13.5873,1.6037,0.512
2011-05-09,8.4762,13.5556,1.6210,1.360
2011-05-10,8.5714,13.5556,1.6069,1.607
2011-05-11,8.3571,13.4048,1.6190,0.936
2011-05-12,8.3889,13.4524,1.6192,0.973
2011-05-13,8.2381,13.2540,1.6382,1.823
2011-05-16,8.1746,13.2540,1.6266,0.323
2011-05-17,8.2937,13.2381,1.6335,2.339
2011-05-18,8.3333,13.1587,1.6115,2.055
2011-05-19,8.2460,13.1508,1.6179,1.448
2011-05-20,8.1111,12.9762,1.6155,0.981
2011-05-23,8.0794,13.0317,1.6345,1.335
2011-05-24,8.2302,13.2540,1.6287,1.135
2011-05-25,8.3730,13.5397,1.6264,0.577
2011-05-26,8.4603,13.5556,1.6232,1.307
2011-05-27,8.6032,13.6111,1.5985,1.036
2011-05-31,8.7540,13.7381,1.5833,0.888
2011-06-01,8.4603,13.3413,1.5831,0.392
2011-06-02,8.5238,13.3889,1.5813,0.671
2011-06-03,8.5635,13.3333,1.5722,0.976
2011-06-06,8.2619,12.9603,1.5799,0.715
2011-06-07,8.3016,13.1270,1.5748,-0.409
2011-06-08,8.2857,12.9921,1.5810,0.829
2011-06-09,8.3492,13.1984,1.5832,0.152
2011-06-10,8.2302,12.9762,1.5974,1.315
2011-06-13,8.1905,12.8333,1.5892,1.426
2011-06-14,8.2698,12.9365,1.5808,1.055
2011-06-15,8.1905,12.8571,1.5940,1.544
2011-06-16,7.9921,12.6508,1.6106,1.749
2011-06-17,7.9048,12.4603,1.5960,1.249
2011-06-20,7.8810,12.4603,1.5932,0.767
2011-06-21,7.9206,12.3968,1.5882,1.474
2011-06-22,7.8968,12.3571,1.5872,1.430
2011-06-24,7.6825,12.2381,1.5949,0.121
2011-06-27,7.7698,12.2302,1.5941,1.273
2011-06-28,7.9524,12.4524,1.5790,0.839
2011-06-29,8.2381,12.8413,1.5690,0.657
2011-06-30,8.3492,12.9365,1.5595,0.650
2011-07-01,8.6111,13.2460,1.5558,1.141
2011-07-05,8.5714,13.2778,1.5636,0.938
2011-07-06,8.5000,13.2063,1.5655,0.760
2011-07-07,8.5238,13.1746,1.5543,0.561
2011-07-08,8.4365,12.9683,1.5631,1.688
2011-07-11,8.0952,12.6349,1.5776,1.077
2011-07-12,7.8651,12.2063,1.5760,1.548
2011-07-13,7.8413,12.2222,1.5708,0.776
2011-07-14,7.6746,11.9841,1.5733,0.754
2011-07-15,7.5317,11.6032,1.5740,2.170
2011-07-18,7.3254,11.6032,1.5833,-0.042
2011-07-19,7.3889,11.4206,1.5675,1.414
2011-07-20,7.4127,11.3889,1.5655,1.894
2011-07-21,7.7381,11.8492,1.5538,1.471
2011-07-22,7.6429,11.6508,1.5509,1.738
2011-07-25,7.5873,11.6905,1.5402,-0.039
2011-07-26,7.4127,11.1111,1.5375,2.573
2011-07-27,7.2937,11.1825,1.5660,2.140
2011-07-28,7.3095,11.2936,1.5620,1.096
2011-07-29,7.2381,10.9921,1.5495,2.032
2011-08-01,7.2063,10.9921,1.5610,2.338
2011-08-02,6.9048,10.6349,1.5651,1.615
2011-08-03,6.7937,10.4524,1.5645,1.687
2011-08-04,6.1349,9.6825,1.5790,0.046
2011-08-05,6.2460,9.7698,1.5993,2.246
2011-08-08,5.4206,8.7143,1.5990,-0.536
2011-08-09,5.7778,8.9921,1.6290,4.670
2011-08-10,5.6270,9.0476,1.6240,1.001
2011-08-11,6.1905,9.9841,1.6277,0.923
2011-08-12,6.5397,10.4603,1.6125,0.812
2011-08-15,6.7460,10.4603,1.5937,2.780
2011-08-16,6.4603,10.1190,1.5871,1.325
2011-08-17,6.5635,10.3571,1.5841,0.387
2011-08-18,6.1984,10.0000,1.6046,-0.540
2011-08-19,6.2143,9.9762,1.5986,-0.421
2011-08-22,6.2619,10.0794,1.6058,-0.238
2011-08-23,6.6746,10.6825,1.5991,-0.086
2011-08-24,6.6270,10.5952,1.6051,0.394
2011-08-25,6.4365,10.2698,1.6115,0.999
2011-08-26,6.5635,10.4365,1.6055,0.969
2011-08-29,6.7857,10.7540,1.5957,0.688
2011-08-30,6.8571,10.7698,1.5867,1.025
2011-08-31,6.8492,10.7936,1.5841,0.520
2011-09-01,6.8413,10.8492,1.6005,0.924
2011-09-02,6.5556,10.6349,1.6345,0.754
2011-09-06,6.4841,10.7063,1.6610,0.596
2011-09-08,6.8175,11.1984,1.6545,0.724
2011-09-09,6.5952,11.0714,1.6798,0.066
2011-09-12,6.4683,10.9524,1.6964,0.186
2011-09-13,6.4841,10.9683,1.7132,1.280
2011-09-14,6.6349,11.3968,1.7280,0.599
2011-09-15,6.8333,11.4762,1.7115,1.909
2011-09-16,6.8095,11.7063,1.7097,-0.548
2011-09-19,6.7540,11.9444,1.7866,1.023
2011-09-20,6.5159,11.5238,1.7891,1.161
2011-09-21,6.2143,11.5238,1.8355,-1.020
2011-09-22,5.8651,11.0714,1.8787,-0.476
2011-09-23,6.0476,10.9841,1.8585,2.325
2011-09-26,6.2698,11.3889,1.8452,1.582
2011-09-27,6.3810,11.3095,1.8067,1.936
2011-09-28,6.1111,11.0159,1.8150,0.688
2011-09-29,5.9921,10.8492,1.8261,0.856
2011-09-30,5.6587,10.5952,1.8485,-1.275
2011-10-03,5.4286,10.2063,1.8815,0.074
2011-10-04,5.4762,10.1587,1.8810,1.398
2011-10-05,5.5635,10.1032,1.8356,1.081
2011-10-06,5.9762,10.4286,1.8081,3.615
2011-10-07,5.7540,10.1984,1.7662,-0.351
2011-10-10,6.1746,10.6984,1.7662,1.936
2011-10-11,6.3413,10.9921,1.7529,1.124
2011-10-13,6.4365,11.0794,1.7450,1.375
2011-10-14,6.5635,11.1905,1.7373,1.897
2011-10-17,6.0873,10.6905,1.7491,-0.404
2011-10-18,6.3095,10.6905,1.7568,3.686
2011-10-19,6.0952,10.8175,1.7655,-0.521
2011-10-20,5.9603,10.5159,1.7983,1.926
2011-10-21,6.1825,10.9127,1.7702,0.290
2011-10-24,6.6270,10.9127,1.7522,6.406
2011-10-25,6.3175,10.9127,1.7611,1.952
2011-10-26,6.5159,10.9127,1.7645,5.357
2011-10-27,7.2540,10.9127,1.7207,14.380
2011-10-28,7.5159,12.4603,1.6916,2.035
2011-10-31,7.1587,12.4603,1.6933,-2.716
2011-11-01,6.8571,12.0000,1.7525,0.143
2011-11-03,7.1429,12.2222,1.7433,1.881
2011-11-04,7.2063,12.4048,1.7545,1.925
2011-11-07,7.2778,12.4603,1.7516,2.307
2011-11-08,7.2540,12.3810,1.7388,1.876
2011-11-09,6.8016,12.0635,1.7596,-0.791
2011-11-10,6.8810,12.0635,1.7627,0.543
2011-11-11,7.1746,12.3095,1.7627,2.739
2011-11-14,6.9683,12.0238,1.7623,2.132
2011-11-16,6.7857,12.0159,1.7723,0.087
2011-11-17,6.4921,11.4683,1.7671,0.034
2011-11-18,6.3810,11.3016,1.7817,0.596
2011-11-21,6.1825,11.3016,1.8064,-1.181
2011-11-22,6.0714,10.9365,1.8141,0.710
2011-11-23,5.7540,10.7302,1.8606,-0.227
2011-11-25,5.5873,10.5079,1.8865,0.309
2011-11-28,5.8571,10.7143,1.8545,1.379
2011-11-29,5.6111,10.2778,1.8461,0.787
2011-11-30,6.0952,10.7143,1.8072,2.810
2011-12-01,6.1429,10.9921,1.7965,0.396
2011-12-02,6.1508,10.9841,1.8002,0.806
2011-12-05,6.3968,11.3254,1.7841,0.770
2011-12-06,6.4286,11.5556,1.7940,-0.196
2011-12-07,6.3810,11.4444,1.7908,-0.152
2011-12-08,6.0556,11.1429,1.8137,-1.435
2011-12-09,6.2381,11.1349,1.8072,1.244
2011-12-12,5.9286,11.1349,1.8385,-2.113
2011-12-13,5.8810,11.1190,1.8527,-2.009
2011-12-14,5.8413,10.9841,1.8812,0.041
2011-12-15,5.8492,10.9444,1.8603,-0.577
2011-12-16,5.8492,10.9921,1.8548,-1.301
2011-12-19,5.6825,10.6349,1.8662,-0.284
2011-12-20,6.0238,11.0714,1.8459,0.433
2011-12-21,6.0079,11.0794,1.8574,0.720
2011-12-22,6.1508,11.4286,1.8523,-0.310
2011-12-23,6.1984,11.6032,1.8595,-0.666
2011-12-27,6.2937,11.7619,1.8591,-0.522
2011-12-28,6.0476,11.3413,1.8779,0.137
2011-12-29,6.1508,11.5079,1.8662,-0.255
2012-01-03,6.5635,12.0238,1.8338,0.102
2012-01-04,6.6825,12.2222,1.8205,-0.464
2012-01-05,6.6429,12.4206,1.8399,-1.598
2012-01-06,6.7381,12.5397,1.8487,-0.662
2012-01-09,6.8016,12.5000,1.8411,0.179
2012-01-10,7.1349,12.9683,1.8041,-0.741
2012-01-11,7.3095,13.1349,1.8057,0.486
2012-01-12,7.4524,13.2381,1.7825,0.346
2012-01-13,7.2302,13.0159,1.7945,-0.318
2012-01-17,7.5556,13.0159,1.7778,3.199
2012-01-18,7.6429,13.4127,1.7688,0.790
2012-01-19,7.5476,13.1349,1.7593,1.093
2012-01-20,7.5556,13.2857,1.7629,0.256
2012-01-23,7.5952,13.2143,1.7534,0.781
2012-01-24,7.5635,13.0714,1.7637,2.053
2012-01-26,7.6905,13.3730,1.7392,0.017
2012-01-27,7.6587,13.3810,1.7401,-0.404
2012-01-30,7.6111,13.2857,1.7507,0.294
2012-01-31,7.5397,13.2143,1.7527,0.004
2012-02-01,8.0635,13.8095,1.7383,1.501
2012-02-02,8.1508,14.0079,1.7233,0.274
2012-02-03,8.4286,14.4127,1.7232,0.773
2012-02-06,8.4365,14.4444,1.7154,0.191
2012-02-07,8.4524,14.5238,1.7214,0.180
2012-02-08,8.4762,14.4841,1.7185,0.568
2012-02-09,8.5238,14.5635,1.7200,0.669
2012-02-10,8.2143,13.9683,1.7260,1.501
2012-02-13,8.2857,13.9683,1.7202,2.039
2012-02-14,8.0873,13.7698,1.7159,0.778
2012-02-15,7.8968,13.6508,1.7173,-0.656
2012-02-16,8.0873,13.7619,1.7221,1.201
2012-02-17,8.2143,14.0635,1.7135,0.083
2012-02-23,8.2063,13.9762,1.7096,0.382
2012-02-24,8.2857,14.1111,1.7065,0.202
2012-02-27,8.2302,13.8730,1.7058,1.196
2012-02-28,8.2778,14.0000,1.6997,0.498
2012-02-29,8.2540,14.2460,1.7148,-0.647
2012-03-01,8.4603,14.4127,1.7108,0.425
2012-03-02,8.4048,14.5714,1.7263,-0.427
2012-03-05,8.2222,14.3175,1.7353,-0.345
2012-03-06,7.7540,13.6190,1.7584,0.114
2012-03-07,7.6905,13.5714,1.7626,-0.119
2012-03-08,7.8651,13.8095,1.7747,1.076
2012-03-09,7.9048,14.1746,1.7865,-0.372
2012-03-12,7.8492,14.1825,1.8202,0.737
2012-03-13,8.3175,14.9206,1.7969,0.168
2012-03-14,8.3810,15.1746,1.8175,0.381
2012-03-15,8.4286,15.1825,1.8052,0.215
2012-03-16,8.4683,15.2143,1.8025,0.327
2012-03-19,8.4365,15.1984,1.8073,0.322
2012-03-20,8.2143,14.8651,1.8214,0.649
2012-03-21,8.0714,14.6667,1.8265,0.517
2012-03-22,7.8492,14.6667,1.8230,-2.438
2012-03-23,8.1190,14.7381,1.8158,0.030
2012-03-26,8.2619,14.9206,1.8155,0.528
2012-03-27,8.0238,14.5794,1.8112,-0.320
2012-03-28,7.7540,14.1111,1.8253,0.299
2012-03-29,7.8175,14.2143,1.8332,0.821
2012-03-30,7.6429,13.8571,1.8205,0.409
2012-04-02,7.8571,14.3254,1.8257,0.135
2012-04-03,7.7540,14.0317,1.8232,0.750
2012-04-04,7.5000,13.6905,1.8293,0.214
2012-04-05,7.5476,13.7540,1.8296,0.401
2012-04-09,7.4603,13.5476,1.8218,0.322
2012-04-10,7.2857,13.5476,1.8340,-1.370
2012-04-11,7.3889,13.5476,1.8311,-0.132
2012-04-12,7.6111,13.5476,1.8261,2.591
2012-04-13,7.5397,13.7936,1.8363,0.373
2012-04-16,7.4444,13.6825,1.8384,0.024
2012-04-17,7.5159,13.8889,1.8503,0.128
2012-04-18,7.6190,14.3968,1.8703,-1.020
2012-04-19,7.5397,14.1508,1.8846,0.413
2012-04-20,7.5794,14.2063,1.8662,-0.435
2012-04-23,7.3968,13.7619,1.8854,1.338
2012-04-24,7.4206,14.0317,1.8765,-0.762
2012-04-25,7.4921,14.1270,1.8828,-0.148
2012-04-26,7.5714,14.2857,1.8865,-0.015
2012-04-27,7.5079,14.1270,1.8843,0.143
2012-04-30,7.4524,14.2222,1.8930,-0.808
2012-05-02,7.4127,14.2222,1.9151,-0.184
2012-05-03,7.2460,13.7857,1.9275,1.313
2012-05-04,6.8413,13.0476,1.9258,0.976
2012-05-07,6.8651,13.1190,1.9240,0.681
2012-05-08,6.5873,12.6984,1.9365,0.456
2012-05-09,6.5000,12.7698,1.9560,-0.437
2012-05-10,6.6984,13.0794,1.9545,0.097
2012-05-11,6.7063,13.1825,1.9404,-1.286
2012-05-14,6.4524,12.8492,1.9884,-0.150
2012-05-15,6.2937,12.8492,1.9935,-2.357
2012-05-16,6.2778,12.8492,2.0000,-2.285
2012-05-17,6.1270,12.3016,1.9940,-0.686
2012-05-18,6.0794,12.3571,2.0190,-0.671
2012-05-21,6.4524,12.3571,2.0455,6.807
2012-05-22,6.2937,13.0635,2.0460,-1.429
2012-05-23,6.3492,12.9603,2.0675,1.286
2012-05-24,6.2778,12.6984,2.0306,0.388
2012-05-25,6.3968,12.8175,1.9917,-0.600
2012-05-29,6.5238,12.9206,1.9973,0.846
2012-05-30,6.3254,12.7619,2.0095,-0.400
2012-05-31,6.3095,12.5873,2.0160,1.054
2012-06-01,6.1190,12.4841,2.0325,-0.378
2012-06-04,6.2540,12.8175,2.0439,-0.273
2012-06-05,6.3016,12.6587,2.0299,1.050
2012-06-06,6.5397,13.3968,2.0170,-1.540
2012-06-08,6.5476,13.3333,2.0257,-0.524
2012-06-11,6.4206,13.2540,2.0369,-1.326
2012-06-12,6.5952,13.6984,2.0586,-0.887
2012-06-13,6.5794,13.8333,2.0628,-1.890
2012-06-14,6.7302,13.8968,2.0724,0.365
2012-06-15,6.8968,14.2063,2.0397,-0.978
2012-06-18,6.8333,14.2063,2.0660,-0.624
2012-06-19,7.0476,14.2540,2.0352,0.627
2012-06-20,6.8413,13.8889,2.0306,0.022
2012-06-21,6.4921,13.3889,2.0446,-0.861
2012-06-22,6.3889,13.1270,2.0573,0.129
2012-06-25,6.2143,12.9286,2.0745,-0.286
2012-06-26,6.2222,12.8889,2.0735,0.100
2012-06-27,6.3016,13.0714,2.0791,0.231
2012-06-28,6.2778,13.0238,2.0904,0.762
2012-06-29,6.9524,14.0476,2.0090,-0.572
2012-07-02,7.0794,14.0794,1.9887,-0.004
2012-07-03,7.2222,14.0476,1.9968,2.660
2012-07-05,7.1429,14.3889,2.0271,0.628
2012-07-06,6.9127,14.0159,2.0369,0.461
2012-07-10,6.6905,13.5952,2.0343,0.112
2012-07-11,6.6270,13.5952,2.0367,-0.721
2012-07-12,6.6190,13.5714,2.0477,-0.130
2012-07-13,6.7540,13.8571,2.0376,-0.687
2012-07-16,6.6429,13.8571,2.0391,-2.249
2012-07-17,6.7698,13.7698,2.0327,-0.064
2012-07-18,6.9841,14.2460,2.0214,-0.901
2012-07-19,7.1825,14.4365,2.0212,0.560
2012-07-20,6.9683,14.0159,2.0217,0.513
2012-07-23,6.7063,13.7460,2.0393,-0.508
2012-07-24,6.6190,13.5000,2.0428,0.158
2012-07-25,6.5000,13.2540,2.0381,-0.048
2012-07-26,6.7460,13.7302,2.0268,-0.417
2012-07-27,7.1667,13.7302,2.0138,5.113
2012-07-30,7.2222,14.7460,2.0354,-0.311
2012-07-31,7.2222,14.7778,2.0514,0.256
2012-08-01,7.0317,14.7778,2.0384,-3.006
2012-08-02,7.0635,14.5476,2.0514,-0.396
2012-08-03,7.3651,15.0000,2.0237,-0.635
2012-08-06,7.5635,15.3968,2.0260,-0.475
2012-08-07,7.4286,15.3968,2.0270,-2.202
2012-08-08,7.6190,15.3968,2.0228,0.097
2012-08-09,7.5556,15.1667,2.0175,0.506
2012-08-10,7.7381,15.1667,2.0150,2.806
2012-08-13,7.7540,15.1667,2.0279,3.677
2012-08-14,7.7063,15.1667,2.0256,2.923
2012-08-15,7.7698,15.1667,2.0230,3.638
2012-08-16,7.9921,15.1667,2.0203,6.460
2012-08-17,7.9762,15.1667,2.0176,6.106
2012-08-20,7.8730,15.1667,2.0196,4.837
2012-08-21,7.7302,15.5556,2.0171,0.238
2012-08-22,7.7222,15.5397,2.0206,0.411
2012-08-23,7.4444,14.9921,2.0242,0.513
2012-08-24,7.4048,14.9127,2.0213,0.366
2012-08-27,7.2381,14.6508,2.0301,0.295
2012-08-28,7.2460,14.7857,2.0492,0.425
2012-08-29,7.0635,14.3571,2.0480,0.758
2012-08-30,7.0873,14.4762,2.0463,0.183
2012-08-31,7.0873,14.2381,2.0301,1.052
2012-09-04,6.9206,14.1429,2.0420,-0.077
2012-09-05,7.0952,14.5079,2.0385,-0.305
2012-09-06,7.4921,15.2936,2.0330,-0.407
2012-09-10,7.5317,15.2381,2.0225,-0.034
2012-09-11,7.6429,15.4524,2.0209,-0.045
2012-09-12,7.7302,15.7063,2.0191,-0.626
2012-09-13,8.1508,16.3730,2.0250,0.808
2012-09-14,8.2381,16.4365,2.0172,1.104
2012-09-17,8.1349,16.3492,2.0300,1.007
2012-09-18,8.0238,16.1984,2.0251,0.312
2012-09-19,8.0238,16.0476,2.0218,1.090
2012-09-20,7.9206,16.0476,2.0237,-0.116
2012-09-21,7.9048,15.9841,2.0230,0.045
2012-09-24,7.9921,16.2222,2.0245,-0.261
2012-09-25,7.6587,15.5556,2.0244,-0.329
2012-09-26,7.7540,15.8254,2.0338,-0.350
2012-09-27,7.6667,15.4921,2.0307,0.495
2012-09-28,7.5476,15.3016,2.0277,0.018
2012-10-01,7.6508,15.3889,2.0254,0.696
2012-10-02,7.5000,15.1984,2.0260,-0.022
2012-10-03,7.5000,15.1190,2.0244,0.423
2012-10-04,7.4365,14.8730,2.0210,1.050
2012-10-05,7.3651,14.8730,2.0273,0.391
2012-10-08,7.4603,15.1587,2.0273,-0.227
2012-10-09,7.4365,15.1190,2.0354,0.114
2012-10-10,7.3413,14.9206,2.0399,0.367
2012-10-11,7.4762,15.1429,2.0360,0.519
2012-10-15,7.3968,15.0079,2.0355,0.322
2012-10-16,7.5556,15.3175,2.0326,0.261
2012-10-17,7.5556,15.2222,2.0323,0.873
2012-10-18,7.4127,14.9365,2.0280,0.646
2012-10-19,7.1111,14.2857,2.0269,0.895
2012-10-22,7.1111,14.3413,2.0240,0.360
2012-10-23,6.9841,14.2460,2.0284,-0.558
2012-10-24,7.1270,14.4048,2.0267,0.274
2012-10-25,7.0556,14.3254,2.0254,-0.245
2012-10-26,6.9444,13.9444,2.0250,0.847
2012-10-31,6.9762,14.0873,2.0298,0.518
2012-11-01,6.9762,14.2619,2.0304,-0.683
2012-11-05,7.0635,14.3492,2.0344,0.145
2012-11-06,7.2619,14.8810,2.0330,-0.790
2012-11-07,7.0952,14.4921,2.0335,-0.441
2012-11-08,7.0238,14.3651,2.0397,-0.269
2012-11-09,7.0159,14.3889,2.0475,-0.166
2012-11-12,7.0317,14.3968,2.0475,0.005
2012-11-13,6.9206,14.3413,2.0638,-0.408
2012-11-14,6.7222,13.9683,2.0680,-0.477
2012-11-16,6.6984,13.7540,2.0781,1.207
2012-11-19,6.8175,14.1429,2.0725,-0.097
2012-11-21,6.9048,14.3889,2.0962,0.590
2012-11-23,7.1825,14.9603,2.0872,0.208
2012-11-26,7.1032,14.6667,2.0838,0.920
2012-11-27,6.9683,14.3651,2.0750,0.655
2012-11-28,7.0000,14.6508,2.0900,-0.142
2012-11-29,7.0794,14.7143,2.1028,1.170
2012-11-30,6.7381,14.0635,2.1118,1.180
2012-12-03,6.6349,14.0635,2.1141,-0.260
2012-12-04,6.6111,13.9762,2.1133,-0.035
2012-12-05,6.7619,14.2936,2.1005,-0.632
2012-12-06,6.9127,14.1905,2.0790,1.276
2012-12-07,7.0476,14.6032,2.0800,0.383
2012-12-10,7.1429,14.8016,2.0815,0.448
2012-12-11,7.1508,14.8413,2.0785,0.146
2012-12-12,7.1190,14.6349,2.0791,1.136
2012-12-13,6.9524,14.4206,2.0790,0.231
2012-12-14,6.9365,14.3095,2.0827,0.958
2012-12-17,6.9048,14.1984,2.0930,1.784
2012-12-18,7.0873,14.6190,2.0852,1.090
2012-12-19,7.0794,14.4762,2.0747,1.460
2012-12-20,7.0873,14.3492,2.0596,1.727
2012-12-21,6.9206,14.1270,2.0767,1.735
2012-12-26,7.0635,14.2857,2.0495,1.336
2012-12-27,7.0635,14.1825,2.0517,2.183
2012-12-28,7.0159,14.2302,2.0445,0.800
2013-01-02,7.4603,14.9762,2.0425,1.746
2013-01-03,7.5238,15.3175,2.0360,0.007
2013-01-04,7.5635,15.0794,2.0350,2.071
2013-01-07,7.6508,15.2698,2.0260,1.511
2013-01-08,7.4921,14.9603,2.0393,2.127
2013-01-09,7.3413,14.6825,2.0384,1.920
2013-01-10,7.3095,14.5794,2.0325,1.902
2013-01-11,7.1508,14.4048,2.0375,1.145
2013-01-14,7.1429,14.4127,2.0301,0.611
2013-01-15,7.1270,14.2222,2.0375,2.102
2013-01-16,7.0476,14.1984,2.0405,1.284
2013-01-17,7.0476,14.3651,2.0425,0.207
2013-01-18,7.0794,14.2063,2.0441,1.862
2013-01-22,7.0556,14.2063,2.0478,1.704
2013-01-23,7.0238,14.2857,2.0375,0.177
2013-01-24,6.9206,14.0397,2.0285,-0.008
2013-01-28,6.8254,13.5714,2.0028,0.726
2013-01-29,6.9921,13.8016,1.9893,0.781
2013-01-30,6.8889,13.6746,1.9860,0.049
2013-01-31,7.0079,13.8651,1.9875,0.456
2013-02-01,7.0317,13.8889,1.9810,0.295
2013-02-04,6.8889,13.7619,1.9913,-0.320
2013-02-05,6.9444,13.9206,1.9840,-1.026
2013-02-06,7.0476,13.9206,1.9847,0.480
2013-02-07,7.0238,13.7936,1.9708,0.354
2013-02-08,7.0238,13.7460,1.9725,0.789
2013-02-13,7.1349,13.9921,1.9663,0.267
2013-02-14,7.0873,13.9206,1.9590,-0.263
2013-02-15,6.9206,13.6587,1.9615,-0.614
2013-02-19,6.7302,13.0000,1.9564,1.284
2013-02-20,6.4365,12.4603,1.9605,1.272
2013-02-21,6.4286,12.8095,1.9727,-0.998
2013-02-22,6.5079,12.8651,1.9710,-0.295
2013-02-25,6.5000,12.9048,1.9688,-0.834
2013-02-26,6.6984,13.3333,1.9905,-0.001
2013-02-27,6.6349,13.0159,1.9776,0.809
2013-02-28,6.6032,13.0556,1.9767,-0.023
2013-03-01,6.3968,12.6429,1.9829,0.328
2013-03-04,6.3651,12.4921,1.9798,0.877
2013-03-05,6.2143,12.0635,1.9654,1.244
2013-03-06,6.4127,12.5476,1.9667,0.512
2013-03-07,6.4365,12.5397,1.9595,0.579
2013-03-08,6.5079,12.6587,1.9480,0.148
2013-03-11,6.4921,12.6984,1.9593,0.169
2013-03-12,6.4206,12.4206,1.9620,1.422
2013-03-13,6.2937,12.2857,1.9615,0.483
2013-03-14,6.2381,12.3016,1.9665,-0.279
2013-03-15,6.1032,12.0635,1.9755,-0.055
2013-03-18,6.0317,12.0079,1.9865,-0.215
2013-03-19,5.9127,11.7698,1.9874,-0.161
2013-03-20,5.9603,11.8175,1.9865,0.192
2013-03-21,5.8810,11.7381,1.9934,-0.128
2013-03-22,5.9048,11.8730,2.0170,0.311
2013-03-25,5.8968,11.7540,2.0136,1.020
2013-03-26,6.0159,12.2619,2.0067,-1.548
2013-03-27,6.1587,12.1984,2.0133,1.647
2013-03-28,6.1190,12.1984,2.0160,1.128
2013-04-01,6.0635,12.1429,2.0180,0.768
2013-04-02,5.9048,11.8730,2.0175,0.336
2013-04-03,5.8810,11.8730,2.0235,0.228
2013-04-04,5.8333,11.7302,2.0180,0.354
2013-04-05,6.0159,12.0238,1.9925,-0.309
2013-04-08,5.8968,11.7302,1.9890,-0.012
2013-04-09,6.0238,11.8810,1.9865,0.718
2013-04-10,6.0159,11.8254,1.9765,0.549
2013-04-11,5.9524,11.7936,1.9720,-0.471
2013-04-12,5.8968,11.5159,1.9690,0.825
2013-04-15,5.5952,11.0714,1.9755,-0.163
2013-04-16,5.7698,11.5159,1.9965,0.031
2013-04-17,5.7937,11.6667,2.0000,-0.680
2013-04-18,6.0000,12.1429,2.0180,-0.287
2013-04-19,6.0079,12.1111,2.0075,-0.414
2013-04-22,5.9603,12.1429,2.0138,-1.153
2013-04-23,6.0556,12.3016,2.0145,-0.835
2013-04-24,6.1270,12.2222,2.0225,1.388
2013-04-25,6.1111,12.1984,2.0115,0.771
2013-04-26,5.9762,12.1984,2.0016,-1.939
2013-04-29,6.1429,12.1508,2.0015,1.186
2013-04-30,6.2302,12.3968,1.9990,0.462
2013-05-02,6.0635,12.1190,2.0128,0.706
2013-05-03,6.1429,12.2460,2.0098,0.816
2013-05-06,6.1349,12.2936,2.0120,0.405
2013-05-07,6.0079,12.0000,2.0086,0.563
2013-05-08,5.8333,11.5079,2.0003,1.395
2013-05-09,5.6746,11.3889,2.0010,-0.299
2013-05-10,5.5635,11.1905,2.0275,0.800
2013-05-13,5.4921,11.0397,2.0163,0.308
2013-05-14,5.4127,10.9365,2.0054,-0.749
2013-05-15,5.3175,10.6508,2.0280,1.249
2013-05-16,5.2937,10.7063,2.0244,0.095
2013-05-17,5.3095,10.7619,2.0364,0.468
2013-05-20,5.3651,10.9841,2.0357,-0.568
2013-05-21,5.4683,11.1825,2.0373,-0.376
2013-05-22,5.4286,11.1587,2.0398,-0.766
2013-05-23,5.3254,10.8095,2.0526,1.123
2013-05-24,5.1667,10.5476,2.0516,0.496
2013-05-28,5.1984,10.7222,2.0679,0.257
2013-05-29,5.0397,10.5238,2.0973,0.436
2013-05-31,4.8492,10.3571,2.1217,-0.662
2013-06-03,5.0000,10.6746,2.1365,0.074
2013-06-04,5.0238,10.6984,2.1409,0.533
2013-06-05,4.8571,10.2857,2.1261,0.399
2013-06-06,4.8889,10.2857,2.1270,1.098
2013-06-07,4.8095,10.0873,2.1340,1.747
2013-06-10,4.6984,9.9683,2.1365,0.701
2013-06-11,4.5714,9.6429,2.1428,1.585
2013-06-12,4.4841,9.6984,2.1470,-0.732
2013-06-13,4.7698,10.2460,2.1459,-0.102
2013-06-14,4.7302,10.1587,2.1392,-0.393
2013-06-17,4.7619,10.1984,2.1576,0.744
2013-06-18,4.7381,10.2619,2.1640,-0.084
2013-06-19,4.5476,10.0635,2.1743,-1.745
2013-06-20,4.4683,10.2936,2.2655,-1.659
2013-06-21,4.4444,9.8730,2.2680,2.096
2013-06-24,4.2698,9.4206,2.2479,1.885
2013-06-25,4.3413,9.6270,2.2207,0.142
2013-06-26,4.3810,9.5397,2.1994,1.004
2013-06-27,4.6111,10.0873,2.1864,-0.055
2013-06-28,4.5317,9.9683,2.2075,0.357
2013-07-01,4.6746,10.5476,2.2280,-1.257
2013-07-02,4.6111,10.3571,2.2395,-0.295
2013-07-03,4.6746,10.6825,2.2608,-1.069
2013-07-05,4.5635,10.3968,2.2635,-0.648
2013-07-08,4.5714,10.2778,2.2605,0.544
2013-07-10,4.5079,10.1587,2.2732,0.873
2013-07-11,4.6349,10.5000,2.2670,0.070
2013-07-12,4.4921,10.1190,2.2677,0.668
2013-07-15,4.5556,10.2381,2.2450,-0.106
2013-07-16,4.6270,10.5000,2.2439,-1.119
2013-07-17,4.8413,10.7936,2.2315,0.089
2013-07-18,4.8889,10.9444,2.2282,-0.466
2013-07-19,4.8413,10.9048,2.2345,-0.797
2013-07-22,4.9206,11.0397,2.2317,-0.528
2013-07-23,5.0794,11.3254,2.2212,-0.381
2013-07-24,5.1190,11.4444,2.2388,0.141
2013-07-25,5.1984,11.6825,2.2586,0.502
2013-07-26,5.1190,11.6825,2.2525,-1.300
2013-07-29,5.0714,11.5000,2.2605,-0.313
2013-07-30,4.9683,11.2540,2.2730,0.345
2013-07-31,5.0317,11.5794,2.2987,-0.111
2013-08-01,5.2460,12.0794,2.2980,-0.199
2013-08-02,5.2222,11.9683,2.2875,-0.187
2013-08-05,5.1429,11.9048,2.3016,-0.571
2013-08-06,5.0873,11.7540,2.2924,-0.781
2013-08-07,5.1984,12.0317,2.2985,-0.691
2013-08-08,5.3175,12.1349,2.2748,-0.319
2013-08-09,5.4206,12.3016,2.2710,0.071
2013-08-12,5.3810,12.3254,2.2730,-0.767
2013-08-13,5.2540,12.1667,2.3063,-0.406
2013-08-14,5.2698,12.1429,2.3130,0.381
2013-08-15,5.2143,12.1032,2.3417,0.885
2013-08-16,5.3651,12.9048,2.3585,-1.947
2013-08-19,5.6349,13.6508,2.4021,-0.844
2013-08-20,5.6032,13.4762,2.3959,-0.382
2013-08-21,5.5397,13.5238,2.4226,-0.764
2013-08-22,5.7619,14.0556,2.4464,0.287
2013-08-23,5.8571,13.7381,2.3679,0.954
2013-08-26,5.7857,13.7143,2.3858,0.651
2013-08-27,5.7222,13.5000,2.3925,1.410
2013-08-28,5.8095,13.5317,2.3298,0.024
2013-08-29,5.8175,13.7143,2.3572,-0.010
2013-08-30,5.6984,13.6111,2.3809,-0.321
2013-09-03,5.8254,13.7778,2.3830,0.756
2013-09-04,5.9286,13.8175,2.3536,0.984
2013-09-05,5.8571,13.4921,2.3232,0.854
2013-09-06,5.8571,13.3730,2.2900,0.298
2013-09-09,6.0000,13.5873,2.2799,0.678
2013-09-10,6.0635,13.7698,2.2930,0.971
2013-09-11,5.9524,13.5714,2.2884,0.368
2013-09-12,5.9444,13.4921,2.2716,0.084
2013-09-13,5.9365,13.5238,2.2825,0.194
2013-09-16,5.8651,13.3730,2.2730,-0.312
2013-09-17,5.8810,13.1349,2.2550,0.964
2013-09-18,6.0714,13.2222,2.2429,2.990
2013-09-19,6.0000,13.1746,2.2067,0.498
2013-09-20,5.9286,13.0635,2.2047,0.055
2013-09-23,6.0476,13.3175,2.1997,-0.109
2013-09-24,6.0238,13.2222,2.1978,0.128
2013-09-25,6.0000,13.3333,2.2221,-0.005
2013-09-26,6.1349,13.4921,2.2380,1.763
2013-09-27,5.9841,13.5397,2.2577,-0.217
2013-09-30,5.9206,13.1746,2.2193,-0.265
2013-10-01,5.9206,13.0794,2.2240,0.674
2013-10-02,6.0952,13.1746,2.2031,1.927
2013-10-03,5.9603,13.0079,2.2086,1.199
2013-10-04,6.1032,13.4444,2.2005,-0.107
2013-10-07,6.1746,13.5952,2.2027,0.041
2013-10-08,6.1984,13.6349,2.2016,0.084
2013-10-09,6.2778,13.7857,2.2080,0.549
2013-10-10,6.3413,13.7302,2.1769,0.540
2013-10-11,6.4921,14.0079,2.1846,1.247
2013-10-14,6.5317,14.1667,2.1846,0.724
2013-10-15,6.5238,14.1746,2.1765,0.173
2013-10-16,6.5397,14.1270,2.1567,-0.162
2013-10-17,6.3175,13.5714,2.1615,0.617
2013-10-18,6.1111,13.2698,2.1630,-0.388
2013-10-21,6.2222,13.4603,2.1728,0.441
2013-10-22,6.3810,13.8968,2.1673,-0.485
2013-10-23,6.2381,13.6984,2.1805,-0.703
2013-10-24,6.1032,13.4603,2.1948,-0.483
2013-10-25,6.0952,13.2143,2.1870,0.878
2013-10-28,6.0873,13.2302,2.1828,0.432
2013-10-29,6.0952,13.1984,2.1785,0.607
2013-10-30,6.1746,13.3968,2.1860,0.753
2013-10-31,6.2937,14.0714,2.2235,-0.551
2013-11-01,6.4603,14.5397,2.2585,0.350
2013-11-04,6.5000,14.4127,2.2425,1.135
2013-11-05,6.3810,14.3571,2.2850,1.556
2013-11-06,6.3810,14.4841,2.2865,0.731
2013-11-07,6.2143,14.4048,2.2995,-0.798
2013-11-08,6.2778,14.5238,2.3201,0.284
2013-11-11,6.3095,14.4841,2.3201,1.067
2013-11-12,6.0952,14.3413,2.3303,-0.959
2013-11-13,6.1667,14.2540,2.3259,0.625
2013-11-14,6.2937,14.5873,2.3229,0.221
2013-11-18,6.5556,14.9206,2.2705,-0.243
2013-11-19,6.4127,14.6508,2.2673,-0.760
2013-11-21,6.3492,14.6746,2.3080,-0.141
2013-11-22,6.3016,14.4524,2.2908,-0.116
2013-11-25,6.0794,14.0000,2.2900,-0.559
2013-11-26,6.1032,13.9286,2.2980,0.693
2013-11-27,6.1508,14.3175,2.3080,-0.848
2013-11-29,6.1429,14.2857,2.3345,0.383
2013-12-02,6.0714,14.3492,2.3530,-0.440
2013-12-03,6.0159,14.1746,2.3664,0.433
2013-12-04,5.9762,14.1349,2.3784,0.558
2013-12-05,6.1429,14.5714,2.3620,-0.425
2013-12-06,6.1667,14.4127,2.3338,-0.145
2013-12-09,6.2698,14.5635,2.3197,-0.133
2013-12-10,6.2778,14.5476,2.3106,-0.290
2013-12-11,6.1508,14.4286,2.3308,-0.640
2013-12-12,6.1032,14.3095,2.3390,-0.239
2013-12-13,6.0952,14.1508,2.3370,0.663
2013-12-16,6.1270,14.1905,2.3215,0.235
2013-12-17,6.3095,14.4206,2.3181,1.425
2013-12-18,6.3651,14.8810,2.3462,0.355
2013-12-19,6.5238,15.1349,2.3535,1.446
2013-12-20,6.2222,15.0159,2.3741,-1.623
2013-12-23,6.3254,14.9524,2.3685,0.196
2013-12-26,6.2619,14.8016,2.3535,-0.434
2013-12-27,6.2937,14.5952,2.3527,1.451
2013-12-30,6.1270,14.5556,2.3524,-0.979
2014-01-02,6.0159,14.4762,2.4015,-0.201
2014-01-03,6.0397,14.3651,2.3831,0.196
2014-01-06,5.9762,14.2778,2.3744,-0.616
2014-01-07,5.9921,14.2619,2.3732,-0.291
2014-01-08,5.9603,14.2857,2.3883,-0.355
2014-01-09,5.9444,14.1905,2.4017,0.608
2014-01-10,6.0794,14.3095,2.3645,0.455
2014-01-13,5.9127,14.0079,2.3540,-0.639
2014-01-14,5.8492,13.6508,2.3557,0.939
2014-01-15,5.8730,13.8492,2.3500,-0.344
2014-01-16,5.8492,13.8413,2.3681,0.074
2014-01-17,5.8651,13.7222,2.3550,0.656
2014-01-21,5.6349,13.3333,2.3620,-0.177
2014-01-22,5.7143,13.5238,2.3739,0.306
2014-01-23,5.6270,13.4524,2.3895,-0.050
2014-01-24,5.5317,13.4524,2.4008,-1.277
2014-01-27,5.4841,13.2619,2.4185,0.011
2014-01-28,5.4841,13.2460,2.4262,0.450
2014-01-29,5.4841,13.5952,2.4361,-1.731
2014-01-30,5.5714,13.4365,2.4133,0.067
2014-01-31,5.5952,13.6111,2.4116,-0.864
2014-02-03,5.3492,13.1270,2.4373,-0.681
2014-02-04,5.4048,13.0317,2.4060,-0.214
2014-02-05,5.3730,12.8492,2.3970,0.233
2014-02-06,5.5476,13.0794,2.3858,1.194
2014-02-07,5.6587,13.4683,2.3820,0.080
2014-02-10,5.3889,13.0238,2.3925,-1.005
2014-02-11,5.4365,13.1032,2.4083,-0.080
2014-02-12,5.2937,12.8571,2.4121,-0.687
2014-02-13,5.4762,12.8571,2.4135,2.797
2014-02-14,5.4762,12.9603,2.3859,0.813
2014-02-18,5.0079,11.8571,2.3902,0.952
2014-02-19,5.0238,12.0952,2.3895,-0.751
2014-02-20,5.1349,12.1746,2.3713,0.015
2014-02-21,5.0873,11.7936,2.3565,1.650
2014-02-24,5.1508,12.1349,2.3300,-1.101
2014-02-25,5.0952,11.9365,2.3338,-0.379
2014-02-26,5.0476,11.8095,2.3495,0.422
2014-02-27,5.0873,11.7540,2.3315,0.911
2014-02-28,4.9603,11.4603,2.3321,0.939
2014-03-05,4.9603,11.3889,2.3281,1.398
2014-03-06,4.9683,11.4603,2.3051,-0.070
2014-03-07,4.7778,11.0635,2.3383,0.980
2014-03-10,4.6270,10.8333,2.3440,0.114
2014-03-11,4.6190,10.9444,2.3495,-0.841
2014-03-12,4.6984,11.0794,2.3617,0.152
2014-03-13,4.6905,10.9762,2.3560,0.679
2014-03-14,4.7857,11.2222,2.3584,0.574
2014-03-17,4.7619,11.1190,2.3532,0.779
2014-03-18,4.8333,11.2778,2.3415,0.350
2014-03-19,4.8333,11.2936,2.3310,-0.240
2014-03-20,4.8413,11.2302,2.3339,0.613
2014-03-21,4.9603,11.5079,2.3215,0.065
2014-03-24,4.9444,11.5000,2.3220,-0.165
2014-03-25,4.9841,11.4444,2.3092,0.567
2014-03-26,4.8730,11.2698,2.3060,-0.290
2014-03-27,5.0873,11.5714,2.2671,-0.328
2014-03-28,5.0794,11.4762,2.2627,0.147
2014-03-31,5.0873,11.5238,2.2552,-0.442
2014-04-01,4.9444,11.1825,2.2626,0.043
2014-04-02,5.0476,11.4127,2.2704,0.415
2014-04-03,4.9841,11.3651,2.2795,-0.033
2014-04-04,4.9524,11.0714,2.2403,0.211
2014-04-07,4.9444,10.9603,2.2209,0.190
2014-04-08,5.0238,11.0714,2.1940,-0.444
2014-04-09,4.8968,10.7857,2.2154,0.581
2014-04-10,4.8889,10.7857,2.1954,-0.488
2014-04-11,4.8016,10.6984,2.2075,-0.925
2014-04-14,4.8175,10.6905,2.2096,-0.429
2014-04-15,4.6984,10.4921,2.2355,0.107
2014-04-16,4.6905,10.5476,2.2355,-0.588
2014-04-17,4.8730,10.9762,2.2488,-0.162
2014-04-22,4.8016,10.7936,2.2425,-0.242
2014-04-23,4.8016,10.7460,2.2372,-0.036
2014-04-24,4.8333,10.7302,2.2231,0.138
2014-04-25,4.8016,10.7381,2.2357,-0.030
2014-04-28,4.8175,10.7063,2.2310,0.387
2014-04-29,4.7857,10.6587,2.2205,-0.301
2014-04-30,4.7698,10.6190,2.2360,0.436
2014-05-02,5.0079,11.1508,2.2177,-0.401
2014-05-05,4.9365,11.1032,2.2324,-0.747
2014-05-06,4.9921,11.1746,2.2278,-0.477
2014-05-07,5.1429,11.4444,2.2231,-0.099
2014-05-08,5.1429,11.4127,2.2048,-0.646
2014-05-09,5.1587,11.3651,2.2150,0.541
2014-05-12,5.2302,11.6190,2.2190,-0.115
2014-05-13,5.1825,11.4762,2.2095,-0.221
2014-05-14,5.1270,11.2778,2.2043,0.210
2014-05-15,5.1349,11.4127,2.2250,0.110
2014-05-16,5.1190,11.3492,2.2115,-0.251
2014-05-19,5.0317,11.1032,2.2040,-0.119
2014-05-20,4.9206,10.9206,2.2100,-0.421
2014-05-21,4.9048,10.7857,2.2075,0.385
2014-05-22,4.9048,10.8730,2.2180,0.053
2014-05-23,4.8333,10.7143,2.2154,-0.061
2014-05-27,4.8889,11.0000,2.2371,-0.573
2014-05-28,4.9206,10.9921,2.2388,0.221
2014-05-29,4.8889,10.8889,2.2188,-0.380
2014-05-30,4.7143,10.5794,2.2365,-0.339
2014-06-02,4.6984,10.6825,2.2685,-0.226
2014-06-03,4.8095,11.0159,2.2695,-0.914
2014-06-04,4.7619,10.8968,2.2846,-0.163
2014-06-05,4.7460,10.7857,2.2620,-0.465
2014-06-06,4.8651,10.8810,2.2421,0.249
2014-06-09,4.9127,11.0238,2.2292,-0.657
2014-06-10,4.9286,11.0794,2.2271,-0.929
2014-06-11,4.9048,10.9524,2.2296,-0.153
2014-06-13,4.8413,10.7619,2.2305,0.340
2014-06-16,4.7937,10.6984,2.2339,0.095
2014-06-17,4.7778,10.8175,2.2561,-0.354
2014-06-18,4.9127,11.0317,2.2526,0.314
2014-06-20,4.8889,10.9206,2.2360,0.100
2014-06-23,4.9762,10.9524,2.2175,0.752
2014-06-24,4.9841,11.0714,2.2202,-0.051
2014-06-25,4.9444,10.8333,2.2073,0.743
2014-06-26,4.8651,10.6270,2.2056,0.973
2014-06-27,4.7143,10.3254,2.1974,0.327
2014-06-30,4.6746,10.2698,2.2030,0.276
2014-07-01,4.6746,10.2619,2.2015,0.285
2014-07-02,4.7540,10.5397,2.2169,-0.006
2014-07-03,4.8333,10.8571,2.2163,-1.336
2014-07-07,4.9762,11.0317,2.2192,0.103
2014-07-08,4.9444,10.9762,2.2134,-0.293
2014-07-10,4.9365,10.8810,2.2223,0.822
2014-07-11,4.9524,10.9127,2.2200,0.748
2014-07-14,4.9921,11.1111,2.2135,-0.551
2014-07-15,5.0556,11.2540,2.2237,-0.106
2014-07-16,5.0476,11.1667,2.2235,0.508
2014-07-17,4.8333,10.8175,2.2446,0.291
2014-07-18,4.7937,10.6111,2.2326,0.859
2014-07-21,4.7698,10.5476,2.2194,0.366
2014-07-22,4.7381,10.4524,2.2070,0.044
2014-07-23,4.7302,10.5317,2.2184,-0.364
2014-07-24,4.8810,10.8492,2.2172,-0.250
2014-07-25,4.8730,10.8651,2.2286,-0.047
2014-07-28,4.9048,10.8810,2.2298,0.512
2014-07-29,4.9127,10.8889,2.2290,0.565
2014-07-30,4.7540,10.6111,2.2533,0.952
2014-07-31,4.6667,10.5952,2.2696,-0.036
2014-08-01,4.6349,10.4206,2.2674,0.850
2014-08-04,4.6825,10.5556,2.2591,0.216
2014-08-05,4.6032,10.4762,2.2770,0.050
2014-08-06,4.6508,10.5794,2.2754,0.029
2014-08-07,4.6111,10.5000,2.2884,0.496
2014-08-08,4.6587,10.5952,2.2960,0.955
2014-08-11,4.6270,10.4444,2.2740,0.740
2014-08-12,4.5556,10.3175,2.2739,0.401
2014-08-13,4.4365,10.0397,2.2762,0.585
2014-08-14,4.4127,9.9524,2.2709,0.687
2014-08-15,4.4048,9.9206,2.2736,0.948
2014-08-18,4.4206,9.9206,2.2595,0.683
2014-08-19,4.4841,10.1190,2.2555,-0.050
2014-08-20,4.4921,10.1587,2.2537,-0.344
2014-08-21,4.4921,10.2222,2.2555,-0.884
2014-08-22,4.5000,10.2778,2.2784,-0.243
2014-08-25,4.5635,10.4524,2.2823,-0.355
2014-08-26,4.7063,10.6429,2.2725,0.492
2014-08-27,4.7778,10.7143,2.2594,0.753
2014-08-28,4.5794,10.2857,2.2521,0.267
2014-08-29,4.5952,10.3095,2.2381,-0.242
2014-09-02,4.6349,10.3968,2.2513,0.363
2014-09-03,4.7460,10.6508,2.2308,-0.595
2014-09-04,4.8016,10.7936,2.2399,-0.357
2014-09-05,4.7778,10.6349,2.2440,0.813
2014-09-08,4.6111,10.3492,2.2498,0.240
2014-09-09,4.4683,10.1032,2.2825,0.946
2014-09-10,4.3175,9.8254,2.2956,0.873
2014-09-11,4.2698,9.7302,2.2882,0.412
2014-09-12,4.2222,9.8095,2.3301,0.292
2014-09-15,4.2143,9.8492,2.3451,0.342
2014-09-16,4.2302,9.8095,2.3227,0.162
2014-09-17,4.2381,9.9206,2.3458,0.213
2014-09-18,4.2381,9.9683,2.3602,0.346
2014-09-19,4.2460,10.0556,2.3747,0.273
2014-09-22,4.0952,9.7381,2.3862,0.349
2014-09-23,4.0476,9.7302,2.4100,0.253
2014-09-24,4.0873,9.7698,2.4022,0.498
2014-09-25,4.0476,9.7857,2.4179,0.010
2014-09-26,3.9762,9.6429,2.4243,-0.035
2014-09-29,3.8571,9.4524,2.4458,-0.197
2014-09-30,3.8095,9.3492,2.4484,-0.235
2014-10-01,3.7540,9.2936,2.4746,-0.044
2014-10-02,3.8333,9.4921,2.4881,0.481
2014-10-03,3.8651,9.5000,2.4870,1.184
2014-10-06,3.9127,9.5159,2.4086,-0.964
2014-10-07,3.9127,9.3730,2.3901,-0.227
2014-10-08,3.8810,9.3968,2.4274,0.253
2014-10-09,3.8095,9.1270,2.3922,-0.152
2014-10-10,3.6190,8.6667,2.4096,0.621
2014-10-13,3.7460,8.9048,2.4096,1.366
2014-10-14,3.8095,9.1032,2.3943,0.197
2014-10-15,3.6984,9.0000,2.4393,0.239
2014-10-16,3.5794,8.8254,2.4742,0.348
2014-10-17,3.6508,8.8333,2.4328,0.547
2014-10-20,3.5714,8.7302,2.4555,0.452
2014-10-21,3.5317,8.7302,2.4687,-0.130
2014-10-22,3.5079,8.6746,2.4711,-0.071
2014-10-23,3.6429,9.0873,2.5029,0.335
2014-10-24,3.7381,9.2302,2.4657,-0.142
2014-10-27,3.5476,8.9048,2.5429,1.308
2014-10-28,3.6032,8.8651,2.4705,0.412
2014-10-29,3.5714,8.6905,2.4349,0.064
2014-10-30,3.5556,8.4524,2.4058,1.202
2014-10-31,3.5952,8.8016,2.4535,0.220
2014-11-03,3.5238,8.8095,2.4964,-0.144
2014-11-04,3.5952,9.0873,2.5178,-0.387
2014-11-05,3.5794,9.0317,2.5070,-0.645
2014-11-06,3.5079,8.9603,2.5541,-0.008
2014-11-07,3.5952,9.1984,2.5705,0.469
2014-11-10,3.5476,9.0000,2.5402,0.130
2014-11-11,3.4762,8.8016,2.5402,0.325
2014-11-12,3.4603,8.8175,2.5496,0.056
2014-11-13,3.3571,8.5714,2.5922,1.528
2014-11-14,3.3254,8.7222,2.6030,-0.759
2014-11-17,3.2540,8.4048,2.6016,0.723
2014-11-18,3.1984,8.2302,2.5954,0.863
2014-11-19,3.2381,8.2540,2.5744,0.996
2014-11-21,3.4365,8.5873,2.5247,1.035
2014-11-24,3.4206,8.7222,2.5478,-0.082
2014-11-25,3.4444,8.7302,2.5300,-0.180
2014-11-26,3.3651,8.3333,2.5006,0.977
2014-11-28,3.3095,8.6508,2.5720,-1.603
2014-12-01,3.1905,8.1270,2.5620,0.579
2014-12-02,3.1429,8.0476,2.5737,0.511
2014-12-03,3.1746,8.1270,2.5549,-0.199
2014-12-04,3.1032,8.0000,2.5781,0.004
2014-12-05,3.1190,8.0873,2.6010,0.313
2014-12-08,3.0000,7.8254,2.6142,0.220
2014-12-09,2.8651,7.4048,2.5941,0.372
2014-12-10,2.7857,7.2698,2.6106,0.035
2014-12-11,2.6667,7.1032,2.6445,-0.720
2014-12-12,2.4841,6.5952,2.6720,0.642
2014-12-15,2.3730,6.4365,2.6917,-0.762
2014-12-16,2.5159,6.8492,2.7306,0.301
2014-12-17,2.6587,7.1190,2.6910,0.500
2014-12-18,2.7302,7.2778,2.6454,-0.761
2014-12-19,2.8413,7.6984,2.6538,-2.056
2014-12-22,2.8254,7.4365,2.6532,0.805
2014-12-23,2.8889,7.7540,2.6996,0.579
2014-12-26,2.8016,7.4286,2.6950,1.638
2014-12-29,2.8095,7.6111,2.6974,-0.430
2014-12-30,2.8492,7.6032,2.6605,-0.301
2015-01-02,2.7143,7.2778,2.6967,0.575
2015-01-05,2.5635,6.9444,2.7284,0.717
2015-01-06,2.8095,7.6746,2.7013,-1.111
2015-01-07,3.0397,8.2381,2.7000,-0.376
2015-01-08,3.0317,8.0476,2.6635,0.341
2015-01-09,2.9603,7.6825,2.6375,1.631
2015-01-12,2.8175,7.5000,2.6673,0.200
2015-01-13,2.7937,7.2857,2.6366,1.098
2015-01-14,2.7302,7.0079,2.6145,1.856
2015-01-15,2.7222,7.1270,2.6324,0.547
2015-01-16,2.8730,7.4762,2.6225,0.780
2015-01-20,2.8254,7.2937,2.6148,1.292
2015-01-21,2.8254,7.2540,2.5982,1.199
2015-01-22,2.8571,7.2222,2.5644,1.449
2015-01-23,2.7460,7.0873,2.5805,-0.016
2015-01-26,2.7540,7.0952,2.5820,0.219
2015-01-27,2.7381,6.9762,2.5737,1.016
2015-01-28,2.7063,6.9206,2.5825,0.990
2015-01-29,2.7222,7.0952,2.6113,0.187
2015-01-30,2.7381,7.3571,2.6843,-0.099
2015-02-02,2.8016,7.5238,2.7086,0.858
2015-02-03,2.8730,7.6667,2.7016,1.240
2015-02-04,2.7778,7.5873,2.7403,0.325
2015-02-05,2.8016,7.6667,2.7306,-0.217
2015-02-06,2.8016,7.7540,2.7681,0.014
2015-02-09,2.9603,8.2063,2.7872,0.544
2015-02-10,2.7460,7.7381,2.8304,0.443
2015-02-11,2.8016,8.0397,2.8724,0.094
2015-02-12,2.7778,7.8095,2.8225,0.394
2015-02-13,2.8492,8.0476,2.8273,0.099
2015-02-18,2.8889,8.1587,2.8467,0.798
2015-02-19,2.8492,8.0238,2.8578,1.479
2015-02-20,2.8413,8.0794,2.8773,1.186
2015-02-23,2.7619,7.9365,2.8688,-0.166
2015-02-24,2.8413,8.0079,2.8462,0.985
2015-02-25,2.8175,8.1032,2.8656,-0.364
2015-02-26,2.7857,8.0873,2.8806,-0.776
2015-02-27,2.8333,8.0476,2.8618,0.756
2015-03-02,2.6905,7.7778,2.8765,-0.497
2015-03-03,2.7302,7.9444,2.8967,-0.453
2015-03-04,2.7778,8.3016,2.9790,-0.320
2015-03-05,2.8016,8.3968,2.9961,-0.036
2015-03-06,2.7778,8.5159,3.0601,-0.183
2015-03-09,2.7778,8.7302,3.1015,-1.316
2015-03-10,2.8095,8.6508,3.1273,1.566
2015-03-11,2.7540,8.6429,3.0881,-1.600
2015-03-12,2.7222,8.6032,3.1247,-1.128
2015-03-13,2.6429,8.6032,3.2605,0.161
2015-03-16,2.6429,8.5317,3.2204,-0.242
2015-03-17,2.7222,8.8016,3.2632,0.927
2015-03-18,2.7937,9.0476,3.2747,1.114
2015-03-19,2.6905,8.8571,3.2931,0.032
2015-03-20,2.7460,8.7619,3.2206,0.935
2015-03-23,2.8016,8.8095,3.1596,0.481
2015-03-24,2.7698,8.6587,3.1534,0.874
2015-03-25,2.7619,8.8254,3.1609,-1.080
2015-03-26,2.7302,8.5873,3.1768,1.000
2015-03-27,2.4286,7.9048,3.2412,-0.421
2015-03-30,2.5317,8.2063,3.2515,0.312
2015-03-31,2.5397,8.0159,3.1843,0.889
2015-04-01,2.5794,8.0952,3.1547,0.517
2015-04-02,2.5556,7.9683,3.1373,0.619
2015-04-06,2.5556,7.9365,3.0961,-0.306
2015-04-07,2.5159,7.8492,3.1105,-0.300
2015-04-08,2.5079,7.6667,3.0852,0.924
2015-04-09,2.5238,7.6984,3.0345,-0.518
2015-04-10,2.4841,7.6111,3.0784,0.473
2015-04-13,2.4683,7.6984,3.1157,-0.105
2015-04-14,2.5556,7.7460,3.0779,1.546
2015-04-15,2.6349,7.9365,3.0571,1.496
2015-04-16,2.5317,7.6587,3.0180,-0.234
2015-04-17,2.4206,7.3333,3.0639,1.135
2015-04-20,2.4683,7.4603,3.0446,0.731
2015-04-22,2.6032,7.7381,2.9988,0.883
2015-04-23,2.7460,8.1270,2.9807,0.715
2015-04-24,2.8810,8.3333,2.9631,2.439
2015-04-27,2.7857,8.0556,2.9049,0.455
2015-04-28,2.7302,8.0238,2.9002,-1.319
2015-04-29,2.6508,7.8730,2.9393,-1.036
2015-04-30,2.6667,7.9524,3.0121,1.005
2015-05-04,2.6984,8.2302,3.0720,0.721
2015-05-05,2.7937,8.4365,3.0585,1.279
2015-05-06,2.6746,8.1190,3.0485,0.425
2015-05-07,2.6190,7.9603,3.0390,-0.013
2015-05-08,2.7619,8.2143,2.9808,0.224
2015-05-11,2.7143,8.2936,3.0385,-0.558
2015-05-12,2.6667,8.0317,3.0223,0.345
2015-05-13,2.5952,7.8730,3.0265,-0.235
2015-05-14,2.6587,7.9365,2.9910,0.199
2015-05-15,2.6429,7.9365,2.9779,-0.836
2015-05-18,2.5556,7.7460,3.0120,-0.629
2015-05-19,2.4762,7.5079,3.0175,-0.480
2015-05-20,2.5079,7.4524,3.0308,1.995
2015-05-21,2.4603,7.5238,3.0431,-0.489
2015-05-22,2.3730,7.2937,3.0705,-0.100
2015-05-26,2.2778,7.1349,3.1489,0.527
2015-05-27,2.2937,7.1984,3.1708,1.032
2015-05-28,2.2302,7.0635,3.1755,0.260
2015-05-29,2.1984,6.8333,3.1855,2.484
2015-06-01,2.2302,7.0714,3.1655,-0.168
2015-06-02,2.2937,7.1746,3.1391,0.354
2015-06-03,2.2619,7.0556,3.1103,-0.288
2015-06-05,2.2063,6.8730,3.1604,1.454
2015-06-08,2.1984,6.8016,3.1226,0.929
2015-06-09,2.1984,6.8333,3.0950,-0.428
2015-06-10,2.1587,6.7302,3.1013,-0.524
2015-06-11,2.2302,6.9048,3.1419,1.480
2015-06-12,2.1984,6.8016,3.1011,0.234
2015-06-15,2.1508,6.7222,3.0958,-0.949
2015-06-16,2.1111,6.5159,3.1052,0.607
2015-06-17,2.0873,6.2937,3.0946,2.633
2015-06-18,2.0952,6.4048,3.0405,-0.534
2015-06-19,2.0873,6.4683,3.0887,-0.328
2015-06-22,2.0714,6.3571,3.0833,0.467
2015-06-23,2.0476,6.2619,3.0913,1.084
2015-06-24,1.9524,6.0238,3.0884,0.098
2015-06-25,1.9206,5.9841,3.1144,-0.042
2015-06-26,1.9603,6.1111,3.1223,0.157
2015-06-29,2.0079,6.1825,3.1403,1.989
2015-06-30,1.9127,5.9444,3.1106,0.087
2015-07-01,1.8175,5.7143,3.1269,-0.547
2015-07-02,1.7857,5.4683,3.1110,1.593
2015-07-06,1.7143,5.4365,3.1454,-0.817
2015-07-07,1.7460,5.5873,3.1905,-0.297
2015-07-08,1.7063,5.4286,3.2319,1.587
2015-07-10,1.6984,5.3492,3.1834,1.075
2015-07-13,1.8016,5.5873,3.1507,1.592
2015-07-14,1.6667,5.1667,3.1197,0.636
2015-07-15,1.6667,5.1667,3.1531,1.713
2015-07-16,1.6508,5.1746,3.1340,-0.020
2015-07-17,1.5635,4.9683,3.1915,0.435
2015-07-20,1.5238,4.8333,3.2123,1.275
2015-07-21,1.5556,4.9048,3.1725,0.617
2015-07-22,1.4762,4.6429,3.2232,2.481
2015-07-23,1.4683,4.7698,3.2862,1.156
2015-07-24,1.3889,4.6349,3.3302,-0.208
2015-07-27,1.3413,4.4603,3.3560,0.919
2015-07-28,1.3968,4.7460,3.3941,-0.107
2015-07-29,1.4286,4.7302,3.3308,0.595
2015-07-30,1.3651,4.6032,3.3696,-0.074
2015-07-31,1.3730,4.6746,3.4078,0.093
2015-08-03,1.3651,4.6746,3.4487,0.709
2015-08-04,1.3968,4.8095,3.4693,0.759
2015-08-05,1.4206,4.9524,3.4884,0.068
2015-08-06,1.4206,4.9206,3.5684,3.023
2015-08-07,1.3571,4.7698,3.5281,0.384
2015-08-10,1.4048,4.7857,3.4699,1.853
2015-08-11,1.3254,4.7381,3.5086,-1.853
2015-08-12,1.3413,4.6111,3.4725,1.007
2015-08-13,1.2778,4.5079,3.5147,-0.376
2015-08-14,1.2857,4.4444,3.4625,0.165
2015-08-17,1.3095,4.5476,3.4728,0.002
2015-08-18,1.2857,4.4603,3.4623,-0.197
2015-08-19,1.2381,4.3016,3.5021,0.798
2015-08-20,1.2381,4.1984,3.4617,2.084
2015-08-21,1.1746,4.0952,3.4970,0.302
2015-08-24,1.0556,3.8333,3.5539,-2.139
2015-08-25,1.0238,3.5952,3.5456,0.967
2015-08-26,1.0794,3.8730,3.6333,1.256
2015-08-27,1.2222,4.3333,3.5499,0.125
2015-08-28,1.1746,4.1984,3.5938,0.545
2015-08-31,1.1746,4.1667,3.6206,2.066
2015-09-01,1.1667,4.3413,3.6715,-1.333
2015-09-02,1.2857,4.7778,3.7389,0.615
2015-09-03,1.2619,4.7063,3.7546,0.671
2015-09-04,1.2381,4.8175,3.8094,-2.098
2015-09-08,1.3175,4.9762,3.8081,0.820
2015-09-09,1.3016,4.9524,3.7900,-0.391
2015-09-10,1.3730,5.3333,3.8587,-0.661
2015-09-11,1.3651,5.3016,3.8757,-0.207
2015-09-14,1.3175,5.0000,3.8391,1.157
2015-09-15,1.3095,5.0635,3.8655,-0.030
2015-09-16,1.3413,5.1429,3.8255,-0.230
2015-09-17,1.3333,5.1349,3.8930,1.086
2015-09-18,1.2540,5.0714,3.9210,-3.049
2015-09-21,1.2381,4.9365,3.9911,0.098
2015-09-22,1.1905,4.8571,4.0490,-0.760
2015-09-23,1.1349,4.6825,4.1093,-0.402
2015-09-24,1.2143,4.8413,4.1638,4.436
2015-09-25,1.2222,4.8492,3.9489,-0.470
2015-09-28,1.1349,4.6667,4.0070,-2.551
2015-09-29,1.1270,4.5079,4.0921,2.303
2015-09-30,1.0873,4.3413,3.9554,-0.934
2015-10-01,1.0952,4.3254,4.0003,1.292
2015-10-02,1.1429,4.4921,3.9712,1.034
2015-10-05,1.2222,4.7302,3.8924,0.575
2015-10-06,1.2540,4.7698,3.8406,0.968
2015-10-07,1.3254,5.1032,3.8123,-0.987
2015-10-08,1.3810,5.2937,3.8295,-0.100
2015-10-09,1.4206,5.3254,3.7339,-0.392
2015-10-13,1.2937,5.0000,3.8314,-0.870
2015-10-14,1.3095,5.0079,3.8366,0.323
2015-10-15,1.3413,5.0714,3.8420,1.612
2015-10-16,1.3016,4.9206,3.8527,1.910
2015-10-19,1.2460,4.8492,3.9005,0.226
2015-10-20,1.2381,4.8175,3.8845,-0.168
2015-10-21,1.2460,4.9444,3.9514,-0.422
2015-10-22,1.2222,4.7698,3.9249,0.571
2015-10-23,1.1825,4.5714,3.8964,0.792
2015-10-26,1.1667,4.5317,3.8788,-0.143
2015-10-27,1.1587,4.4762,3.9002,0.963
2015-10-28,1.1190,4.4762,3.8594,-3.515
2015-10-29,1.1111,4.3095,3.8971,0.478
2015-10-30,1.1032,4.3095,3.8439,-1.602
2015-11-03,1.2381,4.6667,3.7578,-0.303
2015-11-04,1.2143,4.5079,3.7946,2.214
2015-11-05,1.2143,4.5952,3.7809,-0.090
2015-11-06,1.1667,4.4921,3.8055,-1.165
2015-11-09,1.1508,4.4127,3.7855,-1.277
2015-11-10,1.1746,4.4048,3.7978,1.275
2015-11-11,1.1905,4.4127,3.7978,2.459
2015-11-12,1.1349,4.1508,3.7898,3.622
2015-11-13,1.0952,4.1508,3.8235,0.888
2015-11-16,1.0794,4.0000,3.8460,3.781
2015-11-17,1.0794,4.1825,3.8123,-1.618
2015-11-18,1.1667,4.2460,3.7914,4.175
2015-11-19,1.2381,4.6349,3.7365,-0.189
2015-11-23,1.2381,4.5635,3.7239,1.031
2015-11-24,1.3333,4.8651,3.7064,1.578
2015-11-25,1.3175,4.9603,3.7508,-0.379
2015-11-27,1.2778,4.7857,3.7736,0.755
2015-11-30,1.2540,4.8413,3.8982,0.970
2015-12-01,1.2222,4.6984,3.8491,0.129
2015-12-02,1.2302,4.6984,3.8633,1.151
2015-12-03,1.2540,4.7778,3.7762,-0.890
2015-12-04,1.1667,4.3175,3.7426,1.133
2015-12-07,1.1270,4.2063,3.7595,0.726
2015-12-08,1.0635,3.9603,3.8032,2.130
2015-12-09,1.0714,3.9206,3.7264,1.835
2015-12-10,1.0556,3.9683,3.7787,0.513
2015-12-11,1.0000,3.8810,3.8791,-0.048
2015-12-14,0.9762,3.8413,3.8972,-0.960
2015-12-15,1.0238,3.8889,3.9000,2.674
2015-12-16,1.0079,3.8651,3.9421,2.802
2015-12-17,0.9683,3.8492,3.9053,-1.764
2015-12-18,0.9444,3.9127,3.9336,-5.051
2015-12-21,0.9286,3.6905,4.0231,1.226
2015-12-22,0.9444,3.7460,3.9980,0.797
2015-12-23,0.9841,3.8333,3.9672,1.849
2015-12-28,0.9603,3.7778,3.8590,-1.904
2015-12-29,0.9683,3.6825,3.8917,2.325
2015-12-30,0.9444,3.6905,3.9880,2.058
2016-01-04,0.9127,3.6032,4.0613,2.874
2016-01-05,0.8571,3.4365,4.0108,0.038
2016-01-06,0.7937,3.1587,4.0163,0.912
2016-01-07,0.7381,3.0159,4.0504,-0.872
2016-01-08,0.7222,3.1190,4.0480,-6.268
2016-01-11,0.7381,3.0000,4.0464,-0.446
2016-01-12,0.7381,2.9127,4.0454,2.513
2016-01-13,0.6825,2.7222,3.9893,0.023
2016-01-14,0.7063,2.8016,4.0032,0.931
2016-01-15,0.6746,2.7381,4.0480,-0.267
2016-01-19,0.6587,2.7302,4.0420,-2.475
2016-01-20,0.6825,2.6984,4.1103,3.966
2016-01-21,0.6349,2.6270,4.1299,-0.184
2016-01-22,0.6746,2.6349,4.1061,5.126
2016-01-26,0.6667,2.6032,4.0701,4.234
2016-01-27,0.6667,2.6667,4.0557,1.393
2016-01-28,0.6746,2.7063,4.0979,2.147
2016-01-29,0.7222,2.8571,4.0364,2.031
2016-02-01,0.7540,3.0159,3.9866,-0.335
2016-02-02,0.7460,2.9762,3.9885,-0.022
2016-02-03,0.7857,2.9524,3.9478,5.062
2016-02-04,0.9048,3.2619,3.8785,7.579
2016-02-05,0.8492,3.3175,3.9101,0.091
2016-02-10,0.8254,3.3413,3.9366,-2.754
2016-02-11,0.7381,2.9524,3.9704,-0.740
2016-02-12,0.7540,2.9762,3.9764,0.735
2016-02-16,0.8175,3.2540,4.0564,1.905
2016-02-17,0.8492,3.3492,3.9856,1.057
2016-02-18,0.8175,3.2460,4.0191,1.214
2016-02-19,0.8175,3.2460,4.0428,1.811
2016-02-22,0.8571,3.2778,3.9330,2.848
2016-02-23,0.7857,3.0873,3.9740,1.138
2016-02-24,0.7540,2.9921,3.9774,0.226
2016-02-25,0.7302,2.8492,3.9290,0.688
2016-02-26,0.6905,2.7698,4.0120,0.013
2016-02-29,0.6984,2.8016,3.9793,-0.799
2016-03-01,0.7222,2.8571,3.9475,-0.216
2016-03-02,0.7540,2.9762,3.8948,-1.332
2016-03-03,0.8175,3.2063,3.8246,-2.492
2016-03-04,0.9762,3.7222,3.7280,-2.229
2016-03-07,1.0159,3.9286,3.7745,-2.397
2016-03-08,0.9921,3.8254,3.7721,-2.176
2016-03-09,1.0159,3.8889,3.6902,-3.603
2016-03-10,1.1587,4.2619,3.6698,-0.225
2016-03-11,1.1349,4.0714,3.6166,0.814
2016-03-14,1.1349,4.1905,3.6265,-1.782
2016-03-15,1.0000,3.7698,3.7298,-1.062
2016-03-16,1.0556,3.9683,3.7998,1.075
2016-03-17,1.1905,4.3571,3.6201,-1.090
2016-03-18,1.2381,4.6429,3.6050,-3.867
2016-03-21,1.2937,4.6429,3.6064,0.486
2016-03-22,1.3651,4.9365,3.5921,-0.669
2016-03-23,1.2460,4.6270,3.6735,-1.074
2016-03-24,1.2619,4.7460,3.7043,-1.508
2016-03-28,1.3492,4.9127,3.6390,-0.060
2016-03-29,1.3175,4.8254,3.6726,0.272
2016-03-30,1.4444,5.3492,3.6145,-2.398
2016-03-31,1.4127,5.1905,3.5500,-3.379
2016-04-01,1.5317,5.5873,3.5410,-2.924
2016-04-04,1.3968,5.1111,3.5994,-1.631
2016-04-05,1.4206,5.1746,3.6659,0.644
2016-04-06,1.3571,4.9762,3.6538,-0.351
2016-04-07,1.2857,4.8730,3.7106,-2.098
2016-04-08,1.4683,5.4048,3.6288,-1.420
2016-04-11,1.5873,5.7460,3.5160,-2.873
2016-04-12,1.7222,6.1349,3.5520,-0.287
2016-04-13,1.8651,6.6111,3.5606,0.449
2016-04-14,1.6825,5.9286,3.5035,-0.570
2016-04-15,1.7540,6.2302,3.5362,-0.446
2016-04-18,1.6270,5.8730,3.5977,-0.334
2016-04-19,1.7857,6.4206,3.5420,-1.489
2016-04-20,1.8016,6.4603,3.5444,-1.157
2016-04-22,1.6984,6.1587,3.5864,-1.097
2016-04-25,1.5952,5.7540,3.5482,-1.629
2016-04-26,1.7143,6.0873,3.5269,-0.677
2016-04-27,1.7937,6.4206,3.5375,-1.177
2016-04-28,1.7302,6.1587,3.4824,-2.170
2016-04-29,1.7698,6.1984,3.4547,-1.357
2016-05-02,1.6984,6.0238,3.5050,-1.177
2016-05-03,1.5556,5.6349,3.5652,-1.580
2016-05-04,1.6190,5.8333,3.5339,-1.916
2016-05-05,1.5317,5.5635,3.5260,-2.922
2016-05-06,1.6190,5.8333,3.5255,-2.149
2016-05-09,1.5079,5.4762,3.5560,-2.081
2016-05-10,1.5952,5.6984,3.4742,-2.742
2016-05-11,1.6587,5.8175,3.4594,-1.362
2016-05-12,1.5873,5.5952,3.4942,-0.874
2016-05-13,1.4683,5.2381,3.5075,-1.684
2016-05-16,1.3651,4.8889,3.5034,-2.178
2016-05-17,1.3571,4.7619,3.4942,-0.415
2016-05-18,1.2937,4.6905,3.5268,-2.730
2016-05-19,1.2460,4.5000,3.6051,-0.176
2016-05-20,1.2857,4.6111,3.5386,-1.333
2016-05-23,1.2857,4.6667,3.5753,-1.497
2016-05-24,1.2540,4.5159,3.5518,-1.374
2016-05-25,1.2778,4.6270,3.6072,-0.384
2016-05-27,1.2540,4.5159,3.6122,0.304
2016-05-31,1.2222,4.4206,3.6074,-0.262
2016-06-01,1.2381,4.4762,3.6030,-0.343
2016-06-02,1.2540,4.5635,3.5978,-1.139
2016-06-03,1.3413,4.8492,3.5332,-2.273
2016-06-06,1.4206,5.0397,3.5094,-1.074
2016-06-07,1.4206,5.0079,3.4604,-1.836
2016-06-08,1.5238,5.1587,3.3770,-0.249
2016-06-09,1.4206,4.9048,3.3934,-1.712
2016-06-10,1.3333,4.6508,3.4298,-1.671
2016-06-13,1.3175,4.5794,3.4599,-0.460
2016-06-14,1.2778,4.4841,3.4959,-0.382
2016-06-15,1.3333,4.6508,3.4715,-0.476
2016-06-16,1.3571,4.7381,3.4952,0.114
2016-06-17,1.3651,4.6587,3.4301,0.507
2016-06-20,1.3571,4.6429,3.3937,-0.800
2016-06-21,1.3333,4.5794,3.4038,-0.895
2016-06-22,1.3492,4.6032,3.3794,-0.949
2016-06-23,1.4762,4.9603,3.3440,-0.483
2016-06-24,1.3492,4.6508,3.3895,-1.670
2016-06-27,1.3175,4.5476,3.4025,-1.428
2016-06-28,1.3571,4.5635,3.3074,-1.641
2016-06-29,1.3889,4.6032,3.2386,-2.284
2016-06-30,1.4444,4.6746,3.2003,-1.111
2016-07-01,1.5079,4.9127,3.2448,-0.402
2016-07-05,1.4206,4.7619,3.2964,-1.657
2016-07-06,1.4286,4.8730,3.3217,-2.621
2016-07-07,1.3968,4.7698,3.3436,-2.084
2016-07-08,1.4603,4.8889,3.2835,-1.921
2016-07-11,1.4921,4.9762,3.3095,-0.768
2016-07-12,1.5952,5.2698,3.2740,-0.892
2016-07-13,1.6508,5.5079,3.2895,-1.410
2016-07-14,1.6190,5.3889,3.2350,-2.807
2016-07-15,1.6429,5.5079,3.2731,-2.373
2016-07-18,1.6984,5.6587,3.2523,-2.385
2016-07-19,1.6587,5.5794,3.2754,-2.623
2016-07-20,1.6190,5.4206,3.2468,-3.024
2016-07-21,1.6349,5.4921,3.2692,-2.680
2016-07-22,1.7302,5.7857,3.2856,-1.747
2016-07-25,1.7143,5.8175,3.2870,-3.139
2016-07-26,1.8175,6.0317,3.2770,-1.259
2016-07-27,1.8651,6.2857,3.2867,-2.478
2016-07-28,1.8333,6.2063,3.2737,-3.296
2016-07-29,1.8730,6.1508,3.2380,-1.398
2016-08-01,1.8730,6.2778,3.2650,-2.587
2016-08-02,1.7857,6.0159,3.2521,-3.467
2016-08-03,1.8889,6.2302,3.2595,-1.177
2016-08-04,2.0079,6.5476,3.2000,-1.867
2016-08-05,2.1190,6.8016,3.1873,-0.699
2016-08-08,2.0159,6.4683,3.1841,-0.765
2016-08-09,2.0476,6.6190,3.1325,-3.095
2016-08-10,2.1429,6.8254,3.1292,-1.758
2016-08-11,2.2540,7.1825,3.1369,-1.560
2016-08-12,2.2143,7.1905,3.1648,-2.541
2016-08-15,2.3810,7.7063,3.1717,-2.007
2016-08-16,2.3492,7.6111,3.1782,-1.903
2016-08-17,2.4127,7.8730,3.2273,-1.099
2016-08-18,2.5000,8.2063,3.2290,-1.631
2016-08-19,2.4921,8.1587,3.2219,-1.588
2016-08-22,2.3492,7.6746,3.2209,-1.408
2016-08-23,2.3492,7.7143,3.2196,-1.955
2016-08-24,2.2063,7.2302,3.2360,-1.250
2016-08-25,2.2143,7.2460,3.2291,-1.323
2016-08-26,2.1984,7.3016,3.2085,-3.396
2016-08-29,2.2540,7.3810,3.2436,-0.948
2016-08-30,2.2143,7.3016,3.2525,-1.364
2016-08-31,2.1905,7.2063,3.2470,-1.303
2016-09-01,2.1429,7.1032,3.2460,-2.076
2016-09-02,2.2937,7.5159,3.2480,-0.879
2016-09-06,2.3492,7.6270,3.2217,-0.768
2016-09-08,2.3730,7.7540,3.1962,-2.184
2016-09-09,2.1905,7.3571,3.2687,-2.679
2016-09-12,2.2698,7.5238,3.2762,-1.161
2016-09-13,2.0397,6.8651,3.3144,-1.526
2016-09-14,2.0556,6.9365,3.3196,-1.627
2016-09-15,2.0794,6.9127,3.3274,0.089
2016-09-16,2.0238,6.6587,3.2923,0.064
2016-09-19,2.0238,6.6825,3.2565,-1.377
2016-09-20,2.0159,6.5873,3.2633,-0.135
2016-09-21,2.1508,6.9603,3.2393,0.097
2016-09-22,2.1190,6.9048,3.2092,-1.511
2016-09-23,2.1190,6.8968,3.2270,-0.850
2016-09-26,2.0952,6.8889,3.2345,-1.623
2016-09-27,2.1111,6.8492,3.2364,-0.245
2016-09-28,2.2143,7.1746,3.2468,0.205
2016-09-29,2.1667,7.1587,3.2276,-2.313
2016-09-30,2.1587,7.0317,3.2434,-0.428
2016-10-03,2.2222,7.1429,3.2333,0.592
2016-10-04,2.1270,7.0238,3.2339,-2.069
2016-10-05,2.2222,7.2063,3.2326,-0.316
2016-10-06,2.2778,7.3889,3.2309,-0.401
2016-10-07,2.3651,7.6746,3.2296,-0.474
2016-10-10,2.3889,7.7381,3.2296,-0.296
2016-10-11,2.3095,7.5397,3.2111,-1.639
2016-10-13,2.3016,7.4286,3.1990,-0.886
2016-10-14,2.3016,7.4921,3.1975,-1.772
2016-10-17,2.3413,7.5714,3.1985,-1.095
2016-10-18,2.4683,7.9524,3.1787,-1.340
2016-10-19,2.5079,8.0556,3.1677,-1.380
2016-10-20,2.5635,8.1190,3.1548,-0.391
2016-10-21,2.6508,8.4444,3.1590,-0.836
2016-10-24,2.6587,8.4048,3.1255,-1.129
2016-10-25,2.6587,8.3651,3.1142,-1.019
2016-10-26,2.6508,8.4206,3.1320,-1.405
2016-10-27,2.6349,8.4921,3.1494,-2.280
2016-10-28,2.6984,8.7063,3.1833,-1.338
2016-10-31,2.7222,8.7460,3.1658,-1.464
2016-11-01,2.5635,8.3810,3.2342,-1.075
2016-11-03,2.4603,8.0635,3.2386,-1.184
2016-11-04,2.5159,8.2540,3.2411,-1.209
2016-11-07,2.7381,8.8175,3.1978,-0.698
2016-11-08,2.7778,8.9841,3.1801,-1.675
2016-11-09,2.9683,9.5556,3.2163,-0.092
2016-11-10,2.9286,9.9206,3.3653,-0.656
2016-11-11,2.8651,9.5952,3.3653,0.486
2016-11-14,3.1032,10.5952,3.4485,1.001
2016-11-16,2.9365,10.0000,3.4198,0.423
2016-11-17,2.9524,10.1667,3.4134,-0.875
2016-11-18,3.0714,10.5556,3.3894,-1.376
2016-11-21,3.1746,10.7460,3.3585,-0.783
2016-11-22,3.3175,11.1825,3.3595,-0.336
2016-11-23,3.3810,11.4048,3.3945,0.630
2016-11-25,3.2778,11.2698,3.4229,-0.447
2016-11-28,3.3968,11.6032,3.3871,-0.843
2016-11-29,3.2460,11.0000,3.4011,0.364
2016-11-30,3.2063,10.7540,3.3854,0.937
2016-12-01,3.0000,10.2778,3.4717,1.336
2016-12-02,2.9683,10.2381,3.4576,0.244
2016-12-05,3.0635,10.3571,3.4314,1.496
2016-12-06,3.0873,10.3968,3.4269,1.761
2016-12-07,3.2540,10.8889,3.3977,1.535
2016-12-08,3.2143,10.7778,3.3798,0.797
2016-12-09,3.0238,10.2143,3.3595,-0.546
2016-12-12,2.9127,9.6190,3.3505,1.455
2016-12-13,2.7937,9.2778,3.3308,0.294
2016-12-14,2.5556,8.6508,3.3332,-1.533
2016-12-15,2.7063,9.0873,3.3933,1.058
2016-12-16,2.5556,8.6667,3.3860,-0.156
2016-12-19,2.4603,8.3651,3.3725,-0.809
2016-12-20,2.5238,8.4286,3.3631,0.703
2016-12-21,2.5317,8.5556,3.3335,-1.356
2016-12-22,2.4921,8.1905,3.3153,0.872
2016-12-23,2.5238,8.1746,3.2687,0.917
2016-12-27,2.6429,8.7143,3.2800,-0.525
2016-12-28,2.5714,8.5476,3.2830,-1.236
2016-12-29,2.5556,8.5714,3.2456,-3.233
2017-01-03,2.6746,8.8492,3.2526,-1.693
2017-01-04,2.7063,8.7460,3.2139,-0.550
2017-01-05,2.8968,9.3651,3.2051,-0.859
2017-01-06,2.8254,9.3095,3.2113,-2.539
2017-01-09,2.8492,9.3175,3.1916,-2.403
2017-01-10,2.9524,9.5079,3.1971,-0.724
2017-01-11,3.1429,10.0000,3.2024,0.647
2017-01-12,3.1825,10.1587,3.1821,-0.311
2017-01-13,3.2143,10.3651,3.2077,-0.527
2017-01-17,3.1984,10.3095,3.2077,-0.485
2017-01-18,3.0635,10.0079,3.2242,-1.305
2017-01-19,3.0000,9.6032,3.2024,0.042
2017-01-20,3.0397,9.6984,3.2024,0.370
2017-01-23,3.1905,10.0714,3.1685,0.373
2017-01-24,3.1270,9.9683,3.1695,-0.575
2017-01-26,3.1111,9.9127,3.1892,0.093
2017-01-27,3.1349,9.9762,3.1537,-0.898
2017-01-30,3.0556,9.5556,3.1152,-0.386
2017-01-31,3.0397,9.6825,3.1477,-1.183
2017-02-01,3.1429,9.8571,3.1530,0.530
2017-02-02,3.2063,10.1032,3.1245,-0.841
2017-02-03,3.1984,10.0794,3.1157,-1.132
2017-02-06,3.1429,9.8413,3.1181,-0.422
2017-02-07,3.0794,9.7857,3.1235,-1.710
2017-02-08,3.1190,9.7063,3.1190,0.226
2017-02-09,3.1587,9.9206,3.1291,-0.369
2017-02-10,3.2698,10.2302,3.1092,-0.621
2017-02-13,3.3492,10.5556,3.1106,-1.303
2017-02-14,3.3571,10.4286,3.1074,0.033
2017-02-15,3.3968,10.6032,3.0557,-2.108
2017-02-16,3.4365,10.6825,3.0744,-1.098
2017-02-17,3.3889,10.5714,3.1038,-0.501
2017-02-21,3.4603,10.8492,3.0932,-1.343
2017-02-22,3.3492,10.4048,3.0778,-0.928
2017-02-23,3.2857,10.1667,3.0645,-0.960
2017-02-24,3.2540,10.2778,3.1123,-1.464
2017-03-01,3.3651,10.5556,3.1028,-1.084
2017-03-02,3.2619,10.3730,3.1264,-1.687
2017-03-03,3.3651,10.5952,3.1385,-0.320
2017-03-06,3.2698,10.4048,3.1218,-1.893
2017-03-07,3.2778,10.3333,3.1222,-0.962
2017-03-08,3.0000,9.6349,3.1527,-1.835
2017-03-09,2.9524,9.4841,3.1684,-1.369
2017-03-10,2.9762,9.4524,3.1552,-0.655
2017-03-13,3.0714,9.8175,3.1524,-1.376
2017-03-14,3.0635,9.8571,3.1590,-1.822
2017-03-15,3.2619,10.3730,3.1576,-0.706
2017-03-16,3.2222,10.1746,3.1194,-1.211
2017-03-17,3.1190,9.7936,3.1060,-1.081
2017-03-20,3.2222,10.0317,3.0812,-1.031
2017-03-21,2.9762,9.3175,3.0840,-1.491
2017-03-22,2.9762,9.3175,3.0863,-1.417
2017-03-23,2.8571,9.0873,3.1348,-1.439
2017-03-24,2.8175,8.8492,3.1144,-0.842
2017-03-27,2.7619,8.7381,3.1197,-1.394
2017-03-28,2.7698,8.7302,3.1298,-0.700
2017-03-29,2.8016,8.7778,3.1175,-0.499
2017-03-30,2.6746,8.4921,3.1203,-1.725
2017-03-31,2.7381,8.6429,3.1628,0.199
2017-04-03,2.7222,8.5238,3.1183,-0.412
2017-04-04,2.7778,8.6508,3.1147,0.013
2017-04-05,2.6746,8.4524,3.0932,-2.121
2017-04-06,2.6032,8.3095,3.1087,-2.612
2017-04-07,2.6349,8.3730,3.1258,-1.634
2017-04-10,2.5714,8.2143,3.1443,-1.570
2017-04-11,2.5238,7.9603,3.1456,-0.269
2017-04-12,2.3968,7.5556,3.1519,-0.013
2017-04-13,2.3492,7.5000,3.1309,-1.932
2017-04-17,2.4206,7.6349,3.1036,-1.601
2017-04-18,2.3492,7.4365,3.0997,-2.080
2017-04-19,2.3175,7.3810,3.1399,-1.414
2017-04-20,2.3730,7.5794,3.1466,-1.483
2017-04-24,2.4444,7.6667,3.1254,-0.350
2017-04-25,2.4603,7.8095,3.1669,-0.230
2017-04-26,2.4365,7.7857,3.1961,0.021
2017-04-27,2.3730,7.6825,3.1867,-1.568
2017-04-28,2.4206,7.7778,3.1896,-0.732
2017-05-02,2.5000,7.9762,3.1685,-0.689
2017-05-03,2.3651,7.5873,3.1443,-1.987
2017-05-04,2.2937,7.4206,3.1823,-1.638
2017-05-05,2.2937,7.3968,3.1703,-1.693
2017-05-08,2.2540,7.2937,3.2003,-1.101
2017-05-09,2.3413,7.5952,3.1818,-1.919
2017-05-10,2.4048,7.7857,3.1531,-2.611
2017-05-11,2.4841,7.9127,3.1494,-1.127
2017-05-12,2.4048,7.6349,3.1207,-1.708
2017-05-15,2.5079,7.9206,3.1049,-1.689
2017-05-16,2.6190,8.2143,3.0903,-1.469
2017-05-17,2.5317,8.1190,3.1015,-3.287
2017-05-18,2.1032,7.1429,3.3823,-0.410
2017-05-19,2.2857,7.5873,3.2745,-1.354
2017-05-22,2.2381,7.4603,3.2952,-1.144
2017-05-23,2.3571,7.8095,3.2729,-1.214
2017-05-24,2.3016,7.6667,3.2747,-1.691
2017-05-25,2.2857,7.5714,3.2880,-0.740
2017-05-26,2.2937,7.5794,3.2575,-1.422
2017-05-30,2.3889,7.8889,3.2651,-1.127
2017-05-31,2.3016,7.5714,3.2405,-1.494
2017-06-01,2.2857,7.5556,3.2398,-1.989
2017-06-02,2.2857,7.5873,3.2391,-2.420
2017-06-05,2.2381,7.4921,3.2896,-1.730
2017-06-06,2.2381,7.5159,3.2813,-2.289
2017-06-07,2.2222,7.4127,3.2790,-1.700
2017-06-08,2.3016,7.5952,3.2822,-0.539
2017-06-09,2.2937,7.6746,3.2793,-1.994
2017-06-12,2.2381,7.5556,3.3097,-1.961
2017-06-13,2.2381,7.5238,3.3125,-1.464
2017-06-14,2.1984,7.3254,3.2762,-1.678
2017-06-15,2.1270,7.3254,3.2740,-4.937
2017-06-16,2.1429,7.1587,3.2898,-1.525
2017-06-19,2.1667,7.3095,3.2908,-2.455
2017-06-20,2.1032,7.1667,3.3292,-2.299
2017-06-21,2.1349,7.2937,3.3283,-2.577
2017-06-22,2.2063,7.4286,3.3301,-1.093
2017-06-23,2.2778,7.6984,3.3281,-1.529
2017-06-26,2.3651,7.9603,3.3106,-1.639
2017-06-27,2.3333,7.9127,3.3195,-2.113
2017-06-28,2.4444,8.1508,3.2977,-1.101
2017-06-29,2.3968,8.0635,3.3062,-1.725
2017-06-30,2.4206,8.1587,3.3057,-1.922
2017-07-03,2.4524,8.2540,3.3000,-1.952
2017-07-05,2.5079,8.4048,3.3162,-1.046
2017-07-06,2.5238,8.5159,3.3048,-2.057
2017-07-07,2.5476,8.5397,3.2843,-2.020
2017-07-10,2.6429,8.7460,3.2627,-1.408
2017-07-11,2.6349,8.6905,3.2505,-1.446
2017-07-12,2.6905,8.7460,3.2258,-0.767
2017-07-13,2.6746,8.6667,3.2133,-0.835
2017-07-14,2.6746,8.6825,3.1832,-1.943
2017-07-17,2.7143,8.7460,3.1810,-1.279
2017-07-18,2.6905,8.5952,3.1571,-1.177
2017-07-19,2.7619,8.7778,3.1526,-0.804
2017-07-20,2.7143,8.6270,3.1374,-1.289
2017-07-21,2.6587,8.4841,3.1218,-2.170
2017-07-24,2.7222,8.6984,3.1473,-1.503
2017-07-25,2.7460,8.8413,3.1617,-1.800
2017-07-26,2.6349,8.3730,3.1596,-0.570
2017-07-27,2.6190,8.3889,3.1527,-1.571
2017-07-28,2.6349,8.4048,3.1424,-1.485
2017-07-31,2.6746,8.4603,3.1338,-0.930
2017-08-01,2.6270,8.3810,3.1143,-2.383
2017-08-02,2.7222,8.6270,3.1165,-1.660
2017-08-03,2.7381,8.6587,3.1209,-1.310
2017-08-04,2.7937,8.8730,3.1176,-1.843
2017-08-07,2.9206,9.1984,3.1247,-0.786
2017-08-08,2.8810,9.1032,3.1295,-0.958
2017-08-09,2.8175,9.0238,3.1498,-1.655
2017-08-10,2.8333,9.0952,3.1518,-1.816
2017-08-11,2.7778,8.9603,3.1639,-1.916
2017-08-14,2.7381,8.8889,3.1760,-2.168
2017-08-15,2.7143,8.7063,3.1942,-0.418
2017-08-16,2.8095,8.9524,3.1635,-0.720
2017-08-17,2.7619,8.9206,3.1585,-2.210
2017-08-18,2.7937,8.8730,3.1548,-0.672
2017-08-21,2.7302,8.7698,3.1436,-2.136
2017-08-22,2.7857,9.0159,3.1505,-2.656
2017-08-23,2.8968,9.2381,3.1521,-1.158
2017-08-24,2.8889,9.1825,3.1428,-1.125
2017-08-25,2.8413,9.1032,3.1463,-1.798
2017-08-28,2.8492,9.1429,3.1577,-1.596
2017-08-29,2.8254,9.0873,3.1656,-1.576
2017-08-30,2.9365,9.3810,3.1592,-1.108
2017-08-31,2.9444,9.4048,3.1454,-1.524
2017-09-01,3.1190,9.9921,3.1308,-2.271
2017-09-05,3.1587,10.0159,3.1230,-1.509
2017-09-06,3.2381,10.2460,3.1085,-1.761
2017-09-07,3.2063,10.2460,3.0990,-3.021
2017-09-08,3.0952,9.6984,3.0942,-1.249
2017-09-11,3.1111,9.8095,3.0890,-2.032
2017-09-12,3.0714,9.6825,3.1093,-1.369
2017-09-13,3.0079,9.5476,3.1372,-1.164
2017-09-14,3.0000,9.4762,3.1290,-0.941
2017-09-15,3.0714,9.6508,3.1263,-0.503
2017-09-18,3.0714,9.7302,3.1288,-1.236
2017-09-19,2.9762,9.4444,3.1320,-1.303
2017-09-20,2.9841,9.3889,3.1198,-0.842
2017-09-21,2.8810,9.1667,3.1358,-1.446
2017-09-22,2.8254,8.9762,3.1257,-1.614
2017-09-25,2.7302,8.7063,3.1496,-1.234
2017-09-26,2.7381,8.8175,3.1703,-1.552
2017-09-27,2.7460,8.8571,3.1915,-1.052
2017-09-28,2.6825,8.6190,3.1865,-0.825
2017-09-29,2.7222,8.7619,3.1640,-1.698
2017-10-02,2.7460,8.7302,3.1585,-0.651
2017-10-03,2.8413,9.0476,3.1428,-1.305
2017-10-04,2.8492,9.0238,3.1237,-1.371
2017-10-05,2.7698,8.7936,3.1359,-1.225
2017-10-06,2.6667,8.5397,3.1566,-1.430
2017-10-09,2.6270,8.4921,3.1566,-2.352
2017-10-10,2.7540,8.8492,3.1747,-1.200
2017-10-11,2.7063,8.7460,3.1649,-2.066
2017-10-12,2.7302,8.7460,3.1699,-1.048
2017-10-13,2.8413,9.0794,3.1542,-1.293
2017-10-16,2.8333,9.0635,3.1642,-1.084
2017-10-17,2.8016,8.9841,3.1803,-0.826
2017-10-18,2.8730,9.2540,3.1777,-1.344
2017-10-19,2.8968,9.3016,3.1753,-1.111
2017-10-20,2.8810,9.2698,3.1875,-0.936
2017-10-23,2.8175,9.2302,3.2122,-1.949
2017-10-24,2.8968,9.5397,3.2508,-1.286
2017-10-25,2.9286,9.5635,3.2519,-0.419
2017-10-26,2.7778,9.3175,3.2530,-3.020
2017-10-27,2.8095,9.1905,3.2731,0.059
2017-10-30,2.6746,8.9286,3.2599,-2.348
2017-10-31,2.6270,8.6905,3.2705,-1.138
2017-11-01,2.5556,8.4683,3.2697,-1.327
2017-11-02,2.5714,8.4683,3.2671,-0.793
2017-11-03,2.5397,8.5556,3.3075,-1.818
2017-11-06,2.6508,8.6984,3.2782,-0.099
2017-11-07,2.5476,8.3889,3.2776,-0.463
2017-11-08,2.5794,8.4921,3.2560,-1.103
2017-11-09,2.5317,8.3095,3.2513,-0.939
2017-11-10,2.4603,8.1587,3.2513,-1.955
2017-11-13,2.4524,8.2857,3.2940,-2.505
2017-11-14,2.3810,7.8968,3.3031,-0.409
2017-11-15,2.4048,7.8968,3.3132,0.894
2017-11-16,2.4444,8.1349,3.2756,-1.572
2017-11-17,2.5476,8.3651,3.2629,-0.627
2017-11-20,2.5397,8.3651,3.2573,-1.107
2017-11-21,2.5238,8.3571,3.2447,-2.012
2017-11-22,2.5794,8.4841,3.2347,-1.658
2017-11-24,2.6032,8.5476,3.2227,-1.853
2017-11-27,2.6429,8.7778,3.2247,-2.909
2017-11-28,2.6667,8.7143,3.2055,-1.908
2017-11-29,2.6667,8.8095,3.2285,-2.272
2017-11-30,2.6349,8.7936,3.2843,-1.590
2017-12-01,2.6349,8.7698,3.2577,-2.122
2017-12-04,2.7143,8.9603,3.2498,-1.556
2017-12-05,2.6746,8.8333,3.2338,-2.085
2017-12-06,2.6905,8.8333,3.2394,-1.334
2017-12-07,2.7143,8.9444,3.2993,0.121
2017-12-08,2.7698,9.2857,3.3075,-1.340
2017-12-11,2.7857,9.3968,3.2883,-2.517
2017-12-12,2.8730,9.5238,3.3298,0.449
2017-12-13,2.7857,9.3254,3.3049,-1.275
2017-12-14,2.7619,9.3968,3.3396,-1.843
2017-12-15,2.8175,9.5714,3.3166,-2.372
2017-12-18,2.8730,9.5079,3.2821,-0.825
2017-12-19,2.8889,9.6111,3.3008,-0.785
2017-12-20,2.9127,9.7381,3.2907,-1.574
2017-12-21,2.9683,9.9127,3.3065,-0.990
2017-12-22,2.9444,9.8730,3.3209,-0.960
2017-12-26,2.9603,9.8175,3.3173,0.029
2017-12-27,2.9365,9.8016,3.3016,-1.086
2017-12-28,2.9683,9.8254,3.3005,-0.292
2017-12-29,2.9524,9.8254,3.3121,-0.476
2018-01-02,3.1270,10.2936,3.2620,-0.908
2018-01-03,3.1667,10.2778,3.2422,-0.105
2018-01-04,3.2857,10.8333,3.2274,-2.114
2018-01-05,3.2857,10.6984,3.2285,-0.846
2018-01-08,3.4127,11.0714,3.2308,-0.413
2018-01-09,3.4286,11.1349,3.2491,0.044
2018-01-10,3.3968,10.9841,3.2363,0.082
2018-01-11,3.6746,11.8810,3.2254,-0.243
2018-01-12,3.6984,11.8810,3.2162,0.117
2018-01-16,3.5873,11.4762,3.2274,0.884
2018-01-17,3.6905,11.9048,3.2215,-0.134
2018-01-18,3.5317,11.5397,3.2169,-1.546
2018-01-19,3.5079,11.2381,3.2050,0.043
2018-01-22,3.4683,11.0952,3.2024,0.104
2018-01-23,3.3810,10.8810,3.2312,0.401
2018-01-24,3.5873,11.2222,3.1938,2.093
2018-01-25,3.5952,11.2222,3.1470,0.820
2018-01-26,3.7222,11.8571,3.1499,-1.118
2018-01-29,3.6349,11.6032,3.1634,-0.900
2018-01-30,3.6508,11.6825,3.1874,-0.394
2018-01-31,3.5556,11.4286,3.1782,-1.123
2018-02-01,3.6032,11.6032,3.1718,-1.505
2018-02-02,3.5159,11.5635,3.2205,-2.081
2018-02-05,3.3333,10.9048,3.2365,-1.068
2018-02-06,3.5238,11.5635,3.2535,-0.854
2018-02-07,3.3968,11.1587,3.2620,-0.702
2018-02-08,3.2778,10.9206,3.2895,-1.267
2018-02-09,3.4048,11.1349,3.3083,1.159
2018-02-14,3.6825,11.8730,3.2551,0.960
2018-02-15,3.7063,11.9048,3.2318,0.617
2018-02-16,3.9603,12.6429,3.2219,0.925
2018-02-20,3.9048,12.8175,3.2434,-1.192
2018-02-21,3.9127,12.9365,3.2581,-1.457
2018-02-22,3.9127,12.7857,3.2579,-0.301
2018-02-23,4.0556,13.1905,3.2344,-0.555
2018-02-26,4.1667,13.5159,3.2381,-0.176
2018-02-27,4.0397,13.2143,3.2472,-0.731
2018-02-28,3.9683,13.1905,3.2428,-2.443
2018-03-01,4.1508,13.6111,3.2421,-1.130
2018-03-02,4.0952,13.4127,3.2513,-0.730
2018-03-05,4.1190,13.5476,3.2527,-1.104
2018-03-06,4.0079,12.9524,3.2191,-0.389
2018-03-07,4.0714,13.2778,3.2364,-0.761
2018-03-08,3.8810,12.7222,3.2620,-0.492
2018-03-09,3.9048,12.8016,3.2469,-0.962
2018-03-12,3.9524,13.0159,3.2609,-0.980
2018-03-13,3.9206,12.9286,3.2483,-1.494
2018-03-14,3.8492,12.7381,3.2641,-1.365
2018-03-15,3.7063,12.3333,3.2841,-1.308
2018-03-16,3.7222,12.2619,3.2897,-0.138
2018-03-19,3.6111,11.9286,3.2873,-0.484
2018-03-20,3.7381,12.4921,3.2950,-1.401
2018-03-21,3.8413,12.6825,3.2865,-0.459
2018-03-22,3.6349,12.1905,3.3034,-1.500
2018-03-23,3.5556,11.9762,3.3125,-1.657
2018-03-26,3.6349,12.1508,3.3043,-1.152
2018-03-27,3.5556,11.9921,3.3263,-1.378
2018-03-28,3.5317,11.8651,3.3370,-0.671
2018-03-29,3.6984,12.3016,3.3229,-0.099
2018-04-02,3.7063,12.4127,3.3149,-1.019
2018-04-03,3.7143,12.4841,3.3222,-1.158
2018-04-04,3.6111,12.1825,3.3474,-0.777
2018-04-05,3.8492,13.0000,3.3212,-1.662
2018-04-06,3.7540,12.8016,3.3702,-1.171
2018-04-09,3.6190,12.5476,3.3950,-2.080
2018-04-10,3.7222,12.8095,3.4146,-0.778
2018-04-11,3.7143,12.7143,3.3955,-0.806
2018-04-12,3.8016,13.0556,3.3902,-1.282
2018-04-13,3.7778,13.0238,3.4088,-1.122
2018-04-16,3.7698,12.9841,3.4282,-0.465
2018-04-17,3.8651,13.3333,3.4022,-1.377
2018-04-18,4.0238,13.7619,3.3844,-1.044
2018-04-19,3.9841,13.6270,3.4028,-0.512
2018-04-20,3.8968,13.4524,3.4121,-1.160
2018-04-23,3.8175,13.2778,3.4463,-0.916
2018-04-24,3.8095,13.3016,3.4685,-0.663
2018-04-25,3.7698,13.3095,3.5090,-0.610
2018-04-26,3.8492,13.5079,3.4992,-0.287
2018-04-27,3.7619,13.2381,3.4685,-1.435
2018-04-30,3.7063,13.2143,3.4854,-2.241
2018-05-02,3.6032,12.8889,3.5404,-1.026
2018-05-03,3.6587,13.0873,3.5496,-0.766
2018-05-04,3.7381,13.3651,3.5213,-1.512
2018-05-07,3.6111,12.9841,3.5543,-1.149
2018-05-08,3.5952,12.9603,3.5850,-0.551
2018-05-09,3.8016,13.7778,3.5965,-0.765
2018-05-10,3.9683,14.1667,3.5554,-0.409
2018-05-11,3.8571,14.0873,3.5879,-1.762
2018-05-14,3.8254,14.0556,3.6212,-1.444
2018-05-15,3.8413,14.1111,3.6659,-0.208
2018-05-16,3.9206,14.4841,3.6800,-0.388
2018-05-17,3.8175,14.2540,3.7073,-0.712
2018-05-18,3.7302,14.0952,3.7438,-0.924
2018-05-21,3.6825,13.6270,3.7096,0.248
2018-05-22,3.6667,13.4127,3.6367,-0.583
2018-05-23,3.6190,13.1111,3.6411,0.505
2018-05-24,3.5794,13.1270,3.6402,-0.742
2018-05-25,3.4365,12.5794,3.6586,-0.052
2018-05-29,3.1746,11.9683,3.7283,-1.106
2018-05-30,3.1270,11.7460,3.7389,-0.464
2018-06-01,3.2460,12.2698,3.7550,-0.660
2018-06-04,3.3730,12.5952,3.7446,0.281
2018-06-05,3.3651,12.8175,3.7780,-0.813
2018-06-06,3.3175,12.6270,3.8178,0.304
2018-06-07,3.0079,11.7778,3.9294,0.353
2018-06-08,3.0476,11.3651,3.7429,0.368
2018-06-11,3.0238,11.2698,3.6839,-1.157
2018-06-12,3.0873,11.5238,3.6745,-1.558
2018-06-13,3.0873,11.4841,3.7116,-0.220
2018-06-14,2.9683,11.3254,3.7018,-2.980
2018-06-15,2.9524,11.1429,3.7511,-0.612
2018-06-18,2.9841,11.1905,3.7537,0.099
2018-06-19,2.9444,11.1429,3.7306,-1.421
2018-06-20,3.0794,11.6984,3.7349,-1.686
2018-06-21,2.9286,11.1032,3.7992,0.208
2018-06-22,2.9841,11.3175,3.7708,-0.574
2018-06-25,2.9048,11.0079,3.7776,-0.317
2018-06-26,2.7857,10.6825,3.7705,-1.676
2018-06-27,2.7381,10.7619,3.8537,-1.952
2018-06-28,2.8492,11.0556,3.8543,-0.668
2018-06-29,2.8095,11.0397,3.8561,-1.865
2018-07-02,2.7937,11.0476,3.9135,-1.038
2018-07-03,2.8492,11.3413,3.8789,-2.552
2018-07-05,3.0238,12.0317,3.9242,-1.377
2018-07-06,3.1270,12.3175,3.9060,-0.840
2018-07-10,3.1587,12.1032,3.8260,-0.148
2018-07-11,3.0397,11.8175,3.8624,-0.651
2018-07-12,3.1746,12.4603,3.8478,-1.967
2018-07-13,3.1746,12.3095,3.8659,-0.299
2018-07-16,3.1905,12.4841,3.8534,-1.522
2018-07-17,3.2937,12.8254,3.8626,-0.806
2018-07-18,3.3333,12.9127,3.8412,-0.842
2018-07-19,3.2460,12.6746,3.8808,-0.611
2018-07-20,3.3492,12.8968,3.7801,-1.834
2018-07-23,3.3968,12.9365,3.7965,-0.313
2018-07-24,3.5238,13.3175,3.7381,-1.090
2018-07-25,3.5317,13.2143,3.7075,-0.911
2018-07-26,3.4206,12.9048,3.7285,-1.170
2018-07-27,3.5476,13.3651,3.7134,-1.432
2018-07-30,3.5873,13.5873,3.7228,-1.711
2018-07-31,3.4921,13.2381,3.7450,-1.211
2018-08-01,3.4286,13.0159,3.7530,-1.141
2018-08-02,3.5000,13.2063,3.7555,-0.470
2018-08-03,3.6111,13.5635,3.7133,-1.138
2018-08-06,3.5635,13.3730,3.7208,-0.852
2018-08-07,3.4841,13.2381,3.7128,-2.283
2018-08-08,3.6190,13.6508,3.7442,-0.735
2018-08-09,3.4444,13.3254,3.8164,-1.351
2018-08-10,3.2778,12.7540,3.8539,-0.955
2018-08-13,3.1905,12.6270,3.9123,-1.147
2018-08-14,3.2937,12.9365,3.8852,-1.082
2018-08-15,3.1349,12.3175,3.9135,-0.397
2018-08-16,3.1111,12.3175,3.8985,-1.533
2018-08-17,3.1429,12.4206,3.9385,-0.342
2018-08-20,3.2222,12.8651,3.9473,-1.135
2018-08-21,3.1111,12.6587,3.9948,-1.821
2018-08-22,3.1746,12.8730,4.0751,0.496
2018-08-23,3.0000,12.5397,4.0898,-2.155
2018-08-24,3.0556,12.6111,4.0944,-0.796
2018-08-27,3.1111,12.7857,4.0707,-0.949
2018-08-28,3.1111,12.8651,4.1248,-0.252
2018-08-29,3.1190,12.9365,4.1220,-0.617
2018-08-30,3.0159,12.6349,4.2016,0.289
2018-08-31,3.0952,12.7302,4.1280,0.369
2018-09-04,2.9444,12.3889,4.1560,-1.225
2018-09-05,2.9524,12.3651,4.1589,-0.699
2018-09-06,3.0397,12.5873,4.1462,0.126
2018-09-10,3.0079,12.3730,4.1094,-0.099
2018-09-11,2.8889,12.0635,4.1564,-0.465
2018-09-12,2.9365,12.1349,4.1363,0.094
2018-09-13,2.8889,12.1270,4.1752,-0.538
2018-09-14,2.9127,12.1111,4.1852,0.653
2018-09-17,3.0159,12.4048,4.1718,1.426
2018-09-18,3.2143,13.2302,4.1277,0.283
2018-09-19,3.2143,13.3175,4.1160,-0.657
2018-09-20,3.2937,13.3333,4.0834,0.870
2018-09-21,3.3413,13.4921,4.0536,0.386
2018-09-24,3.2063,13.1429,4.0733,-0.627
2018-09-25,3.3889,13.8571,4.1186,0.724
2018-09-26,3.3492,13.5794,4.0425,-0.296
2018-09-27,3.4127,13.6270,3.9968,0.095
2018-09-28,3.3413,13.6429,3.9995,-2.048
2018-10-01,3.3016,13.2381,4.0059,-0.093
2018-10-02,3.3571,13.3413,3.9223,-1.301
2018-10-03,3.3571,13.0873,3.8806,-0.455
2018-10-04,3.2778,12.8651,3.9229,-0.052
2018-10-05,3.2460,12.5397,3.8808,0.459
2018-10-08,3.2937,12.3889,3.8808,3.173
2018-10-09,3.4127,12.7222,3.7320,0.110
2018-10-10,3.2540,12.3413,3.7594,-0.878
2018-10-11,3.2778,12.4921,3.7591,-1.365
2018-10-15,3.2937,12.3254,3.7214,-0.555
2018-10-16,3.4206,12.8571,3.7177,-1.091
2018-10-17,3.4365,12.7778,3.6813,-0.994
2018-10-18,3.2778,12.2936,3.7050,-1.216
2018-10-19,3.1746,11.9921,3.7121,-1.731
2018-10-22,3.3810,12.5317,3.6850,-0.582
2018-10-23,3.3254,12.4444,3.7040,-1.022
2018-10-24,3.1032,11.8810,3.7188,-2.869
2018-10-25,3.2619,12.1984,3.6887,-1.363
2018-10-26,3.4048,12.5317,3.6695,-0.303
2018-10-29,3.3016,12.4127,3.6670,-2.463
2018-10-30,3.3651,12.5397,3.7156,-0.290
2018-10-31,3.4524,12.9048,3.7129,-0.670
2018-11-01,3.5317,13.0317,3.6990,0.247
2018-11-05,3.5714,13.4444,3.7155,-1.300
2018-11-06,3.5794,13.4841,3.7509,-0.432
2018-11-07,3.5000,13.0952,3.7595,0.481
2018-11-08,3.4206,12.7619,3.7563,0.682
2018-11-09,3.4444,12.7936,3.7510,0.988
2018-11-12,3.2857,12.2540,3.7510,0.577
2018-11-13,3.1905,12.1349,3.7983,-0.136
2018-11-14,3.1984,12.0238,3.7831,0.633
2018-11-16,3.4524,12.8810,3.7424,0.305
2018-11-19,3.4127,12.8175,3.7671,0.300
2018-11-21,3.2222,12.1825,3.7790,-0.047
2018-11-23,3.0952,11.8413,3.8205,-0.134
2018-11-26,3.0238,11.7460,3.8790,-0.142
2018-11-27,3.0238,11.6667,3.8919,0.872
2018-11-28,3.1270,11.9603,3.8766,1.352
2018-11-29,3.0794,11.9841,3.8546,-0.955
2018-11-30,3.1905,12.2857,3.8571,0.165
2018-12-03,3.3333,12.8175,3.8353,-0.258
2018-12-04,3.2222,12.5476,3.8368,-1.471
2018-12-06,3.2222,12.5556,3.9027,0.158
2018-12-07,3.1746,12.4365,3.8768,-1.039
2018-12-10,3.0794,12.1667,3.9298,-0.537
2018-12-11,3.1190,12.2857,3.9165,-0.569
2018-12-12,3.1508,12.2222,3.8490,-0.776
2018-12-13,3.1190,12.1746,3.8856,-0.454
2018-12-14,3.0397,12.0079,3.8970,-1.352
2018-12-17,3.0238,11.9841,3.8922,-1.793
2018-12-18,3.0794,12.0794,3.9072,-0.395
2018-12-19,3.0159,12.0238,3.8737,-2.838
2018-12-20,2.9921,11.5476,3.8500,-0.244
2018-12-21,2.9444,11.6746,3.8815,-2.105
2018-12-26,3.0397,11.7381,3.9253,1.649
2018-12-27,2.9603,11.4444,3.8895,0.609
2018-12-28,2.9683,11.7619,3.8711,-2.308
2019-01-02,3.1667,12.0635,3.8123,0.073
2019-01-03,3.1349,11.9841,3.7429,-2.090
2019-01-04,3.2778,12.3016,3.7149,-1.016
2019-01-07,3.2698,12.3333,3.7100,-1.640
2019-01-08,3.3095,12.3492,3.7204,-0.295
2019-01-09,3.4048,12.6984,3.6832,-1.244
2019-01-10,3.3175,12.3730,3.6915,-1.023
2019-01-11,3.2857,12.0794,3.7073,0.842
2019-01-14,3.2302,12.0635,3.7073,-0.732
2019-01-15,3.1667,11.8254,3.7162,-0.486
2019-01-16,3.1667,11.8492,3.7284,-0.360
2019-01-17,3.1905,11.9444,3.7561,0.329
2019-01-18,3.2460,12.2936,3.7658,-0.567
2019-01-22,3.1825,12.2778,3.7811,-1.990
2019-01-23,3.3254,12.4206,3.7987,1.703
2019-01-24,3.3492,12.6905,3.7486,-1.069
2019-01-28,3.2778,12.4127,3.7628,-0.637
2019-01-29,3.3254,12.4127,3.7288,-0.104
2019-01-30,3.4524,12.8175,3.7222,0.257
2019-01-31,3.4365,12.4206,3.6501,0.990
2019-02-01,3.4206,12.5397,3.6552,-0.292
2019-02-04,3.4206,12.6905,3.6676,-1.142
2019-02-05,3.4444,12.6349,3.6798,0.316
2019-02-06,3.2857,12.1667,3.7015,-0.038
2019-02-07,3.2381,12.0873,3.7232,-0.258
2019-02-08,3.2302,12.1825,3.7363,-0.933
2019-02-11,3.2619,12.2619,3.7650,0.156
2019-02-12,3.3254,12.3016,3.7131,0.373
2019-02-13,3.3016,12.4048,3.7485,-0.232
2019-02-14,3.3810,12.4841,3.7462,1.455
2019-02-15,3.3492,12.2857,3.7100,1.138
2019-02-19,3.3254,12.3333,3.7145,0.153
2019-02-20,3.3810,12.5397,3.7145,0.150
2019-02-21,3.1984,11.9841,3.7636,0.446
2019-02-22,3.2143,12.0476,3.7376,-0.281
2019-02-25,3.2619,12.1190,3.7305,0.408
2019-02-26,3.2937,12.2857,3.7604,0.812
2019-02-27,3.3175,12.2460,3.7375,1.249
2019-02-28,3.2143,12.0159,3.7493,0.295
2019-03-01,3.1508,11.9286,3.7852,-0.018
2019-03-06,3.1111,11.9286,3.8152,-0.495
2019-03-07,3.0635,11.6905,3.8836,1.770
2019-03-08,3.0317,11.6746,3.8639,0.341
2019-03-11,3.1111,11.8254,3.8435,1.118
2019-03-12,3.0794,11.6429,3.8090,0.742
2019-03-13,3.1270,11.8889,3.8249,0.602
2019-03-14,3.0556,11.7143,3.8340,0.006
2019-03-15,3.1587,11.9921,3.8140,0.461
2019-03-18,3.2778,12.3175,3.8097,1.379
2019-03-19,3.3413,12.5794,3.7670,0.057
2019-03-20,3.3413,12.3968,3.7856,2.032
2019-03-21,3.2937,12.4286,3.8176,1.169
2019-03-22,3.0556,11.8571,3.8942,0.353
2019-03-25,3.0794,11.8016,3.8640,0.823
2019-03-26,3.1349,12.0952,3.8760,0.461
2019-03-27,2.9762,11.6270,3.9602,1.370
2019-03-28,3.0238,11.8095,3.9689,1.623
2019-03-29,3.0794,12.0159,3.8892,-0.330
2019-04-01,3.2937,12.7619,3.8699,-0.124
2019-04-02,3.3095,12.7619,3.8647,0.223
2019-04-03,3.2857,12.6984,3.8437,-0.544
2019-04-04,3.3492,12.8571,3.8703,0.819
2019-04-05,3.2460,12.5159,3.8627,0.180
2019-04-08,3.2857,12.5794,3.8569,0.742
2019-04-09,3.2302,12.3810,3.8531,0.526
2019-04-10,3.2381,12.3254,3.8269,0.539
2019-04-11,3.1270,12.0556,3.8509,-0.115
2019-04-12,3.0714,11.9127,3.8711,-0.192
2019-04-15,3.0397,11.7302,3.8717,0.329
2019-04-16,3.0873,11.9683,3.8972,0.531
2019-04-17,3.0397,11.8889,3.9381,0.687
2019-04-18,3.0238,11.8492,3.9302,0.295
2019-04-22,3.0079,11.8651,3.9281,-0.418
2019-04-23,2.9603,11.6905,3.9418,-0.184
2019-04-24,2.8889,11.5873,3.9758,-0.877
2019-04-25,2.9048,11.5714,3.9635,-0.505
2019-04-26,2.8889,11.4048,3.9227,-0.636
2019-04-29,2.8810,11.4206,3.9362,-0.706
2019-04-30,2.8413,11.2302,3.9367,-0.400
2019-05-02,2.7778,11.1111,3.9644,-0.890
2019-05-03,2.8492,11.2936,3.9366,-0.686
2019-05-06,2.8016,11.1746,3.9534,-0.884
2019-05-07,2.8095,11.2857,3.9847,-0.803
2019-05-08,2.8651,11.5079,3.9290,-2.181
2019-05-09,2.8254,11.3016,3.9646,-0.885
2019-05-10,2.8095,11.2302,3.9614,-0.895
2019-05-13,2.7143,10.9603,3.9778,-1.491
2019-05-14,2.7698,11.0714,3.9737,-0.586
2019-05-15,2.7222,11.0476,3.9845,-1.819
2019-05-16,2.6746,10.9048,4.0061,-1.743
2019-05-17,2.6429,10.9048,4.0909,-0.854
2019-05-20,2.6429,10.9365,4.1133,-0.600
2019-05-21,2.7619,11.3413,4.0678,-0.938
2019-05-22,2.7619,11.3413,4.0245,-1.993
2019-05-23,2.7063,11.0714,4.0329,-1.418
2019-05-24,2.6984,10.9921,4.0251,-1.189
2019-05-28,2.7460,11.2222,4.0215,-1.596
2019-05-29,2.7778,11.1508,3.9937,-0.513
2019-05-30,2.7540,11.0714,3.9658,-1.353
2019-05-31,2.7619,11.0079,3.9216,-1.607
2019-06-03,2.8016,11.0635,3.8918,-1.449
2019-06-04,2.8175,11.0000,3.8593,-1.151
2019-06-05,2.7619,10.8810,3.8655,-1.882
2019-06-06,2.7778,10.8333,3.8740,-0.667
2019-06-07,2.8095,11.0317,3.8616,-1.654
2019-06-10,2.8492,11.2302,3.8708,-1.794
2019-06-11,2.9524,11.5635,3.8593,-1.465
2019-06-12,2.9365,11.4762,3.8360,-1.845
2019-06-13,2.9762,11.6270,3.8456,-1.563
2019-06-14,2.8810,11.3889,3.8936,-1.507
2019-06-17,2.8651,11.2778,3.8858,-1.283
2019-06-18,2.9762,11.6984,3.8549,-1.928
2019-06-19,3.0476,11.8730,3.8731,-0.584
2019-06-21,3.1032,12.0794,3.8212,-1.834
2019-06-24,3.0952,12.0079,3.8265,-1.366
2019-06-25,3.0238,11.7063,3.8312,-1.038
2019-06-26,3.0635,11.9762,3.8355,-1.888
2019-06-27,3.0556,11.8968,3.8604,-0.850
2019-06-28,3.0873,12.0635,3.8290,-2.008
2019-07-01,3.0794,11.9286,3.8217,-1.343
2019-07-02,2.9921,11.6190,3.8613,-0.566
2019-07-03,2.9841,11.8175,3.8421,-2.980
2019-07-05,3.1587,12.1984,3.8178,-1.140
2019-07-08,3.1349,12.1825,3.8045,-2.099
2019-07-10,3.2143,12.1508,3.7646,-0.414
2019-07-11,3.1270,11.8571,3.7577,-0.901
2019-07-12,3.0873,11.6825,3.7429,-1.088
2019-07-15,3.1270,11.8492,3.7490,-1.065
2019-07-16,3.0714,11.7381,3.7607,-1.596
2019-07-17,3.0476,11.5952,3.7611,-1.146
2019-07-18,3.0397,11.5000,3.7443,-1.031
2019-07-19,3.0079,11.3810,3.7406,-1.138
2019-07-22,2.9603,11.1190,3.7350,-0.560
2019-07-23,2.9444,11.1587,3.7680,-0.574
2019-07-24,2.8968,10.9921,3.7610,-0.883
2019-07-25,2.8492,10.8889,3.7880,-0.883
2019-07-26,2.8571,10.9206,3.7714,-1.330
2019-07-29,2.8889,11.0317,3.7873,-0.822
2019-07-30,2.9048,11.1825,3.7867,-1.637
2019-07-31,2.8254,10.9127,3.7571,-2.725
2019-08-01,2.7381,10.7143,3.8366,-1.954
2019-08-02,2.7302,10.7698,3.8789,-1.670
2019-08-05,2.6032,10.3968,3.9423,-1.292
2019-08-06,2.6032,10.3889,3.9740,-0.422
2019-08-07,2.5635,10.2936,3.9863,-0.727
2019-08-08,2.6746,10.6270,3.9349,-0.966
2019-08-09,2.6429,10.5476,3.9385,-1.315
2019-08-12,2.5238,10.2619,3.9862,-1.964
2019-08-13,2.6190,10.5317,3.9531,-1.694
2019-08-14,2.4683,10.0873,4.0143,-1.774
2019-08-15,2.4206,9.7460,4.0100,-0.403
2019-08-16,2.4683,10.0635,3.9926,-2.074
2019-08-19,2.3571,9.7302,4.0344,-2.266
2019-08-20,2.3730,9.7698,4.0409,-1.850
2019-08-21,2.4365,9.9603,4.0188,-1.691
2019-08-22,2.4127,10.0079,4.0558,-2.223
2019-08-23,2.3175,9.7540,4.1114,-2.317
2019-08-26,2.2619,9.5317,4.1528,-1.453
2019-08-27,2.2143,9.3413,4.1813,-0.885
2019-08-28,2.2540,9.4524,4.1553,-0.915
2019-08-29,2.3571,9.9444,4.1595,-1.407
2019-08-30,2.4206,10.2143,4.1254,-2.234
2019-09-03,2.3571,9.9841,4.1726,-1.489
2019-09-04,2.4127,9.9841,4.1140,-0.584
2019-09-05,2.4286,10.0556,4.0908,-1.201
2019-09-06,2.3889,9.8651,4.0643,-1.580
2019-09-09,2.5079,10.4048,4.0819,-1.611
2019-09-10,2.5794,10.7302,4.1010,-1.418
2019-09-11,2.5476,10.5000,4.0592,-1.511
2019-09-12,2.6270,10.8016,4.0606,-1.245
2019-09-13,2.5952,10.7619,4.0610,-2.069
2019-09-16,2.5873,10.7143,4.0831,-1.401
2019-09-17,2.6111,10.7778,4.0970,-0.743
2019-09-18,2.5556,10.6587,4.0964,-1.784
2019-09-19,2.5238,10.6349,4.1389,-1.778
2019-09-20,2.4603,10.5159,4.1698,-2.442
2019-09-23,2.4762,10.4841,4.1771,-1.343
2019-09-24,2.4206,10.2778,4.1737,-1.700
2019-09-25,2.4524,10.4048,4.1764,-1.563
2019-09-26,2.4444,10.4206,4.1517,-2.611
2019-09-27,2.4524,10.3413,4.1576,-1.405
2019-09-30,2.5000,10.4444,4.1629,-0.356
2019-10-01,2.4524,10.3889,4.1624,-1.743
2019-10-02,2.3810,10.0000,4.1434,-1.348
2019-10-03,2.4603,10.1429,4.0876,-0.849
2019-10-04,2.5238,10.3413,4.0601,-0.912
2019-10-07,2.4444,10.1429,4.0831,-1.597
2019-10-08,2.3968,9.9603,4.0846,-1.709
2019-10-09,2.3968,9.9365,4.1043,-0.999
2019-10-10,2.4524,10.3016,4.1075,-2.217
2019-10-11,2.5476,10.5476,4.0945,-1.103
2019-10-14,2.4921,10.5159,4.0945,-2.968
2019-10-15,2.5317,10.7063,4.1506,-1.850
2019-10-16,2.5079,10.5952,4.1610,-1.507
2019-10-17,2.5000,10.6349,4.1600,-2.209
2019-10-18,2.4841,10.4444,4.1312,-1.743
2019-10-21,2.5238,10.5000,4.1360,-0.586
2019-10-22,2.5397,10.5397,4.0713,-1.896
2019-10-23,2.5873,10.5635,4.0674,-0.378
2019-10-24,2.5397,10.3175,4.0100,-1.292
2019-10-25,2.5873,10.5079,4.0018,-1.466
2019-10-28,2.5714,10.4841,3.9769,-2.459
2019-10-29,2.5476,10.4048,3.9923,-2.248
2019-10-30,2.6111,10.6190,4.0170,-1.226
2019-10-31,2.6111,10.6587,4.0130,-1.692
2019-11-01,2.7381,11.0397,3.9756,-1.396
2019-11-04,2.8175,11.5873,4.0007,-2.723
2019-11-05,2.9048,11.7063,3.9865,-1.081
2019-11-06,2.8175,11.6905,4.0582,-2.195
2019-11-07,2.9286,12.1667,4.0884,-1.590
2019-11-08,2.8651,12.1032,4.1545,-1.654
2019-11-11,2.8810,12.1270,4.1545,-1.303
2019-11-12,2.8889,12.1349,4.1742,-0.627
2019-11-13,2.8730,12.1587,4.1772,-1.296
2019-11-14,2.8810,12.2540,4.1912,-1.463
2019-11-18,2.8333,12.1111,4.1932,-1.902
2019-11-19,2.8651,12.1429,4.2032,-0.826
2019-11-21,3.0873,13.0556,4.2213,-0.177
2019-11-22,3.1349,13.2460,4.1859,-0.933
2019-11-25,3.1190,13.3333,4.2153,-1.392
2019-11-26,3.1667,13.6984,4.2594,-1.535
2019-11-27,3.2222,13.8254,4.2569,-0.786
2019-11-29,3.1508,13.4921,4.2272,-1.282
2019-12-02,3.2302,13.8492,4.2200,-1.574
2019-12-03,3.1984,13.5317,4.1928,-0.897
2019-12-04,3.2302,13.6984,4.1886,-1.231
2019-12-05,3.2381,13.7302,4.1912,-1.156
2019-12-06,3.3175,13.9683,4.1749,-0.846
2019-12-09,3.2778,13.6349,4.1299,-0.719
2019-12-10,3.3492,14.0238,4.1412,-1.099
2019-12-11,3.3651,13.9683,4.1179,-0.796
2019-12-12,3.4444,14.2143,4.0990,-0.672
2019-12-13,3.5159,14.6746,4.1065,-1.613
2019-12-16,3.5079,14.3730,4.0681,-0.712
2019-12-17,3.4921,14.3016,4.0673,-0.687
2019-12-18,3.4524,14.1508,4.0624,-0.889
2019-12-19,3.5317,14.5000,4.0580,-1.160
2019-12-20,3.6587,15.1984,4.0859,-1.640
2019-12-23,3.7302,15.4444,4.0621,-1.892
2019-12-26,3.8333,15.7857,4.0602,-1.404
2019-12-27,3.8254,15.7778,4.0507,-1.789
2019-12-30,3.8968,15.8730,4.0152,-1.427
2020-01-02,4.0397,16.4762,4.0384,-0.985
2020-01-03,3.9365,16.2063,4.0378,-1.922
2020-01-06,3.9365,16.1667,4.0548,-1.268
2020-01-07,3.9921,16.4206,4.0813,-0.778
2020-01-08,4.0159,16.4841,4.0463,-1.424
2020-01-09,3.9603,16.3968,4.0747,-1.584
2020-01-10,4.0238,16.6190,4.0771,-1.285
2020-01-13,4.1587,17.3333,4.1351,-0.788
2020-01-14,4.0714,17.0000,4.1409,-0.827
2020-01-15,3.9762,16.7460,4.1773,-0.814
2020-01-16,3.9921,16.9048,4.1903,-1.046
2020-01-17,4.0794,17.1190,4.1857,-0.257
2020-01-21,4.1032,17.3016,4.2000,-0.394
2020-01-22,4.1190,17.5159,4.1852,-1.580
2020-01-23,4.2143,17.5873,4.1689,-0.104
2020-01-24,4.1032,17.1984,4.1879,-0.086
2020-01-27,3.7619,15.8333,4.2268,0.426
2020-01-28,3.8254,16.0317,4.2094,0.442
2020-01-29,3.7778,15.9841,4.2162,-0.352
2020-01-30,3.8333,16.4603,4.2602,-0.787
2020-01-31,3.7143,15.9127,4.2801,-0.095
2020-02-03,3.8016,16.3095,4.2411,-1.144
2020-02-04,3.9603,17.0079,4.2405,-1.259
2020-02-05,3.9841,16.9841,4.2567,-0.147
2020-02-06,3.9524,16.8571,4.2694,0.102
2020-02-07,3.7381,16.0714,4.3126,0.308
2020-02-10,3.6746,15.8175,4.3155,0.255
2020-02-11,3.8333,16.7381,4.3346,-0.730
2020-02-12,3.8571,16.8889,4.3428,-0.818
2020-02-13,3.8413,16.8095,4.3302,-1.047
2020-02-14,3.7857,16.2698,4.3104,0.296
2020-02-18,3.7063,16.2857,4.3507,-0.986
2020-02-19,3.7381,16.2143,4.3660,0.655
2020-02-20,3.5317,15.5000,4.3845,-0.097
2020-02-21,3.4762,15.1587,4.3830,0.511
2020-02-26,3.0556,13.5714,4.4304,-0.251
2020-02-27,2.9683,13.5635,4.4587,-2.425
2020-02-28,2.9683,13.4365,4.4906,-0.798
2020-03-02,3.0556,13.7381,4.4782,-0.398
2020-03-03,3.0476,13.8571,4.4908,-1.233
2020-03-04,3.1825,14.5476,4.5497,-0.468
2020-03-05,2.9683,13.8333,4.6533,-0.153
2020-03-06,2.7460,12.8175,4.6380,-0.635
2020-03-09,2.2381,10.5159,4.7304,0.677
2020-03-10,2.4127,11.3810,4.6745,-0.903
2020-03-11,2.1587,10.0714,4.6844,0.406
2020-03-12,1.7778,8.4127,4.8563,2.624
2020-03-13,2.0556,9.8810,4.7622,-0.931
2020-03-16,1.7063,8.4841,4.9813,0.185
2020-03-17,1.7540,8.5873,5.0185,2.504
2020-03-18,1.4365,7.5476,5.1136,-2.675
2020-03-19,1.5317,7.6111,5.1503,3.650
2020-03-20,1.4603,7.3413,5.0010,-0.521
2020-03-23,1.3651,6.8571,5.1286,2.097
2020-03-24,1.5238,7.5556,5.0731,2.315
2020-03-25,1.6667,8.3492,5.0589,0.986
2020-03-26,1.7460,8.6746,4.9972,0.584
2020-03-27,1.5873,8.0159,5.1113,1.214
2020-03-30,1.4841,7.7619,5.1593,-1.351
2020-03-31,1.5159,7.9762,5.1855,-1.450
2020-04-01,1.4048,7.5952,5.2494,-2.911
2020-04-02,1.4762,7.9683,5.2649,-2.463
2020-04-03,1.3730,7.4048,5.3129,-1.486
2020-04-06,1.4603,7.6984,5.2342,-0.712
2020-04-07,1.5635,8.1905,5.2319,-0.128
2020-04-08,1.6984,8.7698,5.1701,0.127
2020-04-09,1.6984,8.4921,5.0708,1.416
2020-04-13,1.6984,8.9127,5.1871,-1.154
2020-04-14,1.7778,9.1746,5.2074,0.905
2020-04-15,1.7222,8.9762,5.2559,0.843
2020-04-16,1.7381,9.1905,5.2318,-1.057
2020-04-17,1.8571,9.7619,5.2550,-0.027
2020-04-20,1.7460,9.4048,5.2911,-1.769
2020-04-22,1.7063,9.2857,5.3955,-0.852
2020-04-23,1.7143,9.4683,5.4498,-1.328
2020-04-24,1.5476,8.6746,5.6858,1.439
2020-04-27,1.6111,8.9841,5.6741,1.753
2020-04-28,1.7222,9.5079,5.5646,0.795
2020-04-29,1.8413,9.8889,5.3923,0.402
2020-04-30,1.7063,9.3175,5.4296,-0.565
2020-05-04,1.6667,9.1032,5.5714,2.005
2020-05-05,1.6429,9.1349,5.5623,0.034
2020-05-06,1.6190,9.2381,5.6798,-0.457
2020-05-07,1.6984,9.8810,5.8027,-0.259
2020-05-08,1.8175,10.3175,5.7455,1.209
2020-05-11,1.7063,9.9206,5.7958,-0.312
2020-05-12,1.6429,9.6270,5.7922,-1.155
2020-05-13,1.5556,9.2302,5.9204,-0.224
2020-05-14,1.6111,9.3175,5.9181,2.332
2020-05-15,1.5079,8.6667,5.8235,1.325
2020-05-18,1.6667,9.3810,5.7080,1.411
2020-05-19,1.6508,9.3651,5.7101,0.653
2020-05-20,1.6667,9.4603,5.6909,0.259
2020-05-21,1.6984,9.5635,5.5989,-0.567
2020-05-22,1.6667,9.2063,5.5663,0.769
2020-05-26,1.7778,9.4841,5.3760,0.772
2020-05-27,2.0159,10.5238,5.2818,1.175
2020-05-28,2.0000,10.7381,5.3346,-0.642
2020-05-29,1.9841,10.6587,5.4248,0.983
2020-06-01,2.0000,10.7302,5.3727,0.142
2020-06-02,2.1825,11.3968,5.2331,0.216
2020-06-03,2.4127,12.1746,5.0417,-0.086
2020-06-04,2.4048,12.1905,5.0927,0.461
2020-06-05,2.4603,12.0397,4.9542,1.239
2020-06-08,2.5556,12.3016,4.8858,1.499
2020-06-09,2.4524,11.8730,4.8990,1.189
2020-06-10,2.3175,11.3810,4.8979,-0.266
2020-06-12,2.1825,11.0159,5.0241,-0.459
2020-06-15,2.1190,10.7540,5.2082,2.627
2020-06-16,2.2937,11.7460,5.1563,0.687
2020-06-17,2.2460,11.6825,5.2640,1.203
2020-06-18,2.2619,12.1429,5.3540,-0.269
2020-06-19,2.2937,12.2619,5.3388,-0.135
2020-06-22,2.2857,12.0794,5.2235,-1.158
2020-06-23,2.4048,12.3095,5.1578,0.762
2020-06-24,2.3651,12.4921,5.3020,0.381
2020-06-25,2.3651,12.4286,5.3541,1.885
2020-06-26,2.1984,12.0476,5.4661,-0.256
2020-06-29,2.2857,12.4524,5.4587,0.198
2020-06-30,2.3492,12.7063,5.4844,1.398
2020-07-01,2.3095,12.2857,5.3492,0.557
2020-07-02,2.3492,12.5238,5.3146,-0.309
2020-07-06,2.4206,12.8175,5.3140,0.357
2020-07-07,2.3333,12.5159,5.3580,-0.111
2020-07-08,2.3968,12.6667,5.3581,1.388
2020-07-09,2.4048,12.7381,5.3182,0.400
2020-07-10,2.4286,12.7778,5.3334,1.368
2020-07-13,2.3968,12.9048,5.3439,-0.747
2020-07-14,2.4921,13.1746,5.4290,2.693
2020-07-15,2.4603,13.1349,5.3620,0.436
2020-07-16,2.4206,12.8889,5.3430,0.346
2020-07-17,2.4127,12.9444,5.3520,-0.245
2020-07-20,2.4365,12.9444,5.3365,0.448
2020-07-21,2.4603,12.8175,5.1936,-0.309
2020-07-22,2.6190,13.2857,5.0973,0.484
2020-07-23,2.5079,13.0079,5.1405,-0.891
2020-07-24,2.6270,13.6032,5.1948,0.320
2020-07-27,2.7698,14.1587,5.1835,1.404
2020-07-28,2.7302,14.0714,5.1684,0.278
2020-07-29,2.7619,14.2778,5.1483,-0.411
2020-07-30,2.7460,14.0794,5.1824,1.077
2020-07-31,2.6508,13.8492,5.1967,-0.533
2020-08-03,2.6190,13.8889,5.3200,0.320
2020-08-04,2.6270,13.8730,5.3259,0.851
2020-08-05,2.7619,14.6984,5.2928,-0.546
2020-08-06,2.6825,14.3333,5.3537,0.197
2020-08-07,2.5873,13.9762,5.4343,0.601
2020-08-10,2.6667,14.4921,5.4230,-0.212
2020-08-11,2.6587,14.4048,5.4230,0.094
2020-08-12,2.6349,14.3730,5.4745,0.361
2020-08-13,2.6429,14.1746,5.3835,0.375
2020-08-14,2.6349,14.2778,5.3881,-0.564
2020-08-17,2.5952,14.3016,5.4734,-0.677
2020-08-18,2.8492,15.4683,5.4845,1.023
2020-08-19,2.8730,15.8889,5.5045,-0.468
2020-08-20,2.9127,16.0873,5.6370,2.061
2020-08-21,2.7937,15.6190,5.5949,0.071
2020-08-24,2.8095,15.5317,5.6010,1.316
2020-08-25,2.8333,15.5159,5.6046,2.345
2020-08-26,2.7698,15.5079,5.6073,0.151
2020-08-27,2.7698,15.2778,5.5965,1.464
2020-08-28,2.8810,15.5556,5.4469,0.879
2020-08-31,2.7778,15.1508,5.4698,0.284
2020-09-01,2.9603,15.8730,5.3578,-0.077
2020-09-02,2.9127,15.7063,5.3550,-0.693
2020-09-03,2.9206,15.3810,5.3078,0.788
2020-09-04,2.9841,15.8095,5.2873,-0.200
2020-09-08,2.9127,15.6270,5.3510,-0.263
2020-09-09,3.0714,16.2936,5.2849,-0.377
2020-09-10,2.9683,15.7540,5.3023,-0.098
2020-09-11,2.9603,15.8016,5.3040,-0.633
2020-09-14,3.0635,16.0952,5.2892,0.672
2020-09-15,3.2143,17.0238,5.2852,-0.209
2020-09-16,3.2063,16.8175,5.2410,-0.077
2020-09-17,3.2698,17.0159,5.2584,1.048
2020-09-18,3.0952,16.6349,5.3056,-1.279
2020-09-21,3.0000,16.3413,5.4397,-0.136
2020-09-22,3.0000,16.4444,5.4700,-0.209
2020-09-23,2.9206,16.3889,5.5490,-1.112
2020-09-24,2.9444,16.4127,5.5308,-0.777
2020-09-25,2.9127,16.2778,5.5644,-0.432
2020-09-28,2.8730,16.3016,5.6155,-1.032
2020-09-29,2.7937,16.0397,5.6679,-1.281
2020-09-30,2.9365,16.5079,5.6326,0.195
2020-10-01,2.8730,16.4683,5.6463,-1.496
2020-10-02,2.8730,16.3492,5.6822,-0.148
2020-10-05,3.1032,17.3016,5.6173,0.751
2020-10-06,3.0476,17.2222,5.5402,-1.961
2020-10-07,3.1111,17.7778,5.6125,-1.781
2020-10-08,3.1508,17.6587,5.5948,-0.174
2020-10-09,3.1111,17.3016,5.5220,-0.705
2020-10-13,3.1349,17.4444,5.5944,0.536
2020-10-14,3.1270,17.5476,5.5804,-0.557
2020-10-15,3.1905,17.9921,5.6160,-0.413
2020-10-16,3.2222,18.1111,5.6228,0.038
2020-10-19,3.2063,18.0556,5.5780,-0.945
2020-10-20,3.2302,18.2540,5.5773,-1.306
2020-10-21,3.2381,18.3016,5.6084,-0.771
2020-10-22,3.2619,18.3968,5.5843,-0.986
2020-10-23,3.2857,18.4762,5.6135,-0.172
2020-10-26,3.2540,18.3016,5.6141,-0.183
2020-10-27,3.3333,18.7381,5.6484,0.480
2020-10-28,3.0476,17.6349,5.7406,-0.793
2020-10-29,3.1032,17.8571,5.7790,0.426
2020-10-30,3.0238,17.3095,5.7588,0.601
2020-11-03,3.1984,18.3968,5.7328,-0.331
2020-11-04,3.0873,17.6825,5.6540,-1.283
2020-11-05,3.2063,17.7381,5.5682,0.651
2020-11-06,3.3254,17.8651,5.4577,1.589
2020-11-09,3.2460,17.4603,5.3696,-0.174
2020-11-10,3.0397,16.5317,5.3715,-1.235
2020-11-11,3.0635,16.6111,5.3715,-0.937
2020-11-12,3.0159,16.4127,5.4141,-0.515
2020-11-13,3.0397,16.6111,5.5006,0.656
2020-11-16,3.0714,16.6587,5.3999,-0.440
2020-11-17,3.1905,16.9762,5.3401,0.361
2020-11-18,3.1032,16.6429,5.3069,-1.049
2020-11-19,3.1667,16.8571,5.3149,-0.158
2020-11-23,3.2143,17.5000,5.4360,-0.155
2020-11-24,3.3571,17.9524,5.3910,0.813
2020-11-25,3.3810,17.8889,5.3224,0.592
2020-11-27,3.3571,18.0635,5.3224,-1.082
2020-11-30,3.3413,17.9365,5.3785,0.192
2020-12-01,3.6270,18.8889,5.2630,1.058
2020-12-02,3.5476,18.6032,5.2384,-0.104
2020-12-03,3.4683,17.8413,5.1243,-0.386
2020-12-04,3.5794,18.2063,5.1610,1.465
2020-12-07,3.6190,18.4683,5.0713,-0.623
2020-12-08,3.5635,18.3095,5.0824,-1.084
2020-12-09,3.4444,17.9603,5.1504,-1.225
2020-12-10,3.6508,18.2540,5.0699,1.398
2020-12-11,3.6111,18.2222,5.0538,0.152
2020-12-14,3.5476,18.1032,5.1103,0.145
2020-12-15,3.7302,18.8889,5.1105,0.922
2020-12-16,3.7143,18.8730,5.1282,0.925
2020-12-17,3.8095,19.3651,5.0591,-0.477
2020-12-18,3.8810,19.7063,5.0810,0.065
2020-12-21,3.7857,19.3571,5.1280,0.289
2020-12-22,3.6984,19.0952,5.1593,-0.073
2020-12-23,3.6905,19.2381,5.2087,-0.081
2020-12-28,3.6587,19.2302,5.3016,0.868
2020-12-29,3.7381,19.4444,5.1679,-0.650
2020-12-30,3.7619,19.4048,5.1760,0.345
2021-01-04,3.9286,20.6667,5.2466,-0.266
2021-01-05,4.0079,21.1667,5.3035,0.422
2021-01-06,4.1984,22.1825,5.3368,1.008
2021-01-07,4.3016,23.4444,5.4024,-0.877
2021-01-08,4.2937,23.0952,5.3855,0.122
2021-01-11,4.0952,22.4603,5.4809,-0.066
2021-01-12,4.0952,21.8413,5.4166,1.561
2021-01-13,3.9921,21.1190,5.2938,0.067
2021-01-14,4.2302,22.0000,5.2304,0.570
2021-01-15,3.8651,20.6984,5.2589,-1.799
2021-01-19,3.7937,20.3730,5.3330,-0.694
2021-01-20,3.6984,19.9524,5.3330,-1.146
2021-01-21,3.6825,19.8571,5.3753,-0.314
2021-01-22,3.6746,20.1270,5.4518,-0.466
2021-01-26,3.5635,19.0873,5.3682,0.221
2021-01-27,3.4286,18.7698,5.4139,-1.108
2021-01-28,3.5476,19.2778,5.3992,-0.640
2021-01-29,3.3651,18.4524,5.4479,-0.649
2021-02-01,3.3730,18.4444,5.4746,0.116
2021-02-02,3.3968,18.2302,5.3704,0.067
2021-02-03,3.4603,18.6746,5.3624,-0.637
2021-02-04,3.3810,18.4048,5.4236,-0.369
2021-02-05,3.5635,19.2063,5.3522,-0.697
2021-02-08,3.5556,19.0476,5.3153,-0.781
2021-02-09,3.5635,19.1667,5.4261,0.883
2021-02-10,3.4683,18.7063,5.3601,-0.621
2021-02-11,3.5476,19.1349,5.3876,-0.114
2021-02-12,3.5714,19.1349,5.3699,0.226
2021-02-17,3.5635,19.4127,5.4059,-0.767
2021-02-18,3.5476,19.3571,5.4391,-0.317
2021-02-19,3.6746,19.7619,5.3938,0.294
2021-02-22,3.6032,19.6667,5.4781,0.366
2021-02-23,3.7540,20.4206,5.4267,-0.240
2021-02-24,3.9762,21.5397,5.4249,0.143
2021-02-25,3.7222,20.6587,5.4903,-1.078
2021-02-26,3.6349,20.5317,5.5724,-1.347
2021-03-01,3.7540,21.1667,5.5704,-1.207
2021-03-02,3.7778,21.4524,5.7110,0.571
2021-03-03,3.7857,21.3810,5.7591,1.971
2021-03-04,3.7460,21.3571,5.5666,-2.362
2021-03-05,3.8810,21.9206,5.6912,0.760
2021-03-08,3.6667,21.3968,5.7341,-1.738
2021-03-09,3.7222,21.6905,5.8084,-0.324
2021-03-10,3.7460,21.4048,5.6720,-0.735
2021-03-11,3.9921,22.2143,5.5530,-0.209
2021-03-12,3.8968,21.8254,5.5530,-0.854
2021-03-15,3.9921,22.6111,5.6539,-0.179
2021-03-16,4.0556,22.8413,5.5756,-1.003
2021-03-17,4.1111,23.1111,5.6550,0.594
2021-03-18,4.0238,22.7063,5.5366,-1.885
2021-03-19,4.1032,22.7302,5.4750,-1.167
2021-03-22,3.9683,22.0397,5.5316,-0.403
2021-03-23,3.8016,21.0794,5.4771,-1.222
2021-03-24,3.7460,21.2460,5.5550,-2.056
2021-03-25,3.7937,21.5635,5.6352,-0.860
2021-03-26,3.9524,22.6984,5.7132,-0.518
2021-03-29,3.9683,23.0159,5.7778,-0.383
2021-03-30,4.0476,23.3810,5.7439,-0.564
2021-03-31,4.2381,23.9841,5.6590,-0.003
2021-04-01,4.0556,23.3175,5.6887,-1.058
2021-04-05,4.0873,23.3651,5.6584,-1.016
2021-04-06,4.2302,23.9206,5.6143,-0.716
2021-04-07,4.3016,24.3730,5.6062,-1.056
2021-04-08,4.3492,24.4524,5.5743,-0.853
2021-04-09,4.3492,24.6984,5.6522,-0.469
2021-04-12,4.2937,24.7778,5.6974,-1.272
2021-04-13,4.4286,25.3492,5.6898,-0.598
2021-04-14,4.5000,25.7063,5.6806,-0.559
2021-04-15,4.5714,25.8889,5.6110,-0.922
2021-04-16,4.6190,25.8175,5.6107,0.382
2021-04-19,4.6508,25.8016,5.5687,0.377
2021-04-20,4.5873,25.6111,5.5185,-1.156
2021-04-22,4.8413,26.4286,5.4971,0.698
2021-04-23,4.8492,26.6032,5.5011,0.274
2021-04-26,5.0000,27.2222,5.4508,0.117
2021-04-27,5.0079,27.3254,5.4342,-0.407
2021-04-28,5.1349,27.5159,5.3964,0.706
2021-04-29,5.1190,27.2936,5.3624,0.574
2021-04-30,4.8730,26.3651,5.4194,0.166
2021-05-03,4.7778,25.7936,5.3857,-0.240
2021-05-04,4.7778,25.9127,5.4490,0.469
2021-05-05,5.1349,27.3413,5.3648,0.755
2021-05-06,5.4365,28.5873,5.2804,0.418
2021-05-07,5.4921,28.8651,5.2140,-0.795
2021-05-10,5.5079,28.8730,5.2244,-0.337
2021-05-11,5.7619,29.8810,5.2124,0.510
2021-05-12,5.4921,29.0873,5.2529,-0.818
2021-05-13,5.3333,28.2778,5.2793,-0.430
2021-05-14,5.2222,27.4683,5.2574,-0.047
2021-05-17,5.3095,28.0952,5.2594,-0.606
2021-05-18,5.4048,28.4603,5.2359,-0.568
2021-05-19,5.3175,28.1508,5.2650,-0.548
2021-05-20,5.1905,27.2222,5.2831,0.733
2021-05-21,5.0238,26.8810,5.3235,-0.509
2021-05-24,4.8889,26.1032,5.3223,-0.318
2021-05-25,4.8016,25.5556,5.3060,-0.307
2021-05-26,4.8492,25.8333,5.3062,-0.397
2021-05-27,5.0397,26.2619,5.2642,1.020
2021-05-28,4.9603,25.9127,5.2187,-0.101
2021-06-01,5.2540,27.0794,5.1631,0.175
2021-06-02,5.2302,26.5000,5.0743,0.149
2021-06-04,5.1270,25.7619,5.0670,0.840
2021-06-07,5.0079,25.3095,5.0190,-0.690
2021-06-08,4.9444,24.8730,5.0383,0.155
2021-06-09,5.0000,25.4524,5.0651,-0.498
2021-06-10,5.0317,25.5079,5.0672,-0.043
2021-06-11,5.1032,26.1905,5.1299,-0.045
2021-06-14,5.0238,25.4762,5.0567,-0.284
2021-06-15,5.0079,25.2063,5.0911,1.149
2021-06-16,4.7302,23.9206,4.9991,-1.146
2021-06-17,4.5317,23.0159,5.0244,-1.071
2021-06-18,4.5635,23.0794,5.0405,-0.334
2021-06-21,4.7063,23.7063,5.0306,-0.129
2021-06-22,4.7302,23.6508,4.9994,-0.012
2021-06-23,4.7381,23.6429,4.9518,-0.765
2021-06-24,4.9365,24.4206,4.9169,-0.607
2021-06-25,4.8968,24.4762,4.9245,-1.478
2021-06-28,4.8889,24.2619,4.9451,-0.354
2021-06-29,4.8254,24.0159,4.9378,-0.787
2021-06-30,4.6825,23.5000,5.0083,-0.206
2021-07-01,4.5159,22.9762,5.0339,-1.061
2021-07-02,4.6190,23.6190,5.0431,-1.375
2021-07-06,4.4762,23.4603,5.1803,-1.161
2021-07-07,4.5317,23.8095,5.2678,0.264
2021-07-08,4.3651,23.0952,5.2336,-1.083
2021-07-12,4.6270,24.1349,5.1939,-0.426
2021-07-13,4.6270,24.2302,5.1544,-1.572
2021-07-14,4.6508,23.9127,5.0861,-1.080
2021-07-15,4.6111,23.7540,5.1180,-0.650
2021-07-16,4.5397,23.3810,5.0922,-1.129
2021-07-19,4.4206,23.4206,5.2100,-1.661
2021-07-20,4.4444,23.5159,5.2190,-1.362
2021-07-21,4.6190,24.0476,5.2313,0.482
2021-07-22,4.6190,24.2540,5.2071,-0.833
2021-07-23,4.6349,24.3968,5.1766,-1.655
2021-07-26,4.8254,25.2381,5.1720,-1.114
2021-07-27,4.6825,24.3333,5.1603,-0.699
2021-07-28,4.7222,24.3889,5.1547,-0.194
2021-07-29,4.8651,24.9206,5.0497,-1.418
2021-07-30,4.7063,24.4444,5.1411,-1.017
2021-08-02,4.6984,24.3889,5.1251,-1.267
2021-08-03,4.7540,25.0397,5.2362,-0.587
2021-08-04,4.7778,25.0873,5.2362,-0.279
2021-08-05,4.6667,24.3968,5.1750,-1.012
2021-08-06,4.7063,24.8889,5.2236,-1.225
2021-08-09,4.6746,24.5714,5.2861,0.566
2021-08-10,4.8175,25.1905,5.1931,-0.686
2021-08-11,4.8571,25.4603,5.2030,-0.741
2021-08-12,4.7619,25.1111,5.2352,-0.723
2021-08-13,4.7222,24.8571,5.2345,-0.558
2021-08-16,4.5317,24.0794,5.2466,-1.259
2021-08-17,4.3333,22.9762,5.2538,-0.913
2021-08-18,4.2302,22.7778,5.3421,-0.790
2021-08-19,4.0476,22.0159,5.4027,-0.671
2021-08-20,4.0397,21.9444,5.3990,-0.612
2021-08-23,4.0873,22.1032,5.3840,-0.439
2021-08-24,4.3254,22.9286,5.2771,-0.449
2021-08-25,4.3889,23.0556,5.2470,-0.117
2021-08-26,4.2619,22.5714,5.2428,-1.006
2021-08-27,4.4048,22.9762,5.1956,-0.395
2021-08-30,4.3413,22.7698,5.1921,-1.008
2021-08-31,4.3016,22.4762,5.1405,-1.619
2021-09-01,4.2857,22.3413,5.1809,-0.615
2021-09-02,4.1667,21.7381,5.1640,-1.019
2021-09-03,4.1349,21.7302,5.1692,-1.638
2021-09-08,3.9841,21.4683,5.2843,-1.933
2021-09-09,4.1349,21.7540,5.2764,0.292
2021-09-10,4.0714,21.6667,5.2169,-1.968
2021-09-13,4.1587,21.8333,5.2073,-0.813
2021-09-14,4.1429,21.8651,5.2235,-1.028
2021-09-15,4.1032,21.6905,5.2550,-0.591
2021-09-16,3.9286,20.9524,5.2535,-1.497
2021-09-17,3.6746,19.5238,5.2950,-0.342
2021-09-20,3.5873,19.3413,5.3266,-1.205
2021-09-21,3.5873,19.1667,5.2895,-1.000
2021-09-22,3.7698,20.2857,5.2715,-2.036
2021-09-23,4.0000,21.4286,5.2917,-1.222
2021-09-24,3.9206,21.1270,5.3404,-0.896
2021-09-27,3.9365,21.2063,5.3571,-0.557
2021-09-28,3.7698,20.3175,5.4279,0.713
2021-09-29,3.7778,20.6905,5.4062,-1.291
2021-09-30,3.9048,21.5079,5.4528,-1.005
2021-10-01,4.0635,21.9841,5.3674,-0.790
2021-10-04,3.9365,21.5397,5.4333,-0.703
2021-10-05,3.8810,21.4286,5.4633,-1.054
2021-10-06,3.7937,21.0000,5.5130,-0.408
2021-10-07,3.8492,21.3413,5.5073,-0.668
2021-10-08,3.8889,21.5714,5.5178,-0.525
2021-10-11,3.8651,21.5635,5.5178,-1.098
2021-10-13,3.9524,21.9286,5.5525,0.078
2021-10-14,4.0238,22.3492,5.5048,-0.890
2021-10-15,4.0635,22.3571,5.4457,-1.022
2021-10-18,4.0397,22.3651,5.5211,-0.275
2021-10-19,3.9127,22.0873,5.5525,-1.639
2021-10-20,3.8810,21.7540,5.5476,-1.030
2021-10-21,3.6984,21.0794,5.6455,-0.949
2021-10-22,3.7143,21.2143,5.7223,0.188
2021-10-25,3.9683,22.1905,5.6009,0.159
2021-10-26,3.9683,22.2619,5.5833,-0.476
2021-10-27,3.8730,21.7063,5.5812,-0.416
2021-10-28,3.8175,21.7460,5.6120,-1.483
2021-10-29,3.7540,21.3492,5.6291,-1.020
2021-11-01,3.7063,21.1111,5.6795,-0.288
2021-11-03,3.6270,20.2778,5.6188,0.501
2021-11-04,3.5714,20.2619,5.5877,-1.509
2021-11-05,3.5159,19.4524,5.5335,0.014
2021-11-08,3.3810,18.8889,5.5455,-0.740
2021-11-09,3.4524,19.0397,5.5020,-0.235
2021-11-10,3.3968,18.8016,5.4709,-1.159
2021-11-11,3.6587,19.9286,5.4709,0.441
2021-11-12,3.6746,20.1587,5.4341,-0.945
2021-11-16,3.6508,20.1905,5.4980,-0.586
2021-11-17,3.6111,20.0952,5.5082,-1.018
2021-11-18,3.4365,19.2698,5.5485,-1.050
2021-11-19,3.4762,19.6746,5.5728,-1.537
2021-11-22,3.5714,20.1825,5.5860,-1.152
2021-11-23,3.5952,20.3016,5.6485,0.030
2021-11-24,3.6587,20.6349,5.5937,-0.819
2021-11-26,3.6111,20.2778,5.5903,-0.447
2021-11-29,3.6190,20.4762,5.6233,-0.611
2021-11-30,3.5873,20.4762,5.6569,-0.895
2021-12-01,3.6111,20.7698,5.6355,-2.019
2021-12-02,3.8333,21.9524,5.6272,-1.738
2021-12-03,3.8651,22.1032,5.6773,-0.724
2021-12-06,3.9444,22.6190,5.6820,-0.914
2021-12-07,4.0635,22.9762,5.6294,-0.440
2021-12-08,4.1190,22.9603,5.5395,-0.622
2021-12-09,4.0714,22.9762,5.5838,-1.054
2021-12-10,4.1429,23.4841,5.5991,-1.226
2021-12-13,4.0794,23.3810,5.6598,-1.251
2021-12-14,4.0635,23.2698,5.6713,-0.965
2021-12-15,4.0397,23.1429,5.7099,-0.331
2021-12-16,4.1270,23.6746,5.6652,-1.244
2021-12-17,4.0159,23.0238,5.6754,-1.008
2021-12-20,3.7460,21.6587,5.7220,-1.034
2021-12-21,3.8095,22.0159,5.7475,-0.548
2021-12-22,3.8254,21.8095,5.7017,0.008
2021-12-23,3.7619,21.3889,5.6821,-0.062
2021-12-27,3.8254,21.5873,5.6401,-0.054
2021-12-28,3.8175,21.5000,5.6372,0.092
2021-12-29,3.7778,21.5317,5.6915,-0.142
2021-12-30,3.8810,21.6349,5.5749,0.005
2022-01-03,3.8254,21.6349,5.6597,0.072
2022-01-04,3.8571,21.9365,5.6770,-0.180
2022-01-05,3.7698,21.5714,5.6876,-0.603
2022-01-06,3.7778,21.5794,5.7027,-0.166
2022-01-07,3.8651,21.7698,5.6253,-0.127
2022-01-10,3.8492,21.8889,5.6788,-0.137
2022-01-11,4.0079,22.3810,5.5980,0.248
2022-01-12,4.1508,22.8968,5.5541,0.686
2022-01-13,4.0635,22.4365,5.5122,-0.168
2022-01-14,4.0556,22.4444,5.5393,0.091
2022-01-18,4.0397,22.6984,5.5329,-1.530
2022-01-19,4.2143,23.0476,5.4668,-0.039
2022-01-20,4.1429,22.7222,5.4052,-1.449
2022-01-21,3.9683,21.7936,5.4225,-1.265
2022-01-24,4.0159,22.0635,5.5116,0.319
2022-01-25,3.9921,21.7381,5.4818,0.670
2022-01-26,4.0714,22.1270,5.4366,0.035
2022-01-27,4.0794,22.1905,5.4252,-0.266
2022-01-28,4.1270,22.2778,5.3943,-0.070
2022-01-31,4.1508,22.0952,5.2893,-0.636
2022-02-01,4.3413,22.8016,5.2812,0.551
2022-02-02,4.3651,22.9762,5.2787,0.286
2022-02-03,4.2698,22.8016,5.3047,-0.664
2022-02-04,4.2778,22.8413,5.3266,-0.242
2022-02-07,4.3810,23.1746,5.2922,0.044
2022-02-08,4.3492,22.9365,5.2712,-0.048
2022-02-09,4.3889,23.0476,5.2641,0.243
2022-02-10,4.3651,22.8571,5.1978,-0.736
2022-02-11,4.2302,22.2936,5.2015,-1.303
2022-02-14,4.2222,22.0476,5.2153,-0.125
2022-02-15,4.2381,21.9603,5.1807,-0.018
2022-02-16,4.2540,21.7857,5.1584,0.725
2022-02-17,3.9841,20.6270,5.1599,-0.336
2022-02-18,3.9524,20.2698,5.1219,-0.129
2022-02-22,3.9841,20.1587,5.0611,0.026
2022-02-23,3.8889,19.4841,5.0181,0.158
2022-02-24,3.7381,19.2698,5.1248,-0.586
2022-02-25,3.8571,20.2063,5.1515,-1.664
2022-03-02,4.2222,21.5079,5.1511,1.121
2022-03-03,4.4603,22.4603,5.0551,0.387
2022-03-04,4.5873,23.3333,5.0867,0.004
2022-03-07,4.4603,22.9127,5.0841,-1.030
2022-03-08,4.3571,22.1587,5.0874,0.035
2022-03-09,4.5317,22.9048,4.9932,-1.209
2022-03-10,4.7460,23.9603,5.0424,-0.121
2022-03-11,4.6825,23.9841,5.0513,-1.381
2022-03-14,4.4444,22.9127,5.0834,-1.396
2022-03-15,4.2619,21.8730,5.1424,0.198
2022-03-16,4.3571,22.3492,5.1083,-0.410
2022-03-17,4.6270,23.4365,5.0427,-0.444
2022-03-18,4.7381,24.1984,5.0165,-1.776
2022-03-21,4.8333,24.1111,4.9477,-0.818
2022-03-22,4.8016,23.7063,4.9365,-0.014
2022-03-23,4.8810,23.7936,4.8479,-0.552
2022-03-24,5.0476,24.5079,4.8202,-0.724
2022-03-25,5.0873,24.2698,4.7577,-0.272
2022-03-28,5.0556,24.3730,4.7917,-0.608
2022-03-29,4.9762,23.8810,4.7554,-0.909
2022-03-30,5.0714,24.3810,4.7695,-0.791
2022-03-31,5.1032,24.4524,4.7264,-1.361
2022-04-01,5.1667,24.3175,4.6944,-0.259
2022-04-04,5.1429,23.9365,4.6195,-0.748
2022-04-05,5.0794,23.9206,4.6592,-1.065
2022-04-06,4.9921,23.8254,4.6892,-1.749
2022-04-07,4.8968,23.2460,4.7619,0.310
2022-04-08,4.9365,23.3254,4.7495,0.517
2022-04-11,4.9127,23.2381,4.7031,-0.573
2022-04-12,4.9524,23.2619,4.6705,-0.567
2022-04-13,5.0079,23.5317,4.6840,-0.317
2022-04-14,4.9127,23.3492,4.7070,-0.964
2022-04-18,4.9841,23.4048,4.6772,-0.397
2022-04-19,5.1349,24.0238,4.6689,-0.206
2022-04-20,4.9603,23.0556,4.6171,-0.665
2022-04-22,4.6508,22.4365,4.7675,-1.176
2022-04-25,4.4524,21.9841,4.9410,0.069
2022-04-26,4.2143,21.1270,4.9850,-0.562
2022-04-27,4.4444,22.3968,5.0058,-0.665
2022-04-28,4.6508,23.0476,4.9973,0.841
2022-04-29,4.5000,22.1984,4.9325,-0.010
2022-05-02,4.2937,21.7460,5.0275,-0.734
2022-05-03,4.4048,21.9206,4.9999,0.469
2022-05-04,4.3968,21.7540,4.9962,0.981
2022-05-05,4.4048,22.2619,5.0481,-0.118
2022-05-06,4.3651,22.3810,5.0626,-1.261
2022-05-09,4.2063,21.8571,5.1235,-1.400
2022-05-10,4.0397,20.9048,5.1510,-0.461
2022-05-11,4.1349,21.5238,5.1042,-1.944
2022-05-12,4.1905,21.7381,5.1368,-0.977
2022-05-13,4.3413,22.0635,5.0801,-0.043
2022-05-16,4.4048,22.3810,5.0645,-0.326
2022-05-17,4.4683,22.1825,4.9546,-0.199
2022-05-18,4.1667,20.9206,4.9720,-0.975
2022-05-19,4.3333,21.4683,4.9035,-1.024
2022-05-20,4.5556,22.1905,4.8618,-0.191
2022-05-23,4.7302,22.8016,4.7934,-0.562
2022-05-24,4.7619,23.0952,4.8275,-0.464
2022-05-25,4.7381,22.9444,4.8498,0.150
2022-05-26,4.8333,23.0476,4.7824,0.292
2022-05-27,4.9048,23.3333,4.7255,-0.668
2022-05-31,4.8413,23.1508,4.7264,-1.162
2022-06-01,4.8016,23.0873,4.8003,-0.166
2022-06-02,5.0159,24.0238,4.7790,-0.220
2022-06-03,4.9841,23.8730,4.7973,0.156
2022-06-06,4.9921,24.0635,4.7974,-0.476
2022-06-07,4.9841,24.1190,4.8848,0.943
2022-06-08,4.6746,22.9365,4.8714,-0.718
2022-06-09,4.4365,21.9365,4.8880,-1.144
2022-06-10,4.3571,21.7936,4.9947,-0.142
2022-06-13,4.0079,20.6349,5.0988,-0.966
2022-06-14,3.9048,20.1667,5.1353,-0.568
2022-06-15,3.9762,20.1270,5.1117,0.984
2022-06-17,3.6429,18.5397,5.1420,1.035
2022-06-21,3.6587,18.9365,5.1333,-0.819
2022-06-22,3.4921,18.1905,5.1563,-1.013
2022-06-23,3.3571,17.6746,5.2021,-1.190
2022-06-24,3.4921,18.3730,5.2363,-0.476
2022-06-27,3.5714,18.6508,5.2078,-0.276
2022-06-28,3.5317,18.5714,5.2531,-0.101
2022-06-29,3.5238,18.3651,5.2386,0.516
2022-06-30,3.4048,17.7381,5.2196,0.188
2022-07-01,3.3413,17.6825,5.3083,0.305
2022-07-05,3.2222,17.2778,5.3903,0.526
2022-07-06,3.2540,17.6349,5.4558,0.670
2022-07-07,3.4841,18.6508,5.3520,-0.020
2022-07-08,3.5159,18.5556,5.2961,0.350
2022-07-11,3.3810,18.2063,5.3432,-0.776
2022-07-12,3.3492,18.3492,5.4192,-1.086
2022-07-13,3.4286,18.4603,5.3764,-0.146
2022-07-14,3.2302,17.6349,5.4237,-0.655
2022-07-15,3.4524,18.6825,5.3840,-0.508
2022-07-18,3.4286,18.5556,5.3730,-0.721
2022-07-19,3.5238,19.0397,5.3940,-0.169
2022-07-20,3.4683,18.8968,5.4325,-0.294
2022-07-21,3.4683,18.9206,5.4970,0.763
2022-07-22,3.4365,18.8968,5.4558,-0.783
2022-07-25,3.5952,19.2778,5.4015,0.736
2022-07-26,3.5952,19.0794,5.3699,1.188
2022-07-27,3.6349,19.0556,5.2962,1.027
2022-07-28,3.7302,19.1508,5.2150,1.577
2022-07-29,3.7460,19.4127,5.1810,-0.023
2022-08-01,3.6429,18.7857,5.1508,-0.118
2022-08-02,3.6905,19.3651,5.2420,-0.101
2022-08-03,3.5238,18.5794,5.2693,-0.061
2022-08-04,3.6825,19.1667,5.2165,0.226
2022-08-05,3.8175,19.5635,5.1987,1.443
2022-08-08,3.8810,19.7222,5.1331,1.009
2022-08-09,3.9365,20.0397,5.1302,0.775
2022-08-10,4.0000,20.1429,5.0530,0.343
2022-08-11,3.9524,20.3016,5.1396,0.059
2022-08-12,4.0714,20.7143,5.0860,-0.034
2022-08-15,4.0476,20.4206,5.0818,0.727
2022-08-16,3.7857,19.3889,5.1443,0.443
2022-08-17,3.8095,19.6111,5.1705,0.439
2022-08-18,3.7302,19.2222,5.1873,0.662
2022-08-19,3.6508,18.8333,5.1947,0.698
2022-08-22,3.5794,18.3651,5.1669,0.703
2022-08-23,3.8571,19.4603,5.0810,0.708
2022-08-24,3.8016,19.3016,5.0939,0.328
2022-08-25,3.8651,19.5794,5.1160,0.993
2022-08-26,3.7619,19.0952,5.0826,0.131
2022-08-29,3.7778,19.0159,5.0273,-0.125
2022-08-30,3.6587,18.6825,5.0770,-0.574
2022-08-31,3.5794,18.5079,5.1870,0.315
2022-09-01,3.5476,18.5317,5.2238,0.002
2022-09-02,3.6825,19.1032,5.1720,-0.299
2022-09-06,3.6508,19.1270,5.2305,-0.165
2022-09-08,3.6190,18.7619,5.2196,0.683
2022-09-09,3.8016,19.4762,5.1541,0.604
2022-09-12,3.8333,19.5317,5.1562,1.196
2022-09-13,3.6270,18.7936,5.1860,0.085
2022-09-14,3.5000,18.0952,5.1755,0.105
2022-09-15,3.4683,18.0952,5.2330,0.299
2022-09-16,3.4841,18.2460,5.2870,0.957
2022-09-19,3.7460,19.2936,5.1762,0.500
2022-09-20,3.6905,19.1190,5.1516,-0.561
2022-09-21,3.6905,19.1508,5.1806,-0.167
2022-09-22,3.8254,19.5873,5.1742,1.052
2022-09-23,3.6905,19.2936,5.2370,0.173
2022-09-26,3.4127,18.7778,5.3914,-2.016
2022-09-27,3.5317,18.8651,5.3595,0.336
2022-09-28,3.5397,18.8175,5.3636,0.893
2022-09-29,3.4841,18.7540,5.3943,0.216
2022-09-30,3.5873,19.3968,5.4008,-0.116
2022-10-03,3.8571,19.9603,5.1823,0.143
2022-10-04,3.9286,20.2460,5.1523,-0.024
2022-10-05,3.8730,20.0397,5.2205,0.895
2022-10-06,3.9048,20.2698,5.2052,0.272
2022-10-07,3.8730,20.3016,5.2151,-0.509
2022-10-10,3.9048,20.4921,5.2151,-0.626
2022-10-11,3.9127,20.5238,5.2105,-0.666
2022-10-13,3.9127,20.5635,5.2779,0.425
2022-10-14,3.7698,20.0794,5.2980,-0.532
2022-10-17,3.8492,20.5000,5.2606,-1.224
2022-10-18,3.9286,20.8016,5.2905,-0.084
2022-10-19,3.8651,20.4841,5.2816,-0.343
2022-10-20,4.0000,21.0000,5.2053,-0.851
2022-10-21,4.1270,21.4127,5.1750,-0.259
2022-10-24,4.0317,21.3175,5.2768,-0.201
2022-10-25,3.9762,21.1984,5.2898,-0.779
2022-10-26,3.9444,21.1429,5.3228,-0.697
2022-10-27,3.9683,21.0952,5.2839,-0.604
2022-10-28,3.8254,20.3254,5.3547,0.780
2022-10-31,3.9524,20.4365,5.2464,1.464
2022-11-01,4.0714,20.8175,5.1073,-0.113
2022-11-03,3.9683,20.4603,5.1005,-1.076
2022-11-04,4.2302,21.3968,5.0443,-0.274
2022-11-07,4.1032,21.0873,5.1222,-0.332
2022-11-08,4.2063,21.6190,5.1422,0.050
2022-11-09,4.3651,22.6270,5.1499,-0.651
2022-11-10,4.2302,22.6587,5.3287,-0.518
2022-11-11,4.6429,24.6984,5.3287,0.170
2022-11-14,4.6746,24.7619,5.3173,0.381
2022-11-16,4.5317,24.2619,5.3542,0.008
2022-11-17,4.4762,24.0952,5.4584,1.401
2022-11-18,4.4365,23.6746,5.3757,0.738
2022-11-21,4.5159,23.8889,5.3335,0.823
2022-11-22,4.3175,22.9762,5.3571,0.665
2022-11-23,4.3571,23.3016,5.3905,0.796
2022-11-25,4.4048,23.3095,5.3838,1.737
2022-11-28,4.3492,23.2302,5.3680,0.501
2022-11-29,4.6984,24.6190,5.2945,1.043
2022-11-30,4.8413,25.0556,5.2563,1.563
2022-12-01,4.7222,24.3492,5.1868,0.591
2022-12-02,4.7698,24.6825,5.2100,0.682
2022-12-05,4.6429,24.3254,5.2611,0.416
2022-12-06,4.7063,24.6429,5.2415,0.103
2022-12-07,4.7540,24.5873,5.2187,0.904
2022-12-08,4.7143,24.5476,5.2003,-0.130
2022-12-09,4.7540,24.9762,5.2365,-0.328
2022-12-12,4.7063,24.8095,5.3344,1.193
2022-12-13,4.6429,24.5714,5.2690,-0.440
2022-12-14,4.6667,24.6984,5.2997,0.136
2022-12-15,4.5238,24.0000,5.3285,0.438
2022-12-16,4.5079,23.9444,5.2725,-0.736
2022-12-19,4.4603,23.6111,5.3097,0.304
2022-12-20,4.6429,24.1667,5.2006,-0.087
2022-12-21,4.6825,24.1508,5.1955,0.734
2022-12-22,4.6111,23.6984,5.1655,0.508
2022-12-23,4.4603,22.7778,5.1368,0.588
2022-12-27,4.4683,23.4762,5.2790,0.476
2022-12-28,4.4524,23.3730,5.2675,0.342
2022-12-29,4.4524,23.3095,5.2547,0.371
2023-01-03,4.3175,23.4286,5.4257,-0.014
2023-01-04,4.3095,23.3175,5.4430,0.597
2023-01-05,4.4762,23.8889,5.3840,0.883
2023-01-06,4.6190,24.0714,5.2533,0.805
2023-01-09,4.6667,24.5635,5.2648,0.023
2023-01-10,4.8730,25.2460,5.2159,0.678
2023-01-11,4.9762,25.5000,5.1950,1.378
2023-01-12,5.0397,25.5952,5.1120,0.655
2023-01-13,5.0714,25.7381,5.0968,0.427
2023-01-17,5.0317,25.6746,5.0974,-0.100
2023-01-18,5.1270,26.5159,5.1288,-0.832
2023-01-19,5.1349,26.5873,5.2233,0.880
2023-01-20,5.0952,26.3492,5.2109,0.765
2023-01-23,4.9921,25.7857,5.1884,0.446
2023-01-24,5.0159,25.7063,5.1405,0.302
2023-01-25,5.0714,25.6190,5.0902,0.763
2023-01-26,5.1984,26.1905,5.0875,0.979
2023-01-27,5.0397,25.6111,5.0902,0.164
2023-01-30,5.0317,25.7302,5.1024,-0.218
2023-01-31,5.1587,25.9841,5.0934,1.121
2023-02-01,5.0794,25.4921,5.0746,1.113
2023-02-02,4.8571,24.3413,5.0138,0.047
2023-02-03,4.8254,24.6429,5.1339,0.529
2023-02-06,4.7619,24.4444,5.2025,1.347
2023-02-07,4.7778,24.7936,5.1868,-0.049
2023-02-08,4.7619,24.7143,5.2183,0.545
2023-02-09,4.3333,22.7540,5.2528,0.036
2023-02-10,4.3254,22.4762,5.2528,1.087
2023-02-13,4.4048,22.6905,5.1822,0.599
2023-02-14,4.4048,22.7460,5.1738,0.190
2023-02-15,4.3413,22.6508,5.2172,-0.007
2023-02-16,4.4048,22.9048,5.2313,0.602
2023-02-17,4.3968,22.6905,5.1776,0.328
2023-02-22,4.3333,22.3413,5.1940,0.743
2023-02-23,4.4127,22.5794,5.1386,0.424
2023-02-24,4.3016,22.2619,5.1865,0.217
2023-02-27,4.3175,22.3810,5.2031,0.372
2023-02-28,4.3413,22.7222,5.2283,-0.109
2023-03-01,4.5159,23.4286,5.1965,0.163
2023-03-02,4.5000,23.4683,5.2033,-0.228
2023-03-03,4.4841,23.3492,5.2067,-0.007
2023-03-06,4.3651,22.6032,5.1680,-0.197
2023-03-07,4.2937,22.2936,5.1933,0.020
2023-03-08,4.4286,22.7143,5.1251,-0.077
2023-03-09,4.2222,21.7302,5.1542,0.147
2023-03-10,4.1032,21.4206,5.1838,-0.703
2023-03-13,4.0238,21.1905,5.2382,-0.533
2023-03-14,4.0873,21.4683,5.2565,0.078
2023-03-15,3.8095,20.3175,5.3062,-0.509
2023-03-16,3.8968,20.5317,5.2800,0.212
2023-03-17,3.7778,20.2381,5.2813,-1.416
2023-03-20,3.8016,20.1190,5.2475,-0.846
2023-03-21,3.8413,20.3333,5.2458,-0.899
2023-03-22,3.8667,20.4167,5.2594,-0.393
2023-03-23,3.7833,20.2500,5.2692,-1.555
2023-03-24,3.8917,20.4917,5.2506,-0.283
2023-03-27,3.9167,20.5667,5.2340,-0.325
2023-03-28,3.9667,20.6417,5.1678,-0.691
2023-03-29,3.9750,20.5833,5.1405,-0.728
2023-03-30,4.1333,21.2500,5.1203,-0.405
2023-03-31,4.1083,21.0750,5.0702,-1.162
2023-04-03,4.1500,21.1667,5.0683,-0.629
2023-04-04,4.0417,20.6500,5.0919,-0.340
2023-04-05,3.9417,20.0333,5.0380,-0.875
2023-04-06,3.9167,19.9500,5.0644,-0.574
2023-04-10,4.0250,20.5083,5.0832,-0.236
2023-04-11,4.2750,21.6000,5.0078,-0.887
2023-04-12,4.3083,21.3917,4.9370,-0.568
2023-04-13,4.3667,21.6167,4.9020,-0.977
2023-04-14,4.4250,21.7917,4.9385,0.281
2023-04-17,4.3750,21.6750,4.9450,-0.187
2023-04-18,4.3417,21.7083,4.9735,-0.530
2023-04-19,4.1667,21.3083,5.0511,-1.230
2023-04-20,4.2333,21.5750,5.0422,-1.065
2023-04-24,4.1250,20.9500,5.0554,-0.461
2023-04-25,3.9500,20.2167,5.0618,-1.101
2023-04-26,3.9333,20.1417,5.0487,-1.407
2023-04-27,4.0500,20.3667,5.0116,-0.342
2023-04-28,4.1583,20.9833,5.0049,-0.816
2023-05-02,4.0167,20.3583,5.0410,-0.542
2023-05-03,4.0833,20.5917,5.0133,-0.586
2023-05-04,3.9167,19.7417,5.0196,-0.413
2023-05-05,4.1417,20.6583,4.9534,-0.692
2023-05-08,4.1250,20.8500,4.9925,-1.228
2023-05-09,4.1667,20.9667,4.9838,-0.958
2023-05-10,4.0667,20.3083,4.9559,-0.760
2023-05-11,4.0333,20.1000,4.9580,-0.511
2023-05-12,4.0833,20.2167,4.9250,-0.526
2023-05-15,4.1333,20.3500,4.9056,-0.361
2023-05-16,3.8917,19.4583,4.9139,-1.722
2023-05-17,4.0417,20.1000,4.9416,-0.635
2023-05-18,4.0333,20.1667,4.9641,-0.718
2023-05-19,3.9833,20.0667,4.9842,-1.061
2023-05-22,4.1750,20.9083,4.9627,-0.904
2023-05-23,4.1583,20.8667,4.9535,-1.286
2023-05-24,4.0833,20.3833,4.9427,-0.984
2023-05-25,4.0000,20.1750,5.0147,-0.576
2023-05-26,4.1583,20.8000,5.0035,0.030
2023-05-30,4.0000,20.2667,5.0614,-0.104
2023-05-31,3.9333,19.9750,5.1087,0.597
2023-06-01,4.0250,20.2417,5.0201,-0.177
2023-06-02,4.1917,20.9000,4.9592,-0.539
2023-06-05,4.2083,20.8833,4.9171,-0.912
2023-06-06,4.2333,20.8333,4.9108,-0.213
2023-06-07,4.2417,20.9917,4.9082,-0.823
2023-06-09,4.3000,21.0833,4.8846,-0.377
2023-06-12,4.2833,20.9417,4.8773,-0.241
2023-06-13,4.2917,20.9583,4.8567,-0.549
2023-06-14,4.4583,21.7000,4.8424,-0.511
2023-06-15,4.4750,21.6000,4.8111,-0.326
2023-06-16,4.4583,21.6250,4.8309,-0.403
2023-06-20,4.4500,21.5500,4.7959,-0.966
2023-06-21,4.4500,21.3750,4.7640,-0.820
2023-06-22,4.3750,20.9667,4.7764,-0.333
2023-06-23,4.3583,20.9417,4.7734,-0.657
2023-06-26,4.4083,21.1083,4.7700,-0.382
2023-06-27,4.4083,21.1833,4.8042,-0.023
2023-06-28,4.2917,20.8583,4.8433,-0.348
2023-06-29,4.3417,21.0667,4.8491,-0.064
2023-06-30,4.3500,20.8917,4.8102,0.157
2023-07-03,4.4583,21.6417,4.7900,-1.323
2023-07-05,4.4000,21.5167,4.8574,-0.670
2023-07-06,4.2917,21.3083,4.9250,-0.807
2023-07-07,4.4667,21.7833,4.8622,-0.301
2023-07-10,4.4667,21.9083,4.8652,-0.808
2023-07-11,4.5083,21.9667,4.8823,0.202
2023-07-12,4.6250,22.4250,4.8148,-0.698
2023-07-13,4.7417,22.8167,4.8131,0.024
2023-07-14,4.6917,22.6333,4.7988,-0.526
2023-07-17,4.7167,22.7167,4.8249,0.180
2023-07-18,4.7417,22.9417,4.7985,-0.823
2023-07-19,4.7333,22.8583,4.8022,-0.560
2023-07-20,4.7583,22.9333,4.8074,-0.253
2023-07-21,4.7167,22.6833,4.7680,-0.856
2023-07-24,4.9167,23.3500,4.7309,-0.384
2023-07-25,5.0583,24.1667,4.7442,-0.699
2023-07-26,5.0917,24.2083,4.7355,-0.400
2023-07-27,4.9750,23.7333,4.7179,-1.103
2023-07-28,4.9667,23.6500,4.7306,-0.654
2023-07-31,5.1250,24.3750,4.7407,-0.324
2023-08-01,5.0333,24.3000,4.7824,-0.941
2023-08-02,4.9417,23.9667,4.8140,-0.741
2023-08-03,4.7833,23.7417,4.8820,-1.640
2023-08-04,4.7750,23.3917,4.8548,-0.898
2023-08-07,4.6667,23.1500,4.8971,-1.282
2023-08-08,4.5417,22.4583,4.9083,-0.741
2023-08-09,4.3500,21.5500,4.9020,-1.050
2023-08-10,4.3833,21.5667,4.8453,-1.521
2023-08-11,4.3167,21.3833,4.8944,-1.196
2023-08-14,4.3167,21.5333,4.9555,-0.660
2023-08-15,4.2750,21.4833,4.9753,-0.996
2023-08-16,4.2667,21.4667,4.9660,-1.297
2023-08-17,4.2500,21.3667,4.9836,-0.872
2023-08-18,4.2417,21.2500,4.9649,-0.897
2023-08-21,4.1167,20.7667,4.9864,-1.152
2023-08-22,4.2167,20.9917,4.9370,-0.829
2023-08-23,4.2917,21.0417,4.8789,-0.490
2023-08-24,4.2000,20.6833,4.8825,-0.855
2023-08-25,4.2000,20.6583,4.8765,-0.857
2023-08-28,4.2917,21.0000,4.8931,-0.002
2023-08-29,4.3833,21.4000,4.8566,-0.523
2023-08-30,4.4000,21.5583,4.8592,-0.825
2023-08-31,4.3417,21.5417,4.9324,-0.589
2023-09-01,4.3750,21.6667,4.9425,-0.200
2023-09-05,4.2833,21.4917,4.9643,-1.060
2023-09-06,4.2250,21.1583,4.9690,-0.777
2023-09-08,4.2000,21.0917,4.9762,-0.909
2023-09-11,4.2917,21.2917,4.9346,-0.535
2023-09-12,4.3083,21.4417,4.9423,-0.693
2023-09-13,4.2833,21.1333,4.9053,-0.579
2023-09-14,4.3917,21.3750,4.8669,-0.006
2023-09-15,4.3667,21.4833,4.8674,-1.066
2023-09-18,4.2833,20.7833,4.8469,-0.108
2023-09-19,4.1917,20.4917,4.8586,-0.615
2023-09-20,4.2500,20.8083,4.8471,-1.000
2023-09-21,4.0917,20.3250,4.9212,-0.930
2023-09-22,4.0750,20.2167,4.9128,-0.974
2023-09-25,4.0583,20.3333,4.9637,-0.929
2023-09-26,4.0500,20.3583,4.9835,-0.860
2023-09-27,4.0083,20.3750,5.0565,-0.524
2023-09-28,4.0083,20.2500,5.0357,-0.322
2023-09-29,3.9750,20.1083,5.0021,-1.119
2023-10-02,3.8750,19.8167,5.0770,-0.723
2023-10-03,3.7417,19.4083,5.1348,-1.008
2023-10-04,3.7083,19.1667,5.1362,-0.626
2023-10-05,3.6417,18.8917,5.1809,-0.130
2023-10-06,3.6583,18.8917,5.1530,-0.213
2023-10-09,3.6500,18.7750,5.1530,0.178
2023-10-10,3.7083,18.8250,5.0668,-0.189
2023-10-11,3.7000,18.7667,5.0501,-0.433
2023-10-13,3.6750,18.6083,5.0740,0.208
2023-10-16,3.7417,18.7833,5.0571,0.738
2023-10-17,3.7000,18.6083,5.0157,-0.270
2023-10-18,3.5667,18.0500,5.0635,0.054
2023-10-19,3.5750,18.0250,5.0435,0.031
2023-10-20,3.5500,17.8750,5.0346,-0.012
2023-10-23,3.6167,18.1333,5.0066,-0.144
2023-10-24,3.5917,17.9583,4.9998,-0.004
2023-10-25,3.5750,17.8917,4.9987,-0.119
2023-10-26,3.6500,18.1750,5.0051,0.515
2023-10-27,3.6333,18.2000,4.9464,-1.253
2023-10-30,3.6167,18.2333,5.0390,-0.049
2023-10-31,3.6167,18.1417,5.0433,0.542
2023-11-01,3.7083,18.4833,5.0154,0.625
2023-11-03,3.8917,19.0417,4.8879,-0.103
2023-11-06,3.9167,19.2667,4.8921,-0.550
2023-11-07,3.9083,19.0000,4.8677,0.129
2023-11-08,3.8500,18.9083,4.8905,-0.423
2023-11-09,3.8333,18.9333,4.9037,-0.717
2023-11-10,4.0167,19.8000,4.9037,-0.523
2023-11-13,3.9917,19.6250,4.9090,-0.152
2023-11-14,4.1417,20.1333,4.8658,0.095
2023-11-16,4.1583,20.2000,4.8790,0.438
2023-11-17,4.1833,20.4250,4.8964,0.285
2023-11-20,3.9500,19.1667,4.8652,0.265
2023-11-21,3.9917,19.4833,4.8933,0.252
2023-11-22,3.9583,19.4167,4.8885,-0.342
2023-11-24,3.8417,18.6000,4.8990,1.185
2023-11-27,3.7667,18.5917,4.9058,-0.609
2023-11-28,3.8333,18.5750,4.8614,0.325
2023-11-29,3.7917,18.6250,4.8962,-0.323
2023-11-30,3.7167,18.2083,4.9297,0.625
2023-12-01,3.7917,18.4583,4.8860,0.367
2023-12-04,3.7250,18.4083,4.9293,-0.254
2023-12-05,3.7667,18.5500,4.9483,0.478
2023-12-06,3.7917,18.5417,4.8987,0.176
2023-12-07,3.7917,18.5917,4.9042,0.018
2023-12-08,3.8000,18.7583,4.9324,-0.081
2023-12-11,3.8083,18.7833,4.9404,0.167
2023-12-12,3.8000,18.9167,4.9635,-0.293
2023-12-13,3.9167,19.1667,4.9721,1.604
2023-12-14,3.9917,19.5583,4.8976,-0.045
2023-12-15,3.9417,19.3583,4.9391,0.568
2023-12-18,4.0250,19.6167,4.9363,1.284
2023-12-19,3.9333,19.1333,4.8638,-0.012
2023-12-20,3.8750,18.9750,4.8906,-0.126
2023-12-21,4.0083,19.5000,4.8742,0.192
2023-12-22,4.0583,19.7083,4.8579,0.034
2023-12-26,4.0917,19.6667,4.8260,0.405
2023-12-27,4.0667,19.6083,4.8321,0.215
2023-12-28,4.0833,19.8000,4.8514,0.050
2024-01-02,4.0000,19.6083,4.8943,-0.159
2024-01-03,3.9667,19.3917,4.9239,0.721
2024-01-04,3.9333,19.2917,4.9143,0.197
2024-01-05,3.9583,19.3000,4.8744,-0.029
2024-01-08,4.0167,19.4667,4.8745,0.578
2024-01-09,3.7667,18.4500,4.8956,-0.054
2024-01-10,3.6667,17.9000,4.8929,0.227
2024-01-11,3.6417,17.6667,4.8838,0.671
2024-01-12,3.6750,17.7583,4.8536,0.443
2024-01-16,3.5000,17.2333,4.9163,-0.153
2024-01-17,3.4917,17.1333,4.9280,0.430
2024-01-18,3.5333,17.3417,4.9440,0.733
2024-01-19,3.5750,17.5583,4.9280,0.338
2024-01-22,3.4917,17.3833,4.9815,0.060
2024-01-23,3.5667,17.6917,4.9744,0.285
2024-01-24,3.6750,18.1000,4.9190,-0.125
2024-01-25,3.6917,18.1500,4.9272,0.218
2024-01-26,3.7000,18.2000,4.9135,-0.110
2024-01-29,3.5833,17.8000,4.9422,-0.508
2024-01-30,3.5667,17.7250,4.9627,-0.139
2024-01-31,3.5250,17.5333,4.9390,-0.704
2024-02-01,3.5500,17.4750,4.9195,-0.062
2024-02-02,3.6000,17.8917,4.9700,0.002
2024-02-05,3.5667,17.7833,5.0018,0.317
2024-02-06,3.6583,18.1083,4.9539,0.081
2024-02-07,3.6500,18.1500,4.9628,-0.197
2024-02-08,3.5500,17.7917,4.9940,-0.354
2024-02-09,3.5250,17.4833,4.9678,0.161
2024-02-14,3.4583,17.2833,4.9653,-0.646
2024-02-15,3.4667,17.2500,4.9739,-0.041
2024-02-16,3.5333,17.6750,4.9702,-0.643
2024-02-20,3.5917,17.8333,4.9324,-0.661
2024-02-21,3.6500,18.2000,4.9276,-1.177
2024-02-22,3.6083,18.0417,4.9408,-1.184
2024-02-23,3.5667,17.8833,4.9760,-0.758
2024-02-26,3.5333,17.6667,4.9890,-0.220
2024-02-27,3.6250,18.0417,4.9423,-0.697
2024-02-28,3.5833,17.9583,4.9520,-1.190
2024-02-29,3.5917,17.9167,4.9710,-0.349
2024-03-01,3.7417,18.6917,4.9483,-0.946
2024-03-04,3.6667,18.2750,4.9428,-0.828
2024-03-05,3.6083,18.0583,4.9565,-0.961
2024-03-06,3.5833,17.8167,4.9351,-0.744
2024-03-07,3.5333,17.5500,4.9319,-0.706
2024-03-08,3.5333,17.7000,4.9766,-0.655
2024-03-11,3.5333,17.6583,4.9678,-0.597
2024-03-12,3.5667,17.9500,4.9820,-1.008
2024-03-13,3.6583,18.2167,4.9763,-0.064
2024-03-14,3.5333,17.6667,4.9812,-0.376
2024-03-15,3.4667,17.3167,4.9948,-0.008
2024-03-18,3.5250,17.8583,5.0194,-0.924
2024-03-19,3.5583,18.0500,5.0214,-1.009
2024-03-20,3.6333,18.2083,5.0041,-0.147
2024-03-21,3.6667,18.3750,4.9785,-0.656
2024-03-22,3.5833,18.0083,4.9872,-0.764
2024-03-25,3.5833,17.9750,4.9859,-0.606
2024-03-26,3.5583,17.9250,4.9910,-0.923
2024-03-27,3.6583,18.3083,4.9756,-0.579
2024-03-28,3.6833,18.5000,5.0042,-0.367
2024-04-01,3.6667,18.5833,5.0670,-0.023
2024-04-02,3.6917,18.7250,5.0528,-0.383
2024-04-03,3.7333,18.8917,5.0621,0.036
2024-04-04,3.7917,19.2250,5.0086,-1.217
2024-04-05,3.7500,18.9500,5.0638,0.207
2024-04-08,3.8250,19.2917,5.0292,-0.285
2024-04-09,3.8167,19.1667,5.0049,-0.337
2024-04-10,3.7417,19.0417,5.0736,-0.304
2024-04-11,3.7333,19.0583,5.0763,-0.560
2024-04-12,3.6000,18.5917,5.1374,-0.522
2024-04-15,3.7167,19.2417,5.1791,0.038
2024-04-16,3.5583,18.6833,5.2679,0.330
2024-04-17,3.5750,18.7583,5.2401,-0.133
2024-04-18,3.5700,18.7700,5.2567,-0.019
2024-04-19,3.6600,19.2200,5.2103,-0.782
2024-04-22,3.8000,19.6200,5.2090,0.888
2024-04-23,3.6600,18.8300,5.1919,0.915
2024-04-24,3.5600,18.3600,5.1570,-0.006
2024-04-25,3.4900,18.2300,5.1643,-1.133
2024-04-26,3.6100,18.6300,5.1143,-0.898
2024-04-29,3.6000,18.6000,5.1169,-0.963
2024-04-30,3.4800,18.2600,5.1764,-1.348
2024-05-02,3.6100,18.6300,5.1131,-0.922
2024-05-03,3.8000,19.6600,5.0720,-1.965
2024-05-06,3.8300,19.6400,5.0648,-1.231
2024-05-07,3.7900,19.3100,5.0656,-0.577
2024-05-08,3.7800,19.4500,5.0645,-1.574
2024-05-09,3.7200,19.3500,5.1568,-0.862
2024-05-10,3.6600,19.1400,5.1545,-1.434
2024-05-13,3.7200,19.3100,5.1605,-0.585
2024-05-14,3.7400,19.3100,5.1348,-0.548
2024-05-15,3.8600,19.8500,5.1298,-0.247
2024-05-16,3.9700,20.0600,5.1277,1.480
2024-05-17,3.8400,19.5500,5.1155,0.478
2024-05-20,3.7400,19.2800,5.0970,-1.127
2024-05-21,3.6300,18.9500,5.1123,-2.070
2024-05-22,3.5500,18.5600,5.1460,-1.572
2024-05-23,3.5300,18.4500,5.1500,-1.466
2024-05-24,3.6000,18.7200,5.1491,-0.979
2024-05-28,3.5400,18.4700,5.1541,-1.215
2024-05-29,3.4800,18.2400,5.2030,-0.732
2024-05-31,3.4600,18.1100,5.2413,0.137
2024-06-03,3.3400,17.5900,5.2345,-0.607
2024-06-04,3.2600,17.3900,5.2887,-0.856
2024-06-05,3.2300,17.2500,5.2824,-1.089
2024-06-06,3.2800,17.2800,5.2549,-0.254
2024-06-07,3.1600,16.9700,5.2731,-1.809
2024-06-10,3.1300,16.8500,5.3645,-0.351
2024-06-11,3.1900,17.2500,5.3529,-1.010
2024-06-12,3.1900,17.3700,5.3920,-0.976
2024-06-13,3.1900,17.3300,5.3777,-1.011
2024-06-14,3.1300,17.0000,5.3559,-1.388
2024-06-17,3.0900,16.8900,5.4173,-0.891
2024-06-18,3.0900,16.9800,5.4054,-1.633
2024-06-20,3.1600,17.4000,5.4471,-1.076
2024-06-21,3.2400,17.7400,5.4539,-0.391
2024-06-24,3.2900,17.8500,5.4025,-0.425
2024-06-25,3.2600,17.8400,5.4358,-0.669
2024-06-26,3.3000,18.2100,5.5081,-0.183
2024-06-27,3.3000,18.2600,5.5295,-0.069
2024-06-28,3.3000,18.3800,5.5596,-0.181
2024-07-01,3.2300,18.3200,5.5887,-1.466
2024-07-02,3.2600,18.4800,5.6768,0.143
2024-07-03,3.3500,18.3400,5.5724,1.786
2024-07-05,3.2800,18.0000,5.4802,-0.139
2024-07-08,3.2400,17.8000,5.4587,-0.639
2024-07-09,3.3000,17.9100,5.4316,0.080
2024-07-10,3.3300,17.8800,5.4030,0.626
2024-07-11,3.3100,18.1200,5.4265,-0.874
2024-07-12,3.3500,18.2700,5.4559,0.040
2024-07-15,3.3900,18.6000,5.4383,-0.883
2024-07-16,3.4800,19.0000,5.4566,-0.058
2024-07-17,3.4600,19.0200,5.4769,-0.368
2024-07-18,3.3400,18.6800,5.5395,-0.953
2024-07-19,3.3600,18.7900,5.5569,-0.632
2024-07-22,3.4100,18.8900,5.5485,0.161
2024-07-23,3.2500,18.0400,5.5685,0.319
2024-07-24,3.1700,17.9500,5.6352,-0.481
2024-07-25,3.2400,18.3200,5.6254,-0.511
2024-07-26,3.2300,18.3200,5.6551,-0.295
2024-07-29,3.2200,18.1200,5.6514,0.428
2024-07-30,3.2000,18.0300,5.6543,0.354
2024-07-31,3.2400,18.2600,5.6628,0.479
2024-08-01,3.1700,18.1700,5.6935,-0.669
2024-08-02,3.0500,17.3300,5.7359,0.949
2024-08-05,3.0200,17.2200,5.7496,0.835
2024-08-06,3.0300,17.2000,5.6409,-0.628
2024-08-07,3.0200,17.1300,5.6000,-1.273
2024-08-08,3.1100,17.3800,5.6012,0.229
2024-08-09,3.1600,17.5100,5.5099,-0.564
2024-08-12,3.1800,17.6000,5.5058,-0.520
2024-08-13,3.2000,17.5100,5.4867,0.271
2024-08-14,3.1600,17.4000,5.4577,-0.883
2024-08-15,3.1500,17.4000,5.4610,-1.137
2024-08-16,3.1500,17.2200,5.4751,0.154
2024-08-19,3.2600,17.6500,5.4048,-0.172
2024-08-20,3.2300,17.7500,5.4727,-0.412
2024-08-21,3.3600,18.4300,5.4737,-0.208
2024-08-22,3.2700,18.2800,5.5675,-0.406
2024-08-23,3.3400,18.2800,5.5102,0.679
2024-08-26,3.3600,18.4200,5.4980,0.289
2024-08-27,3.3200,18.2700,5.5043,0.023
2024-08-28,3.2500,18.0600,5.5351,-0.393
2024-08-29,3.2900,18.4700,5.6355,0.383
2024-08-30,3.2600,18.3000,5.6193,0.103
2024-09-03,3.1300,17.7000,5.6490,-0.105
2024-09-04,3.2200,18.2400,5.6403,-0.429
2024-09-05,3.2800,18.4000,5.5924,-0.309
2024-09-06,3.2600,18.1700,5.5884,0.265
2024-09-09,3.3100,18.5000,5.6042,0.270
2024-09-10,3.2700,18.4900,5.6483,-0.108
2024-09-11,3.3000,18.5700,5.6481,0.370
2024-09-12,3.3200,18.6000,5.6499,0.848
2024-09-13,3.3700,18.8000,5.5495,-0.522
2024-09-16,3.3500,18.4800,5.5104,-0.109
2024-09-17,3.3700,18.5200,5.5013,0.105
2024-09-18,3.3900,18.4200,5.4825,0.899
2024-09-19,3.4200,18.4500,5.4048,0.187
2024-09-20,3.2600,18.0500,5.4895,-0.854
2024-09-23,3.2000,17.7400,5.5353,-0.152
2024-09-24,3.3700,18.4800,5.4660,-0.322
2024-09-25,3.3300,18.2700,5.4809,-0.102
2024-09-26,3.4800,18.9800,5.4332,-0.382
2024-09-27,3.4800,19.0000,5.4318,-0.512
2024-09-30,3.5000,19.1000,5.4509,-0.114
2024-10-01,3.5000,19.1300,5.4451,-0.377
2024-10-02,3.5400,19.3700,5.4363,-0.648
2024-10-03,3.4500,18.8500,5.4916,0.509
2024-10-04,3.5000,19.1800,5.4585,-0.392
2024-10-07,3.5700,19.4200,5.4859,0.848
2024-10-08,3.4600,19.0800,5.5297,0.277
2024-10-09,3.4200,19.1100,5.5823,-0.097
2024-10-10,3.4400,19.1500,5.5824,0.279
2024-10-11,3.3000,18.4300,5.6346,0.891
2024-10-14,3.3200,18.4600,5.6346,1.337
2024-10-15,3.2200,18.3400,5.6446,-0.896
2024-10-16,3.2200,18.2600,5.6602,-0.187
2024-10-17,3.1800,18.1900,5.6764,-0.764
2024-10-18,3.2000,18.4000,5.6787,-1.240
2024-10-21,3.1900,18.3400,5.7026,-0.811
2024-10-22,3.1600,18.1700,5.6914,-1.019
2024-10-23,3.1300,17.9600,5.7045,-0.584
2024-10-24,3.1200,17.9200,5.7068,-0.641
2024-10-25,3.1200,17.9900,5.7018,-1.114
2024-10-28,3.1800,18.2800,5.7063,-0.733
2024-10-29,3.1800,18.4800,5.7248,-1.489
2024-10-30,3.1700,18.4200,5.7780,-0.563
2024-10-31,3.1200,18.3000,5.7887,-1.307
2024-11-01,3.0800,18.2000,5.8292,-1.352
2024-11-04,3.1100,18.2300,5.7707,-1.553
2024-11-05,3.1000,18.2100,5.7720,-1.740
2024-11-06,3.4900,19.9600,5.7043,-0.260
2024-11-07,3.6100,20.5000,5.7028,0.425
2024-11-08,3.5700,20.4600,5.7813,0.876
2024-11-11,3.5300,20.4500,5.7813,-0.205
2024-11-12,3.4000,19.6800,5.7779,-0.179
2024-11-13,3.3900,19.7900,5.8127,-0.429
2024-11-14,3.4100,20.0300,5.7771,-1.648
2024-11-18,3.4400,19.9400,5.7453,-0.883
2024-11-19,3.4300,19.6300,5.7645,0.725
2024-11-21,3.3900,19.7100,5.8279,0.236
2024-11-22,3.3900,19.7900,5.8040,-0.578
2024-11-25,3.4300,20.3100,5.8115,-1.854
2024-11-26,3.4300,19.9500,5.8089,-0.128
2024-11-27,3.4100,20.1300,5.8721,-0.527
2024-11-29,3.3600,20.3000,5.9956,-0.762
2024-12-02,3.3900,20.4800,6.0741,0.543
2024-12-03,3.4400,20.8700,6.0650,-0.031
2024-12-04,3.4200,20.8200,6.0330,-0.899
2024-12-05,3.4600,20.8500,5.9745,-0.855
2024-12-06,3.3500,20.4700,6.0739,-0.598
2024-12-09,3.4600,21.1500,6.0648,-0.784
2024-12-10,3.4800,21.0400,6.0549,0.148
2024-12-11,3.5000,21.0000,6.0090,0.150
2024-12-12,3.4000,20.6000,6.0097,-0.811
2024-12-13,3.2600,20.0000,6.0645,-1.149
2024-12-16,3.2500,20.1300,6.0579,-2.195
2024-12-17,3.3100,20.3800,6.1122,-0.729
2024-12-18,3.0900,19.6200,6.1906,-2.503
2024-12-19,3.1100,19.3700,6.1414,-1.395
2024-12-20,3.1100,19.2500,6.0815,-1.748
2024-12-23,3.0000,18.7600,6.1784,-1.198
2024-12-26,2.9800,18.7100,6.1570,-1.936
2024-12-27,2.9100,18.3400,6.2021,-1.592
2024-12-30,2.9000,18.1400,6.2013,-0.861
2025-01-02,2.8800,17.9100,6.1556,-1.015
2025-01-03,2.8000,17.3200,6.1759,-0.159
2025-01-06,2.9100,18.0300,6.1086,-1.409
2025-01-07,2.9200,17.9400,6.0641,-1.298
2025-01-08,2.8400,17.6000,6.1280,-1.116
2025-01-10,2.7200,16.8000,6.1123,-1.039
2025-01-13,2.7700,16.9900,6.1089,-0.402
2025-01-14,2.7800,17.0700,6.0506,-1.461
2025-01-15,2.8900,17.6500,6.0466,-0.993
2025-01-16,2.8200,17.2600,6.0448,-1.238
2025-01-17,2.8300,17.3700,6.0368,-1.646
2025-01-21,2.9300,17.9100,6.0275,-1.393
2025-01-22,2.9100,17.6000,5.9234,-2.062
2025-01-23,2.9300,17.4600,5.9060,-0.890
2025-01-24,2.9300,17.5600,5.8811,-1.870
2025-01-27,2.9700,17.7500,5.9156,-1.018
2025-01-28,2.9800,17.6700,5.8596,-1.179
2025-01-29,2.9400,17.4700,5.8810,-1.030
2025-01-30,2.9900,17.7700,5.8960,-0.793
2025-01-31,2.9100,17.2200,5.8370,-1.361
2025-02-03,2.9600,17.4800,5.8322,-1.240
2025-02-04,2.9400,17.0900,5.7598,-0.914
2025-02-05,2.8900,16.9000,5.7986,-0.841
2025-02-06,2.9500,17.0900,5.7735,-0.340
2025-02-07,2.8500,16.7000,5.7849,-1.276
2025-02-10,3.0200,17.5700,5.7754,-0.730
2025-02-11,3.0800,17.7400,5.7621,0.041
2025-02-12,3.0200,17.3700,5.7600,0.145
2025-02-13,3.0200,17.4500,5.7623,-0.274
2025-02-14,3.0800,17.5800,5.7152,0.130
2025-02-18,3.0800,17.4400,5.6880,0.453
2025-02-19,3.0400,17.3600,5.7143,0.066
2025-02-20,2.8900,16.4300,5.6970,0.209
2025-02-21,2.8200,16.2200,5.6976,-0.942
2025-02-24,2.8200,16.2700,5.7325,-0.641
2025-02-25,2.8500,16.3200,5.7677,0.723
2025-02-26,2.8500,16.6500,5.7800,-1.063
2025-02-27,2.9100,16.8500,5.8282,0.653
2025-02-28,2.8300,16.6600,5.8835,-0.058
2025-03-05,2.9200,16.7200,5.8077,1.426
2025-03-06,2.9500,16.8200,5.7785,1.347
2025-03-07,2.9500,16.9600,5.7872,0.662
2025-03-10,2.8600,16.8600,5.7964,-1.674
2025-03-11,2.8800,16.8000,5.8247,-0.148
2025-03-12,2.8100,16.5300,5.8208,-1.050
2025-03-13,2.8000,16.4800,5.8032,-1.402
2025-03-14,2.9400,16.9100,5.7299,-0.379
2025-03-17,3.0200,17.1900,5.6874,-0.082
2025-03-18,3.0300,17.2100,5.6714,-0.149
2025-03-19,3.0500,17.2400,5.6494,-0.054
2025-03-20,3.0300,17.2000,5.6730,-0.063
2025-03-21,2.9600,17.1400,5.7242,-1.146
2025-03-24,2.9800,17.2400,5.7295,-0.963
2025-03-25,3.0100,17.3200,5.6837,-1.224
2025-03-26,3.0300,17.4700,5.7386,-0.470
2025-03-27,2.9900,17.3800,5.7339,-1.356
2025-03-28,2.9200,16.9000,5.7672,-0.354
2025-03-31,2.8400,16.1800,5.7405,0.760
2025-04-01,2.9200,16.6100,5.6874,-0.017
2025-04-02,2.8700,16.3800,5.7004,-0.121
2025-04-03,2.8000,15.9200,5.6022,-1.469
2025-04-04,2.5700,15.1500,5.8039,-1.544
2025-04-07,2.4600,14.6000,5.9242,-0.181
2025-04-08,2.3000,14.0000,5.9878,-1.629
2025-04-09,2.5200,15.0000,6.0542,1.711
2025-04-10,2.4300,14.5400,5.9429,-0.679
2025-04-11,2.4700,14.6800,5.8781,-1.097
2025-04-14,2.5500,15.1500,5.8649,-1.284
2025-04-15,2.5000,14.9800,5.8809,-1.854
2025-04-16,2.5200,15.0700,5.8610,-1.993
2025-04-17,2.5400,14.9500,5.8308,-0.935
2025-04-22,2.5700,14.8900,5.7392,-0.942
2025-04-23,2.5900,15.0600,5.6969,-2.025
2025-04-24,2.6500,15.3700,5.6709,-2.226
2025-04-25,2.6600,15.3300,5.6810,-1.426
2025-04-28,2.7100,15.5500,5.6777,-1.051
2025-04-29,2.7100,15.3700,5.6330,-0.680
2025-04-30,2.6100,14.9900,5.6612,-1.429
2025-05-02,2.6200,14.9400,5.6485,-0.943
2025-05-05,2.5500,14.8200,5.6663,-2.503
2025-05-06,2.5600,14.7800,5.7206,-0.915
2025-05-07,2.5100,14.6100,5.7438,-1.321
2025-05-08,2.6000,14.9000,5.6798,-0.889
2025-05-09,2.6200,14.7500,5.6435,0.244
2025-05-12,2.6700,15.1500,5.6843,0.179
2025-05-13,2.7800,15.5000,5.6023,0.480
2025-05-14,2.7800,15.5700,5.6131,0.221
2025-05-15,2.7700,15.7100,5.6370,-0.608
2025-05-16,2.8100,15.7700,5.6775,1.165
2025-05-19,2.7800,15.6900,5.6424,-0.026
2025-05-20,2.7500,15.6100,5.6687,-0.135
2025-05-21,2.7300,15.4600,5.6591,-0.069
2025-05-22,2.7200,15.4700,5.6205,-1.178
2025-05-23,2.7100,15.4500,5.6887,-0.218
2025-05-27,2.8400,16.0800,5.6518,-0.180
2025-05-28,2.7500,15.9000,5.7053,-1.323
2025-05-29,2.7500,15.7500,5.6505,-1.340
2025-05-30,2.6300,15.2500,5.7184,-1.381
2025-06-02,2.7900,16.0200,5.7061,-0.624
2025-06-03,2.8400,16.2400,5.6444,-1.293
2025-06-04,2.8200,16.1400,5.6396,-1.464
2025-06-05,2.9600,16.7000,5.5911,-0.900
2025-06-06,2.9700,16.6900,5.5980,-0.383
2025-06-09,3.1900,17.7600,5.5755,0.146
2025-06-10,3.1500,17.6500,5.5646,-0.688
2025-06-11,3.0500,17.0000,5.5288,-0.807
2025-06-12,3.0100,16.9200,5.5456,-1.346
2025-06-13,2.9900,16.7600,5.5450,-1.077
2025-06-16,3.0500,16.8400,5.5165,-0.087
2025-06-17,2.9800,16.5800,5.4772,-1.556
2025-06-18,2.9500,16.5300,5.4921,-1.986
2025-06-20,2.8600,16.0100,5.5035,-1.686
2025-06-23,2.8900,16.0900,5.5163,-0.919
2025-06-24,2.9000,16.0900,5.4985,-0.897
2025-06-25,2.8400,15.8600,5.5589,-0.459
2025-06-26,2.8900,16.0600,5.5043,-0.950
2025-06-27,2.8700,15.9000,5.4801,-1.082
2025-06-30,2.9200,16.0000,5.4294,-0.913
2025-07-01,2.9200,16.0000,5.4589,-0.375
2025-07-02,3.0500,16.5000,5.4286,0.347
2025-07-03,3.1300,16.7900,5.4178,0.999
2025-07-07,3.0700,16.8500,5.4638,-0.452
2025-07-08,3.0900,16.8800,5.4600,-0.051
2025-07-09,3.0600,16.7900,5.4552,-0.578
2025-07-10,3.0100,16.8800,5.5355,-1.292
2025-07-11,2.9800,16.6900,5.5723,-0.507
2025-07-14,2.9300,16.6500,5.5748,-1.897
2025-07-15,2.9300,16.4700,5.5661,-0.980
2025-07-16,2.9500,16.5300,5.5650,-0.685
2025-07-17,2.9300,16.3500,5.5644,-0.283
2025-07-18,2.8500,16.1100,5.5628,-1.589
2025-07-21,2.9700,16.6200,5.5512,-0.800
2025-07-22,3.0200,16.9100,5.5543,-0.804
2025-07-23,3.1100,17.2200,5.5456,0.156
2025-07-24,3.1000,17.2800,5.5209,-0.956
2025-07-25,3.0500,17.1800,5.5669,-1.170
2025-07-28,2.9700,16.8000,5.5936,-1.113
2025-07-29,2.9600,16.7100,5.5687,-1.356
2025-07-30,3.0100,16.9800,5.6193,-0.388
2025-07-31,2.9600,16.8400,5.5848,-1.835
2025-08-01,2.8600,16.0500,5.5422,-1.242
2025-08-04,2.9200,16.2300,5.5151,-0.776
2025-08-05,2.9200,16.1700,5.5062,-0.568
2025-08-06,2.8800,15.9900,5.4757,-1.376
2025-08-07,2.9600,16.2000,5.4548,-0.332
2025-08-08,2.9900,16.3900,5.4208,-1.109
2025-08-11,2.9600,16.3500,5.4414,-1.489
2025-08-12,3.0200,16.3500,5.3915,-0.414
2025-08-13,3.0300,16.4700,5.4049,-0.566
2025-08-14,2.9600,16.3000,5.4137,-1.690
2025-08-15,2.9700,16.2300,5.3964,-1.249
2025-08-18,2.9900,16.3900,5.4206,-1.113
2025-08-19,2.9200,16.2800,5.4764,-1.775
2025-08-20,2.8900,16.0700,5.4742,-1.553
2025-08-21,2.9000,15.9800,5.4868,-0.427
2025-08-22,2.9800,16.3600,5.4196,-1.281
2025-08-25,3.0400,16.6800,5.4086,-1.426
2025-08-26,3.0100,16.8000,5.4335,-2.650
2025-08-27,3.0600,16.7800,5.4332,-0.920
2025-08-28,3.0700,16.7900,5.4093,-1.093
2025-08-29,3.0800,16.6600,5.4299,0.385
2025-09-02,3.0600,16.9200,5.4633,-1.196
2025-09-03,3.0300,16.7600,5.4571,-1.342
2025-09-04,3.0800,17.0000,5.4641,-1.003
2025-09-05,3.2000,17.4400,5.3983,-0.949
2025-09-08,3.1600,17.3700,5.4275,-1.261
2025-09-09,3.1000,17.0900,5.4280,-1.540
2025-09-10,3.1000,16.9200,5.4089,-0.901
2025-09-11,3.1200,17.0000,5.3828,-1.210
2025-09-12,3.0300,16.3000,5.3541,-0.473
2025-09-15,3.1100,16.7000,5.3088,-1.136
2025-09-16,3.1400,16.7800,5.3006,-0.811
2025-09-17,3.1400,16.8400,5.3069,-1.047
2025-09-18,3.1100,16.8100,5.3020,-1.908
2025-09-19,3.1100,16.7700,5.3257,-1.235
2025-09-22,3.1000,16.7400,5.3505,-0.917
2025-09-23,3.1600,16.8600,5.2890,-0.870
2025-09-24,3.1100,16.7000,5.3180,-0.964
2025-09-25,3.0600,16.6800,5.3435,-1.972
2025-09-26,3.0700,16.6200,5.3413,-1.337
2025-09-29,3.1100,16.7600,5.3254,-1.181
2025-09-30,3.1000,16.6100,5.3269,-0.582
2025-10-01,3.1500,16.9600,5.3343,-0.925
2025-10-02,3.2000,17.1700,5.3658,0.003
2025-10-03,3.2700,17.5000,5.3492,-0.046
2025-10-06,3.2600,17.4500,5.3150,-0.705
2025-10-07,3.1900,17.1900,5.3420,-0.867
2025-10-08,3.2700,17.5300,5.3450,-0.296
2025-10-09,3.2600,17.5700,5.3639,-0.476
2025-10-10,3.1500,17.3500,5.4845,-0.426
2025-10-13,3.2400,17.7200,5.4845,0.281
2025-10-14,3.2300,17.7100,5.4795,-0.063
2025-10-15,3.2600,17.9200,5.4426,-0.988
2025-10-16,3.2500,17.6700,5.4348,-0.039
2025-10-17,3.3300,18.0000,5.4178,0.229
2025-10-20,3.4100,18.2600,5.3708,0.298
2025-10-21,3.3700,18.1900,5.3722,-0.471
2025-10-22,3.3300,18.0000,5.3919,-0.250
2025-10-23,3.3800,18.1900,5.3837,0.038
2025-10-24,3.3700,18.2100,5.3822,-0.395
2025-10-27,3.3900,18.2200,5.3763,0.031
2025-10-28,3.4600,18.4600,5.3629,0.518
2025-10-29,3.6000,19.2500,5.3452,-0.038
2025-10-30,3.4500,18.7200,5.3840,-0.776
2025-10-31,3.4900,18.9400,5.3858,-0.758
2025-11-03,3.4800,18.7100,5.3608,-0.291
2025-11-04,3.4200,18.5800,5.3840,-0.897
2025-11-05,3.6000,19.0900,5.3578,1.038
2025-11-06,3.5700,19.1200,5.3580,0.042
2025-11-07,3.5700,19.0300,5.3432,0.238
2025-11-10,3.6000,19.1000,5.3184,0.242
2025-11-11,3.6500,18.9000,5.3184,2.710
2025-11-12,3.6100,19.0500,5.2955,0.350
2025-11-13,3.5700,18.9100,5.2858,-0.210
2025-11-14,3.5400,18.7700,5.2865,-0.297
2025-11-17,3.4900,18.7000,5.3066,-0.962
2025-11-18,3.4800,18.6500,5.3203,-0.726
2025-11-19,3.4600,18.4900,5.3366,-0.137
2025-11-21,3.4000,18.4700,5.3890,-0.798
2025-11-24,3.4500,18.5900,5.3950,0.122
2025-11-25,3.4900,18.7600,5.3900,0.272
2025-11-26,3.5900,19.1300,5.3496,0.392
2025-11-28,3.6000,19.0400,5.3399,0.964
2025-12-01,3.5700,19.1500,5.3543,-0.184
2025-12-02,3.5800,19.1100,5.3424,0.083
2025-12-03,3.6700,19.6300,5.3115,-0.697
2025-12-04,3.7000,19.6000,5.3018,0.085
2025-12-05,3.4800,19.1000,5.4108,-1.416
2025-12-08,3.4900,19.0500,5.4431,-0.281
2025-12-09,3.4900,19.0800,5.4359,-0.570
2025-12-10,3.5700,19.5900,5.4728,-0.266
2025-12-11,3.6500,19.8600,5.4037,-0.687
2025-12-12,3.6500,19.9300,5.4072,-0.972
2025-12-15,3.7800,20.3700,5.4063,0.323
2025-12-16,3.7700,20.6500,5.4603,-0.313
2025-12-17,3.6700,20.3100,5.5234,-0.193
2025-12-18,3.6900,20.4300,5.5162,-0.368
2025-12-19,3.6500,20.3700,5.5107,-1.256
2025-12-22,3.6900,20.5700,5.5747,0.003
2025-12-23,3.7400,20.7500,5.5384,-0.175
2025-12-26,3.7500,20.7500,5.5384,0.092
2025-12-29,3.6600,20.5300,5.5789,-0.542
2025-12-30,3.7200,20.3900,5.4978,0.303
2026-01-02,3.7800,20.5100,5.4224,-0.065
2026-01-05,3.8300,20.7100,5.4090,0.031
2026-01-06,3.9300,21.0500,5.3702,0.261
2026-01-07,3.9800,21.2700,5.3898,0.853
2026-01-08,3.9500,21.2000,5.3849,0.332
2026-01-09,3.9500,21.0500,5.3543,0.473
2026-01-12,3.9800,21.2500,5.3680,0.539
2026-01-13,4.0700,21.6600,5.3843,1.173
2026-01-14,4.1600,22.2100,5.3796,0.762
2026-01-15,4.1800,22.2800,5.3629,0.615
2026-01-16,4.1600,22.0400,5.3719,1.393
2026-01-20,4.1600,22.2000,5.3618,0.473
2026-01-21,4.2700,22.5600,5.3235,0.760
2026-01-22,4.3900,23.0800,5.2965,0.744
2026-01-23,4.4200,23.2500,5.2951,0.664
2026-01-26,4.3300,22.7300,5.2734,0.457
2026-01-27,4.5300,23.5000,5.2130,0.489
2026-01-28,4.5700,23.7300,5.2114,0.363
2026-01-29,4.4000,22.7400,5.2145,0.896
2026-01-30,4.2700,22.4200,5.2459,-0.089
2026-02-02,4.3200,22.5900,5.2595,0.580
2026-02-03,4.4100,23.0400,5.2238,-0.013
2026-02-04,4.2800,22.4000,5.2466,0.248
2026-02-05,4.1800,22.0100,5.2612,-0.083
2026-02-06,4.2200,21.9700,5.2183,0.233
2026-02-09,4.2800,22.2500,5.1906,-0.154
2026-02-10,4.2400,22.1500,5.1993,-0.474
2026-02-11,4.3500,22.6500,5.1756,-0.601
2026-02-12,4.2400,22.1900,5.1967,-0.703
2026-02-13,4.1200,21.6500,5.2297,-0.479
2026-02-18,4.1200,21.6200,5.2150,-0.621
2026-02-19,4.1200,21.5200,5.2244,0.021
2026-02-20,4.1700,21.6400,5.1860,-0.066
2026-02-23,4.1600,21.6100,5.1540,-0.784
2026-02-24,4.0700,21.1300,5.1471,-0.858
2026-02-25,4.1500,21.4100,5.1374,-0.419
2026-02-26,4.0700,21.0800,5.1524,-0.521
2026-02-27,4.0400,20.9900,5.1369,-1.129
2026-03-02,3.9800,20.8000,5.1901,-0.689
2026-03-03,3.7000,19.7500,5.2732,-1.211
2026-03-04,3.7500,19.8600,5.2125,-1.577
2026-03-05,3.6400,19.3200,5.2585,-0.927
2026-03-06,3.5600,18.9000,5.2698,-0.738
2026-03-09,3.5800,18.7500,5.2099,-0.526
2026-03-10,3.6400,18.8500,5.1405,-0.735
2026-03-11,3.6000,18.6700,5.1570,-0.561
2026-03-12,3.4000,18.0300,5.2140,-1.677
2026-03-13,3.3000,17.7300,5.2914,-1.514
2026-03-16,3.3400,17.8000,5.2661,-1.187
2026-03-17,3.3400,17.6600,5.1971,-1.708
2026-03-18,3.2800,17.3900,5.2013,-1.896
2026-03-19,3.3000,17.4900,5.2449,-1.040
2026-03-20,3.2600,17.4500,5.2896,-1.180
2026-03-23,3.4100,18.0000,5.2460,-0.617
2026-03-24,3.4400,18.2400,5.2617,-0.766
2026-03-25,3.5000,18.4600,5.2195,-1.039
2026-03-26,3.4700,18.4300,5.2296,-1.537
2026-03-27,3.4200,18.1300,5.2312,-1.320
2026-03-30,3.4600,18.3600,5.2367,-1.313
2026-03-31,3.6100,19.0000,5.2115,-0.982
2026-04-01,3.7900,19.7200,5.1510,-1.003
2026-04-02,3.7800,19.8100,5.1597,-1.546
2026-04-06,3.7600,19.6200,5.1525,-1.257
2026-04-07,3.7900,19.7000,5.1598,-0.733
2026-04-08,3.9700,20.4400,5.0935,-1.070
2026-04-09,4.1800,21.3300,5.0704,-0.636
2026-04-10,4.2300,21.2900,5.0254,-0.153
2026-04-13,4.2100,21.1200,5.0219,0.105
2026-04-14,4.2700,21.6000,4.9867,-1.420
2026-04-15,4.3100,21.8000,4.9974,-1.198
2026-04-16,4.2600,21.5300,5.0012,-1.045
2026-04-17,4.3000,21.5400,4.9810,-0.565
2026-04-20,4.2800,21.4400,4.9825,-0.536
2026-04-22,4.3300,21.7200,4.9671,-0.978
2026-04-23,4.3100,21.6800,4.9536,-1.522
2026-04-24,4.3100,21.7700,4.9997,-1.017
2026-04-27,4.3200,21.6600,4.9691,-0.893
2026-04-28,4.5100,22.5600,4.9864,-0.316
2026-04-29,4.4300,22.4600,4.9984,-1.412
2026-04-30,4.5700,22.6100,4.9792,0.641
2026-05-04,4.5000,22.6500,4.9669,-1.320
2026-05-05,4.8000,23.7500,4.9103,-0.760
2026-05-06,4.9300,24.3600,4.9264,-0.299
2026-05-07,4.7500,23.7700,4.9277,-1.529
2026-05-08,4.8500,23.8800,4.8976,-0.530
2026-05-11,4.8100,23.7000,4.8975,-0.603
2026-05-12,4.7900,23.6200,4.9005,-0.621
2026-05-13,4.6800,23.4900,4.9068,-2.240
2026-05-14,4.7100,23.5800,4.9786,-0.555
2026-05-15,4.6000,23.3400,5.0739,-0.000
2026-05-18,4.6300,23.2600,5.0060,-0.353
2026-05-19,4.5600,23.0200,5.0437,-0.090
2026-05-20,4.6900,23.4700,5.0154,0.223
2026-05-21,4.7000,23.5000,5.0032,0.064
2026-05-22,4.7500,24.0100,5.0240,-0.608
2026-05-26,4.6800,23.6100,5.0288,-0.319
2026-05-27,4.7200,23.7400,5.0620,0.643
2026-05-28,4.6500,23.5000,5.0474,-0.126
2026-05-29,4.5000,22.7700,5.0585,-0.030
2026-06-01,4.5600,23.1400,5.0323,-0.833
2026-06-02,4.8900,24.6500,5.0126,-0.561
2026-06-03,4.7500,24.1300,5.0461,-0.667
2026-06-05,4.5900,23.4800,5.1444,0.566
2026-06-08,4.5700,23.6800,5.1690,-0.244
2026-06-09,4.5600,23.4700,5.1774,0.592
2026-06-10,4.5200,23.4300,5.1760,-0.147
2026-06-11,4.6600,23.8200,5.1463,0.679
2026-06-12,4.7500,23.8800,5.0729,0.906
2026-06-15,4.6700,23.3600,5.0567,1.091
2026-06-16,4.6200,23.2900,5.0777,0.726
2026-06-17,4.4900,22.8100,5.0597,-0.403
2026-06-18,4.1700,21.6500,5.1689,-0.442
2026-06-22,4.2500,21.9000,5.1308,-0.430
2026-06-23,4.1700,21.7000,5.1812,-0.435
2026-06-24,4.0900,21.3800,5.2101,-0.331
2026-06-25,4.1400,21.4400,5.1728,-0.115
2026-06-26,4.1500,21.4200,5.1586,-0.055
2026-06-29,4.1300,21.2900,5.1812,0.509
2026-06-30,4.0400,20.7800,5.1665,0.446
2026-07-01,4.0200,20.8900,5.2008,0.082
2026-07-02,4.0700,21.1500,5.2004,0.074
2026-07-06,4.2300,21.8400,5.1472,-0.308
2026-07-07,4.2800,21.8500,5.1515,0.908
2026-07-08,4.3000,22.1400,5.1621,0.258
2026-07-09,4.4100,22.4800,5.1204,0.449
2026-07-10,4.5000,23.0100,5.1046,-0.171
2026-07-13,4.4900,22.8200,5.1201,0.742
2026-07-14,4.6100,23.3200,5.0768,0.360
2026-07-15,4.8000,24.2000,5.0796,0.752
2026-07-16,4.7200,23.9100,5.0927,0.533
2026-07-17,4.7200,24.0400,5.1080,0.290
2026-07-20,4.6800,23.6200,5.0847,0.747
2026-07-21,4.6400,23.4900,5.0752,0.251
2026-07-22,4.7700,24.0600,5.0577,0.271
2026-07-23,4.7700,24.0600,5.0841,0.795
2026-07-24,4.8100,24.2600,5.0592,0.308
2026-07-27,4.8300,24.4800,5.1041,0.706
2026-07-28,4.9500,25.1400,5.1115,0.644
2026-07-29,4.8600,24.7900,5.1270,0.513
2026-07-30,4.9600,24.9800,5.0673,0.616
2026-07-31,4.9600,24.9800,5.0709,0.687
2026-08-03,5.0600,25.6300,5.0769,0.231
2026-08-04,5.1000,25.8700,5.1101,0.740
2026-08-05,5.1400,26.3100,5.1173,-0.027
2026-08-06,5.0400,25.6500,5.1064,0.336
2026-08-07,4.9400,25.0500,5.0882,0.342
2026-08-11,4.6900,24.1600,5.1590,0.148
2026-08-12,4.8300,24.8800,5.1630,0.230
2026-08-13,4.8000,24.7900,5.1879,0.451
2026-08-14,4.7400,24.6500,5.2388,0.738
2026-08-17,4.8000,24.7800,5.1874,0.482
2026-08-18,4.6700,24.2000,5.2043,0.430
2026-08-19,4.4600,22.9400,5.1688,0.492
2026-08-20,4.3300,22.1500,5.1825,1.310
2026-08-21,4.3300,22.1500,5.1469,0.614
2026-08-24,4.3300,22.1400,5.1471,0.664
2026-08-25,4.3600,22.4500,5.1454,-0.072
2026-08-26,4.4600,22.8800,5.1622,0.627
2026-08-27,4.7000,23.9700,5.1700,1.373
2026-08-28,4.5900,23.8000,5.2168,0.610
2026-08-31,4.6100,23.7400,5.1817,0.622
2026-09-01,4.6900,24.1500,5.1522,0.057
2026-09-02,4.9700,25.4200,5.0927,-0.430
2026-09-03,4.9500,25.1400,5.1010,0.437
2026-09-04,4.9700,25.3400,5.1010,0.047
