date,adr_usd,local_px,fx,premium_pct
1999-03-11,0.7324,25.0078,42.4800,24.414
1999-03-12,0.7285,26.6875,42.5200,16.071
1999-03-15,0.6621,26.2508,42.5000,7.195
1999-03-16,0.6562,24.5039,42.5000,13.821
1999-03-17,0.6602,24.0625,42.5000,16.599
1999-03-18,0.6719,23.4844,42.5000,21.590
1999-03-19,0.6562,22.8750,42.5000,21.926
1999-03-22,0.6602,22.5312,42.5000,24.523
1999-03-23,0.6309,21.7969,42.5000,23.006
1999-03-24,0.6367,20.8984,42.5000,29.486
1999-03-25,0.6602,21.2891,42.5000,31.789
1999-03-26,0.7090,21.2109,42.5000,42.058
1999-03-29,0.7168,21.2109,42.4800,43.556
1999-03-30,0.7090,22.9062,42.5000,31.544
1999-03-31,0.6738,22.8906,42.5000,25.107
1999-04-01,0.6523,22.2188,42.5000,24.780
1999-04-05,0.6797,21.4688,42.5000,34.552
1999-04-06,0.6514,21.4453,42.7500,29.846
1999-04-07,0.6719,22.1477,42.7500,29.687
1999-04-08,0.6992,22.0785,42.7600,35.419
1999-04-09,0.6875,20.4062,42.7800,44.129
1999-04-12,0.6846,21.2227,42.7700,37.961
1999-04-13,0.6543,20.9375,42.9000,34.063
1999-04-14,0.6543,20.9375,42.8500,33.906
1999-04-15,0.6543,20.7812,42.9000,35.071
1999-04-16,0.6797,22.4438,42.7500,29.464
1999-04-19,0.6562,21.1797,42.9500,33.080
1999-04-20,0.6289,21.4844,42.9000,25.580
1999-04-21,0.6250,21.2973,42.9000,25.896
1999-04-22,0.6758,21.1320,42.8100,36.902
1999-04-23,0.6660,21.1719,42.8500,34.796
1999-04-26,0.6582,20.1172,42.9000,40.362
1999-04-27,0.6250,20.1172,42.9100,33.313
1999-04-28,0.6250,20.3047,42.9000,32.051
1999-04-29,0.6289,20.5469,42.8600,31.187
1999-04-30,0.6455,20.7035,42.8400,33.569
1999-05-03,0.6562,20.4297,42.8500,37.644
1999-05-04,0.6504,21.5234,42.8000,29.332
1999-05-05,0.6572,22.9688,42.8000,22.468
1999-05-06,0.6699,24.8062,42.8000,15.586
1999-05-07,0.6895,25.3906,42.8000,16.218
1999-05-10,0.6699,25.1562,42.8000,13.978
1999-05-11,0.6660,25.0000,42.8000,14.022
1999-05-12,0.6719,25.1723,42.8000,14.238
1999-05-13,0.6875,25.0391,42.8000,17.516
1999-05-14,0.6836,25.0391,42.8300,16.931
1999-05-17,0.6787,24.1562,42.7600,20.142
1999-05-18,0.6562,24.7656,42.7700,13.334
1999-05-19,0.6719,24.9219,42.8000,15.386
1999-05-20,0.7129,25.0000,42.8000,22.047
1999-05-21,0.7207,24.8441,42.8000,24.158
1999-05-24,0.7402,24.9648,42.8000,26.907
1999-05-25,0.7754,25.0781,42.8000,32.333
1999-05-26,0.7871,25.2188,42.9500,34.052
1999-05-27,0.7734,25.0000,43.4500,34.424
1999-05-28,0.7773,24.8285,43.1700,35.159
1999-06-01,0.7812,25.0547,43.0000,34.082
1999-06-02,0.7793,25.0863,43.0000,33.578
1999-06-03,0.7734,24.9648,43.0000,33.219
1999-06-04,0.7754,25.0004,43.0000,33.365
1999-06-07,0.8086,24.7500,43.0500,40.646
1999-06-08,0.8770,24.6094,43.0500,53.408
1999-06-09,0.7695,25.0371,43.0700,32.378
1999-06-10,0.8281,25.0660,43.1500,42.558
1999-06-11,0.8301,24.7445,43.0600,44.449
1999-06-14,0.8447,24.5262,43.2500,48.961
1999-06-15,0.8105,23.9078,43.4500,47.309
1999-06-16,0.8438,24.1770,43.2000,50.763
1999-06-17,0.8672,24.4230,43.2000,53.390
1999-06-18,0.9414,24.1531,43.1600,68.223
1999-06-21,0.9316,25.9906,43.1700,54.744
1999-06-22,0.8672,26.9750,43.3000,39.200
1999-06-23,0.9160,26.7746,43.2700,48.036
1999-06-24,0.9062,27.0656,43.4500,45.486
1999-06-25,0.9277,28.6004,43.4500,40.942
1999-06-28,0.9062,28.9051,43.4500,36.227
1999-06-29,0.9082,28.7156,43.5000,37.580
1999-06-30,0.9062,28.4453,43.4500,38.429
1999-07-01,0.9062,28.6336,43.3500,37.202
1999-07-02,0.8965,28.5594,43.4500,36.390
1999-07-06,0.9209,28.9937,43.4000,37.847
1999-07-07,0.9297,29.3457,43.4500,37.652
1999-07-08,1.0312,29.0863,43.5000,54.228
1999-07-09,1.0625,30.0375,43.3500,53.340
1999-07-12,1.1094,32.4375,43.3000,48.088
1999-07-13,1.1895,33.5613,43.3500,53.638
1999-07-14,1.3633,36.2043,43.3500,63.235
1999-07-15,1.5312,37.5672,43.2600,76.329
1999-07-16,1.7305,39.8250,43.3500,88.364
1999-07-19,1.4258,43.0113,43.2500,43.369
1999-07-20,1.3398,39.5770,43.2600,46.453
1999-07-21,1.1562,37.4348,43.3500,33.895
1999-07-22,1.1875,36.1352,43.3500,42.460
1999-07-23,1.1719,35.4105,43.2800,43.231
1999-07-26,1.1523,35.6156,43.2800,40.032
1999-07-27,1.2441,34.8215,43.4000,55.064
1999-07-28,1.3398,37.1484,43.3300,56.280
1999-07-29,1.2930,38.1629,43.4300,47.142
1999-07-30,1.2773,37.8430,43.4500,46.660
1999-08-02,1.2988,39.9434,43.3800,41.058
1999-08-03,1.3018,39.1582,43.3800,44.211
1999-08-04,1.2930,40.1301,43.4000,39.832
1999-08-05,1.3281,39.6012,43.4500,45.721
1999-08-06,1.2793,40.3883,43.4800,37.723
1999-08-09,1.2773,39.6195,43.3500,39.762
1999-08-10,1.2969,39.3328,43.4500,43.263
1999-08-11,1.3555,41.2598,43.4700,42.808
1999-08-12,1.4023,42.5008,43.5000,43.531
1999-08-13,1.4688,42.6059,43.5200,50.026
1999-08-16,1.5156,43.2246,43.5000,52.528
1999-08-17,1.5000,43.5660,43.5400,49.910
1999-08-18,1.4805,43.5605,43.5500,48.011
1999-08-19,1.4492,42.8512,43.5900,47.421
1999-08-20,1.5000,42.5004,43.5900,53.846
1999-08-23,1.5352,43.2527,43.5300,54.500
1999-08-24,1.6055,42.9969,43.6500,62.986
1999-08-25,1.4609,43.8598,43.5500,45.062
1999-08-26,1.5312,43.6555,43.5500,52.755
1999-08-27,1.5703,43.6926,43.5300,56.447
1999-08-30,1.5430,43.5527,43.5600,54.323
1999-08-31,1.5498,43.3641,43.5500,55.645
1999-09-01,1.5781,42.7941,43.5500,60.600
1999-09-02,1.5410,42.6660,43.6000,57.475
1999-09-03,1.5918,43.4336,43.5700,59.680
1999-09-07,1.6904,44.9742,43.5800,63.803
1999-09-08,1.6836,46.7840,43.5700,56.793
1999-09-09,1.6406,46.4270,43.5800,54.002
1999-09-10,1.6875,46.7828,43.5500,57.089
1999-09-13,1.6250,46.7828,43.5800,51.375
1999-09-14,1.5918,45.8172,43.6000,51.477
1999-09-15,1.6543,47.2426,43.6000,52.674
1999-09-16,1.6855,47.7285,43.6100,54.010
1999-09-17,1.8105,51.1375,43.6100,54.403
1999-09-20,2.0527,54.8555,43.6100,63.192
1999-09-21,1.9883,59.2441,43.6300,46.426
1999-09-22,1.9688,60.2238,43.5800,42.465
1999-09-23,1.9258,60.9203,43.5900,37.794
1999-09-24,1.8789,59.5621,43.5900,37.506
1999-09-27,1.8672,54.7973,43.5900,48.531
1999-09-28,2.0352,54.5180,43.6800,63.057
1999-09-29,2.0479,57.0227,43.7000,56.940
1999-09-30,2.2344,55.7281,43.5900,74.771
1999-10-01,2.1182,56.9820,43.7300,62.555
1999-10-04,2.2109,56.3793,43.7300,71.489
1999-10-05,2.2656,57.8203,43.7300,71.351
1999-10-06,2.5820,59.5645,43.7000,89.433
1999-10-07,2.4531,64.3297,43.6500,66.453
1999-10-08,2.7188,64.2590,43.5500,84.257
1999-10-11,2.6719,63.9008,43.5500,82.095
1999-10-12,2.6406,62.5027,43.5500,83.991
1999-10-13,2.4980,62.1336,43.5600,75.131
1999-10-14,2.4219,62.2301,43.5500,69.488
1999-10-15,2.3906,60.1633,43.5600,73.088
1999-10-18,2.3594,59.0203,43.5200,73.974
1999-10-19,2.4219,59.0203,43.4000,78.090
1999-10-20,2.3438,60.7055,43.5000,67.947
1999-10-21,2.2891,57.7801,43.5000,72.333
1999-10-22,2.2793,56.1320,43.5000,76.636
1999-10-25,2.5059,56.3895,43.3850,92.796
1999-10-26,2.5391,58.9512,43.4000,86.926
1999-10-27,2.3984,58.9301,43.5200,77.125
1999-10-28,2.3047,57.5953,43.5100,74.106
1999-10-29,2.3594,54.5105,43.5100,88.324
1999-11-01,2.3115,52.0391,43.5100,93.267
1999-11-02,2.2656,56.2023,43.4500,75.155
1999-11-03,2.3516,58.4871,43.4600,74.738
1999-11-04,2.3555,59.3312,43.4500,72.498
1999-11-05,2.4297,62.0730,43.4500,70.074
1999-11-08,2.5312,62.0730,43.4600,77.224
1999-11-09,2.6367,62.4691,43.4600,83.437
1999-11-10,2.7969,63.5164,43.4500,91.327
1999-11-11,2.8125,62.6480,43.4500,95.063
1999-11-12,2.7969,62.6984,43.4500,93.823
1999-11-15,2.9570,62.6113,43.4500,105.207
1999-11-16,2.8789,63.3547,43.4700,97.532
1999-11-17,3.1953,63.6172,43.4500,118.237
1999-11-18,3.2812,66.9258,43.4500,113.027
1999-11-19,3.5703,67.9863,43.4600,128.231
1999-11-22,3.5957,71.8375,43.4500,117.482
1999-11-23,3.4922,71.8375,43.4500,111.221
1999-11-24,3.3135,71.2168,43.4500,102.158
1999-11-26,3.4258,75.2641,43.4800,97.907
1999-11-29,3.4121,71.8289,43.4300,106.307
1999-11-30,3.2188,72.0824,43.4800,94.154
1999-12-01,3.3047,72.4406,43.4500,98.216
1999-12-02,3.4102,72.5539,43.4500,104.222
1999-12-03,3.5312,72.7738,43.4500,110.835
1999-12-06,3.9434,73.4355,43.4300,133.211
1999-12-07,4.5312,74.3262,43.5000,165.195
1999-12-08,4.1562,77.0352,43.5000,134.694
1999-12-09,4.1562,77.2098,43.5000,134.163
1999-12-10,4.2188,77.9238,43.5000,135.506
1999-12-13,4.1250,78.6598,43.5700,128.486
1999-12-14,3.9258,77.6691,43.6000,120.376
1999-12-15,3.7578,76.0898,43.5400,115.029
1999-12-16,3.9062,77.5453,43.5500,119.378
1999-12-17,4.0625,78.8680,43.5500,124.327
1999-12-20,4.4375,79.3320,43.5500,143.600
1999-12-21,4.9385,85.6430,43.5500,151.125
1999-12-22,5.4219,92.4945,43.5500,155.283
1999-12-23,5.2676,99.8941,43.5500,129.646
1999-12-27,4.7031,98.2926,43.5500,108.379
1999-12-28,4.9258,97.3020,43.5500,120.466
1999-12-29,5.2969,105.0863,43.5500,119.514
1999-12-30,5.1094,113.0293,43.5500,96.863
1999-12-31,5.1562,113.0293,43.5100,98.487
2000-01-03,5.7676,122.0719,43.5500,105.762
2000-01-04,5.8125,131.6867,43.5500,92.225
2000-01-05,5.7656,121.1520,43.5500,107.255
2000-01-06,5.1562,111.4598,43.5500,101.467
2000-01-07,5.5156,102.5430,43.5500,134.249
2000-01-10,5.5938,107.4789,43.5500,126.656
2000-01-11,5.2656,98.8809,43.6000,132.180
2000-01-12,5.1719,102.1684,43.6000,120.708
2000-01-13,4.9688,94.4578,43.5500,129.085
2000-01-14,4.6582,95.1281,43.5500,113.254
2000-01-18,4.8164,93.2473,43.6000,125.203
2000-01-19,4.7461,100.7020,43.6000,105.487
2000-01-20,4.6211,99.5863,43.6000,102.317
2000-01-21,4.7422,104.8453,43.6000,97.204
2000-01-24,4.9688,108.4281,43.6200,99.890
2000-01-25,4.8906,110.2297,43.5900,93.398
2000-01-26,5.0625,110.2297,43.6500,100.471
2000-01-27,5.4473,115.4805,43.6300,105.805
2000-01-28,5.2812,118.9305,43.6500,93.833
2000-01-31,5.0762,112.8391,43.6500,96.364
2000-02-01,5.0156,115.8969,43.6200,88.773
2000-02-02,5.2422,115.0906,43.6500,98.819
2000-02-03,5.4688,116.2625,43.6500,105.321
2000-02-04,5.9375,123.3898,43.6500,110.043
2000-02-07,6.4033,132.7531,43.6400,110.497
2000-02-08,6.4062,139.0344,43.6300,101.033
2000-02-09,6.9688,136.0898,43.6500,123.518
2000-02-10,8.2578,143.8906,43.5800,150.104
2000-02-11,10.4697,155.4023,43.6500,194.078
2000-02-14,8.4844,167.8352,43.6500,120.659
2000-02-15,7.7188,155.6523,43.6400,116.409
2000-02-16,9.0625,156.8414,43.7500,152.793
2000-02-17,9.3164,160.9109,43.6800,152.898
2000-02-18,9.1562,154.1344,43.6800,159.478
2000-02-22,8.8125,153.5953,43.6500,150.441
2000-02-23,8.8789,143.9836,43.6800,169.358
2000-02-24,8.6641,145.2656,43.6500,160.341
2000-02-25,8.5312,140.4250,43.6500,165.187
2000-02-28,8.3750,132.9641,43.6800,175.127
2000-02-29,8.4453,137.1781,43.6500,168.729
2000-03-01,8.8438,148.1523,43.6300,160.443
2000-03-02,9.4453,160.0047,43.6500,157.672
2000-03-03,10.2656,172.8055,43.6500,159.306
2000-03-06,10.7812,186.6305,43.6300,152.041
2000-03-07,10.4688,201.5609,43.6300,126.607
2000-03-08,10.6250,192.4227,43.6500,141.022
2000-03-09,10.6250,185.2898,43.6300,150.186
2000-03-10,10.3125,182.2625,43.6500,146.974
2000-03-13,9.2812,167.6820,43.6500,141.604
2000-03-14,8.8477,154.2680,43.6400,150.286
2000-03-15,8.4062,155.7336,43.6500,135.616
2000-03-16,8.0312,143.2750,43.5800,144.287
2000-03-17,9.1206,143.2750,43.6500,177.867
2000-03-20,9.3281,143.2750,43.6300,184.059
2000-03-21,8.9062,154.7375,43.5900,150.892
2000-03-22,9.2812,167.0984,43.6500,142.448
2000-03-23,8.5938,160.3758,43.6500,133.899
2000-03-24,8.3359,169.1164,43.6500,115.156
2000-03-27,8.0156,161.9898,43.6200,115.842
2000-03-28,8.4688,155.4312,43.6500,137.829
2000-03-29,7.8125,159.2016,43.6500,114.204
2000-03-30,6.9688,152.2766,43.6500,99.759
2000-03-31,6.0312,140.1586,43.6500,87.833
2000-04-03,5.0161,128.9461,43.6320,69.732
2000-04-04,5.2578,118.6305,43.6500,93.461
2000-04-05,6.1562,121.8383,43.6800,120.706
2000-04-06,7.7500,131.4891,43.6500,157.274
2000-04-07,8.6519,142.0086,43.6700,166.059
2000-04-10,7.5723,153.3695,43.6600,115.561
2000-04-11,7.1445,165.6125,43.6800,88.436
2000-04-12,6.7207,157.4531,43.7000,86.528
2000-04-13,6.5879,144.8570,43.7000,98.741
2000-04-14,5.4019,144.8570,43.7500,63.148
2000-04-17,5.4805,133.2688,43.6800,79.627
2000-04-18,6.0977,122.6078,43.7000,117.333
2000-04-19,5.6875,113.2820,43.7000,119.403
2000-04-20,5.7188,118.8055,43.6870,110.289
2000-04-24,5.1250,115.1781,43.6550,94.249
2000-04-25,5.7500,112.0680,43.7000,124.217
2000-04-26,5.8438,120.9828,43.7000,111.081
2000-04-27,6.2031,124.8164,43.7000,117.180
2000-04-28,6.3438,126.9008,43.7000,118.456
2000-05-01,6.5312,126.9008,43.6700,124.758
2000-05-02,5.9688,123.1766,43.7500,111.999
2000-05-03,5.7188,119.5141,43.7300,109.248
2000-05-04,6.1602,127.8055,43.6700,110.487
2000-05-05,6.3047,133.8438,43.7000,105.848
2000-05-08,5.9336,118.7156,43.7000,118.419
2000-05-09,6.0977,123.0625,43.7000,116.530
2000-05-10,6.0938,121.2648,44.3000,122.614
2000-05-11,5.7812,110.3273,44.4400,132.870
2000-05-12,5.5938,107.2016,44.1500,130.374
2000-05-15,5.6172,108.4266,44.4400,130.228
2000-05-16,5.9297,107.2484,44.0500,143.549
2000-05-17,5.7227,108.7945,44.0200,131.548
2000-05-18,5.5312,107.7789,44.0300,125.963
2000-05-19,5.0703,100.8805,44.0000,121.147
2000-05-22,4.6074,92.7969,44.0200,118.562
2000-05-23,4.4062,94.0055,44.1500,106.941
2000-05-24,4.4863,94.4891,44.2500,110.098
2000-05-25,4.6719,94.3617,44.2000,118.835
2000-05-26,4.3125,93.4117,44.4000,104.980
2000-05-30,4.8125,97.9211,44.6500,119.440
2000-05-31,4.7969,109.3555,44.6500,95.857
2000-06-01,5.0000,109.2758,44.6500,104.300
2000-06-02,5.8125,117.7219,44.7000,120.706
2000-06-05,6.0117,125.0305,44.7500,115.167
2000-06-06,5.8828,124.5570,44.7500,111.354
2000-06-07,5.8281,122.4469,44.8300,113.378
2000-06-08,5.8750,123.5453,44.8500,113.277
2000-06-09,5.9375,123.9852,44.8500,114.781
2000-06-12,5.9062,121.3156,44.8500,118.352
2000-06-13,5.7793,121.4133,44.8000,113.249
2000-06-14,5.6953,122.0797,44.7200,108.630
2000-06-15,5.5938,129.4117,44.8000,93.646
2000-06-16,5.5000,131.1039,44.8300,88.068
2000-06-19,5.8125,133.8391,44.8500,94.779
2000-06-20,6.0508,136.3898,44.7500,98.528
2000-06-21,6.0938,132.8242,44.7000,105.076
2000-06-22,5.7910,133.0094,44.7000,94.617
2000-06-23,5.5918,129.0508,44.7500,93.903
2000-06-26,5.4805,126.2992,44.7500,94.183
2000-06-27,5.3984,127.4609,44.7000,89.321
2000-06-28,5.7656,128.3875,44.7200,100.829
2000-06-29,5.5469,131.1016,44.7300,89.252
2000-06-30,5.5391,129.8500,44.7000,90.679
2000-07-03,5.6797,134.1180,44.7200,89.382
2000-07-05,5.5312,134.3820,44.6900,83.947
2000-07-06,5.6562,132.3164,44.8100,91.553
2000-07-07,5.6562,132.6195,44.7800,90.988
2000-07-10,5.6875,129.6344,44.7500,96.333
2000-07-11,5.5156,129.2695,44.7500,90.938
2000-07-12,5.4824,130.6492,44.7500,87.784
2000-07-13,5.2168,125.4867,44.7800,86.162
2000-07-14,5.0469,121.4070,44.7800,86.150
2000-07-17,5.0703,120.1969,44.7400,88.729
2000-07-18,4.7812,116.4773,44.8300,84.022
2000-07-19,4.6426,114.4547,44.8500,81.923
2000-07-20,4.8828,114.8008,45.0200,91.483
2000-07-21,4.6245,114.8328,44.8000,80.417
2000-07-24,4.0625,107.0594,44.7700,69.885
2000-07-25,4.1719,111.2258,44.9500,68.599
2000-07-26,3.8008,104.0016,44.9800,64.381
2000-07-27,4.0781,106.0500,44.9500,72.854
2000-07-28,4.0625,106.9578,44.9600,70.768
2000-07-31,4.1543,105.6445,45.1500,77.545
2000-08-01,3.7695,105.4398,45.1500,61.414
2000-08-02,3.2891,103.5484,45.4000,44.206
2000-08-03,3.3320,100.7906,45.4000,50.088
2000-08-04,3.6172,98.8313,45.4000,66.162
2000-08-07,3.6289,100.6062,45.6200,64.553
2000-08-08,4.2344,116.5508,45.8000,66.395
2000-08-09,4.0273,118.3070,45.7000,55.569
2000-08-10,3.8730,113.6023,45.9000,56.487
2000-08-11,3.9883,113.0555,45.9000,61.922
2000-08-14,4.2930,113.7578,45.8500,73.028
2000-08-15,4.3555,113.7578,45.8000,75.355
2000-08-16,4.4375,120.8641,45.8000,68.154
2000-08-17,4.3828,118.1539,45.9500,70.447
2000-08-18,4.5781,124.5453,45.9000,68.722
2000-08-21,5.2773,124.4672,45.7300,93.893
2000-08-22,4.8125,129.6227,45.7500,69.856
2000-08-23,4.7461,125.7164,45.9000,73.283
2000-08-24,4.9258,128.2977,46.0500,76.802
2000-08-25,4.9375,127.4352,46.0500,78.422
2000-08-28,4.7505,121.8422,45.8300,78.686
2000-08-29,4.5781,122.5227,46.0000,71.881
2000-08-30,4.4980,122.6906,45.9000,68.277
2000-08-31,4.8755,130.1062,45.9000,72.002
2000-09-01,5.0312,130.1062,45.8000,77.110
2000-09-05,4.8652,133.3141,45.7400,66.926
2000-09-06,4.7188,130.6328,45.6500,64.898
2000-09-07,4.8750,130.5953,46.0500,71.900
2000-09-08,4.8789,134.1047,45.7300,66.372
2000-09-11,4.8594,135.6523,45.6500,63.529
2000-09-12,4.9062,138.1469,45.7000,62.302
2000-09-13,4.9531,136.1891,45.7000,66.209
2000-09-14,4.7344,134.2430,45.8000,61.524
2000-09-15,4.4375,132.7781,45.8500,53.233
2000-09-18,4.0508,125.1039,46.1500,49.431
2000-09-19,4.2031,119.4023,46.4500,63.510
2000-09-20,4.0742,121.8187,46.3000,54.850
2000-09-21,4.0781,118.4336,46.0900,58.706
2000-09-22,3.9688,110.0188,46.1800,66.587
2000-09-25,4.1680,117.8305,46.1600,63.280
2000-09-26,4.0078,113.2469,46.1000,63.148
2000-09-27,4.1055,116.5805,46.1500,62.521
2000-09-28,4.1406,115.2625,46.0500,65.427
2000-09-29,4.1250,115.0195,46.0600,65.187
2000-10-02,3.9688,115.0195,46.1000,59.068
2000-10-03,3.7148,116.7281,46.1800,46.967
2000-10-04,3.7227,119.5578,46.1700,43.759
2000-10-05,3.7793,117.4539,46.1700,48.561
2000-10-06,3.6953,117.7211,46.1700,44.930
2000-10-09,3.7578,115.5305,46.1700,50.175
2000-10-10,3.5625,114.7008,46.2500,43.648
2000-10-11,3.3047,106.4758,46.3500,43.856
2000-10-12,3.5078,106.1578,46.3000,52.991
2000-10-13,3.6875,101.8273,46.4500,68.211
2000-10-16,3.6641,101.8961,46.4000,66.849
2000-10-17,3.5312,101.0039,46.3500,62.047
2000-10-18,3.4453,97.3445,46.4500,64.400
2000-10-19,3.9648,104.1773,46.4000,76.592
2000-10-20,3.9688,111.3102,46.4000,65.439
2000-10-23,3.7188,107.3484,46.4500,60.911
2000-10-24,3.9180,109.6914,46.4800,66.018
2000-10-25,3.8359,112.2344,46.7000,59.611
2000-10-26,3.9004,111.5938,46.7000,63.224
2000-10-27,4.0391,112.5148,46.7800,67.931
2000-10-30,3.9395,111.1180,46.7800,65.849
2000-10-31,4.2969,111.4523,46.9000,80.816
2000-11-01,4.4922,114.1078,46.8200,84.321
2000-11-02,4.4824,115.7406,46.8500,81.441
2000-11-03,4.3789,118.2812,46.7000,72.889
2000-11-06,4.3086,118.7453,46.6400,69.230
2000-11-07,4.2773,120.4836,46.7000,65.792
2000-11-08,4.2070,124.2422,46.7200,58.201
2000-11-09,4.2031,123.8063,46.7500,58.713
2000-11-10,3.9961,120.9078,46.7800,54.611
2000-11-13,3.8008,115.0141,46.7700,54.557
2000-11-14,3.9922,119.5133,46.8500,56.496
2000-11-15,3.9844,118.8695,46.8300,56.969
2000-11-16,3.8711,117.9219,46.8500,53.797
2000-11-17,3.9062,119.3195,46.8200,53.278
2000-11-20,3.9297,119.6266,46.9000,54.065
2000-11-21,4.1836,119.2641,46.8500,64.342
2000-11-22,4.1094,116.4336,46.8600,65.386
2000-11-24,4.1953,116.5359,46.9100,68.877
2000-11-27,4.1094,118.3258,46.9000,62.881
2000-11-28,3.9062,116.4992,46.9300,57.358
2000-11-29,3.9688,115.3422,46.9500,61.548
2000-11-30,3.7461,112.2523,46.8700,56.415
2000-12-01,3.8691,113.8797,46.8900,59.312
2000-12-04,3.6602,112.2242,46.8800,52.898
2000-12-05,4.1562,112.2109,46.8000,73.345
2000-12-06,3.9375,114.1344,46.7800,61.385
2000-12-07,3.7930,113.8555,46.8000,55.909
2000-12-08,3.9199,115.4961,46.8000,58.839
2000-12-11,4.3281,116.7148,46.7800,73.474
2000-12-12,4.2578,116.4609,46.7800,71.028
2000-12-13,4.2188,119.1047,46.8000,65.768
2000-12-14,4.1055,117.6625,46.8000,63.294
2000-12-15,3.8594,112.5375,46.8000,60.497
2000-12-18,3.7500,110.8453,46.7900,58.295
2000-12-19,3.6445,107.6461,46.7500,58.280
2000-12-20,3.4688,103.7680,46.7500,56.276
2000-12-21,3.2812,98.0672,46.7400,56.388
2000-12-22,3.0625,90.8133,46.7700,57.723
2000-12-26,2.9707,86.2508,46.7500,61.019
2000-12-27,3.0625,85.7539,46.7300,66.885
2000-12-28,2.9219,86.6781,46.7500,57.592
2000-12-29,2.8828,88.9703,46.7500,51.479
2001-01-02,2.7305,88.7633,46.7400,43.778
2001-01-03,3.2344,87.7234,46.7500,72.368
2001-01-04,3.0938,95.3336,46.7800,51.810
2001-01-05,2.9609,99.7094,46.7600,38.857
2001-01-08,2.9019,93.5102,46.7300,45.015
2001-01-09,3.0312,92.6234,46.6800,52.768
2001-01-10,2.9609,88.5328,46.6800,56.119
2001-01-11,3.0645,86.6930,46.6800,65.006
2001-01-12,3.1562,90.6352,47.4700,65.308
2001-01-16,3.5293,95.2844,46.5500,72.419
2001-01-17,3.5332,98.4039,46.4800,66.887
2001-01-18,3.6660,100.4734,46.4500,69.484
2001-01-19,3.9004,105.4680,46.4300,71.706
2001-01-22,3.7578,106.8219,46.4300,63.333
2001-01-23,3.7539,105.5633,46.3900,64.966
2001-01-24,3.7422,106.6984,46.4200,62.807
2001-01-25,3.6719,106.0484,46.5400,61.142
2001-01-26,3.6816,106.0484,46.5300,61.536
2001-01-29,3.8125,103.6852,46.5000,70.980
2001-01-30,3.8438,107.6344,46.4600,65.914
2001-01-31,3.7773,106.1367,46.4400,65.277
2001-02-01,3.7852,105.4906,46.4100,66.526
2001-02-02,3.6016,107.2445,46.4400,55.958
2001-02-05,3.5664,104.1375,46.4300,59.009
2001-02-06,3.5938,104.2898,46.4200,59.960
2001-02-07,3.3828,101.5070,46.4600,54.832
2001-02-08,3.4238,102.1211,46.4600,55.767
2001-02-09,3.4727,100.3945,46.5400,60.982
2001-02-12,3.6562,99.5156,46.5600,71.064
2001-02-13,3.5332,99.5891,46.6000,65.327
2001-02-14,3.3984,99.5055,46.6500,59.325
2001-02-15,3.3828,101.4938,46.6300,55.419
2001-02-16,3.3916,98.3523,46.5500,60.524
2001-02-20,3.2773,97.8383,46.6600,56.300
2001-02-21,2.8438,92.3328,46.6500,43.677
2001-02-22,2.8320,90.5266,46.6300,45.877
2001-02-23,3.1250,87.8531,46.6500,65.937
2001-02-26,3.0703,89.4336,46.6600,60.187
2001-02-27,2.9805,88.0430,46.6800,58.023
2001-02-28,2.8750,97.5258,46.5900,37.344
2001-03-01,2.8242,88.4812,46.5900,48.710
2001-03-02,2.2812,77.5047,46.5900,37.132
2001-03-05,2.3750,74.9102,46.5700,47.649
2001-03-06,2.4688,74.9102,46.5300,53.345
2001-03-07,2.4707,81.1320,46.5700,41.819
2001-03-08,2.2812,80.1750,46.5600,32.479
2001-03-09,2.0859,76.7172,46.5500,26.569
2001-03-12,2.0703,69.5414,46.5700,38.643
2001-03-13,2.0410,65.5023,46.7000,45.515
2001-03-14,2.0625,73.7742,46.6900,30.531
2001-03-15,2.2188,76.1242,46.6600,35.997
2001-03-16,2.2188,73.4328,46.6900,41.072
2001-03-19,2.1094,69.6195,46.7200,41.555
2001-03-20,2.0078,68.2211,46.7100,37.472
2001-03-21,1.9688,69.9930,46.7100,31.385
2001-03-22,2.1250,67.3187,46.7400,47.541
2001-03-23,2.1328,65.8234,46.7200,51.382
2001-03-26,2.0938,67.4703,46.6900,44.889
2001-03-27,2.3984,72.7812,46.6500,53.731
2001-03-28,2.3164,73.5766,46.6500,46.868
2001-03-29,2.1562,68.9195,46.6600,45.983
2001-03-30,2.0469,63.8086,46.8500,50.287
2001-04-02,1.9375,64.2633,46.6500,40.647
2001-04-03,1.7969,63.6641,46.6700,31.723
2001-04-04,1.7480,61.1625,46.6000,33.185
2001-04-05,2.0312,61.1625,46.6400,54.895
2001-04-06,1.8813,62.9547,46.5800,39.200
2001-04-09,2.0578,62.0352,46.5800,54.514
2001-04-10,2.2328,59.8133,46.6000,73.956
2001-04-11,1.7344,50.2438,46.7500,61.377
2001-04-12,1.7656,44.7094,46.7500,84.621
2001-04-16,1.6781,47.8383,47.0700,65.117
2001-04-17,1.7003,47.7445,46.9500,67.202
2001-04-18,2.0000,55.3836,46.9500,69.545
2001-04-19,2.1250,59.7547,46.8800,66.715
2001-04-20,1.9688,59.6648,46.8800,54.689
2001-04-23,1.9244,58.1070,46.8200,55.057
2001-04-24,2.0625,60.0648,46.8800,60.976
2001-04-25,2.1872,60.0891,46.8800,70.639
2001-04-26,2.0975,57.4148,46.7800,70.898
2001-04-27,2.0712,50.7570,46.8800,91.304
2001-04-30,2.2969,57.9531,46.8800,85.801
2001-05-01,2.4128,57.9531,46.8700,95.138
2001-05-02,2.3141,61.6445,46.8700,75.944
2001-05-03,2.1953,59.4148,46.8700,73.179
2001-05-04,2.2669,59.7141,46.8700,77.929
2001-05-07,2.3438,62.3992,46.8400,75.934
2001-05-08,2.4875,62.0109,46.8300,87.853
2001-05-09,2.2531,60.3602,46.8500,74.882
2001-05-10,2.2153,60.3031,46.8800,72.220
2001-05-11,2.1956,60.7555,46.8500,69.310
2001-05-14,2.2091,60.6047,47.0000,71.317
2001-05-15,2.2969,60.9766,47.0300,77.153
2001-05-16,2.3809,59.7328,46.9700,87.221
2001-05-17,2.4125,60.9367,46.9900,86.035
2001-05-18,2.3281,61.6961,46.9800,77.281
2001-05-21,2.3125,61.7703,47.0000,75.954
2001-05-22,2.2422,62.0844,47.0600,69.958
2001-05-23,2.2562,65.9750,47.0200,60.802
2001-05-24,2.2494,65.0109,47.0200,62.689
2001-05-25,2.2578,65.2391,47.0200,62.728
2001-05-29,2.1688,66.3508,47.0200,53.690
2001-05-30,2.0612,61.3828,47.0000,57.827
2001-05-31,2.1250,58.9422,47.0000,69.446
2001-06-01,2.0969,58.6906,47.0500,68.098
2001-06-04,2.0306,56.5289,47.0600,69.048
2001-06-05,2.2469,59.2555,47.0000,78.217
2001-06-06,2.1875,59.4641,47.0300,73.009
2001-06-07,2.3125,60.4258,47.0000,79.869
2001-06-08,2.3047,61.6047,47.0300,75.944
2001-06-11,2.2094,59.4984,47.0400,74.675
2001-06-12,2.2016,59.9234,47.0800,72.970
2001-06-13,2.2125,59.9508,47.0900,73.787
2001-06-14,2.1900,59.3859,47.0000,73.324
2001-06-15,2.0506,53.1977,47.0500,81.365
2001-06-18,1.8750,52.0852,47.0200,69.266
2001-06-19,1.8978,54.1234,47.0200,64.873
2001-06-20,1.9766,52.5594,47.0100,76.787
2001-06-21,1.9688,53.2227,47.0500,74.042
2001-06-22,1.9656,53.6297,47.0400,72.410
2001-06-25,1.8678,52.0812,47.0600,68.773
2001-06-26,1.9750,56.0898,47.0700,65.740
2001-06-27,1.9438,55.3391,47.0400,65.225
2001-06-28,1.9350,56.4664,47.0600,61.266
2001-06-29,2.0312,58.5727,47.0900,63.304
2001-07-02,1.9406,58.3414,47.1800,56.936
2001-07-03,1.8375,51.4609,47.1700,68.428
2001-07-05,1.8188,54.4578,47.1800,57.569
2001-07-06,1.8059,56.8625,47.1700,49.811
2001-07-09,1.7778,54.7266,47.1900,53.298
2001-07-10,1.8722,54.7367,47.1900,61.406
2001-07-11,1.9562,58.5375,47.2100,57.770
2001-07-12,2.0941,60.9367,47.2000,62.201
2001-07-13,1.9703,57.7133,47.2100,61.173
2001-07-16,1.9078,56.7328,47.2000,58.724
2001-07-17,1.8750,57.4555,47.1600,53.902
2001-07-18,1.8600,57.5789,47.1200,52.214
2001-07-19,1.8784,57.7672,47.1600,53.352
2001-07-20,1.7791,58.7742,47.1700,42.781
2001-07-23,1.7722,56.5969,47.1700,47.701
2001-07-24,1.7266,57.7742,47.1100,40.787
2001-07-25,1.7531,57.5938,47.1900,43.644
2001-07-26,1.8094,57.0563,47.2000,49.681
2001-07-27,1.9297,56.5422,47.1900,61.051
2001-07-30,1.9813,57.1258,47.1900,63.665
2001-07-31,2.0634,58.6383,47.1800,66.023
2001-08-01,2.1403,56.9859,47.1600,77.126
2001-08-02,2.1375,58.6695,47.1100,71.635
2001-08-03,2.0625,60.3797,47.1700,61.127
2001-08-06,2.0325,59.2617,47.1600,61.745
2001-08-07,2.0391,58.6852,47.1100,63.687
2001-08-08,2.0316,57.5820,47.1900,66.492
2001-08-09,2.0312,57.5438,47.1800,66.542
2001-08-10,1.9875,57.0391,47.1700,64.362
2001-08-13,1.9219,56.5523,47.1700,60.303
2001-08-14,1.9612,59.1922,47.1500,56.225
2001-08-15,1.9284,59.1922,47.1600,53.644
2001-08-16,1.8750,58.6953,47.1600,50.651
2001-08-17,1.8012,57.3547,47.1700,48.140
2001-08-20,1.8422,57.2883,47.1800,51.714
2001-08-21,1.9228,58.4531,47.1800,55.198
2001-08-22,1.8181,58.4531,47.1800,46.749
2001-08-23,1.7800,58.8352,47.1700,42.708
2001-08-24,1.8381,59.4719,47.1700,45.791
2001-08-27,1.9031,61.2070,47.1900,46.729
2001-08-28,1.8434,61.4641,47.1900,41.533
2001-08-29,1.7625,58.6922,47.1600,41.619
2001-08-30,1.6766,57.9313,47.1800,36.542
2001-08-31,1.6406,55.2914,47.1700,39.964
2001-09-04,1.5234,53.5586,47.2200,34.314
2001-09-05,1.4844,52.5648,47.2000,33.288
2001-09-06,1.4578,51.3961,47.2200,33.936
2001-09-07,1.4688,51.8187,47.2700,33.982
2001-09-10,1.5000,54.2664,47.3800,30.965
2001-09-17,1.3563,40.8820,47.7700,58.476
2001-09-18,1.3203,41.5484,48.0500,52.692
2001-09-19,1.2188,40.3086,47.9600,45.009
2001-09-20,1.0800,38.5836,48.0300,34.442
2001-09-21,1.0625,34.7258,48.0800,47.110
2001-09-24,1.1422,37.5078,48.0800,46.413
2001-09-25,1.1250,38.8953,48.9100,41.466
2001-09-26,1.1172,39.8695,47.9100,34.249
2001-09-27,1.0319,37.0844,47.9100,33.310
2001-09-28,1.0566,36.9852,47.9000,36.837
2001-10-01,1.0375,36.3563,48.0300,37.063
2001-10-02,1.0938,36.3563,48.0300,44.495
2001-10-03,1.0719,34.1773,47.9600,50.413
2001-10-04,1.1406,37.0203,48.0400,48.015
2001-10-05,1.1691,38.6773,48.0500,45.236
2001-10-08,1.1641,37.3523,48.0500,49.745
2001-10-09,1.1263,37.9141,48.1700,43.091
2001-10-10,1.2997,39.1867,48.0900,59.498
2001-10-11,1.4094,43.1055,48.0900,57.235
2001-10-12,1.3859,46.1047,48.0700,44.502
2001-10-15,1.3856,45.4586,48.0700,46.522
2001-10-16,1.4688,46.4219,48.0500,52.026
2001-10-17,1.4803,46.9539,48.0500,51.487
2001-10-18,1.5134,44.6937,48.0800,62.810
2001-10-19,1.6250,46.1820,48.0800,69.178
2001-10-22,1.6559,47.0047,48.0500,69.276
2001-10-23,1.6203,47.2320,48.0300,64.769
2001-10-24,1.6284,47.2266,48.0800,65.787
2001-10-25,1.6906,47.1805,48.0000,71.999
2001-10-26,1.6516,47.1805,48.0200,68.095
2001-10-29,1.5416,47.1367,48.0200,57.045
2001-10-30,1.4937,46.3750,48.0300,54.706
2001-10-31,1.4753,45.5680,48.0400,55.535
2001-11-01,1.5234,46.1930,48.0500,58.468
2001-11-02,1.4997,45.4430,48.0400,58.539
2001-11-05,1.5297,44.4258,48.0200,65.345
2001-11-06,1.5141,46.0906,48.0400,57.810
2001-11-07,1.4844,44.1703,48.0400,61.442
2001-11-08,1.5316,44.7984,48.0700,64.341
2001-11-09,1.5594,45.8227,48.0500,63.517
2001-11-12,1.5469,46.3312,48.0500,60.426
2001-11-13,1.5378,45.3320,48.1100,63.205
2001-11-14,1.5656,46.1680,48.1100,63.148
2001-11-15,1.7331,50.7852,48.0300,63.910
2001-11-16,1.7134,50.7852,48.0300,62.048
2001-11-19,1.8294,55.8641,48.0000,57.185
2001-11-20,1.7669,56.2094,48.0300,50.977
2001-11-21,1.7919,54.8359,48.0300,56.948
2001-11-23,1.8906,55.5234,48.1000,63.785
2001-11-26,2.0644,61.0141,48.0500,62.574
2001-11-27,1.9972,58.9961,48.0800,62.765
2001-11-28,1.9325,59.6164,47.9900,55.562
2001-11-29,1.9156,60.8258,48.0100,51.201
2001-11-30,1.7844,60.8258,47.9800,40.753
2001-12-03,1.8250,59.3484,47.9300,47.388
2001-12-04,1.9309,62.2781,47.9300,48.607
2001-12-05,2.1275,66.4047,47.9400,53.592
2001-12-06,2.1219,70.5469,47.9000,44.071
2001-12-07,2.1006,70.8305,47.8600,41.939
2001-12-10,1.9841,68.8508,47.8700,37.946
2001-12-11,2.0156,66.0977,47.8500,45.917
2001-12-12,2.0328,68.9383,47.8400,41.068
2001-12-13,1.8997,67.0531,47.8400,35.536
2001-12-14,2.0000,65.0766,47.8600,47.088
2001-12-17,2.0684,65.0766,47.8600,52.122
2001-12-18,2.0625,66.0008,47.8600,49.561
2001-12-19,2.0062,62.3570,47.8000,53.790
2001-12-20,1.9794,64.2727,47.8300,47.300
2001-12-21,2.0156,62.4219,47.8500,54.509
2001-12-24,2.0109,63.3758,47.9500,52.147
2001-12-26,1.8813,61.7812,47.9500,46.009
2001-12-27,1.8553,61.0766,48.2100,46.447
2001-12-28,1.9156,62.9984,48.2900,46.838
2001-12-31,1.9375,63.8102,48.2700,46.565
2002-01-02,1.8425,63.1039,48.2700,40.938
2002-01-03,1.9334,66.8102,48.2800,39.719
2002-01-04,2.0831,70.0633,48.3000,43.606
2002-01-07,2.2566,73.0336,48.2800,49.174
2002-01-08,2.3519,75.2641,48.3000,50.929
2002-01-09,2.3409,69.3141,48.3200,63.191
2002-01-10,2.0925,66.3195,48.4100,52.742
2002-01-11,1.9756,61.4305,48.4400,55.785
2002-01-14,2.0269,62.9547,48.3600,55.699
2002-01-15,2.1056,60.4117,48.3100,68.382
2002-01-16,1.9375,60.7242,48.3000,54.109
2002-01-17,2.0363,64.5062,48.3100,52.499
2002-01-18,1.9191,61.7555,48.2700,50.000
2002-01-22,1.9072,62.4406,48.3000,47.528
2002-01-23,1.9375,60.6492,48.3500,54.459
2002-01-24,1.9737,60.2953,48.3500,58.272
2002-01-25,1.9141,59.8016,48.3800,54.849
2002-01-28,1.8516,59.2602,48.3700,51.130
2002-01-29,1.7478,58.9766,48.4300,43.526
2002-01-30,1.8350,57.3086,48.5300,55.391
2002-01-31,1.9638,60.5891,48.5600,57.388
2002-02-01,1.8709,59.7516,48.5500,52.020
2002-02-04,1.7697,57.9641,48.6100,48.410
2002-02-05,1.7962,58.5328,48.6900,49.419
2002-02-06,1.8703,61.2313,48.7100,48.785
2002-02-07,1.7725,57.3914,48.7200,50.469
2002-02-08,1.8044,57.7500,48.7000,52.161
2002-02-11,1.8406,58.5234,48.7500,53.324
2002-02-12,1.8875,58.6656,48.6900,56.655
2002-02-13,1.9297,59.1977,48.9000,59.401
2002-02-14,1.8872,59.9078,48.7100,53.444
2002-02-15,1.7659,59.9484,48.7100,43.488
2002-02-19,1.6237,57.9250,48.6700,36.431
2002-02-20,1.6812,57.0258,48.6400,43.402
2002-02-21,1.7016,57.1586,48.6900,44.946
2002-02-22,1.7734,57.7719,48.7900,49.772
2002-02-25,1.8188,58.5328,48.8200,51.695
2002-02-26,1.7881,59.9539,48.7500,45.397
2002-02-27,1.7537,59.9211,48.7600,42.709
2002-02-28,1.7188,55.2078,48.7600,51.801
2002-03-01,1.7703,56.4766,48.7600,52.843
2002-03-04,1.9497,56.9531,48.7200,66.784
2002-03-05,1.9734,59.8773,48.7200,60.571
2002-03-06,1.9625,61.2789,48.7100,55.997
2002-03-07,2.0912,64.4734,48.7600,58.157
2002-03-08,2.2656,66.1016,48.7600,67.124
2002-03-11,2.2613,66.2102,48.7600,66.528
2002-03-12,2.1688,65.4664,48.7600,61.531
2002-03-13,2.0563,63.3703,48.7400,58.152
2002-03-14,1.9750,63.1227,48.7700,52.593
2002-03-15,2.0187,62.4203,48.7300,57.599
2002-03-18,2.0019,62.3844,48.7400,56.404
2002-03-19,2.0234,61.6969,48.7600,59.915
2002-03-20,1.9406,61.0008,48.7600,55.121
2002-03-21,2.0022,59.7531,48.7800,63.450
2002-03-22,2.0262,59.8891,48.8000,65.107
2002-03-25,2.0197,59.8891,48.8000,64.572
2002-03-26,1.9919,57.4383,48.7800,69.162
2002-03-27,2.0594,57.5070,48.8300,74.864
2002-03-28,2.0469,58.5719,48.8300,70.643
2002-04-01,1.9853,55.7211,48.8300,73.979
2002-04-02,1.9734,55.6414,48.8500,73.257
2002-04-03,1.9969,55.0078,48.9100,77.551
2002-04-04,2.0934,57.0391,48.9200,79.545
2002-04-05,2.0741,56.7094,48.8600,78.698
2002-04-08,1.9659,56.6258,48.9100,69.806
2002-04-09,1.9750,56.2516,48.9200,71.759
2002-04-10,2.1534,59.0391,48.9100,78.398
2002-04-11,2.1641,60.6609,48.9300,74.556
2002-04-12,2.1556,60.9000,48.9400,73.229
2002-04-15,2.1109,59.5336,48.9600,73.602
2002-04-16,2.1222,59.5672,48.9600,74.429
2002-04-17,2.1381,61.8039,48.9600,69.379
2002-04-18,2.1562,61.9000,48.9300,70.445
2002-04-19,2.1141,60.1703,48.9200,71.879
2002-04-22,2.0844,61.5758,48.9500,65.699
2002-04-23,2.0391,61.3906,49.0100,62.785
2002-04-24,1.9875,60.6859,49.0000,60.478
2002-04-25,1.9531,59.3094,49.0000,61.363
2002-04-26,1.9381,59.4664,48.9900,59.668
2002-04-29,1.9094,56.7977,49.0100,64.758
2002-04-30,1.9391,57.5633,48.9800,64.993
2002-05-01,1.9375,57.5633,48.9800,64.860
2002-05-02,1.9375,58.5602,48.9800,62.053
2002-05-03,1.9703,58.6539,49.0000,64.602
2002-05-06,1.8984,58.2555,48.9700,59.584
2002-05-07,1.8587,58.1461,48.9900,56.606
2002-05-08,2.0125,59.4750,48.9700,65.703
2002-05-09,1.9403,60.0422,48.9900,58.315
2002-05-10,1.9109,59.5773,49.0200,57.231
2002-05-13,1.9906,59.8461,49.0300,63.086
2002-05-14,2.0784,60.0203,49.0200,69.751
2002-05-15,2.0581,60.5070,49.0400,66.808
2002-05-16,2.0909,59.5227,49.0500,72.305
2002-05-17,2.0934,59.0953,49.0400,73.723
2002-05-20,1.9844,59.0250,49.0600,64.936
2002-05-21,1.9531,56.4602,49.0100,69.540
2002-05-22,1.8887,57.0469,49.0100,62.266
2002-05-23,1.9503,56.8891,49.0700,68.225
2002-05-24,1.9778,59.0602,49.0200,64.159
2002-05-28,1.8341,54.9117,49.0200,63.728
2002-05-29,1.8656,55.3852,49.0100,65.088
2002-05-30,1.8125,55.3977,49.0300,60.416
2002-05-31,1.7669,52.9469,49.0600,63.717
2002-06-03,1.7534,52.0266,49.0700,65.379
2002-06-04,1.6766,52.0609,49.0700,58.024
2002-06-05,1.7256,53.7875,49.0500,57.364
2002-06-06,1.7044,53.4102,49.0300,56.460
2002-06-07,1.7337,50.7258,49.0500,67.647
2002-06-10,1.8122,52.7445,49.0200,68.422
2002-06-11,1.8622,55.1664,49.0000,65.404
2002-06-12,1.7922,54.3531,49.0000,61.568
2002-06-13,1.7709,54.0578,49.0400,60.655
2002-06-14,1.7972,52.9711,49.0300,66.348
2002-06-17,1.7675,52.8211,49.0200,64.031
2002-06-18,1.7953,51.3516,48.9900,71.275
2002-06-19,1.7344,49.2383,48.9400,72.387
2002-06-20,1.6753,50.9359,48.9400,60.967
2002-06-21,1.6622,49.0555,48.9500,65.861
2002-06-24,1.6063,49.8117,48.9100,57.717
2002-06-25,1.5731,49.9344,48.9300,54.148
2002-06-26,1.4828,47.9594,48.8700,51.097
2002-06-27,1.5469,49.5492,48.8600,52.536
2002-06-28,1.6000,51.2570,48.9100,52.674
2002-07-01,1.5606,51.8453,48.8600,47.076
2002-07-02,1.6281,51.0039,48.8700,56.001
2002-07-03,1.5938,52.8086,48.8300,47.368
2002-07-05,1.6719,53.2875,48.8600,53.296
2002-07-08,1.6953,53.5469,48.8400,54.629
2002-07-09,1.7203,52.9859,48.8200,58.506
2002-07-10,1.7169,52.0883,48.8200,60.915
2002-07-11,1.7534,51.5898,48.8100,65.896
2002-07-12,1.7781,51.8836,48.8000,67.245
2002-07-15,1.7031,50.7359,48.8500,63.982
2002-07-16,1.6944,49.5094,48.8300,67.112
2002-07-17,1.7159,49.7586,48.8100,68.323
2002-07-18,1.6413,50.1188,48.8200,59.872
2002-07-19,1.5422,49.4695,48.7500,51.976
2002-07-22,1.5478,48.2719,48.7300,56.250
2002-07-23,1.5941,50.1914,48.7200,54.733
2002-07-24,1.5781,48.0062,48.7000,60.093
2002-07-25,1.5519,48.4961,48.7100,55.872
2002-07-26,1.5466,47.1320,48.7100,59.834
2002-07-29,1.6144,46.9445,48.7600,67.681
2002-07-30,1.6328,47.4734,48.7400,67.638
2002-07-31,1.6094,47.3969,48.6900,65.328
2002-08-01,1.5756,47.7375,48.6800,60.673
2002-08-02,1.6691,46.9492,48.6800,73.059
2002-08-05,1.5969,48.1789,48.6700,61.315
2002-08-06,1.6794,48.9102,48.7300,67.319
2002-08-07,1.6697,48.9094,48.7000,66.254
2002-08-08,1.6562,48.4273,48.6800,66.489
2002-08-09,1.6316,49.4109,48.6700,60.710
2002-08-12,1.6434,50.4383,48.6400,58.484
2002-08-13,1.5938,50.4523,48.6200,53.587
2002-08-14,1.6281,49.3664,48.6300,60.384
2002-08-15,1.6391,49.3664,48.6300,61.461
2002-08-16,1.6781,50.1719,48.6000,62.555
2002-08-19,1.7550,50.4430,48.6100,69.123
2002-08-20,1.7500,51.9234,48.5900,63.765
2002-08-21,1.7313,52.9914,48.5600,58.647
2002-08-22,1.7663,52.6766,48.5500,62.789
2002-08-23,1.7531,55.2031,48.5500,54.184
2002-08-26,1.7750,54.5086,48.5500,58.097
2002-08-27,1.7300,53.4562,48.5300,57.057
2002-08-28,1.7156,53.5445,48.6000,55.720
2002-08-29,1.7219,54.4922,48.5400,53.379
2002-08-30,1.7687,56.3187,48.5200,52.382
2002-09-03,1.7341,54.6047,48.5000,54.020
2002-09-04,1.7169,54.7320,48.4800,52.076
2002-09-05,1.7422,55.9648,48.5000,50.981
2002-09-06,1.7941,55.1914,48.5700,57.883
2002-09-09,1.7797,56.2836,48.5200,53.420
2002-09-10,1.8650,56.2836,48.5200,60.775
2002-09-11,1.8453,57.6820,48.4800,55.093
2002-09-12,1.8016,56.9508,48.4800,53.360
2002-09-13,1.7891,55.7891,48.4700,55.435
2002-09-16,1.8006,55.6305,48.4300,56.756
2002-09-17,1.8394,57.3250,48.4500,55.460
2002-09-18,1.8569,55.7562,48.4300,61.289
2002-09-19,1.7691,54.6219,48.4400,56.885
2002-09-20,1.7969,54.7859,48.4600,58.940
2002-09-23,1.6900,54.4297,48.4400,50.402
2002-09-24,1.6922,53.1961,48.4200,54.026
2002-09-25,1.7437,54.1922,48.4300,55.834
2002-09-26,1.7213,54.3539,48.4300,53.366
2002-09-27,1.7188,54.8211,48.4000,51.744
2002-09-30,1.6938,53.2258,48.4000,54.018
2002-10-01,1.6969,53.2328,48.3900,54.250
2002-10-02,1.6688,53.2328,48.3900,51.694
2002-10-03,1.6844,54.1750,48.3800,50.420
2002-10-04,1.6675,54.6945,48.3800,47.499
2002-10-07,1.6022,53.9883,48.3500,43.486
2002-10-08,1.7172,55.4328,48.3900,49.902
2002-10-09,1.7497,54.3312,48.3400,55.675
2002-10-10,2.0234,56.7383,48.3800,72.536
2002-10-11,2.0234,58.9242,48.3600,66.067
2002-10-14,2.0047,59.6992,48.3600,62.392
2002-10-15,2.1353,59.6992,48.3600,72.973
2002-10-16,2.0828,58.5789,48.4100,72.125
2002-10-17,2.2562,59.8133,48.4200,82.648
2002-10-18,2.2403,59.9219,48.4400,81.104
2002-10-21,2.2494,59.8258,48.3800,81.903
2002-10-22,2.1081,59.5422,48.3900,71.328
2002-10-23,2.1328,59.3500,48.3500,73.751
2002-10-24,2.1600,59.1109,48.4200,76.934
2002-10-25,2.1844,58.6625,48.4100,80.261
2002-10-28,2.1562,58.5531,48.4500,78.420
2002-10-29,2.1281,59.2828,48.4100,73.781
2002-10-30,2.2013,59.1797,48.3500,79.843
2002-10-31,2.2359,59.3266,48.3900,82.375
2002-11-01,2.2025,60.4453,48.3600,76.214
2002-11-04,2.3547,61.3430,48.3600,85.633
2002-11-05,2.2969,63.2617,48.3500,75.547
2002-11-06,2.4297,63.2617,48.3600,85.736
2002-11-07,2.4278,63.2625,48.3400,85.514
2002-11-08,2.3578,62.4570,48.2900,82.299
2002-11-11,2.2531,61.6148,48.2900,76.586
2002-11-12,2.2750,61.5594,48.3000,78.498
2002-11-13,2.2550,61.9992,48.3000,75.674
2002-11-14,2.3000,64.3766,48.2900,72.527
2002-11-15,2.2722,67.3812,48.2300,62.638
2002-11-18,2.2719,66.4883,48.2300,64.800
2002-11-19,2.3484,66.4883,48.2300,70.354
2002-11-20,2.4953,68.8789,48.2500,74.798
2002-11-21,2.6844,70.7320,48.2100,82.963
2002-11-22,2.6312,72.3469,48.2200,75.376
2002-11-25,2.5625,71.2758,48.2300,73.396
2002-11-26,2.5000,70.3391,48.2400,71.455
2002-11-27,2.5619,69.5555,48.2700,77.789
2002-11-29,2.6016,71.2227,48.3600,76.645
2002-12-02,2.5859,72.5977,48.3200,72.116
2002-12-03,2.5281,71.2414,48.2800,71.330
2002-12-04,2.5084,68.9555,48.2300,75.449
2002-12-05,2.5062,69.3492,48.2700,74.446
2002-12-06,2.1412,70.7625,48.2400,45.973
2002-12-09,1.9844,71.5203,48.2400,33.845
2002-12-10,2.1469,70.5008,48.2400,46.899
2002-12-11,2.2250,73.1281,48.1800,46.593
2002-12-12,2.2391,75.4414,48.2200,43.115
2002-12-13,2.1512,73.0008,48.2000,42.040
2002-12-16,2.2328,71.4852,48.1800,50.488
2002-12-17,2.2494,71.4437,48.1600,51.630
2002-12-18,2.3025,71.4383,48.1500,55.190
2002-12-19,2.3603,71.4641,48.1100,58.898
2002-12-20,2.3156,72.1164,48.0300,54.222
2002-12-23,2.2331,71.8898,48.0300,49.196
2002-12-24,2.2347,73.2641,48.0400,46.531
2002-12-26,2.2938,74.1945,48.0500,48.548
2002-12-27,2.2297,74.4977,48.0100,43.692
2002-12-30,2.1869,74.0938,47.9600,41.554
2002-12-31,2.1734,74.5828,48.0000,39.878
2003-01-02,2.1606,73.7883,48.0500,40.697
2003-01-03,2.1641,75.0047,48.0300,38.578
2003-01-06,2.2353,75.0359,48.0100,43.021
2003-01-07,2.2859,74.2820,48.0000,47.714
2003-01-08,2.2578,74.8227,48.0000,44.843
2003-01-09,2.3578,74.9750,47.9600,50.825
2003-01-10,2.1562,69.5047,48.0000,48.911
2003-01-13,2.0109,67.1359,47.9600,43.656
2003-01-14,2.1475,69.4961,47.9500,48.170
2003-01-15,2.1819,72.0609,47.9700,45.244
2003-01-16,2.1719,72.0297,47.9600,44.611
2003-01-17,2.1422,72.1906,47.9600,42.317
2003-01-21,2.1275,69.8914,47.9700,46.021
2003-01-22,2.0469,70.2797,47.9300,39.595
2003-01-23,2.0000,69.1852,47.9200,38.527
2003-01-24,1.9678,68.5047,47.9000,37.594
2003-01-27,1.9331,67.1148,48.1000,38.544
2003-01-28,2.0162,67.3109,47.9200,43.541
2003-01-29,1.9766,65.6711,47.8300,43.958
2003-01-30,2.0047,66.5516,47.8500,44.135
2003-01-31,2.0300,67.1906,47.8300,44.507
2003-02-03,2.0747,68.9102,47.8000,43.912
2003-02-04,2.0734,68.8672,47.8200,43.975
2003-02-05,2.1063,68.8023,47.7700,46.239
2003-02-06,2.1291,70.5922,47.8000,44.165
2003-02-07,2.1281,70.1180,47.7200,44.833
2003-02-10,2.0234,67.2711,47.6900,43.446
2003-02-11,1.9722,66.3023,47.7000,41.885
2003-02-12,1.9688,65.2211,47.8900,44.560
2003-02-13,2.0091,65.2211,47.8700,47.458
2003-02-14,2.0334,64.8586,47.9200,50.238
2003-02-18,2.0763,66.3047,47.7500,49.523
2003-02-19,2.0156,66.2141,47.7000,45.204
2003-02-20,2.0150,66.4297,47.6500,44.536
2003-02-21,1.9913,66.0141,47.6500,43.732
2003-02-24,1.9594,65.8586,47.7400,42.032
2003-02-25,1.9125,64.4391,47.7400,41.689
2003-02-26,1.8819,63.8352,47.6700,40.532
2003-02-27,1.8750,64.1461,47.6600,39.311
2003-02-28,1.9312,66.9594,47.6600,37.462
2003-03-03,1.9062,65.9820,47.7000,37.807
2003-03-04,1.8825,64.8898,47.8500,38.816
2003-03-05,1.8406,65.2969,47.8000,34.741
2003-03-06,1.8003,64.0281,47.6300,33.924
2003-03-07,1.7622,62.8453,47.8000,34.032
2003-03-10,1.7422,63.0945,47.7000,31.711
2003-03-11,1.7750,64.4812,47.6400,31.140
2003-03-12,1.7959,62.8922,47.6500,36.068
2003-03-13,1.8334,63.5203,47.6600,37.565
2003-03-14,1.8288,63.5203,47.6600,37.213
2003-03-17,1.8744,63.0516,47.6800,41.741
2003-03-18,1.9206,63.0516,47.6800,45.239
2003-03-19,1.9034,65.4406,47.7200,38.801
2003-03-20,1.9969,68.1391,47.7500,39.936
2003-03-21,2.1003,68.9437,47.6600,45.192
2003-03-24,2.0391,68.3977,47.6800,42.143
2003-03-25,2.0266,66.6211,47.6400,44.917
2003-03-26,1.9941,66.5594,47.6400,42.725
2003-03-27,2.0156,67.0273,47.5900,43.111
2003-03-28,1.9997,66.7367,47.5500,42.478
2003-03-31,1.9172,63.3258,47.5300,43.897
2003-04-01,1.9188,63.4148,47.4500,43.570
2003-04-02,1.9531,64.5734,47.4000,43.369
2003-04-03,1.9719,67.1070,47.4300,39.368
2003-04-04,1.9297,67.1125,47.4400,36.404
2003-04-07,1.9659,68.4828,47.4400,36.186
2003-04-08,1.9453,66.1328,47.4600,39.605
2003-04-09,1.8541,64.8742,47.4500,35.609
2003-04-10,1.2578,47.6523,47.4000,25.115
2003-04-11,1.2644,41.4586,47.3800,44.496
2003-04-14,1.2878,41.4586,47.4400,47.361
2003-04-15,1.2975,44.6828,47.3600,37.524
2003-04-16,1.3106,47.2578,47.3800,31.401
2003-04-17,1.3625,46.3031,47.3400,39.301
2003-04-21,1.3687,45.8219,47.3800,41.529
2003-04-22,1.3884,45.6203,47.3400,44.078
2003-04-23,1.3763,45.0469,47.3500,44.661
2003-04-24,1.3344,45.2789,47.3600,39.571
2003-04-25,1.3062,45.4672,47.3700,36.092
2003-04-28,1.3188,45.2008,47.3500,38.145
2003-04-29,1.3094,44.8023,47.3700,38.442
2003-04-30,1.2844,43.5406,47.3700,39.734
2003-05-01,1.3016,43.5406,47.3500,41.544
2003-05-02,1.3156,45.5344,47.3500,36.808
2003-05-05,1.3722,46.0375,47.3000,40.982
2003-05-06,1.3494,46.5906,47.2800,36.934
2003-05-07,1.3181,47.2422,47.2800,31.918
2003-05-08,1.3003,46.4969,47.2500,32.137
2003-05-09,1.3125,45.7219,47.2000,35.493
2003-05-12,1.2931,43.4734,47.1800,40.338
2003-05-13,1.2969,44.9156,47.1500,36.139
2003-05-14,1.2931,44.7719,47.1500,36.181
2003-05-15,1.3372,45.0563,47.1300,39.873
2003-05-16,1.3362,46.7820,47.1200,34.590
2003-05-19,1.2859,43.6055,46.9900,38.575
2003-05-20,1.3141,44.5891,46.9500,38.364
2003-05-21,1.2969,43.5672,46.9000,39.608
2003-05-22,1.2891,42.0422,46.9100,43.832
2003-05-23,1.2681,40.8125,46.8700,45.634
2003-05-27,1.2934,40.8203,46.8500,48.450
2003-05-28,1.3281,42.9094,46.9800,45.412
2003-05-29,1.3516,43.2750,47.0500,46.946
2003-05-30,1.3813,41.7844,47.0700,55.597
2003-06-02,1.4375,43.9195,47.1500,54.323
2003-06-03,1.4431,42.5891,46.9500,59.089
2003-06-04,1.5084,43.1867,46.8500,63.639
2003-06-05,1.5219,44.6844,46.8400,59.529
2003-06-06,1.5697,46.0773,46.8800,59.703
2003-06-09,1.5531,46.3836,46.8700,56.941
2003-06-10,1.5506,44.9234,46.7900,61.505
2003-06-11,1.5759,45.9195,46.7000,60.272
2003-06-12,1.5731,46.4047,46.7300,58.415
2003-06-13,1.5963,46.4242,46.7000,60.573
2003-06-16,1.6562,45.5789,46.6600,69.553
2003-06-17,1.6409,48.3219,46.5900,58.213
2003-06-18,1.5963,47.8703,46.6200,55.456
2003-06-19,1.5187,47.5500,46.6100,48.873
2003-06-20,1.5597,47.7234,46.5700,52.199
2003-06-23,1.5375,48.3539,46.6600,48.364
2003-06-24,1.5469,49.1312,46.5700,46.624
2003-06-25,1.5709,49.0750,46.5800,49.107
2003-06-26,1.6612,50.6094,46.5700,52.866
2003-06-27,1.7156,52.0367,46.4000,52.979
2003-06-30,1.6766,51.1562,46.4000,52.068
2003-07-01,1.6900,51.6109,46.4900,52.232
2003-07-02,1.6797,49.5242,46.3600,57.237
2003-07-03,1.6600,48.7281,46.4000,58.069
2003-07-07,1.5938,48.3625,46.3400,52.710
2003-07-08,1.6325,50.6297,46.3000,49.289
2003-07-09,1.7656,50.8023,46.2400,60.706
2003-07-10,1.8281,56.6688,46.2100,49.073
2003-07-11,1.8809,54.9211,46.1000,57.883
2003-07-14,1.7444,54.4883,46.0600,47.455
2003-07-15,1.7547,53.2352,46.1300,52.049
2003-07-16,1.7031,53.8398,46.2300,46.240
2003-07-17,1.6491,54.1156,46.2300,40.876
2003-07-18,1.6934,52.9586,46.2900,48.020
2003-07-21,1.6250,51.4227,46.2700,46.217
2003-07-22,1.6419,52.1633,46.1500,45.260
2003-07-23,1.6481,53.6164,46.1600,41.892
2003-07-24,1.6922,54.0742,46.1500,44.421
2003-07-25,1.7188,54.9484,46.1500,44.354
2003-07-28,1.6750,55.1023,46.1500,40.287
2003-07-29,1.6372,56.0250,46.1300,34.803
2003-07-30,1.5909,55.7305,46.1500,31.744
2003-07-31,1.6634,56.2844,46.1500,36.392
2003-08-01,1.6812,59.0102,46.1800,31.571
2003-08-04,1.6928,58.4758,46.1500,33.599
2003-08-05,1.6437,58.2383,46.1400,30.228
2003-08-06,1.5762,54.7711,46.0500,32.527
2003-08-07,1.6406,54.8180,45.9800,37.612
2003-08-08,1.5997,55.5883,46.0100,32.405
2003-08-11,1.6075,54.4031,45.9900,35.891
2003-08-12,1.6291,53.2594,45.8900,40.365
2003-08-13,1.6141,54.1055,45.9500,37.077
2003-08-14,1.6125,53.3852,46.0000,38.943
2003-08-15,1.6106,53.3852,46.0000,38.782
2003-08-18,1.6250,54.5289,45.9000,36.785
2003-08-19,1.6562,54.5648,45.8500,39.172
2003-08-20,1.6984,57.4539,45.8800,35.629
2003-08-21,1.7397,58.0383,45.8000,37.285
2003-08-22,1.6969,56.9023,45.8800,36.818
2003-08-25,1.7000,55.6383,45.9000,40.245
2003-08-26,1.6878,58.0820,45.8800,33.323
2003-08-27,1.7594,60.2477,45.8800,33.981
2003-08-28,1.7772,60.9188,45.8800,33.846
2003-08-29,1.7750,61.3414,45.8800,32.760
2003-09-02,1.8153,60.8102,45.8800,36.962
2003-09-03,1.8338,59.5875,45.9000,41.253
2003-09-04,1.9662,65.7758,45.8000,36.911
2003-09-05,2.0850,65.5898,45.8800,45.845
2003-09-08,2.1172,66.4422,45.8500,46.102
2003-09-09,2.0963,69.9719,45.8000,37.210
2003-09-10,2.0497,67.2391,45.8200,39.676
2003-09-11,2.0831,66.0086,45.7200,44.285
2003-09-12,2.0438,65.0289,45.8000,43.942
2003-09-15,2.0175,63.1117,45.8000,46.409
2003-09-16,2.1225,65.7656,45.9000,48.136
2003-09-17,2.1594,67.6273,45.9500,46.721
2003-09-18,2.1562,66.2680,46.0000,49.676
2003-09-19,2.1631,67.4977,45.9800,47.354
2003-09-22,2.1416,68.3266,45.7700,43.457
2003-09-23,2.1594,67.4328,45.7700,46.567
2003-09-24,2.1506,70.4539,45.8800,40.050
2003-09-25,2.1406,70.4297,45.8800,39.447
2003-09-26,2.1200,71.1180,45.7700,36.439
2003-09-29,2.1331,69.9133,45.8500,39.893
2003-09-30,2.1272,70.7508,45.7800,37.642
2003-10-01,2.1534,71.4672,45.7000,37.703
2003-10-02,2.2188,71.4672,45.4300,41.041
2003-10-03,2.3028,71.2477,45.3300,46.512
2003-10-06,2.2628,71.3945,45.4900,44.178
2003-10-07,2.2559,69.9031,45.3300,46.291
2003-10-08,2.2259,68.5836,45.4300,47.447
2003-10-09,2.2581,69.4859,45.2900,47.182
2003-10-10,2.4237,72.3367,45.4200,52.187
2003-10-13,2.4922,74.1844,45.4200,52.586
2003-10-14,2.5109,73.7836,45.6600,55.386
2003-10-15,2.5206,73.9914,45.7000,55.684
2003-10-16,2.4766,72.3539,45.3300,55.158
2003-10-17,2.5094,73.9867,45.3300,53.744
2003-10-20,2.4859,72.2320,45.3600,56.111
2003-10-21,2.4925,71.1234,45.3300,58.858
2003-10-22,2.4581,70.5117,45.3500,58.096
2003-10-23,2.4281,69.0328,45.3300,59.441
2003-10-24,2.4688,71.1633,45.3200,57.221
2003-10-27,2.4406,69.4781,45.4000,59.481
2003-10-28,2.4953,69.7984,45.3100,61.984
2003-10-29,2.5819,71.4109,45.3600,64.000
2003-10-30,2.5828,72.1344,45.3500,62.378
2003-10-31,2.6406,74.0422,45.3300,61.664
2003-11-03,2.7719,77.8008,45.3200,61.465
2003-11-04,2.7984,78.5383,45.3100,61.446
2003-11-05,2.7362,78.0242,45.3400,59.004
2003-11-06,2.7341,79.3031,45.3000,56.177
2003-11-07,2.7188,77.8469,45.3300,58.312
2003-11-10,2.6556,77.1305,45.3300,56.073
2003-11-11,2.5738,76.9266,45.3300,51.662
2003-11-12,2.6250,76.0672,45.3600,56.533
2003-11-13,2.5791,74.1742,45.3900,57.823
2003-11-14,2.5931,72.2797,45.4400,63.022
2003-11-17,2.5612,72.2492,45.5500,61.476
2003-11-18,2.5875,72.0773,45.6200,63.771
2003-11-19,2.5991,72.8406,45.6300,62.815
2003-11-20,2.5625,72.2164,45.7800,62.444
2003-11-21,2.4403,72.9914,45.7500,52.955
2003-11-24,2.5425,72.2820,45.8800,61.382
2003-11-25,2.5447,73.9555,45.9500,58.107
2003-11-26,2.5600,73.9555,45.8800,58.816
2003-11-28,2.5953,76.9680,45.8200,54.502
2003-12-01,2.7338,80.6766,45.7700,55.093
2003-12-02,2.6813,80.2828,45.7000,52.627
2003-12-03,2.6094,79.5992,45.6300,49.582
2003-12-04,2.6034,79.0898,45.6600,50.301
2003-12-05,2.5353,76.7273,45.6600,50.875
2003-12-08,2.6094,76.6492,45.5500,55.066
2003-12-09,2.6250,77.8039,45.5500,53.680
2003-12-10,2.6725,77.6047,45.5500,56.862
2003-12-11,2.7484,77.7781,45.5500,60.960
2003-12-12,2.7188,78.6266,45.5500,57.503
2003-12-15,2.7738,80.3000,45.5500,57.340
2003-12-16,2.6694,81.7008,45.5000,48.660
2003-12-17,2.6234,80.0297,45.5500,49.317
2003-12-18,2.6528,80.1383,45.5000,50.618
2003-12-19,2.6400,82.2000,45.5400,46.260
2003-12-22,2.6850,83.1766,45.5200,46.942
2003-12-23,2.7222,85.1852,45.5200,45.464
2003-12-24,2.7456,84.7477,45.5000,47.409
2003-12-26,2.7275,84.3016,45.5000,47.211
2003-12-29,2.8594,85.9141,45.6600,51.965
2003-12-30,2.9222,86.5008,45.5700,53.946
2003-12-31,2.9813,86.9484,45.5500,56.180
2004-01-02,3.1031,88.5437,45.6800,60.091
2004-01-05,3.1656,91.9797,45.6000,56.940
2004-01-06,3.1359,88.8281,45.6600,61.195
2004-01-07,3.1244,88.9563,45.5300,59.913
2004-01-08,3.0806,91.3766,45.5500,53.565
2004-01-09,3.0669,90.9469,45.4800,53.366
2004-01-12,3.0906,89.3773,45.4400,57.129
2004-01-13,2.9934,90.5250,45.4400,50.259
2004-01-14,2.9953,89.1484,45.4200,52.607
2004-01-15,2.9031,86.8977,45.4400,51.808
2004-01-16,2.8281,86.3109,45.4500,48.925
2004-01-20,2.7656,84.5398,45.4300,48.619
2004-01-21,2.7891,84.3125,45.4300,50.283
2004-01-22,2.8384,80.8469,45.4300,59.499
2004-01-23,2.9328,85.3320,45.4300,56.140
2004-01-26,2.9603,85.3320,45.3600,57.362
2004-01-27,2.9488,86.8977,45.3800,53.991
2004-01-28,2.7859,84.6477,45.3600,49.290
2004-01-29,2.7925,82.0797,45.2900,54.085
2004-01-30,2.7609,81.4500,45.3200,53.623
2004-02-02,2.7078,81.4500,45.3000,50.600
2004-02-03,2.6762,81.2141,45.3000,49.277
2004-02-04,2.6950,83.7484,45.3000,45.774
2004-02-05,2.7313,84.9914,45.2900,45.542
2004-02-06,2.7853,86.8523,45.3000,45.275
2004-02-09,2.7597,88.2883,45.2500,41.441
2004-02-10,2.7575,86.0617,45.2200,44.889
2004-02-11,2.7881,85.4906,45.2400,47.542
2004-02-12,2.7628,83.6430,45.2300,49.399
2004-02-13,2.7812,84.0031,45.2400,49.785
2004-02-17,2.8575,84.3438,45.2800,53.405
2004-02-18,2.8125,83.6156,45.2400,52.170
2004-02-19,2.6397,79.7859,45.2800,49.807
2004-02-20,2.5978,79.1430,45.2300,48.464
2004-02-23,2.6109,79.4203,45.3200,48.989
2004-02-24,2.5859,78.8102,45.3200,48.705
2004-02-25,2.6244,77.6148,45.2500,53.003
2004-02-26,2.6159,76.3297,45.2700,55.147
2004-02-27,2.6259,79.1008,45.3200,50.450
2004-03-01,2.6637,83.1148,45.3200,45.246
2004-03-02,2.6597,83.1148,45.2500,44.801
2004-03-03,2.6066,81.0156,45.2200,45.489
2004-03-04,2.6644,82.5781,45.3200,46.225
2004-03-05,2.5478,82.0109,45.3200,40.794
2004-03-08,2.4359,79.8523,45.2600,38.068
2004-03-09,2.3709,77.8891,45.2300,37.680
2004-03-10,2.3469,76.5977,45.2500,38.641
2004-03-11,2.3888,75.8688,45.2800,42.565
2004-03-12,2.4688,78.7031,45.2200,41.846
2004-03-15,2.3937,77.1945,45.2500,40.317
2004-03-16,2.4872,77.2250,45.2200,45.640
2004-03-17,2.5250,78.7945,45.2700,45.069
2004-03-18,2.5125,77.1438,45.2500,47.375
2004-03-19,2.5881,81.0813,45.2000,44.279
2004-03-22,2.4966,79.3063,45.1450,42.117
2004-03-23,2.5038,80.7750,44.8500,39.020
2004-03-24,2.4503,78.8672,44.8000,39.188
2004-03-25,2.6063,80.7344,44.7300,44.396
2004-03-26,2.6159,82.9609,44.4400,40.129
2004-03-29,2.6575,81.4531,44.0000,43.555
2004-03-30,2.5969,78.7242,44.0700,45.374
2004-03-31,2.5541,77.1594,43.4000,43.659
2004-04-01,2.6269,79.8594,43.4000,42.759
2004-04-02,2.5934,78.1250,43.7500,45.233
2004-04-05,2.7028,80.8500,43.6700,45.989
2004-04-06,2.6737,83.0141,43.7000,40.751
2004-04-07,2.6022,83.2078,43.5500,36.196
2004-04-08,2.6181,83.0016,43.6000,37.528
2004-04-12,2.6250,80.3633,43.6600,42.612
2004-04-13,2.7141,85.8398,43.7500,38.328
2004-04-14,2.7009,85.8398,43.6900,37.470
2004-04-15,2.6641,83.3812,44.0000,40.582
2004-04-16,2.6525,84.2164,43.8500,38.111
2004-04-19,2.7656,83.7648,43.8800,44.877
2004-04-20,2.6984,84.0820,43.9700,41.113
2004-04-21,2.6813,84.7734,44.1000,39.481
2004-04-22,2.7497,84.1531,44.1400,44.227
2004-04-23,2.7500,82.9242,44.0000,45.916
2004-04-26,2.7041,82.9242,44.1000,43.805
2004-04-27,2.6453,80.2445,44.2300,45.807
2004-04-28,2.5963,79.7227,44.2100,43.974
2004-04-29,2.5375,78.7305,44.4000,43.102
2004-04-30,2.5231,80.4086,44.5200,39.698
2004-05-03,2.5938,81.0094,44.8800,43.696
2004-05-04,2.6541,81.5617,44.7000,45.456
2004-05-05,2.7075,82.2016,44.5500,46.736
2004-05-06,2.6728,82.7695,44.6500,44.185
2004-05-07,2.6250,81.5523,44.6600,43.751
2004-05-10,2.4856,80.0852,44.9500,39.513
2004-05-11,2.4859,78.8453,45.3500,42.985
2004-05-12,2.4497,79.4273,45.3500,39.868
2004-05-13,2.4975,81.1523,45.2500,39.259
2004-05-14,2.3328,79.5273,45.5700,33.673
2004-05-17,2.2647,70.6062,45.5000,45.941
2004-05-18,2.4500,76.2648,45.4700,46.072
2004-05-19,2.4984,77.6977,45.1800,45.280
2004-05-20,2.5266,76.9992,45.2800,48.577
2004-05-21,2.5303,76.7203,45.2800,49.338
2004-05-24,2.5994,83.1055,45.3100,41.721
2004-05-25,2.5969,83.6844,45.3600,40.760
2004-05-26,2.6175,82.5625,45.4000,43.933
2004-05-27,2.6241,82.7773,45.4000,43.919
2004-05-28,2.5859,79.0273,45.4200,48.624
2004-06-01,2.5641,82.6180,45.4300,40.993
2004-06-02,2.5697,83.3984,45.3700,39.795
2004-06-03,2.5350,81.8977,45.2200,39.971
2004-06-04,2.5547,81.5211,45.0700,41.239
2004-06-07,2.6469,81.3656,45.1000,46.713
2004-06-08,2.6109,80.9055,45.0500,45.383
2004-06-09,2.6256,81.5938,44.9400,44.614
2004-06-10,2.6412,82.3930,45.0500,44.416
2004-06-14,2.5859,78.0312,45.3500,50.289
2004-06-15,2.6884,79.4086,45.3800,53.637
2004-06-16,2.6972,80.4062,45.3400,52.091
2004-06-17,2.7031,81.2430,45.4900,51.355
2004-06-18,2.7484,82.2578,45.6600,52.561
2004-06-21,2.7272,83.6148,45.8800,49.643
2004-06-22,2.7566,83.9914,46.2100,51.659
2004-06-23,2.7550,83.1781,45.7000,51.366
2004-06-24,2.7656,84.5180,45.8500,50.032
2004-06-25,2.9288,85.6859,45.8500,56.716
2004-06-28,2.9522,87.4672,45.9900,55.225
2004-06-29,2.9141,87.2922,46.0500,53.728
2004-06-30,2.9119,86.3141,45.9900,55.151
2004-07-01,2.8788,88.0500,45.8800,50.002
2004-07-02,2.9841,88.9594,45.7500,53.464
2004-07-06,2.9131,89.1562,46.0500,50.466
2004-07-07,2.7831,87.0281,45.8400,46.595
2004-07-08,2.7188,84.5156,45.7500,47.171
2004-07-09,2.8069,86.4062,45.6600,48.325
2004-07-12,2.7462,86.0094,45.7200,45.982
2004-07-13,2.8975,87.6719,45.8600,51.564
2004-07-14,2.9819,88.8000,45.9500,54.299
2004-07-15,3.0312,90.2156,46.0800,54.829
2004-07-16,2.9375,92.3594,45.9600,46.176
2004-07-19,2.9044,92.3906,46.1100,44.951
2004-07-20,2.8806,90.4875,46.1000,46.757
2004-07-21,2.8275,89.8313,46.1300,45.197
2004-07-22,2.8569,90.1687,46.3000,46.695
2004-07-23,2.7806,90.9469,46.3500,41.711
2004-07-26,2.9250,91.2219,46.2800,48.395
2004-07-27,2.9681,92.4563,46.2500,48.476
2004-07-28,3.0375,94.2688,46.3000,49.186
2004-07-29,3.0463,95.9750,46.4500,47.432
2004-07-30,3.1344,97.0938,46.4000,49.788
2004-08-02,3.1675,97.2500,46.3500,50.965
2004-08-03,3.0969,98.5563,46.3500,45.643
2004-08-04,3.0281,96.7562,46.3600,45.090
2004-08-05,3.0375,97.3625,46.3500,44.602
2004-08-06,2.9081,95.4250,46.3300,41.193
2004-08-09,2.9456,95.8906,46.4000,42.534
2004-08-10,3.0363,95.3187,46.3400,47.610
2004-08-11,2.9137,94.0062,46.3200,43.570
2004-08-12,2.8356,93.6656,46.2100,39.896
2004-08-13,2.8419,92.4906,46.2700,42.170
2004-08-16,2.9050,92.9500,46.3600,44.891
2004-08-17,2.9037,92.6562,46.3400,45.225
2004-08-18,3.0125,92.9250,46.3400,50.228
2004-08-19,3.0887,96.0469,46.2700,48.799
2004-08-20,3.0850,96.6750,46.2500,47.589
2004-08-23,3.1244,97.4719,46.2600,48.282
2004-08-24,3.1112,97.2438,46.2950,48.118
2004-08-25,3.2137,95.9406,46.3600,55.293
2004-08-26,3.1650,96.5969,46.3500,51.866
2004-08-27,3.1588,97.8313,46.2800,49.428
2004-08-30,3.1637,98.5906,46.3500,48.736
2004-08-31,3.2581,98.4688,46.3500,53.362
2004-09-01,3.3369,98.8250,46.3400,56.469
2004-09-02,3.3969,100.1656,46.3200,57.083
2004-09-03,3.3475,100.4125,46.3300,54.453
2004-09-07,3.3006,100.9625,46.3500,51.526
2004-09-08,3.4119,101.5625,46.3500,55.707
2004-09-09,3.4375,101.4156,46.3000,56.935
2004-09-10,3.4331,103.3781,46.2600,53.627
2004-09-13,3.5387,104.7406,46.1800,56.023
2004-09-14,3.6444,106.3187,45.8500,57.164
2004-09-15,3.5638,106.3125,45.8100,53.562
2004-09-16,3.6106,105.9344,45.8200,56.171
2004-09-17,3.5881,105.6062,45.8400,55.748
2004-09-20,3.5556,103.5938,45.9300,57.645
2004-09-21,3.6125,104.7594,45.8600,58.143
2004-09-22,3.5238,103.9688,45.8600,55.431
2004-09-23,3.4762,101.8938,45.8700,56.492
2004-09-24,3.4762,100.8719,45.9000,58.181
2004-09-27,3.4031,102.4812,45.9700,52.654
2004-09-28,3.4225,100.7438,46.1000,56.612
2004-09-29,3.5275,102.4938,46.0000,58.317
2004-09-30,3.5375,105.9688,45.9100,53.259
2004-10-01,3.6494,106.4531,45.8500,57.181
2004-10-04,3.7044,107.9938,45.8500,57.274
2004-10-05,3.6412,107.5312,45.8600,55.292
2004-10-06,3.5681,105.3656,45.8600,55.301
2004-10-07,3.5525,106.5938,45.8600,52.840
2004-10-08,3.4869,106.7531,45.8000,49.596
2004-10-11,3.5031,105.4094,45.8000,52.210
2004-10-12,3.6806,106.9594,45.8700,57.845
2004-10-13,3.7738,106.9594,45.8300,61.698
2004-10-14,3.8263,113.4062,45.8100,54.560
2004-10-15,3.7969,111.6719,45.8500,55.891
2004-10-18,3.8381,110.0750,45.8300,59.801
2004-10-19,3.8688,110.4906,45.8500,60.540
2004-10-20,3.9012,109.9250,45.7000,62.190
2004-10-21,3.9731,111.2344,45.6500,63.055
2004-10-22,4.1137,111.2344,45.6200,68.715
2004-10-25,4.1881,113.7688,45.5800,67.792
2004-10-26,4.1000,116.3125,45.6600,60.951
2004-10-27,4.1531,116.7375,45.5700,62.123
2004-10-28,4.2250,121.8000,45.5100,57.865
2004-10-29,4.1519,119.1469,45.3000,57.856
2004-11-01,4.0875,121.6281,45.3300,52.338
2004-11-02,4.0725,119.4125,45.4000,54.834
2004-11-03,4.2869,122.5594,45.3300,58.555
2004-11-04,4.3844,124.2312,45.1000,59.167
2004-11-05,4.0994,123.5375,45.1000,49.656
2004-11-08,4.0613,126.1125,45.0800,45.173
2004-11-09,4.0769,127.2969,45.1200,44.504
2004-11-10,3.9938,127.5656,45.1400,41.322
2004-11-11,4.1175,126.0687,45.1400,47.431
2004-11-12,4.1188,126.7000,45.0400,46.416
2004-11-15,4.1950,126.7000,45.0300,49.093
2004-11-16,4.1800,128.0656,45.0100,46.910
2004-11-17,4.1681,129.8062,44.9600,44.368
2004-11-18,4.2112,128.9250,45.0000,46.990
2004-11-19,4.0944,128.6156,45.0000,43.254
2004-11-22,4.0231,126.7500,44.9700,42.738
2004-11-23,4.0250,126.9406,45.0200,42.748
2004-11-24,4.1231,126.4938,44.9400,46.484
2004-11-26,4.1062,126.8500,44.9400,45.475
2004-11-29,4.3938,130.6750,44.6700,50.196
2004-11-30,4.5000,134.3250,44.4700,48.978
2004-12-01,4.4219,131.7719,44.3000,48.658
2004-12-02,4.3169,129.9937,44.1000,46.449
2004-12-03,4.2444,128.2094,44.0000,45.662
2004-12-06,4.3281,126.8844,43.5100,48.416
2004-12-07,4.2031,127.4938,43.6000,43.737
2004-12-08,4.1794,126.9625,44.1500,45.334
2004-12-09,4.1669,127.6375,44.1200,44.035
2004-12-10,4.1675,127.0875,44.5200,45.992
2004-12-13,4.2175,127.3500,44.1500,46.213
2004-12-14,4.3337,128.2031,44.0500,48.906
2004-12-15,4.3275,131.2906,43.8600,44.568
2004-12-16,4.2675,132.5219,43.7500,40.885
2004-12-17,4.3419,130.5688,43.8800,45.917
2004-12-20,4.4738,132.1187,43.8500,48.483
2004-12-21,4.3812,132.1938,43.6600,44.701
2004-12-22,4.2500,130.0906,43.8000,43.093
2004-12-23,4.3031,129.1313,43.6100,45.324
2004-12-27,4.3100,128.6438,43.7500,46.577
2004-12-28,4.3906,128.8594,43.6300,48.660
2004-12-29,4.3869,129.5719,43.6700,47.852
2004-12-30,4.3594,128.0094,43.6200,48.548
2004-12-31,4.3319,130.7312,43.2700,43.378
2005-01-03,4.3225,132.4719,43.3500,41.449
2005-01-04,4.2206,130.6281,43.4700,40.453
2005-01-05,4.1756,128.2812,43.6000,41.920
2005-01-06,4.1281,127.7344,43.7500,41.391
2005-01-07,4.1206,128.1750,43.6300,40.264
2005-01-10,4.0875,124.6813,43.8200,43.658
2005-01-11,3.9531,123.2281,43.6800,40.124
2005-01-12,4.0563,119.1406,43.5300,48.202
2005-01-13,3.9844,123.0219,43.5200,40.951
2005-01-14,3.9875,123.3750,43.5500,40.754
2005-01-18,3.9581,122.8375,43.5900,40.458
2005-01-19,3.9413,122.4344,43.6100,40.384
2005-01-20,3.8900,122.7969,43.7000,38.434
2005-01-24,3.7819,119.0938,43.6500,38.613
2005-01-25,3.8187,119.5531,43.6500,39.426
2005-01-27,3.9194,122.0062,43.6500,40.223
2005-01-28,3.9862,127.3531,43.6600,36.659
2005-01-31,4.1275,129.2906,43.6000,39.190
2005-02-01,4.2312,128.8594,43.6600,43.363
2005-02-02,4.1975,129.4875,43.2800,40.298
2005-02-03,4.2000,131.3344,43.3000,38.471
2005-02-04,4.3031,130.3375,43.3400,43.088
2005-02-07,4.2144,126.8719,43.3800,44.098
2005-02-08,4.2456,127.7250,43.5800,44.861
2005-02-09,4.1169,127.8125,43.6200,40.501
2005-02-10,4.3156,127.7750,43.6800,47.530
2005-02-11,4.6250,131.4750,43.7000,53.727
2005-02-14,4.5506,135.6031,43.6400,46.449
2005-02-15,4.6588,136.3687,43.7100,49.326
2005-02-16,4.6687,136.4781,43.6500,49.321
2005-02-17,4.6487,135.8719,43.6800,49.448
2005-02-18,4.5500,135.2937,43.7300,47.066
2005-02-22,4.5150,135.0625,43.6300,45.851
2005-02-23,4.5588,133.7875,43.6100,48.599
2005-02-24,4.6125,135.2688,43.5700,48.568
2005-02-25,4.7875,136.2156,43.6100,53.274
2005-02-28,4.7656,140.0063,43.5700,48.306
2005-03-01,4.7594,136.3281,43.5800,52.143
2005-03-02,4.6937,136.6906,43.5900,49.681
2005-03-03,4.7756,138.4031,43.5800,50.374
2005-03-04,4.8263,139.6375,43.6400,50.832
2005-03-07,4.8181,140.7563,43.5800,49.176
2005-03-08,4.7863,141.5063,43.5800,47.403
2005-03-09,4.6719,140.7437,43.5500,44.561
2005-03-10,4.7350,139.5031,43.4800,47.579
2005-03-11,4.6500,138.4156,43.4500,45.968
2005-03-14,4.6687,139.1344,43.4400,45.766
2005-03-15,4.6656,138.1750,43.4600,46.747
2005-03-16,4.7319,137.0688,43.5000,50.170
2005-03-17,4.7225,136.3188,43.5500,50.871
2005-03-18,4.7250,137.4969,43.6700,50.069
2005-03-21,4.7575,139.7844,43.6100,48.425
2005-03-22,4.7194,138.9844,43.6100,48.083
2005-03-23,4.6669,135.1500,43.6600,50.763
2005-03-24,4.6887,134.9438,43.6500,51.666
2005-03-28,4.6631,136.6250,43.6700,49.049
2005-03-29,4.5369,135.4125,43.7000,46.413
2005-03-30,4.5625,135.6438,43.6900,46.955
2005-03-31,4.6081,141.0750,43.6200,42.482
2005-04-01,4.6125,139.7406,43.6200,43.979
2005-04-04,4.5981,139.2906,43.6800,44.192
2005-04-05,4.6188,138.8406,43.6900,45.342
2005-04-06,4.6375,139.7688,43.7200,45.062
2005-04-07,4.4406,136.7688,43.6900,41.853
2005-04-08,4.2663,132.9937,43.6600,40.055
2005-04-11,4.1500,129.8625,43.6000,39.332
2005-04-12,4.2669,132.3469,43.6200,40.631
2005-04-13,4.1319,131.3438,43.6500,37.316
2005-04-15,3.7787,122.3187,43.7000,35.001
2005-04-18,3.8231,119.6219,43.6200,39.410
2005-04-19,3.7606,119.5375,43.7000,37.479
2005-04-20,3.7188,121.7500,43.5800,33.111
2005-04-21,3.9031,121.5500,43.6800,40.262
2005-04-22,4.0212,124.9531,43.6600,40.507
2005-04-25,3.8500,124.2750,43.6100,35.102
2005-04-26,3.6400,122.4125,43.6000,29.647
2005-04-27,3.5375,119.6344,43.6000,28.922
2005-04-28,3.5925,119.1000,43.6800,31.755
2005-04-29,3.7000,117.9250,43.4800,36.422
2005-05-02,3.6512,119.6969,43.4600,32.571
2005-05-03,3.6256,118.8406,43.5600,32.894
2005-05-04,3.7219,121.1000,43.4000,33.385
2005-05-05,3.8244,124.6969,43.3300,32.890
2005-05-06,3.9125,126.3469,43.3500,34.239
2005-05-09,3.9450,131.0375,43.4500,30.810
2005-05-10,3.9288,128.7000,43.3600,32.363
2005-05-11,3.8438,129.1219,43.2100,28.629
2005-05-12,3.7394,128.8219,43.3000,25.689
2005-05-13,3.7694,127.0563,43.3500,28.606
2005-05-16,3.9269,129.8687,43.3800,31.169
2005-05-17,3.9625,128.9969,43.4100,33.346
2005-05-18,4.1144,127.6406,43.4300,39.993
2005-05-19,4.1019,131.0469,43.4500,36.002
2005-05-20,4.1469,133.7812,43.3400,34.343
2005-05-23,4.2969,133.4094,43.4500,39.945
2005-05-24,4.2531,134.7188,43.4500,37.173
2005-05-25,4.2969,135.7000,43.4300,37.519
2005-05-26,4.5087,137.8250,43.4600,42.173
2005-05-27,4.4062,139.5219,43.4100,37.093
2005-05-31,4.5212,140.6531,43.6200,40.215
2005-06-01,4.4519,138.8750,43.7100,40.120
2005-06-02,4.4275,137.5844,43.6400,40.435
2005-06-03,4.4475,140.9906,43.5000,37.219
2005-06-06,4.5012,138.5281,43.5800,41.606
2005-06-07,4.5125,139.5531,43.5300,40.756
2005-06-08,4.4887,143.5156,43.4600,35.930
2005-06-09,4.5244,139.7969,43.4600,40.654
2005-06-10,4.4656,138.2656,43.4800,40.429
2005-06-13,4.6050,139.0031,43.6000,44.441
2005-06-14,4.5781,139.6969,43.5700,42.787
2005-06-15,4.6556,141.0406,43.5600,43.788
2005-06-16,4.5894,142.5281,43.5500,40.230
2005-06-17,4.7225,143.0063,43.5000,43.650
2005-06-20,4.7463,148.1938,43.5300,39.415
2005-06-21,4.6875,149.5938,43.5000,36.307
2005-06-22,4.7325,149.3156,43.4500,37.713
2005-06-23,4.6062,146.5156,43.5100,36.789
2005-06-24,4.5594,144.5656,43.5000,37.192
2005-06-27,4.6219,146.1500,43.4400,37.375
2005-06-28,4.7175,143.2937,43.4600,43.079
2005-06-29,4.8387,145.2906,43.5000,44.872
2005-06-30,4.8500,147.3906,43.5100,43.173
2005-07-01,4.7794,146.9406,43.4500,41.325
2005-07-05,4.7775,145.6438,43.5500,42.856
2005-07-06,4.8450,146.6031,43.4500,43.595
2005-07-07,4.8181,144.9937,43.5900,44.849
2005-07-08,4.8694,145.9344,43.5100,45.179
2005-07-11,4.8644,144.7375,43.5100,46.230
2005-07-12,4.5312,138.8281,43.4500,41.818
2005-07-13,4.4288,137.8375,43.4600,39.638
2005-07-14,4.3362,133.4906,43.4800,41.238
2005-07-15,4.3856,137.2437,43.4500,38.845
2005-07-18,4.4563,142.0000,43.4700,36.418
2005-07-19,4.4375,141.0250,43.4800,36.814
2005-07-20,4.3700,139.5813,43.4600,36.064
2005-07-21,4.4019,138.0625,43.0500,37.257
2005-07-22,4.5125,139.9219,43.4000,39.966
2005-07-25,4.4713,139.3062,43.4500,39.460
2005-07-26,4.5344,139.1500,43.4100,41.457
2005-07-27,4.4944,139.4125,43.3400,39.719
2005-07-28,4.4956,139.4125,43.3200,39.694
2005-07-29,4.4488,141.7781,43.4000,36.182
2005-08-01,4.4469,141.5344,43.3700,36.264
2005-08-02,4.5175,143.7000,43.4100,36.468
2005-08-03,4.6575,147.2531,43.3600,37.144
2005-08-04,4.6331,144.5938,43.4300,39.160
2005-08-05,4.4788,143.2188,43.4200,35.783
2005-08-08,4.4531,141.9156,43.4400,36.309
2005-08-09,4.5369,141.5063,43.4600,39.338
2005-08-10,4.5287,144.6875,43.5400,36.281
2005-08-11,4.5344,143.3375,43.5000,37.609
2005-08-12,4.4412,141.3406,43.4800,36.624
2005-08-16,4.3781,140.6219,43.4500,35.277
2005-08-17,4.4219,144.8687,43.4600,32.654
2005-08-18,4.3850,143.6656,43.5000,32.772
2005-08-19,4.3856,143.8375,43.5100,32.663
2005-08-22,4.3519,144.6844,43.5800,31.082
2005-08-23,4.2312,142.8250,43.5700,29.078
2005-08-24,4.2894,141.5125,43.6900,32.428
2005-08-25,4.2956,141.9875,43.6000,31.905
2005-08-26,4.3713,141.8313,43.6000,34.376
2005-08-29,4.4175,143.8250,43.8600,34.713
2005-08-30,4.3931,146.6812,43.9700,31.691
2005-08-31,4.4244,148.5063,44.0000,31.087
2005-09-01,4.4469,151.6031,43.9400,28.886
2005-09-02,4.4812,149.1062,43.8700,31.847
2005-09-06,4.5150,147.7500,43.8200,33.907
2005-09-08,4.5419,151.4000,43.7800,31.336
2005-09-09,4.6044,151.0750,43.7600,33.369
2005-09-12,4.6188,151.4344,43.7500,33.438
2005-09-13,4.5431,152.8938,43.8200,30.208
2005-09-14,4.5625,152.8562,43.8300,30.825
2005-09-15,4.5450,153.1594,43.8200,30.036
2005-09-16,4.5600,152.9344,43.8100,30.627
2005-09-19,4.4994,153.1438,43.8200,28.743
2005-09-20,4.5706,156.4750,43.8200,27.998
2005-09-21,4.4381,153.8719,43.8500,26.477
2005-09-22,4.4106,150.7812,43.8000,28.123
2005-09-23,4.4131,149.9094,43.8000,28.941
2005-09-26,4.5219,155.3969,43.8600,27.628
2005-09-27,4.5462,154.8625,43.9600,29.052
2005-09-28,4.5975,154.4250,43.9800,30.936
2005-09-29,4.5925,157.8875,43.9500,27.838
2005-09-30,4.6425,157.2063,43.9400,29.760
2005-10-03,4.5300,159.5656,44.0000,24.914
2005-10-04,4.5500,164.2406,44.1000,22.171
2005-10-05,4.4594,164.9969,44.2100,19.486
2005-10-06,4.4363,163.0688,44.1800,20.191
2005-10-07,4.5081,160.7781,44.3000,24.215
2005-10-10,4.5662,163.8938,44.3000,23.424
2005-10-11,4.6744,167.6812,44.7800,24.831
2005-10-13,4.4812,163.9156,44.8800,22.696
2005-10-14,4.4387,162.5938,44.7600,22.193
2005-10-17,4.3313,161.9844,44.8100,19.816
2005-10-18,4.2425,158.1594,45.0500,20.843
2005-10-19,4.2875,156.4812,45.1000,23.572
2005-10-20,4.2525,158.6625,45.1100,20.905
2005-10-21,4.3044,159.5750,45.0100,21.410
2005-10-24,4.3750,156.9563,45.1100,25.740
2005-10-25,4.3181,157.5813,44.9600,23.202
2005-10-26,4.2469,156.8844,45.0100,21.842
2005-10-27,4.0994,154.1406,44.9400,19.518
2005-10-28,4.1962,150.9625,45.0100,25.113
2005-10-31,4.2500,157.6219,45.0900,21.577
2005-11-02,4.3294,161.6562,45.1800,20.998
2005-11-04,4.3475,161.6562,45.4300,22.177
2005-11-07,4.4144,164.8969,45.7800,22.555
2005-11-08,4.4981,165.2375,45.7200,24.460
2005-11-09,4.4894,163.0719,45.7300,25.895
2005-11-10,4.4700,165.8719,45.6900,23.128
2005-11-11,4.5563,167.5656,45.6900,24.235
2005-11-14,4.6606,165.7937,45.6200,28.242
2005-11-16,4.6219,171.2937,45.7300,23.389
2005-11-17,4.6756,169.1906,45.6700,26.210
2005-11-18,4.6875,169.6500,45.7000,26.271
2005-11-21,4.6481,167.3125,45.7000,26.960
2005-11-22,4.6006,167.2844,45.7800,25.903
2005-11-23,4.6106,167.6969,45.7100,25.674
2005-11-25,4.6363,171.2812,45.7700,23.890
2005-11-28,4.5637,172.4000,45.8500,21.374
2005-11-29,4.5138,171.0000,45.8400,21.000
2005-11-30,4.5037,167.7781,45.8700,23.131
2005-12-01,4.6044,172.9937,45.9700,22.353
2005-12-02,4.6219,177.5750,46.1100,20.014
2005-12-05,4.5919,174.2125,46.2600,21.932
2005-12-06,4.6062,174.6219,46.1300,21.684
2005-12-07,4.6656,175.1156,46.1700,23.011
2005-12-08,4.6762,176.3313,46.1800,22.468
2005-12-09,4.6875,179.5969,46.1100,20.348
2005-12-12,4.8444,182.8781,46.0000,21.852
2005-12-13,4.8744,184.1844,46.0100,21.764
2005-12-14,4.8881,180.3469,45.6300,23.676
2005-12-15,4.8669,182.3531,45.2800,20.849
2005-12-16,4.9931,186.3938,45.1900,21.055
2005-12-19,4.9325,188.9844,44.9400,17.294
2005-12-20,4.9062,185.6375,45.1400,19.301
2005-12-21,5.0681,185.8844,45.1700,23.156
2005-12-22,5.1581,186.4250,45.1400,24.896
2005-12-23,5.1175,186.3219,45.1100,23.899
2005-12-27,5.0788,187.1500,45.1700,22.579
2005-12-28,5.0269,186.7906,45.0600,21.265
2005-12-29,5.0200,186.7156,45.1100,21.282
2005-12-30,5.0538,187.3031,44.9500,21.283
2006-01-03,5.0281,187.9312,44.9200,20.184
2006-01-04,5.0231,190.9563,44.7300,17.663
2006-01-05,5.0269,190.9312,44.6000,17.424
2006-01-06,5.0887,190.8250,44.3200,18.189
2006-01-09,5.1225,189.7406,44.2000,19.328
2006-01-10,5.0400,185.9469,44.1400,19.639
2006-01-12,4.6487,177.3625,43.9900,15.300
2006-01-13,4.5906,177.7875,44.1000,13.870
2006-01-17,4.5325,172.6375,44.2300,16.123
2006-01-18,4.5188,171.2437,44.2900,16.872
2006-01-19,4.6769,176.3062,44.1400,17.090
2006-01-20,4.5687,175.8500,44.1000,14.576
2006-01-23,4.6125,171.5406,44.1000,18.579
2006-01-24,4.6744,176.3719,44.1900,17.117
2006-01-25,4.6388,176.7406,44.0800,15.693
2006-01-27,4.6706,181.4312,44.0000,13.270
2006-01-30,4.7125,178.9281,44.0400,15.990
2006-01-31,4.7638,180.0188,43.9600,16.329
2006-02-01,4.7812,179.7531,44.1300,17.381
2006-02-02,4.6225,176.7563,44.1600,15.486
2006-02-03,4.6756,174.1750,44.1400,18.491
2006-02-06,4.7169,177.6562,44.1400,17.194
2006-02-07,4.6500,179.5375,44.1500,14.348
2006-02-08,4.5625,181.4156,44.1700,11.085
2006-02-10,4.5869,179.0219,44.1000,12.992
2006-02-13,4.5006,178.8781,44.1700,11.133
2006-02-14,4.4437,176.3687,44.1500,11.239
2006-02-15,4.4269,173.5094,44.1500,12.643
2006-02-16,4.4237,173.8188,44.2500,12.618
2006-02-17,4.3950,174.0906,44.3300,11.913
2006-02-21,4.3750,176.1000,44.3600,10.207
2006-02-22,4.4175,175.0312,44.5400,12.412
2006-02-23,4.4075,174.6594,44.3600,11.942
2006-02-24,4.3850,172.3469,44.3500,12.839
2006-02-27,4.5369,178.1594,44.4100,13.091
2006-02-28,4.4250,176.8094,44.2100,10.644
2006-03-01,4.5212,181.5719,44.3500,10.434
2006-03-02,4.5087,178.3938,44.1800,11.661
2006-03-03,4.4869,176.5219,44.0900,12.069
2006-03-06,4.3725,178.4375,44.1800,8.260
2006-03-07,4.2794,176.2188,44.2400,7.434
2006-03-08,4.2725,175.0719,44.3600,8.257
2006-03-09,4.3181,177.6875,44.3000,7.657
2006-03-10,4.3762,182.0938,44.3100,6.490
2006-03-13,4.4044,183.4500,44.3800,6.550
2006-03-14,4.3888,183.2781,44.3700,6.248
2006-03-16,4.4994,182.6125,44.2900,9.126
2006-03-17,4.4844,179.8719,44.2600,10.344
2006-03-20,4.5687,185.4312,44.2500,9.025
2006-03-21,4.5500,184.9844,44.2900,8.939
2006-03-22,4.6444,182.5000,44.3600,12.890
2006-03-23,4.5631,180.6531,44.4300,12.226
2006-03-24,4.5269,181.0219,44.4900,11.258
2006-03-27,4.5650,179.9563,44.5800,13.087
2006-03-28,4.5994,185.0000,44.4900,10.609
2006-03-29,4.7025,189.7844,44.5300,10.337
2006-03-30,4.7537,190.1875,44.4500,11.103
2006-03-31,4.8663,186.3375,44.4800,16.161
2006-04-03,4.8762,196.3844,44.3900,10.221
2006-04-04,4.9025,197.0437,44.5800,10.916
2006-04-05,4.7875,194.6719,44.4200,9.241
2006-04-07,4.7406,197.9375,44.4600,6.482
2006-04-10,4.6937,199.3313,44.6600,5.163
2006-04-12,4.6950,192.2281,45.0900,10.128
2006-04-13,4.6863,188.6781,45.0500,11.892
2006-04-17,5.2987,201.8719,44.9700,18.038
2006-04-18,5.2256,208.5000,45.0800,12.984
2006-04-19,5.1231,204.9250,45.0100,12.525
2006-04-20,5.1656,204.7875,45.0600,13.661
2006-04-21,5.0869,206.3562,45.0500,11.052
2006-04-24,5.0125,200.3000,44.8600,12.262
2006-04-25,4.9350,196.3656,44.8800,12.791
2006-04-26,4.9469,201.5594,45.0400,10.542
2006-04-27,4.7150,195.7937,44.8400,7.981
2006-04-28,4.9156,196.2281,44.8600,12.377
2006-05-02,4.8787,197.7656,44.8200,10.568
2006-05-03,4.9475,198.2125,44.8100,11.848
2006-05-04,5.0644,200.7063,44.8100,13.068
2006-05-05,5.1356,200.7563,44.8500,14.733
2006-05-08,5.1125,201.7656,44.8200,13.569
2006-05-09,5.1512,202.3219,44.8400,14.166
2006-05-10,5.0706,203.5156,44.8400,11.720
2006-05-11,4.9131,203.5031,44.8800,8.353
2006-05-12,4.8175,202.6438,44.8900,6.718
2006-05-15,4.7625,196.9438,45.3700,9.714
2006-05-16,4.7925,196.8781,45.0500,9.663
2006-05-17,4.6562,200.5125,44.6900,3.778
2006-05-18,4.5075,189.6219,45.2600,7.588
2006-05-19,4.6163,185.9031,45.3500,12.611
2006-05-22,4.3800,176.4812,45.4200,12.726
2006-05-23,4.3875,181.9156,45.3800,9.449
2006-05-24,4.2931,178.8094,45.5600,9.387
2006-05-25,4.5231,176.7844,45.7400,17.028
2006-05-26,4.4688,183.3906,45.8100,11.627
2006-05-30,4.3569,189.1562,46.1300,6.252
2006-05-31,4.4125,181.8656,46.2200,12.141
2006-06-01,4.4525,176.8656,46.1900,16.281
2006-06-02,4.4631,180.3750,45.6700,13.004
2006-06-05,4.2894,176.5156,45.7000,11.052
2006-06-06,4.3713,172.8375,45.8000,15.833
2006-06-07,4.3313,172.7031,45.8900,15.088
2006-06-08,4.2306,168.9875,45.9100,14.936
2006-06-09,4.3025,174.6656,45.8100,12.843
2006-06-12,4.1725,172.7000,45.7100,10.437
2006-06-13,4.1069,164.9438,45.8100,14.061
2006-06-14,4.1238,155.3250,45.5000,20.799
2006-06-15,4.3538,170.4406,45.8300,17.069
2006-06-16,4.3994,175.0719,45.6900,14.814
2006-06-19,4.4131,179.4500,45.7600,12.535
2006-06-20,4.4181,177.7500,45.8000,13.840
2006-06-21,4.5056,182.7031,45.8000,12.947
2006-06-22,4.4788,184.4906,45.9900,11.647
2006-06-23,4.4856,186.9719,46.0100,10.382
2006-06-26,4.4231,181.2625,46.2200,12.785
2006-06-27,4.4356,185.4656,46.2100,10.517
2006-06-28,4.5437,185.9062,46.2500,13.040
2006-06-29,4.6863,187.1031,46.1300,15.539
2006-06-30,4.7756,192.4344,45.8700,13.835
2006-07-03,4.9081,197.1469,45.9200,14.321
2006-07-05,4.7969,199.6313,45.9200,10.340
2006-07-06,4.8787,197.7406,45.9900,13.469
2006-07-07,4.7775,194.0625,45.8400,12.851
2006-07-10,4.8594,199.2531,45.9700,12.111
2006-07-11,4.8756,196.7625,46.0100,14.009
2006-07-12,5.1188,211.6031,46.0900,11.493
2006-07-13,4.9250,210.2437,46.1600,8.131
2006-07-14,4.9056,206.0938,46.1900,9.946
2006-07-17,4.8025,200.6562,46.6400,11.628
2006-07-18,4.9313,203.6938,46.6100,12.839
2006-07-19,5.0750,200.5688,46.8100,18.444
2006-07-20,4.8812,205.9812,46.7500,10.786
2006-07-21,4.7725,200.2625,46.6400,11.149
2006-07-24,4.9237,201.4125,46.8300,14.481
2006-07-25,4.9363,201.3375,46.7600,14.643
2006-07-26,5.0375,205.8000,46.6800,14.262
2006-07-27,5.0388,207.2937,46.5200,13.078
2006-07-28,5.2013,203.7750,46.5300,18.765
2006-07-31,5.1363,206.9438,46.4900,15.386
2006-08-01,5.0325,207.2500,46.5100,12.937
2006-08-02,5.2050,208.3313,46.6100,16.452
2006-08-03,5.2838,209.1187,46.4800,17.440
2006-08-04,5.1937,210.0813,46.4200,14.762
2006-08-07,5.1200,209.2000,46.5100,13.829
2006-08-08,5.1438,210.5312,46.4700,13.537
2006-08-09,5.0388,212.7563,46.4000,9.890
2006-08-10,5.1650,213.5750,46.3200,12.018
2006-08-11,5.1850,217.7750,46.5000,10.712
2006-08-14,5.2263,219.4375,46.5200,10.795
2006-08-16,5.5188,219.0375,46.4700,17.083
2006-08-17,5.4400,219.7000,46.3600,14.792
2006-08-18,5.4763,220.2500,46.3800,15.318
2006-08-21,5.5062,224.7625,46.4000,13.671
2006-08-22,5.5750,222.6438,46.4400,16.286
2006-08-23,5.4412,220.9875,46.4500,14.371
2006-08-24,5.4187,220.8625,46.4200,13.889
2006-08-25,5.3888,220.8375,46.4100,13.247
2006-08-28,5.4775,221.5938,46.4700,14.868
2006-08-29,5.6200,225.7250,46.4500,15.649
2006-08-30,5.6200,225.1500,46.3700,15.745
2006-08-31,5.6062,225.8000,46.4300,15.278
2006-09-01,5.6125,226.3125,46.3800,15.021
2006-09-05,5.7438,229.3687,46.1900,15.667
2006-09-06,5.5588,229.3625,46.1300,11.799
2006-09-07,5.5375,225.8625,46.1400,13.122
2006-09-08,5.5613,223.6750,46.0600,14.519
2006-09-11,5.5138,216.6938,46.1900,17.530
2006-09-12,5.7625,221.4438,46.2700,20.406
2006-09-13,5.8200,226.1812,46.1800,18.828
2006-09-14,5.8337,228.9125,46.1200,17.535
2006-09-15,5.8637,226.3313,45.9500,19.046
2006-09-18,5.8325,227.1687,46.0900,18.335
2006-09-19,5.7537,227.0500,46.0800,16.773
2006-09-20,5.9062,228.8062,45.8300,18.302
2006-09-21,5.8500,229.7625,45.7400,16.459
2006-09-22,5.7613,228.7500,45.7700,15.275
2006-09-25,5.8850,227.0688,45.8300,18.779
2006-09-26,5.9275,229.9812,45.7700,17.967
2006-09-27,6.0300,229.7125,45.7600,20.121
2006-09-28,5.9950,232.2688,45.7800,18.161
2006-09-29,5.9662,231.2063,45.9500,18.573
2006-10-03,5.9600,227.2750,45.6800,19.790
2006-10-04,5.9400,224.9937,45.6500,20.519
2006-10-05,6.0037,233.1500,45.5700,17.345
2006-10-06,5.9100,234.1938,45.4200,14.620
2006-10-09,6.1512,237.0188,45.4200,17.877
2006-10-10,6.1875,238.2750,45.6700,18.595
2006-10-11,6.2225,247.5000,45.5500,14.519
2006-10-12,6.4262,252.5063,45.5200,15.848
2006-10-13,6.5037,261.1313,45.3100,12.849
2006-10-16,6.5113,262.5375,45.3500,12.474
2006-10-17,6.4475,258.8375,45.1900,12.566
2006-10-18,6.3750,259.1625,45.2800,11.382
2006-10-19,6.3863,258.5625,45.2200,11.689
2006-10-20,6.3350,258.0125,45.1800,10.931
2006-10-23,6.3100,255.1938,45.3000,12.010
2006-10-26,6.5275,259.1688,45.1900,13.817
2006-10-27,6.4350,261.5688,45.0700,10.879
2006-10-30,6.5037,265.9625,44.9000,9.797
2006-10-31,6.5125,261.9375,44.9000,11.634
2006-11-01,6.4375,262.9312,44.7900,9.662
2006-11-02,6.4400,260.5938,44.8200,10.763
2006-11-03,6.3562,259.3625,44.7600,9.694
2006-11-06,6.4575,258.7500,44.8000,11.805
2006-11-07,6.5325,262.7938,44.6200,10.916
2006-11-08,6.5325,265.7313,44.5900,9.616
2006-11-09,6.7013,267.1437,44.4600,11.527
2006-11-10,6.6912,267.4750,44.5500,11.448
2006-11-13,6.8962,270.0187,44.8300,14.495
2006-11-14,7.0625,276.3188,45.0500,15.144
2006-11-15,7.0625,277.8312,45.2600,15.051
2006-11-16,7.0363,274.9937,44.8200,14.681
2006-11-17,6.8837,273.3000,44.7500,12.714
2006-11-20,6.9088,281.7250,44.8900,10.084
2006-11-21,6.6800,282.0625,44.7700,6.027
2006-11-22,6.7663,278.1938,44.6200,8.525
2006-11-24,6.6950,279.4375,44.5900,6.832
2006-11-27,6.4975,277.2250,44.5600,4.438
2006-11-28,6.5613,270.6125,44.5800,8.088
2006-11-29,6.6650,269.5812,44.5400,10.119
2006-11-30,6.6912,272.4625,44.5900,9.506
2006-12-01,6.6238,274.3813,44.5000,7.426
2006-12-04,6.8025,275.9062,44.4900,9.691
2006-12-05,6.8913,279.8875,44.4200,9.369
2006-12-06,6.8313,281.1125,44.6000,8.381
2006-12-07,6.8313,277.9750,44.5200,9.408
2006-12-08,6.8787,274.4438,44.5300,11.611
2006-12-11,6.8012,274.3500,44.6900,10.788
2006-12-12,6.7413,270.5312,44.7000,11.386
2006-12-13,6.7537,268.7062,44.6800,12.300
2006-12-14,6.9000,274.5125,44.5600,12.004
2006-12-15,6.8425,279.1875,44.5400,9.161
2006-12-18,6.7050,278.0625,44.6300,7.618
2006-12-19,6.6875,269.7000,44.6100,10.615
2006-12-20,6.5850,271.3375,44.5500,8.117
2006-12-21,6.6900,270.4625,44.5100,10.097
2006-12-22,6.6163,271.7250,44.3700,8.037
2006-12-26,6.7888,277.4312,44.3200,8.451
2006-12-27,6.8400,281.5812,44.2000,7.368
2006-12-28,6.8762,281.0250,44.1400,8.004
2006-12-29,6.8200,280.2250,44.1100,7.353
2007-01-03,6.9775,288.9188,44.2400,6.841
2007-01-04,6.9250,285.6625,44.1600,7.052
2007-01-05,6.8925,284.3813,44.2000,7.127
2007-01-08,6.8750,275.7000,44.3200,10.519
2007-01-09,6.8250,273.7625,44.2700,10.367
2007-01-10,6.7787,270.5562,44.4400,11.344
2007-01-11,7.0275,272.8750,44.4900,14.578
2007-01-12,7.2575,277.9250,44.4300,16.021
2007-01-16,7.1663,277.7750,44.2000,14.031
2007-01-17,7.1750,275.6812,44.0900,14.751
2007-01-18,7.0075,278.0187,44.1500,11.281
2007-01-19,7.0163,275.2938,44.1500,12.523
2007-01-22,7.0925,281.7500,44.1100,11.038
2007-01-23,7.1988,279.3937,44.1400,13.729
2007-01-24,7.2900,279.2563,44.1500,15.254
2007-01-25,7.0988,280.1250,44.1500,11.882
2007-01-29,7.1650,280.5500,44.1300,12.704
2007-01-31,7.2500,280.9125,44.0700,13.739
2007-02-01,7.3387,283.6187,44.0100,13.878
2007-02-02,7.3675,283.1938,44.0000,14.469
2007-02-05,7.3750,283.6625,44.0300,14.475
2007-02-06,7.3475,284.1187,44.0300,13.865
2007-02-07,7.5687,294.6313,44.0100,13.057
2007-02-08,7.5637,296.7125,43.9800,12.113
2007-02-09,7.4300,295.1562,43.9300,10.585
2007-02-12,7.3750,293.9062,44.0000,10.409
2007-02-13,7.1788,288.0250,44.0200,9.716
2007-02-14,7.4000,285.5812,44.0000,14.013
2007-02-15,7.4513,297.8687,43.9100,9.842
2007-02-20,7.5625,294.9937,44.1200,13.107
2007-02-21,7.4763,288.8625,44.0000,13.879
2007-02-22,7.4000,285.9375,44.0500,14.000
2007-02-23,7.2112,279.7125,44.0800,13.642
2007-02-26,7.1512,277.2687,44.0400,13.587
2007-02-27,6.6887,273.3750,44.2100,8.170
2007-02-28,6.7825,259.6938,44.0800,15.125
2007-03-01,6.7925,269.8937,44.1100,11.013
2007-03-02,6.6375,261.6875,44.1000,11.856
2007-03-05,6.4313,250.8938,44.4300,13.889
2007-03-06,6.7087,264.3062,44.1800,12.140
2007-03-07,6.5662,260.6688,44.1800,11.289
2007-03-08,6.7587,266.9688,44.1900,11.874
2007-03-09,6.7575,265.1187,44.0700,12.328
2007-03-12,6.7875,264.4125,44.1100,13.231
2007-03-13,6.5138,263.1313,44.0800,9.119
2007-03-14,6.4625,252.5000,44.2500,13.254
2007-03-15,6.4800,259.9250,44.1900,10.167
2007-03-16,6.4025,255.9312,44.0800,10.273
2007-03-19,6.5538,260.9062,44.0400,10.625
2007-03-20,6.6013,256.9875,43.5300,11.816
2007-03-21,6.7600,261.7437,43.2800,11.778
2007-03-22,6.6800,264.8813,43.5200,9.752
2007-03-23,6.5963,261.5750,43.5600,9.847
2007-03-26,6.6075,257.2687,43.2000,10.952
2007-03-28,6.3075,249.0063,42.7800,8.365
2007-03-29,6.2700,248.8375,43.4500,9.482
2007-03-30,6.2812,252.3313,43.1000,7.288
2007-04-02,6.2263,240.3687,43.0500,11.512
2007-04-03,6.4612,245.5813,43.0400,13.238
2007-04-04,6.5113,249.2875,42.8400,11.896
2007-04-05,6.4788,249.0375,42.7600,11.241
2007-04-09,6.5700,255.9438,42.6500,9.481
2007-04-10,6.5100,249.8562,42.6500,11.125
2007-04-11,6.4963,249.5312,42.6900,11.138
2007-04-12,6.6912,255.7312,42.6500,11.594
2007-04-13,6.8700,260.8625,42.4200,11.716
2007-04-16,6.9662,266.0875,41.7500,9.303
2007-04-17,6.9800,260.3438,41.9800,12.551
2007-04-18,6.8450,259.5375,42.0000,10.770
2007-04-19,6.7213,254.9875,42.0800,10.919
2007-04-20,6.7812,256.8875,41.7000,10.079
2007-04-23,6.7013,258.6562,41.6500,7.907
2007-04-24,6.6337,257.2375,40.7500,5.088
2007-04-25,6.6988,252.3125,40.5800,7.738
2007-04-26,6.6375,252.3562,40.5600,6.681
2007-04-27,6.5963,250.6438,40.7900,7.348
2007-04-30,6.5437,256.3563,41.0400,4.759
2007-05-03,6.7175,260.2062,40.8200,5.381
2007-05-04,6.7375,258.9875,40.5800,5.568
2007-05-07,6.4900,255.2312,40.5300,3.059
2007-05-08,6.4113,250.2812,40.6400,4.104
2007-05-09,6.5037,247.5750,40.6700,6.839
2007-05-10,6.4037,246.7750,41.0400,6.498
2007-05-11,6.5062,250.0750,40.7400,5.994
2007-05-14,6.4325,250.2375,40.5900,4.339
2007-05-15,6.4150,246.6812,40.6400,5.685
2007-05-16,6.4300,243.9625,40.5800,6.955
2007-05-17,6.3913,247.9375,40.5900,4.632
2007-05-18,6.3025,247.7375,40.3600,2.677
2007-05-21,6.2488,245.0500,40.4800,3.224
2007-05-22,6.2550,243.3438,40.1400,3.177
2007-05-23,6.1800,240.7188,40.2800,3.411
2007-05-24,6.0700,242.1250,40.4300,1.357
2007-05-25,6.2375,248.1875,40.2800,1.233
2007-05-29,6.2000,244.2125,40.1900,2.033
2007-05-30,6.1600,238.2688,40.5300,4.783
2007-05-31,6.1562,240.4375,40.3600,3.339
2007-06-01,6.2238,242.3188,40.2700,3.430
2007-06-04,6.1200,239.5375,40.5000,3.474
2007-06-05,6.1375,242.9000,40.2800,1.778
2007-06-06,6.0763,242.2937,40.4100,1.340
2007-06-07,5.9363,244.6438,40.5100,-1.703
2007-06-08,6.2150,243.8562,40.8200,4.035
2007-06-11,6.4575,247.4750,40.5500,5.809
2007-06-12,6.3425,248.6875,40.4800,3.240
2007-06-13,6.4750,248.5938,40.7000,6.009
2007-06-14,6.6512,252.4000,40.6600,7.147
2007-06-15,6.6638,251.1750,40.5200,7.501
2007-06-18,6.5500,248.6812,40.5000,6.673
2007-06-19,6.5062,244.5750,40.5800,7.952
2007-06-20,6.4625,244.2750,40.5900,7.384
2007-06-21,6.4738,244.8062,40.5900,7.338
2007-06-22,6.3938,243.8500,40.5500,6.322
2007-06-25,6.3100,242.0813,40.7300,6.165
2007-06-26,6.3238,240.2688,40.9000,7.647
2007-06-27,6.3550,241.9187,40.8800,7.388
2007-06-28,6.4288,240.6313,40.8000,9.002
2007-06-29,6.2975,241.1313,40.5800,5.981
2007-07-02,6.3750,242.9812,40.4200,6.048
2007-07-03,6.3900,243.4250,40.4100,6.078
2007-07-05,6.2737,239.6000,40.3400,5.627
2007-07-06,6.5738,246.4750,40.3600,7.644
2007-07-09,6.7812,249.2188,40.3700,9.847
2007-07-10,6.6038,252.5625,40.3000,5.372
2007-07-11,6.4600,241.2063,40.3100,7.958
2007-07-12,6.5000,240.2750,40.2800,8.967
2007-07-13,6.4887,242.4750,40.2600,7.738
2007-07-16,6.5212,241.9812,40.2200,8.390
2007-07-17,6.6188,242.3188,40.2300,9.885
2007-07-18,6.5813,243.0688,40.2300,8.925
2007-07-19,6.8088,249.5625,40.2600,9.840
2007-07-20,6.7137,248.2812,40.1800,8.650
2007-07-23,6.7112,243.4750,40.1200,10.588
2007-07-24,6.5075,246.8875,40.1500,5.828
2007-07-25,6.5050,248.6062,40.2400,5.291
2007-07-26,6.3625,254.2937,40.2400,0.682
2007-07-27,6.3137,250.9812,40.3800,1.581
2007-07-30,6.3375,248.3000,40.2700,2.783
2007-07-31,6.2000,246.9750,40.1800,0.867
2007-08-01,6.1475,241.1875,40.2500,2.591
2007-08-02,6.1850,237.4000,40.3600,5.150
2007-08-03,5.9950,239.5813,40.2500,0.717
2007-08-06,6.0300,233.1625,40.2500,4.094
2007-08-07,6.0662,234.8062,40.2600,4.012
2007-08-08,6.4088,245.9062,40.2900,5.003
2007-08-09,6.1625,241.7812,40.4000,2.971
2007-08-10,6.1250,244.9875,40.4500,1.130
2007-08-13,6.1875,243.7375,40.4000,2.559
2007-08-14,6.0188,244.4250,40.8000,0.466
2007-08-16,5.7250,239.1375,41.1500,-1.486
2007-08-17,5.8913,231.8188,41.0400,4.296
2007-08-20,5.8263,228.6500,40.9100,4.243
2007-08-21,5.5625,220.1687,41.0100,3.611
2007-08-22,5.7463,223.5875,40.7700,4.780
2007-08-23,5.7488,226.4438,41.0000,4.087
2007-08-24,5.8775,228.2000,40.9000,5.342
2007-08-27,5.8337,230.9625,40.8800,3.256
2007-08-28,5.6450,235.0312,41.1000,-1.286
2007-08-29,5.8750,229.6562,40.9500,4.757
2007-08-30,5.8050,233.1500,41.0200,2.132
2007-08-31,5.9637,231.8188,40.6300,4.524
2007-09-04,6.0775,236.2125,40.7600,4.871
2007-09-05,5.9850,236.8813,40.8100,3.110
2007-09-06,6.1275,237.9750,40.6000,4.539
2007-09-07,5.9650,238.5625,40.4000,1.016
2007-09-10,5.8562,233.9375,40.4800,1.335
2007-09-11,5.8375,227.8500,40.3600,3.402
2007-09-12,5.8762,227.7312,40.3400,4.091
2007-09-13,5.9538,229.2812,40.2500,4.517
2007-09-14,5.9012,229.6375,40.4000,3.820
2007-09-17,5.8713,225.6000,40.5200,5.453
2007-09-18,6.1875,225.5688,40.4500,10.957
2007-09-19,6.1600,231.4500,39.8100,5.954
2007-09-20,5.8775,225.0500,39.8700,4.126
2007-09-21,5.8275,228.2375,39.8400,1.722
2007-09-24,5.7463,220.3813,39.5000,2.993
2007-09-25,5.7762,221.4187,39.5500,3.176
2007-09-26,5.9125,228.1438,39.5000,2.367
2007-09-27,6.0725,239.4812,39.6500,0.540
2007-09-28,6.0487,236.5938,39.7500,1.625
2007-10-01,6.3162,238.1687,39.7000,5.285
2007-10-03,6.3288,250.1938,39.3800,-0.387
2007-10-04,6.3812,249.8625,39.3700,0.547
2007-10-05,6.5538,247.8625,39.4700,4.363
2007-10-08,6.5600,250.4563,39.4700,3.381
2007-10-09,6.7463,255.9250,38.4800,1.434
2007-10-10,6.9113,265.6313,39.1300,1.809
2007-10-11,6.4725,247.1062,39.2000,2.677
2007-10-12,6.4612,241.2125,39.1600,4.896
2007-10-15,6.3025,240.9750,39.2900,2.760
2007-10-16,5.9250,233.2937,39.2300,-0.367
2007-10-17,6.1737,236.2875,39.3500,2.814
2007-10-18,6.1875,236.2500,39.7200,4.029
2007-10-19,6.0900,238.7063,39.6000,1.030
2007-10-22,6.2063,235.8438,39.7200,4.524
2007-10-23,6.3113,235.4312,39.4800,5.835
2007-10-24,6.0550,230.5625,39.4900,3.708
2007-10-25,6.0725,229.6313,39.3500,4.059
2007-10-26,6.1525,231.0312,39.3000,4.658
2007-10-29,6.3688,232.5750,39.3200,7.672
2007-10-30,6.3212,231.7750,39.3000,7.184
2007-10-31,6.3675,229.6812,39.2600,8.841
2007-11-01,6.2400,234.2437,39.2200,4.478
2007-11-02,6.3275,239.6438,39.2500,3.635
2007-11-05,6.1025,231.7500,39.1800,3.170
2007-11-06,5.6813,231.4688,39.2300,-3.713
2007-11-07,5.6225,218.2375,39.1500,0.863
2007-11-08,5.2975,214.5437,39.1300,-3.380
2007-11-12,5.0062,205.2312,39.1100,-4.598
2007-11-13,5.3650,203.3938,39.2200,3.452
2007-11-14,5.2787,213.4937,39.1800,-3.125
2007-11-15,5.1550,205.9125,39.1800,-1.913
2007-11-16,5.2688,203.1250,39.2400,1.783
2007-11-19,5.1388,202.4937,39.2300,-0.445
2007-11-20,5.0163,195.7125,39.3200,0.780
2007-11-21,4.8325,193.3875,39.2900,-1.819
2007-11-23,4.8875,194.6875,39.6500,-0.461
2007-11-26,4.8325,196.9937,39.5800,-2.905
2007-11-27,4.9563,196.7063,39.6800,-0.021
2007-11-28,5.1937,196.1625,39.5600,4.742
2007-11-29,5.1550,195.9062,39.6500,4.333
2007-11-30,5.2688,200.3125,39.5200,3.948
2007-12-03,5.2063,200.0437,39.3900,2.515
2007-12-04,5.2213,201.9125,39.3300,1.703
2007-12-05,5.3675,200.4375,39.3100,5.268
2007-12-06,5.4212,204.4187,39.3900,4.464
2007-12-07,5.5963,215.2875,39.3600,2.314
2007-12-10,5.6962,218.5875,39.3000,2.413
2007-12-11,5.4675,218.0375,39.3100,-1.426
2007-12-12,5.4963,210.7188,39.2900,2.481
2007-12-13,5.3625,207.4937,39.2900,1.542
2007-12-14,5.3238,205.7875,39.3000,1.670
2007-12-17,5.1275,203.0437,39.4900,-0.275
2007-12-18,5.2537,202.2437,39.4800,2.558
2007-12-19,5.2625,204.9250,39.5500,1.565
2007-12-20,5.5512,211.9438,39.4100,3.223
2007-12-24,5.7888,226.2688,39.3800,0.748
2007-12-26,5.8300,227.2250,39.3800,1.039
2007-12-27,5.7025,225.3000,39.4000,-0.276
2007-12-28,5.6937,224.5312,39.4300,-0.012
2007-12-31,5.6700,221.2375,39.4100,1.002
2008-01-02,5.5538,218.5375,39.4100,0.154
2008-01-03,5.4862,213.6313,39.2600,0.823
2008-01-04,5.2638,211.8625,39.1500,-2.731
2008-01-07,5.3738,204.6062,39.1500,2.823
2008-01-08,5.2463,207.7812,39.1300,-1.201
2008-01-09,5.3550,206.6187,39.1300,1.414
2008-01-10,5.3550,200.3188,39.2700,4.978
2008-01-11,5.0175,197.7188,39.1500,-0.649
2008-01-14,5.0437,191.1875,39.1400,3.256
2008-01-15,4.8863,187.7625,39.2600,2.169
2008-01-16,4.8300,186.9125,39.2900,1.529
2008-01-17,4.8325,186.3000,39.1600,1.578
2008-01-18,4.7525,183.5500,39.2000,1.497
2008-01-22,4.7413,172.6125,39.3800,8.167
2008-01-23,4.8463,177.7500,39.5500,7.831
2008-01-24,4.9187,177.8188,39.3700,8.904
2008-01-25,4.9062,189.9812,39.3300,1.569
2008-01-28,4.9637,180.7937,39.3500,8.037
2008-01-29,5.0262,186.5750,39.2800,5.819
2008-01-30,4.9875,186.6562,39.3500,5.144
2008-01-31,5.1750,187.3813,39.3100,8.564
2008-02-01,5.4375,199.3250,39.1200,6.718
2008-02-04,5.3362,205.0063,39.1300,1.854
2008-02-05,4.9812,201.1625,39.4000,-2.436
2008-02-06,4.9763,188.7437,39.4900,4.116
2008-02-07,4.9925,185.2937,39.4300,6.239
2008-02-08,5.2125,194.0437,39.6100,6.402
2008-02-11,5.1588,194.7437,39.6000,4.900
2008-02-12,5.2337,193.1562,39.5600,7.192
2008-02-13,5.2613,193.1750,39.7500,8.262
2008-02-14,5.1937,193.3438,39.5700,6.296
2008-02-15,5.1450,195.6750,39.6500,4.254
2008-02-19,5.1300,194.5625,39.9100,5.230
2008-02-20,5.1550,196.1125,40.1100,5.433
2008-02-21,5.2125,203.4438,39.8300,2.050
2008-02-22,5.1875,197.5813,40.0400,5.125
2008-02-25,5.2663,201.8938,39.9000,4.076
2008-02-26,5.3012,207.8562,39.8900,1.737
2008-02-27,5.2500,202.3625,39.6800,2.944
2008-02-28,5.1150,199.9187,39.8400,1.932
2008-02-29,4.8650,193.5250,39.9600,0.455
2008-03-03,4.7762,183.4875,40.3300,4.981
2008-03-04,4.6788,177.3813,40.2700,6.219
2008-03-05,4.7737,184.8500,40.1900,3.791
2008-03-07,4.4887,178.8188,40.4200,1.463
2008-03-10,4.3500,178.8875,40.3900,-1.784
2008-03-11,4.5813,178.2937,40.2300,3.371
2008-03-12,4.4163,173.1438,40.0200,2.076
2008-03-13,4.3663,167.2125,40.1800,4.918
2008-03-14,4.2425,171.2750,40.4000,0.071
2008-03-17,4.1262,167.2250,40.4600,-0.166
2008-03-18,4.3088,164.3250,40.2000,5.408
2008-03-19,4.1725,167.9625,40.0000,-0.633
2008-03-24,4.5375,170.0562,40.0300,6.809
2008-03-25,4.6750,186.5375,39.9300,0.073
2008-03-26,4.6287,187.4375,39.9600,-1.319
2008-03-27,4.5388,180.2188,39.9500,0.613
2008-03-28,4.5375,190.1500,39.7600,-5.122
2008-03-31,4.4713,179.9875,40.0200,-0.582
2008-04-01,4.6788,177.8813,39.8800,4.895
2008-04-02,4.6462,185.3500,39.8800,-0.031
2008-04-03,4.6762,190.3125,39.9400,-1.862
2008-04-04,4.6062,185.6812,39.9300,-0.944
2008-04-07,4.6200,186.5063,39.9600,-1.014
2008-04-08,4.5750,183.3687,39.9000,-0.451
2008-04-09,4.5000,184.9937,39.9100,-2.918
2008-04-10,4.5312,181.5750,39.8900,-0.453
2008-04-11,4.4763,177.7375,39.8400,0.335
2008-04-15,4.9587,188.8000,39.8300,4.612
2008-04-16,5.1100,200.0250,39.8900,1.906
2008-04-17,5.1312,207.3875,39.7900,-1.550
2008-04-21,5.3350,205.7250,39.9200,3.523
2008-04-22,5.1663,199.8250,39.9300,3.235
2008-04-23,5.2737,205.9937,40.0000,2.406
2008-04-24,5.3850,212.0063,40.1400,1.956
2008-04-25,5.3900,210.5375,40.1300,2.737
2008-04-28,5.2863,207.9563,40.1000,1.934
2008-04-29,5.4875,218.6938,40.3700,1.297
2008-04-30,5.4612,219.1375,40.4500,0.808
2008-05-02,5.6175,223.4312,40.5500,1.951
2008-05-05,5.5450,223.2437,40.4500,0.471
2008-05-06,5.7250,225.9312,40.8000,3.385
2008-05-07,5.4050,230.5188,41.3000,-3.163
2008-05-08,5.3538,223.0813,41.6600,-0.020
2008-05-09,5.3637,218.6687,41.5500,1.918
2008-05-12,5.4475,221.6750,42.0000,3.212
2008-05-13,5.3775,218.5938,42.0800,3.519
2008-05-14,5.5413,228.1125,42.3400,2.851
2008-05-15,5.8225,236.6375,42.6000,4.818
2008-05-16,5.7512,233.9250,42.5000,4.490
2008-05-20,5.5400,235.9625,42.5000,-0.217
2008-05-21,5.4900,233.8313,42.7700,0.417
2008-05-22,5.5262,232.9563,42.9300,1.840
2008-05-23,5.3900,228.5938,42.6800,0.635
2008-05-27,5.4925,235.3875,42.8600,0.009
2008-05-28,5.5487,238.9500,42.7500,-0.729
2008-05-29,5.6700,235.6812,42.5300,2.318
2008-05-30,6.1388,245.3500,42.1500,5.461
2008-06-02,5.9713,243.8500,42.3800,3.778
2008-06-03,5.8463,240.2812,42.5000,3.406
2008-06-04,5.8362,233.8375,42.6000,6.324
2008-06-05,6.1712,247.4438,42.8200,6.793
2008-06-06,5.9338,249.1938,42.6300,1.510
2008-06-09,5.8637,237.6875,42.8500,5.711
2008-06-10,5.7162,231.7563,42.9200,5.862
2008-06-11,5.6112,236.6062,42.6500,1.147
2008-06-12,5.8038,234.3625,42.7000,5.742
2008-06-13,5.9150,233.3313,42.8600,8.651
2008-06-16,5.8850,238.4750,42.9300,5.941
2008-06-17,5.8450,238.9438,42.8600,4.843
2008-06-18,5.6788,232.8062,42.8000,4.400
2008-06-19,5.7950,232.8000,42.9100,6.814
2008-06-20,5.5388,228.3750,42.8600,3.948
2008-06-23,5.6250,230.7250,42.9700,4.759
2008-06-24,5.4900,224.3062,42.7500,4.633
2008-06-25,5.5400,218.3438,42.7300,8.418
2008-06-26,5.3263,223.1375,42.6000,1.685
2008-06-27,5.3787,213.1812,42.7800,7.938
2008-06-30,5.4325,217.1000,42.9300,7.424
2008-07-01,5.4338,214.6250,43.2300,9.447
2008-07-02,5.4500,227.5750,43.1500,3.336
2008-07-03,5.3250,217.8813,43.1700,5.507
2008-07-07,5.3375,224.9750,43.2900,2.705
2008-07-08,5.3762,217.0750,43.2300,7.067
2008-07-09,5.4788,227.7375,43.0200,3.495
2008-07-10,5.4988,225.6562,42.9400,4.635
2008-07-11,4.7675,209.6062,42.8000,-2.651
2008-07-14,4.6438,194.4438,42.8000,2.216
2008-07-15,4.6275,193.0813,43.1200,3.344
2008-07-16,4.8950,193.4500,43.0500,8.932
2008-07-17,4.9675,197.7875,42.7000,7.242
2008-07-18,4.8025,193.4250,42.6600,5.919
2008-07-21,4.6850,195.1625,42.5700,2.192
2008-07-22,4.9050,197.2875,42.6500,6.037
2008-07-23,5.0025,200.2812,42.0500,5.030
2008-07-24,4.7325,195.9125,42.1000,1.698
2008-07-25,4.7875,193.8313,41.1000,1.514
2008-07-28,4.7250,192.4312,42.5200,4.405
2008-07-29,4.9237,192.5875,42.5600,8.810
2008-07-30,4.8900,200.2563,42.2800,3.242
2008-07-31,4.9237,197.9312,42.4700,5.649
2008-08-01,5.0563,204.9312,42.2600,4.268
2008-08-04,4.9475,207.3562,42.4500,1.285
2008-08-05,5.0950,209.8188,42.1500,2.352
2008-08-06,5.2350,212.4187,42.0100,3.532
2008-08-07,5.1112,215.7688,42.0500,-0.390
2008-08-08,5.1900,209.9500,42.0500,3.948
2008-08-11,5.1675,208.8000,42.0600,4.092
2008-08-12,4.9963,200.4875,42.3400,5.513
2008-08-13,5.0400,203.2437,42.5500,5.515
2008-08-14,5.2838,211.6875,43.0000,7.329
2008-08-18,5.2075,213.0437,43.4900,6.304
2008-08-19,5.1000,211.5938,43.5100,4.871
2008-08-20,5.0788,212.4125,43.6100,4.271
2008-08-21,5.0325,207.6812,43.4300,5.239
2008-08-22,5.1950,212.0625,43.3200,6.123
2008-08-25,4.9875,213.3062,43.6800,2.132
2008-08-26,5.0662,212.2500,43.7400,4.404
2008-08-27,5.1462,213.5250,43.6200,5.130
2008-08-28,5.1750,212.4250,43.6500,6.338
2008-08-29,5.1600,218.6375,43.2500,2.073
2008-09-02,5.1388,221.9062,44.4000,2.818
2008-09-04,4.9400,223.6250,44.2600,-2.227
2008-09-05,4.9237,214.0375,44.6300,2.668
2008-09-08,4.9313,218.7563,44.5000,0.313
2008-09-09,4.8063,218.6812,44.8300,-1.471
2008-09-10,4.8987,219.9688,45.1400,0.528
2008-09-11,4.6475,218.8313,45.4600,-3.453
2008-09-12,4.6550,205.5000,45.6200,3.339
2008-09-15,4.3500,197.2688,45.9300,1.281
2008-09-16,4.5500,195.8000,46.8100,8.777
2008-09-17,4.2937,197.3750,46.1600,0.418
2008-09-18,4.3650,190.6750,46.3600,6.129
2008-09-19,4.8125,203.1187,45.7100,8.301
2008-09-22,4.6175,203.7375,45.3000,2.668
2008-09-23,4.3975,192.9937,45.6500,4.017
2008-09-24,4.2100,190.5375,45.9200,1.462
2008-09-25,4.2800,188.3562,46.0800,4.707
2008-09-26,4.2013,180.8625,46.4800,7.968
2008-09-29,3.6688,174.1625,46.4900,-2.068
2008-09-30,4.1638,174.7563,46.4500,10.672
2008-10-01,4.0500,181.1625,46.4700,3.887
2008-10-03,3.6975,173.9875,47.0100,-0.097
2008-10-06,3.4775,164.8313,47.7700,0.782
2008-10-07,3.3200,162.7250,47.7800,-2.517
2008-10-08,3.1900,156.7812,48.0000,-2.335
2008-10-10,2.9887,153.1500,48.4100,-5.527
2008-10-13,3.6888,164.8188,48.4100,8.345
2008-10-14,3.5162,174.7437,47.9300,-3.554
2008-10-15,3.1300,166.9250,48.5300,-9.002
2008-10-16,3.3125,157.8750,48.8800,2.559
2008-10-17,3.2450,150.3438,48.8800,5.502
2008-10-20,3.5025,161.8188,48.9600,5.972
2008-10-21,3.3200,168.4500,49.1000,-3.228
2008-10-22,3.1700,162.4438,49.2500,-3.891
2008-10-23,3.2325,160.4062,49.8200,0.397
2008-10-24,3.1525,155.7625,49.9600,1.115
2008-10-27,3.0475,156.4750,49.8000,-3.010
2008-10-29,3.4900,163.0437,49.7100,6.406
2008-10-31,3.6650,173.6187,49.4000,4.281
2008-11-03,3.5675,172.3250,48.6100,0.633
2008-11-04,3.7400,166.4875,47.2500,6.143
2008-11-05,3.4513,165.2500,47.2800,-1.256
2008-11-06,3.0900,155.7125,47.6400,-5.462
2008-11-07,3.3363,157.8500,47.5400,0.479
2008-11-10,3.4125,167.3125,47.3000,-3.527
2008-11-11,3.2538,157.0875,47.3000,-2.028
2008-11-12,3.0550,157.4312,49.2000,-4.526
2008-11-14,3.0900,151.6500,48.7800,-0.607
2008-11-17,3.0538,154.0500,49.1900,-2.490
2008-11-18,3.0162,147.5625,49.5100,1.201
2008-11-19,2.7975,146.5875,49.8400,-4.885
2008-11-20,2.6388,140.2312,50.1200,-5.689
2008-11-21,2.8700,148.0813,49.5300,-4.005
2008-11-24,3.1200,149.5250,49.9400,4.205
2008-11-25,2.8925,147.7437,49.8700,-2.365
2008-11-26,3.0387,148.3875,49.1800,0.713
2008-11-28,3.1437,155.4812,49.5500,0.188
2008-12-01,2.9513,153.9000,49.9400,-4.233
2008-12-02,3.0538,151.0437,50.0500,1.189
2008-12-03,3.0262,144.5688,49.9200,4.497
2008-12-04,2.8612,149.0500,49.8200,-4.363
2008-12-05,2.9700,141.8125,49.6000,3.878
2008-12-08,3.2362,144.7188,49.4400,10.559
2008-12-10,3.1337,146.7188,48.7000,4.018
2008-12-11,2.9975,141.8625,48.1900,1.824
2008-12-12,3.0275,138.1062,48.2000,5.662
2008-12-15,2.9850,137.7875,47.6200,3.163
2008-12-16,3.0087,140.6000,47.8100,2.310
2008-12-17,3.1137,142.6938,47.5000,3.651
2008-12-18,3.1850,147.1313,46.7400,1.180
2008-12-19,3.1950,148.9125,47.0500,0.948
2008-12-22,3.1300,148.3500,47.7100,0.662
2008-12-23,3.1637,147.0063,48.6600,4.722
2008-12-24,3.1412,146.7500,47.7600,2.232
2008-12-26,3.0175,138.6562,48.4200,5.374
2008-12-29,2.9913,139.2188,48.2500,3.670
2008-12-30,3.0563,140.9875,48.0500,4.160
2008-12-31,3.0712,139.4312,48.5800,7.007
2009-01-02,3.1437,141.5125,48.2500,7.189
2009-01-05,3.2487,146.6000,48.5000,7.479
2009-01-06,3.3250,146.0688,48.5000,10.402
2009-01-07,3.3675,148.4438,48.5600,10.160
2009-01-09,3.3087,150.4250,48.2600,6.153
2009-01-12,3.2350,144.9625,48.7800,8.858
2009-01-13,3.4250,153.5188,48.8900,9.073
2009-01-14,3.3038,162.9500,48.7500,-1.161
2009-01-15,3.3937,156.4625,48.8700,6.001
2009-01-16,3.4625,158.4250,48.6200,6.263
2009-01-20,3.2713,156.4688,49.0100,2.464
2009-01-21,3.3425,152.9812,49.0000,7.061
2009-01-22,3.1913,153.8625,49.0700,1.776
2009-01-23,3.2575,150.5813,49.0000,6.001
2009-01-27,3.3888,156.5125,48.8500,5.768
2009-01-28,3.5050,160.8375,48.8100,6.368
2009-01-29,3.4325,163.7688,48.4900,1.632
2009-01-30,3.3200,163.3313,48.8300,-0.744
2009-02-02,3.3275,159.9563,48.8400,1.600
2009-02-03,3.4300,160.3125,48.3700,3.491
2009-02-04,3.3850,160.2063,48.6800,2.856
2009-02-05,3.3500,156.9812,48.7200,3.969
2009-02-06,3.6237,161.1125,48.6100,9.334
2009-02-09,3.6675,164.0125,48.5200,8.496
2009-02-10,3.3888,163.5500,48.6800,0.865
2009-02-11,3.3737,162.7375,48.7800,1.127
2009-02-12,3.3837,156.8188,48.7000,5.082
2009-02-13,3.2975,156.4563,48.5800,2.388
2009-02-17,3.1363,146.7437,49.6000,6.007
2009-02-18,3.1437,147.3500,49.8400,6.335
2009-02-19,3.0900,151.1062,49.7300,1.694
2009-02-20,3.0200,147.1438,49.7100,2.026
2009-02-24,3.0975,148.1938,49.7500,3.986
2009-02-25,3.0775,152.1812,49.9500,1.012
2009-02-26,3.0250,154.5000,50.3200,-1.477
2009-02-27,3.0250,153.9062,50.8800,0.004
2009-03-02,2.8475,152.3813,51.8000,-3.203
2009-03-03,2.8850,149.7000,51.9600,0.137
2009-03-04,3.0100,149.9000,51.5300,3.473
2009-03-05,2.8675,147.7437,51.6000,0.148
2009-03-06,2.9150,152.4187,51.6800,-1.162
2009-03-09,2.8525,150.2563,51.9100,-1.453
2009-03-12,3.1750,153.4750,51.6900,6.933
2009-03-13,3.1650,162.1313,51.5400,0.612
2009-03-16,3.1363,160.9750,51.3100,-0.034
2009-03-17,3.1700,158.1875,51.4200,3.043
2009-03-18,3.2750,159.7563,51.2200,5.001
2009-03-19,3.3438,162.1500,50.2100,3.540
2009-03-20,3.2362,162.0250,50.5100,0.888
2009-03-23,3.4525,166.4125,50.3800,4.522
2009-03-24,3.2825,165.0938,50.4000,0.209
2009-03-25,3.3563,167.3687,50.5000,1.268
2009-03-26,3.4987,172.3938,50.4000,2.287
2009-03-27,3.2387,168.1125,50.4600,-2.787
2009-03-30,3.2338,162.6625,51.1200,1.627
2009-03-31,3.3287,165.4875,50.8700,2.324
2009-04-01,3.3737,171.7188,50.4800,-0.822
2009-04-02,3.5763,177.4250,50.2200,1.225
2009-04-06,3.5387,176.7563,50.0100,0.123
2009-04-08,3.6137,178.1438,50.2800,1.996
2009-04-09,3.7150,178.3750,49.8200,3.760
2009-04-13,3.6850,176.1625,49.7700,4.110
2009-04-15,3.3512,171.3250,49.5500,-3.076
2009-04-16,3.4375,168.1500,49.6300,1.459
2009-04-17,3.4975,174.6625,49.8000,-0.279
2009-04-20,3.3888,174.1812,49.7800,-3.151
2009-04-21,3.4012,170.3062,50.4500,0.756
2009-04-22,3.4862,172.6375,50.2000,1.374
2009-04-23,3.5763,181.3062,49.8800,-1.612
2009-04-24,3.6112,181.0750,49.6900,-0.901
2009-04-27,3.5838,179.4875,50.1500,0.132
2009-04-28,3.5825,178.8438,50.4700,1.099
2009-04-29,3.7900,188.6562,50.0500,0.548
2009-04-30,3.8512,188.6562,49.7000,1.458
2009-05-04,4.0950,203.5250,49.7500,0.099
2009-05-05,4.0525,197.7563,49.2200,0.864
2009-05-06,3.9288,196.6562,49.4000,-1.310
2009-05-07,3.8737,194.0938,49.0900,-2.025
2009-05-08,3.8950,190.0875,49.1300,0.670
2009-05-11,3.8812,189.7063,49.4400,1.151
2009-05-12,3.9813,199.8062,49.2100,-1.946
2009-05-13,3.7950,196.7437,49.5800,-4.365
2009-05-14,3.9350,195.9000,49.6500,-0.269
2009-05-15,4.0025,199.1000,49.3800,-0.732
2009-05-18,4.3625,225.0125,47.5800,-7.753
2009-05-19,4.1275,194.8687,47.6500,0.927
2009-05-20,4.0262,191.3625,47.3000,-0.481
2009-05-21,3.9413,187.8000,47.3000,-0.734
2009-05-22,3.9500,190.2875,46.9500,-2.541
2009-05-26,4.0512,193.4563,47.7000,-0.109
2009-05-27,4.0763,198.5188,47.6100,-2.241
2009-05-28,4.1725,197.3750,47.5000,0.415
2009-05-29,4.3200,200.6375,47.1100,1.434
2009-06-01,4.4625,209.5625,46.7800,-0.385
2009-06-02,4.5487,211.0813,46.8400,0.939
2009-06-03,4.4100,205.1875,46.8800,0.757
2009-06-04,4.4513,203.7375,47.1900,3.101
2009-06-05,4.5050,212.3625,47.0500,-0.189
2009-06-08,4.5275,217.7625,47.5000,-1.243
2009-06-09,4.6912,224.3500,47.3000,-1.094
2009-06-10,4.6600,226.1000,47.1800,-2.760
2009-06-11,4.6413,218.8687,47.4900,0.706
2009-06-12,4.6400,216.0562,47.6000,2.225
2009-06-15,4.4400,214.3875,47.6700,-1.275
2009-06-16,4.3550,215.5813,47.6100,-3.822
2009-06-17,4.4012,213.9312,47.9600,-1.331
2009-06-18,4.4075,215.7188,48.1800,-1.560
2009-06-19,4.5188,221.3000,48.0000,-1.988
2009-06-22,4.3837,220.8000,48.5000,-3.708
2009-06-23,4.4338,218.4187,48.4500,-1.650
2009-06-24,4.5175,219.6938,48.4000,-0.476
2009-06-25,4.5850,219.8875,48.5000,1.130
2009-06-26,4.7075,228.3875,48.0000,-1.063
2009-06-29,4.6550,222.8687,48.0000,0.256
2009-06-30,4.5975,222.0625,47.7400,-1.161
2009-07-01,4.6663,224.4000,47.7500,-0.707
2009-07-02,4.5262,224.5813,47.9000,-3.462
2009-07-06,4.4713,220.1500,48.5000,-1.496
2009-07-07,4.4075,217.2375,48.4400,-1.721
2009-07-08,4.2863,213.3000,48.8000,-1.937
2009-07-09,4.3113,209.6938,48.5700,-0.141
2009-07-10,4.4938,215.1438,48.7600,1.846
2009-07-13,4.5287,221.2625,49.1600,0.620
2009-07-14,4.5087,226.4750,48.9550,-2.539
2009-07-15,4.6675,223.9563,48.5500,1.184
2009-07-16,4.7038,224.3875,48.6100,1.899
2009-07-17,4.8425,233.2875,48.5600,0.799
2009-07-20,5.0850,246.4250,48.1000,-0.745
2009-07-21,5.1125,242.8938,48.2000,1.453
2009-07-22,5.0625,239.9750,48.4500,2.210
2009-07-23,5.2787,244.8438,48.2500,4.025
2009-07-24,5.3000,250.4563,48.1600,1.913
2009-07-27,5.3063,253.4875,48.1100,0.709
2009-07-28,5.2525,249.6313,48.2000,1.418
2009-07-29,5.1950,248.0875,48.2500,1.036
2009-07-30,5.2762,251.7437,48.3500,1.336
2009-07-31,5.3787,258.0438,47.9100,-0.135
2009-08-03,5.5475,259.5562,47.4000,1.308
2009-08-04,5.6188,255.4688,47.4600,4.383
2009-08-05,5.5588,262.3250,47.2700,0.167
2009-08-06,5.4400,257.3000,47.5200,0.470
2009-08-07,5.4475,254.9563,47.7200,1.961
2009-08-10,5.3913,260.9625,47.7000,-1.456
2009-08-11,5.3288,260.5875,47.8800,-2.090
2009-08-12,5.3750,255.3500,48.2200,1.501
2009-08-13,5.3550,257.9750,48.1100,-0.134
2009-08-14,5.2375,255.2937,48.1800,-1.156
2009-08-17,5.0738,247.8125,48.8200,-0.045
2009-08-18,5.1100,246.6687,48.7900,1.074
2009-08-19,5.1312,243.9375,48.7000,2.441
2009-08-20,5.1500,248.8062,48.5800,0.555
2009-08-21,5.2812,254.1375,48.4300,0.643
2009-08-24,5.2950,259.4875,48.5000,-1.033
2009-08-25,5.3850,261.8750,48.7550,0.256
2009-08-26,5.5262,272.4562,48.9000,-0.816
2009-08-27,5.6025,273.9750,48.8100,-0.189
2009-08-28,5.5287,273.8312,48.5200,-2.036
2009-08-31,5.4037,266.3937,48.8300,-0.949
2009-09-01,5.3913,268.1125,49.0500,-1.369
2009-09-02,5.4288,270.6063,48.8800,-1.940
2009-09-03,5.5425,273.4000,48.8700,-0.928
2009-09-04,5.6137,275.1313,48.8600,-0.307
2009-09-08,5.7537,275.4750,48.4000,1.091
2009-09-09,5.8562,273.7125,48.3300,3.405
2009-09-10,5.9012,280.0375,48.4500,2.099
2009-09-11,5.8475,283.4250,48.3900,-0.164
2009-09-14,5.8063,281.2687,48.6700,0.470
2009-09-15,5.8925,283.8188,48.5000,0.693
2009-09-16,6.0687,290.0063,48.2000,0.865
2009-09-17,6.1450,295.2375,48.1000,0.114
2009-09-18,6.0850,295.5312,48.0200,-1.127
2009-09-22,6.1613,301.2687,47.8600,-2.121
2009-09-23,6.0650,295.8687,47.9000,-1.810
2009-09-24,5.8900,285.5562,47.8900,-1.220
2009-09-25,5.8300,280.0625,47.9300,-0.225
2009-09-29,6.0188,286.9188,48.0500,0.795
2009-09-30,6.0613,288.3000,48.0900,1.105
2009-10-01,5.9062,292.0938,47.7200,-3.508
2009-10-05,6.1613,290.3875,47.3900,0.549
2009-10-06,6.1988,289.0438,46.7900,0.344
2009-10-07,6.0687,281.5938,46.5800,0.387
2009-10-08,6.1850,276.3500,46.2000,3.400
2009-10-09,5.9675,272.2000,46.4400,1.811
2009-10-12,5.9212,279.9250,46.4400,-1.766
2009-10-13,5.9513,279.9250,46.2800,-1.608
2009-10-14,6.1163,281.9813,46.0000,-0.225
2009-10-15,6.0613,277.1750,46.0400,0.680
2009-10-16,5.9450,273.7437,46.2000,0.334
2009-10-20,6.0075,273.5438,46.2400,1.551
2009-10-21,5.9738,277.0750,46.3400,-0.091
2009-10-22,6.0188,276.6437,46.5900,1.363
2009-10-23,6.0725,282.5000,46.4100,-0.239
2009-10-26,6.0300,284.2375,46.6800,-0.970
2009-10-27,5.8987,280.3250,46.9300,-1.247
2009-10-28,5.7987,282.0875,47.1600,-3.055
2009-10-29,5.9075,276.0438,47.1800,0.968
2009-10-30,5.7500,275.7750,46.9000,-2.212
2009-11-03,5.8362,267.8813,47.3700,3.204
2009-11-04,5.9738,279.6437,46.9400,0.273
2009-11-05,6.0363,277.7062,46.9300,2.008
2009-11-06,5.9738,277.3250,46.8300,0.875
2009-11-09,6.1400,279.0125,46.3600,2.021
2009-11-10,6.0287,277.2437,46.3000,0.681
2009-11-11,6.2100,288.3438,46.3000,-0.285
2009-11-12,6.1825,290.8000,46.6000,-0.927
2009-11-13,6.3587,294.9625,46.2400,-0.317
2009-11-16,6.4887,293.9937,46.0600,1.659
2009-11-17,6.5712,299.7875,46.2000,1.269
2009-11-18,6.5062,304.1625,46.2000,-1.175
2009-11-19,6.3688,301.2437,46.7300,-1.206
2009-11-20,6.4037,303.3375,46.6300,-1.560
2009-11-23,6.4800,300.8687,46.4000,-0.065
2009-11-24,6.4738,304.3375,46.3100,-1.491
2009-11-25,6.5800,304.8188,46.1800,-0.313
2009-11-27,6.3212,290.9813,46.5500,1.125
2009-11-30,6.3713,297.4188,46.4400,-0.517
2009-12-01,6.4963,299.4688,46.2100,0.241
2009-12-02,6.5050,299.4250,46.2400,0.456
2009-12-03,6.4988,297.1187,46.0000,0.614
2009-12-04,6.5575,297.9500,46.1000,1.460
2009-12-07,6.4563,298.8250,46.4500,0.357
2009-12-08,6.4700,305.8125,46.6000,-1.410
2009-12-09,6.5613,307.0688,46.5100,-0.620
2009-12-10,6.5763,306.6187,46.5000,-0.268
2009-12-11,6.5600,307.5938,46.4700,-0.894
2009-12-14,6.6750,312.3438,46.6500,-0.306
2009-12-15,6.6638,313.2563,46.7000,-0.657
2009-12-16,6.8038,318.1125,46.5700,-0.397
2009-12-17,6.7812,319.8750,46.8500,-0.679
2009-12-18,6.8300,315.7437,46.6900,0.997
2009-12-21,6.7600,313.7625,46.8000,0.830
2009-12-22,6.8063,312.8000,46.7800,1.789
2009-12-23,6.9513,322.9688,46.8000,0.728
2009-12-24,6.9988,323.9750,46.7200,0.928
2009-12-29,6.9462,322.1437,46.5600,0.395
2009-12-30,6.9637,322.5000,46.5600,0.537
2009-12-31,6.9088,325.1375,46.4000,-1.406
2010-01-04,7.0950,326.5750,46.2700,0.524
2010-01-05,7.1225,327.6688,46.1300,0.272
2010-01-06,7.0138,322.8875,45.7200,-0.687
2010-01-07,6.8000,315.6313,45.6700,-1.608
2010-01-08,6.8175,308.0250,45.5000,0.705
2010-01-11,6.8538,311.2062,45.3500,-0.125
2010-01-12,7.2063,323.3687,45.6000,1.619
2010-01-13,7.3200,335.4375,45.4700,-0.774
2010-01-14,7.3438,336.2188,45.5500,-0.509
2010-01-15,7.2425,334.4750,45.8000,-0.828
2010-01-19,7.3150,329.4875,45.8400,1.770
2010-01-20,7.1375,332.2125,46.1000,-0.955
2010-01-21,6.9812,328.1500,46.1000,-1.924
2010-01-22,6.7638,321.9500,46.2100,-2.919
2010-01-25,6.8125,317.7875,46.0600,-1.260
2010-01-27,6.8038,312.7812,46.3000,0.714
2010-01-28,6.5425,311.4688,46.3500,-2.640
2010-01-29,6.4887,309.4375,46.0800,-3.373
2010-02-01,6.6075,306.4062,46.2700,-0.221
2010-02-02,6.6337,304.9937,46.1100,0.291
2010-02-03,6.6500,309.1500,45.9700,-1.116
2010-02-04,6.3362,303.6313,46.2100,-3.568
2010-02-05,6.3663,294.0875,46.7200,1.137
2010-02-08,6.3900,300.4500,46.7900,-0.487
2010-02-09,6.6575,309.2250,46.4900,0.091
2010-02-10,6.6388,308.3687,46.3600,-0.193
2010-02-11,6.7838,312.3062,46.3900,0.766
2010-02-16,6.9363,317.6812,45.9900,0.415
2010-02-17,6.9250,314.8312,46.0000,1.181
2010-02-18,6.9788,316.7062,46.2000,1.804
2010-02-19,6.9988,316.5500,46.2400,2.234
2010-02-22,6.9900,321.0438,46.1500,0.481
2010-02-23,6.9400,322.6625,46.2500,-0.523
2010-02-24,7.0588,322.0375,46.2700,1.419
2010-02-25,7.0988,327.1688,46.2900,0.438
2010-02-26,7.1125,325.2437,46.0500,0.703
2010-03-02,7.3850,330.1250,46.0100,2.926
2010-03-03,7.3800,333.2812,45.5500,0.863
2010-03-04,7.2737,327.9750,45.8200,1.618
2010-03-05,7.4450,329.4625,45.4900,2.796
2010-03-08,7.4837,332.4438,45.5000,2.427
2010-03-09,7.4350,335.4937,45.6000,1.056
2010-03-10,7.4763,332.4062,45.3500,1.998
2010-03-11,7.4963,335.3687,45.4900,1.680
2010-03-12,7.3900,334.1562,45.4800,0.581
2010-03-15,7.4387,337.6562,45.5500,0.349
2010-03-16,7.5150,341.5438,45.4500,0.004
2010-03-17,7.6425,342.2875,45.2800,1.100
2010-03-18,7.7213,348.4500,45.4500,0.712
2010-03-19,7.5875,346.5438,45.3100,-0.795
2010-03-22,7.6988,344.6750,45.5200,1.675
2010-03-23,7.7900,346.9375,45.5000,2.164
2010-03-25,7.7050,351.7437,45.5000,-0.332
2010-03-26,7.6150,346.8563,45.1600,-0.854
2010-03-29,7.5375,339.5812,44.9400,-0.249
2010-03-30,7.4662,330.5125,45.0600,1.790
2010-03-31,7.3513,326.9937,44.9500,1.054
2010-04-01,7.5225,333.8062,44.7900,0.937
2010-04-05,7.6350,334.7437,44.3900,1.247
2010-04-06,7.6413,331.4062,44.4100,2.396
2010-04-07,7.4825,330.4688,44.4400,0.621
2010-04-08,7.5388,332.9688,44.4100,0.549
2010-04-09,7.6200,334.5250,44.1000,0.453
2010-04-12,7.6788,335.3875,44.4100,1.677
2010-04-13,7.8812,347.7375,44.4675,0.783
2010-04-15,7.8325,350.2000,44.3200,-0.875
2010-04-16,7.7475,348.5750,44.3000,-1.538
2010-04-19,7.7188,343.9875,44.7200,0.347
2010-04-20,7.7787,340.9125,44.5000,1.538
2010-04-21,7.6962,339.0562,44.5400,1.102
2010-04-22,7.7800,339.8000,44.5200,1.932
2010-04-23,7.7438,340.8687,44.4200,0.912
2010-04-26,7.8075,342.3687,44.3300,1.092
2010-04-27,7.5600,342.1812,44.4100,-1.883
2010-04-28,7.5450,337.4375,44.5400,-0.410
2010-04-29,7.6262,338.6437,44.6100,0.462
2010-04-30,7.4925,342.2687,44.2000,-3.243
2010-05-03,7.5938,336.8625,44.4600,0.224
2010-05-04,7.3238,333.2687,44.6200,-1.945
2010-05-05,7.3663,336.6250,44.8200,-1.922
2010-05-06,7.1038,332.2687,45.2900,-3.172
2010-05-07,7.0600,327.1063,45.4000,-2.012
2010-05-10,7.5000,334.4625,44.8400,0.549
2010-05-11,7.3825,332.5938,45.1000,0.107
2010-05-12,7.4412,335.2125,45.0800,0.071
2010-05-13,7.4563,338.2687,45.0000,-0.809
2010-05-14,7.2337,331.4875,45.2000,-1.364
2010-05-17,7.2350,327.0438,45.5100,0.679
2010-05-18,7.1813,328.6500,45.5100,-0.557
2010-05-19,7.1112,325.3563,46.2700,1.131
2010-05-20,6.8975,325.0938,46.8000,-0.705
2010-05-21,7.0487,322.7188,46.9000,2.438
2010-05-24,6.9575,325.0500,46.9700,0.536
2010-05-25,6.9488,316.6750,47.4900,4.207
2010-05-26,6.9488,327.6313,47.1000,-0.105
2010-05-27,7.2400,330.4188,46.7100,2.349
2010-05-28,7.1912,334.6812,46.3100,-0.494
2010-06-01,7.0712,328.0438,47.0800,1.485
2010-06-02,7.3088,330.0312,46.8900,3.841
2010-06-03,7.3488,337.2500,46.5500,1.433
2010-06-04,7.2238,341.1187,46.8500,-0.787
2010-06-07,7.0687,333.9562,47.0800,-0.347
2010-06-08,7.1725,331.8125,46.8200,1.207
2010-06-09,7.1450,328.1187,46.9500,2.237
2010-06-10,7.3625,330.6938,46.8900,4.395
2010-06-11,7.4288,328.8438,46.7600,5.633
2010-06-14,7.6375,343.3000,46.4000,3.227
2010-06-15,7.8250,341.8375,46.4100,6.237
2010-06-16,7.9450,346.1750,46.4300,6.561
2010-06-17,7.8975,345.6063,46.2200,5.618
2010-06-18,7.9275,348.2750,45.9600,4.615
2010-06-21,7.9037,350.1000,45.6400,3.035
2010-06-22,7.7550,345.8875,46.0000,3.135
2010-06-23,7.7750,349.7188,46.1850,2.679
2010-06-24,7.6887,352.8375,46.4775,1.280
2010-06-25,7.7900,347.2125,46.3600,4.013
2010-06-28,7.7625,351.1250,46.2000,2.137
2010-06-29,7.4887,349.1938,46.4000,-0.491
2010-06-30,7.4887,348.8750,46.4100,-0.379
2010-07-01,7.3875,345.8813,46.5900,-0.491
2010-07-02,7.3600,340.9375,46.5500,0.490
2010-07-06,7.4275,348.1375,46.7600,-0.238
2010-07-07,7.5963,347.7188,46.9600,2.589
2010-07-08,7.6675,353.5625,46.8650,1.633
2010-07-09,7.8212,359.2250,46.6600,1.591
2010-07-12,7.8775,361.9875,46.6600,1.541
2010-07-13,7.4288,349.5938,46.7400,-0.679
2010-07-14,7.4225,342.8625,46.7100,1.121
2010-07-15,7.4187,344.9500,46.5000,0.006
2010-07-16,7.2888,347.1250,46.7000,-1.942
2010-07-19,7.3250,346.3062,47.1000,-0.375
2010-07-20,7.3600,344.9562,47.2300,0.770
2010-07-21,7.2512,346.4562,47.0800,-1.463
2010-07-22,7.4950,344.3125,47.1200,2.571
2010-07-23,7.5225,348.3062,46.9000,1.292
2010-07-26,7.5837,350.5562,47.0400,1.764
2010-07-27,7.5963,353.6000,46.2500,-0.643
2010-07-28,7.5538,354.0125,46.7000,-0.354
2010-07-29,7.5512,354.1437,46.5300,-0.786
2010-07-30,7.5600,348.5500,46.3500,0.532
2010-08-02,7.6675,349.6187,46.0900,1.080
2010-08-03,7.8288,348.0375,46.1100,3.720
2010-08-04,7.9212,359.3125,46.0200,1.454
2010-08-05,7.7775,358.6562,46.0600,-0.118
2010-08-06,7.7350,357.9750,45.9400,-0.734
2010-08-09,7.8000,359.3312,46.0700,0.004
2010-08-10,7.7562,353.6313,46.3000,1.551
2010-08-11,7.4688,351.3625,46.6600,-0.817
2010-08-12,7.4100,346.5875,46.7000,-0.156
2010-08-13,7.3812,347.1562,46.6100,-0.898
2010-08-16,7.4363,345.2375,46.6800,0.546
2010-08-17,7.4575,343.8125,46.6000,1.078
2010-08-18,7.5500,350.9062,46.5400,0.134
2010-08-19,7.4525,350.5750,46.3500,-1.469
2010-08-20,7.4462,346.2000,45.7000,-1.706
2010-08-23,7.4212,350.3937,46.5000,-1.514
2010-08-24,7.3300,345.6562,46.8600,-0.629
2010-08-25,7.3412,346.3625,46.8700,-0.658
2010-08-26,7.2863,345.7062,46.7800,-1.405
2010-08-27,7.2512,338.7375,46.8000,0.183
2010-08-30,7.1650,337.5562,46.8700,-0.513
2010-08-31,7.1600,339.2313,47.0200,-0.757
2010-09-01,7.4625,347.0187,46.7400,0.513
2010-09-02,7.4713,344.1250,46.6500,1.281
2010-09-03,7.5825,347.1812,46.5800,1.732
2010-09-07,7.6038,358.1187,46.8200,-0.590
2010-09-08,7.7038,359.9250,46.5000,-0.472
2010-09-09,7.7300,361.8750,46.3000,-1.099
2010-09-13,8.0887,367.1125,46.2600,1.927
2010-09-14,8.1388,371.9500,46.1500,0.982
2010-09-15,8.0950,381.6063,46.2300,-1.932
2010-09-16,8.1138,370.7437,46.1400,0.978
2010-09-17,8.1337,371.2687,45.8800,0.514
2010-09-20,8.2700,376.0750,45.6500,0.386
2010-09-21,8.2350,382.3937,45.5900,-1.820
2010-09-22,8.1925,376.7875,45.5600,-0.939
2010-09-23,8.1763,377.8625,45.5600,-1.417
2010-09-24,8.3600,381.1375,45.1000,-1.076
2010-09-27,8.2662,379.0750,44.9400,-2.002
2010-09-28,8.4050,377.0750,45.0400,0.394
2010-09-29,8.3912,378.8813,44.8000,-0.779
2010-09-30,8.4137,381.3125,44.5600,-1.677
2010-10-01,8.8150,387.7687,44.4100,0.956
2010-10-04,8.6012,384.8062,44.5500,-0.421
2010-10-05,8.7163,385.5875,44.4600,0.502
2010-10-06,8.6275,387.9750,44.2500,-1.600
2010-10-07,8.6062,381.6812,44.2100,-0.314
2010-10-08,8.6862,384.5375,44.3900,0.272
2010-10-11,8.6000,384.3062,44.3900,-0.664
2010-10-12,8.6175,384.4000,44.5500,-0.128
2010-10-13,8.9000,394.1063,44.3500,0.154
2010-10-14,8.8763,398.1562,44.0500,-1.798
2010-10-15,8.5763,384.5375,44.1500,-1.533
2010-10-18,8.5913,388.3813,44.2600,-2.094
2010-10-19,8.2925,376.2750,44.3000,-2.370
2010-10-20,8.3538,377.3250,44.2500,-2.033
2010-10-21,8.4275,379.3062,44.2500,-1.684
2010-10-22,8.4950,381.6437,44.5200,-0.903
2010-10-25,8.4400,377.3937,44.3900,-0.727
2010-10-26,8.3988,376.7313,44.5400,-0.704
2010-10-27,8.3000,372.5250,44.4000,-1.075
2010-10-28,8.3625,371.3563,44.3600,-0.107
2010-10-29,8.4300,371.4625,44.4400,0.853
2010-11-01,8.4025,375.2062,44.3600,-0.659
2010-11-02,8.4712,378.3813,44.0000,-1.492
2010-11-03,8.5112,378.0438,44.3800,-0.083
2010-11-04,8.6950,384.6437,44.0800,-0.356
2010-11-08,8.4975,376.9875,44.2900,-0.168
2010-11-09,8.4237,382.4750,44.2500,-2.542
2010-11-10,8.5400,385.3312,44.2800,-1.863
2010-11-11,8.4563,381.8312,44.2800,-1.935
2010-11-12,8.2875,374.7313,44.7800,-0.965
2010-11-15,8.3088,378.7563,45.1100,-1.043
2010-11-16,8.0763,371.3687,45.5100,-1.028
2010-11-18,8.2925,375.4937,45.1400,-0.312
2010-11-19,8.2425,370.4750,45.2500,0.674
2010-11-22,8.3850,380.4625,45.4800,0.233
2010-11-23,8.2113,376.5125,45.5600,-0.640
2010-11-24,8.3550,374.4875,45.7200,2.004
2010-11-26,8.3700,380.2563,45.8200,0.857
2010-11-29,8.2975,382.9937,45.8000,-0.775
2010-11-30,8.2688,381.3750,45.8300,-0.634
2010-12-01,8.4812,381.5500,45.2900,0.672
2010-12-02,8.6587,387.3125,45.0900,0.803
2010-12-03,8.6663,390.6250,44.9000,-0.387
2010-12-06,8.6850,392.9250,44.8900,-0.778
2010-12-07,8.7638,397.3250,44.7000,-1.406
2010-12-08,8.7575,391.3937,45.0000,0.688
2010-12-09,8.6838,393.9312,45.1300,-0.516
2010-12-10,8.7212,393.0312,45.1000,0.076
2010-12-13,8.8075,393.1625,45.1800,1.211
2010-12-14,8.9125,394.8312,45.0100,1.601
2010-12-15,8.9275,400.4312,45.3800,1.173
2010-12-16,9.1962,411.6625,45.5400,1.733
2010-12-20,9.2188,418.7437,45.4000,-0.051
2010-12-21,9.2550,416.1562,45.1900,0.499
2010-12-22,9.2750,416.5625,45.0500,0.306
2010-12-23,9.3562,420.9875,45.0600,0.144
2010-12-27,9.3800,422.1125,45.2600,0.575
2010-12-28,9.3763,422.8312,45.0000,-0.213
2010-12-29,9.4775,425.6125,44.9700,0.139
2010-12-30,9.5513,430.8687,44.8000,-0.690
2010-12-31,9.5100,430.3438,44.8000,-0.998
2011-01-03,9.6912,432.2938,44.5900,-0.037
2011-01-04,9.6100,435.1812,44.9000,-0.848
2011-01-05,9.6725,432.4500,45.3500,1.433
2011-01-06,9.6613,434.7687,45.1500,0.330
2011-01-07,9.4700,421.3438,45.3500,1.927
2011-01-10,9.4050,424.4688,45.3600,0.505
2011-01-11,9.4000,415.7125,45.0800,1.934
2011-01-12,9.5850,422.1625,45.0200,2.216
2011-01-13,8.9800,400.6500,45.0200,0.906
2011-01-14,8.8413,400.5375,45.4100,0.236
2011-01-18,8.8837,415.3750,45.3200,-3.073
2011-01-19,8.8562,406.2000,45.5000,-0.798
2011-01-20,8.8337,411.9875,45.7700,-1.861
2011-01-21,8.7863,405.4813,45.5800,-1.234
2011-01-24,8.8650,410.5812,45.5100,-1.738
2011-01-25,8.7500,407.4562,45.7000,-1.861
2011-01-27,8.7575,399.6125,45.6800,0.108
2011-01-28,8.4525,396.0187,45.8300,-2.182
2011-01-31,8.4637,389.7125,45.9200,-0.271
2011-02-01,8.5938,386.1500,45.6500,1.594
2011-02-02,8.5025,386.1562,45.5500,0.293
2011-02-03,8.5437,389.7000,45.6600,0.105
2011-02-04,8.4600,380.9875,45.6000,1.257
2011-02-07,8.5925,385.9312,45.3500,0.969
2011-02-08,8.6225,387.0750,45.1500,0.576
2011-02-09,8.5013,391.3375,45.3600,-1.462
2011-02-10,8.4150,381.6500,45.6400,0.632
2011-02-11,8.3900,380.1063,45.6000,0.652
2011-02-14,8.5175,388.0688,45.4400,-0.266
2011-02-15,8.5363,388.3188,45.4100,-0.177
2011-02-16,8.5837,387.8750,45.4000,0.471
2011-02-17,8.6950,389.1688,45.2500,1.100
2011-02-18,8.6713,387.5375,45.1000,0.912
2011-02-22,8.4250,392.7313,45.1500,-3.143
2011-02-23,8.3150,384.8500,45.0600,-2.644
2011-02-24,8.3150,376.1000,45.4000,0.373
2011-02-25,8.4175,375.9125,45.2600,1.347
2011-02-28,8.3375,374.6375,45.1800,0.547
2011-03-01,8.3200,385.3000,44.8200,-3.218
2011-03-03,8.5500,378.2625,45.0400,1.805
2011-03-04,8.4587,382.7750,44.8900,-0.800
2011-03-07,8.3525,380.3375,44.9500,-1.286
2011-03-08,8.6150,389.5375,45.0300,-0.412
2011-03-09,8.5850,386.9375,44.8800,-0.425
2011-03-10,8.3825,386.2812,45.1700,-1.979
2011-03-11,8.4438,381.7375,45.2400,0.068
2011-03-14,8.4788,387.6000,44.9900,-1.584
2011-03-15,8.3125,378.7687,45.2200,-0.760
2011-03-16,8.1000,378.8625,45.0000,-3.791
2011-03-17,8.1538,372.3375,45.1200,-1.193
2011-03-18,8.0688,367.6375,45.0600,-1.104
2011-03-21,8.1500,365.2875,44.9800,0.356
2011-03-22,8.0650,367.8813,44.9500,-1.457
2011-03-23,8.2700,374.1688,44.8000,-0.982
2011-03-24,8.5312,375.3500,44.6900,1.575
2011-03-25,8.6550,395.3813,44.6000,-2.369
2011-03-28,8.6775,392.4438,44.8000,-0.941
2011-03-29,8.8438,396.6688,44.7000,-0.341
2011-03-30,8.8450,396.3625,44.7500,-0.138
2011-03-31,8.9625,405.1625,44.5400,-1.474
2011-04-01,9.1388,402.2687,44.4400,0.959
2011-04-04,9.1737,410.3937,44.3000,-0.974
2011-04-05,9.1750,410.4062,44.3000,-0.963
2011-04-06,9.1425,409.3937,44.0600,-1.606
2011-04-07,9.1587,405.7375,44.1800,-0.272
2011-04-08,9.0063,403.4125,44.0500,-1.658
2011-04-11,9.1062,405.2000,44.3300,-0.375
2011-04-13,9.1237,413.2750,44.4600,-1.847
2011-04-15,7.9012,373.6875,44.2600,-6.417
2011-04-18,7.9350,363.2625,44.3600,-3.101
2011-04-19,7.9875,360.9188,44.4900,-1.539
2011-04-20,8.1225,363.4125,44.3300,-0.920
2011-04-21,8.1300,363.7500,44.2600,-1.077
2011-04-25,8.1812,367.6625,44.4100,-1.179
2011-04-26,8.2825,367.7938,44.5100,0.234
2011-04-27,8.2738,369.1437,44.0000,-1.381
2011-04-28,8.0525,366.1437,44.4200,-2.308
2011-04-29,8.1475,363.2812,44.2400,-0.781
2011-05-02,8.1775,365.3188,44.2700,-0.904
2011-05-03,8.0588,363.8813,44.4700,-1.514
2011-05-04,7.9975,358.7188,44.3500,-1.123
2011-05-05,7.9125,356.0625,44.7600,-0.533
2011-05-06,8.1025,361.6250,44.7200,0.199
2011-05-09,8.0787,363.5688,44.6800,-0.718
2011-05-10,8.1250,360.0063,44.7500,0.997
2011-05-11,8.0450,363.2563,44.5900,-1.247
2011-05-12,8.0525,360.1562,44.9800,0.568
2011-05-13,7.9425,359.7938,44.8600,-0.971
2011-05-16,7.8200,356.3000,45.1500,-0.906
2011-05-17,7.8300,355.5187,45.1300,-0.605
2011-05-18,7.8950,355.3125,45.0600,0.123
2011-05-19,7.8375,355.8062,44.9000,-1.097
2011-05-20,7.8637,356.2313,44.9900,-0.685
2011-05-23,7.8137,354.6313,45.2200,-0.365
2011-05-24,7.8212,355.5625,45.2100,-0.552
2011-05-25,7.7063,348.5812,45.3200,0.191
2011-05-26,7.7225,347.0688,45.3300,0.862
2011-05-27,7.7063,348.4375,45.1700,-0.099
2011-05-31,7.7188,348.2062,45.0400,-0.159
2011-06-01,7.7112,351.4438,44.8400,-1.614
2011-06-02,7.7750,350.3813,44.8600,-0.455
2011-06-03,7.8300,352.0250,44.8200,-0.308
2011-06-06,7.9100,354.7375,44.7800,-0.149
2011-06-07,8.0250,361.5688,44.6700,-0.855
2011-06-08,7.9650,358.9625,44.7200,-0.771
2011-06-09,8.0225,357.6875,44.6400,0.122
2011-06-10,7.8925,357.7938,44.7200,-1.353
2011-06-13,7.9212,359.7000,44.8500,-1.232
2011-06-14,7.9550,359.0375,44.7400,-0.872
2011-06-15,7.7838,354.4500,44.7900,-1.641
2011-06-16,7.7050,350.0375,44.8800,-1.210
2011-06-17,7.7038,346.2062,44.7600,-0.400
2011-06-20,7.5875,338.6938,44.9200,0.631
2011-06-21,7.7188,340.8937,44.8400,1.530
2011-06-22,7.6912,344.3813,44.8200,0.099
2011-06-23,7.7750,347.3875,44.8900,0.470
2011-06-24,7.7950,357.4937,44.9900,-1.901
2011-06-27,7.9275,358.8813,44.9400,-0.730
2011-06-28,8.0212,358.1625,45.0000,0.780
2011-06-29,8.0612,360.2188,44.7800,0.212
2011-06-30,8.1538,363.8062,44.5900,-0.063
2011-07-01,8.2587,366.7687,44.6200,0.474
2011-07-05,8.3400,369.5562,44.3500,0.087
2011-07-06,8.3075,369.2125,44.4800,0.083
2011-07-07,8.5312,374.4625,44.3200,0.973
2011-07-08,8.4012,372.0688,44.4100,0.277
2011-07-11,8.1375,365.1437,44.4800,-0.873
2011-07-12,7.6800,348.9438,44.6000,-1.839
2011-07-13,7.6575,347.1625,44.5200,-1.800
2011-07-14,7.6450,342.5438,44.5000,-0.683
2011-07-15,7.6737,341.4188,44.5100,0.041
2011-07-18,7.5800,339.1750,44.6000,-0.326
2011-07-19,7.7512,343.8125,44.4800,0.280
2011-07-20,7.7025,344.0562,44.4400,-0.511
2011-07-21,7.8325,346.0125,44.4000,0.506
2011-07-22,7.9525,353.5312,44.3400,-0.259
2011-07-25,7.8587,350.9688,44.3900,-0.604
2011-07-26,7.8950,350.2250,44.1000,-0.587
2011-07-27,7.7488,349.5812,44.1500,-2.138
2011-07-28,7.7250,343.8875,44.0300,-1.092
2011-07-29,7.7775,346.9875,44.2000,-0.929
2011-08-01,7.9062,351.8875,44.0600,-1.005
2011-08-02,7.6613,343.8687,44.2600,-1.391
2011-08-03,7.6962,341.5750,44.3100,-0.162
2011-08-04,7.2688,338.6437,44.5600,-4.355
2011-08-05,7.1737,323.9000,44.7300,-0.932
2011-08-08,6.6737,308.8125,45.0000,-2.750
2011-08-09,6.9100,296.8188,45.2000,5.227
2011-08-10,6.5637,305.8875,45.2500,-2.902
2011-08-11,6.7475,305.0750,45.2900,0.170
2011-08-12,6.7225,296.9000,45.3900,2.773
2011-08-16,6.6525,299.9125,45.2500,0.371
2011-08-17,6.7575,306.1187,45.3000,-0.001
2011-08-18,5.9850,294.2625,45.7100,-7.031
2011-08-19,5.9450,278.0875,45.6600,-2.387
2011-08-22,6.0125,274.3250,45.5600,-0.144
2011-08-23,6.2375,284.6187,45.6200,-0.022
2011-08-24,6.1887,281.3625,45.8900,0.938
2011-08-25,5.9575,272.9250,46.0400,0.498
2011-08-26,6.0512,275.3188,46.1500,1.433
2011-08-29,6.4175,287.0312,45.9500,2.736
2011-08-30,6.3725,292.8687,46.0100,0.113
2011-09-02,6.1988,289.9000,45.7400,-2.197
2011-09-06,6.1175,287.8188,46.0000,-2.228
2011-09-07,6.2562,286.4312,46.0700,0.626
2011-09-08,6.2038,292.3062,46.2000,-1.948
2011-09-09,5.8962,284.2875,46.6400,-3.267
2011-09-12,5.9338,274.8062,47.2200,1.960
2011-09-13,6.0075,277.7563,47.4900,2.715
2011-09-14,6.2275,293.9562,47.5800,0.799
2011-09-15,6.3275,301.2375,47.5400,-0.142
2011-09-16,6.3300,299.3937,47.2700,-0.058
2011-09-19,6.1800,295.3312,47.7200,-0.143
2011-09-20,6.2438,304.5688,47.9300,-1.742
2011-09-21,6.1250,304.4562,48.3200,-2.791
2011-09-22,5.8762,294.0750,49.4700,-1.148
2011-09-23,6.0287,292.3500,49.3400,1.747
2011-09-26,6.0887,294.3750,49.4700,2.322
2011-09-27,6.4012,305.5187,48.9200,2.498
2011-09-28,6.3538,308.7812,48.9400,0.703
2011-09-29,6.4688,318.8875,48.9300,-0.744
2011-09-30,6.3837,316.6313,49.0500,-1.108
2011-10-03,6.2550,309.4875,49.0900,-0.785
2011-10-04,6.3400,304.8125,49.3000,2.542
2011-10-05,6.4275,305.8687,49.2400,3.473
2011-10-07,6.5350,313.5875,48.8900,1.884
2011-10-10,6.7288,323.7437,48.8900,1.614
2011-10-11,6.5825,313.0688,49.2400,3.531
2011-10-12,7.0425,334.9188,48.9500,2.930
2011-10-13,6.9887,337.0875,49.2200,2.047
2011-10-14,7.1250,342.9688,48.8900,1.566
2011-10-17,6.8812,343.3188,49.0300,-1.728
2011-10-18,6.9763,337.6938,49.3300,1.908
2011-10-19,6.8738,340.9688,49.1700,-0.876
2011-10-20,6.8000,343.4438,49.8600,-1.280
2011-10-21,6.9462,340.3312,49.8200,1.684
2011-10-24,7.2050,345.9125,49.7200,3.562
2011-10-25,7.2038,357.3375,49.4100,-0.392
2011-10-28,7.5300,357.3312,48.6300,2.477
2011-10-31,7.3238,359.6938,48.6700,-0.903
2011-11-01,7.1875,354.5750,49.2600,-0.146
2011-11-02,7.3187,354.3000,49.1000,1.426
2011-11-03,7.3438,350.2625,49.0400,2.819
2011-11-04,7.2600,353.2437,48.9900,0.686
2011-11-08,7.2987,355.2625,49.3900,1.470
2011-11-09,7.0037,354.4125,50.0500,-1.093
2011-11-11,7.1512,346.9625,49.9800,3.014
2011-11-14,6.9288,351.1000,50.3700,-0.598
2011-11-15,6.9500,349.7875,50.6200,0.578
2011-11-16,6.8000,347.2875,50.6600,-0.806
2011-11-17,6.6775,344.1875,50.9500,-1.153
2011-11-18,6.6363,342.6000,51.2300,-0.766
2011-11-21,6.3725,333.7625,52.0600,-0.602
2011-11-22,6.3750,340.5000,52.4800,-1.744
2011-11-23,6.2038,331.5812,52.2600,-2.224
2011-11-25,6.2463,324.9625,52.2300,0.394
2011-11-28,6.3750,329.5187,51.9400,0.485
2011-11-29,6.3200,324.7437,51.9000,1.005
2011-11-30,6.4525,325.8563,52.1200,3.206
2011-12-01,6.5512,331.9188,51.3600,1.372
2011-12-02,6.6013,336.7687,50.5000,-1.011
2011-12-05,6.6588,337.6437,51.3100,1.190
2011-12-07,6.6112,344.8687,51.6200,-1.043
2011-12-08,6.3250,340.4312,51.7000,-3.945
2011-12-09,6.5613,338.7875,51.8700,0.456
2011-12-12,6.4500,342.5312,52.6000,-0.952
2011-12-13,6.4587,344.0250,53.0900,-0.328
2011-12-14,6.2300,342.5312,53.7100,-2.312
2011-12-15,6.2613,339.5438,53.5500,-1.253
2011-12-16,6.2962,340.5625,52.4900,-2.958
2011-12-19,6.1750,334.5500,52.6900,-2.747
2011-12-20,6.4338,333.5938,52.7600,1.754
2011-12-21,6.1687,342.8750,52.3900,-5.744
2011-12-22,6.3837,340.1063,52.5600,-1.346
2011-12-23,6.3938,336.8438,52.7800,0.184
2011-12-27,6.4187,344.9250,52.9300,-1.502
2011-12-28,6.3762,347.7500,52.8800,-3.041
2011-12-29,6.4163,342.7625,53.0000,-0.788
2011-12-30,6.4225,345.9562,53.0100,-1.590
2012-01-03,6.6813,358.0375,53.1100,-0.893
2012-01-04,6.6500,356.8000,52.8500,-1.499
2012-01-05,6.7512,355.0187,52.8900,0.579
2012-01-06,6.7400,354.0187,52.6700,0.276
2012-01-09,6.9175,354.5688,52.3900,2.211
2012-01-10,6.9900,357.9500,51.5900,0.744
2012-01-11,7.1087,353.3250,51.7800,4.179
2012-01-12,6.4812,323.5312,51.5100,3.189
2012-01-13,6.3850,323.0250,51.4300,1.658
2012-01-17,6.4900,332.7563,50.6900,-1.135
2012-01-18,6.4750,326.5063,50.4000,-0.051
2012-01-19,6.4625,324.3375,50.3000,0.224
2012-01-20,6.5363,323.6000,50.2200,1.437
2012-01-23,6.6013,325.0375,49.9900,1.526
2012-01-24,6.6988,327.6000,50.0200,2.281
2012-01-25,6.7775,333.2250,50.1800,2.062
2012-01-27,6.7888,340.6250,49.3900,-1.564
2012-01-30,6.7863,339.0375,49.6600,-0.599
2012-01-31,6.8738,343.2500,49.5400,-0.794
2012-02-01,6.9338,342.8375,49.2738,-0.346
2012-02-02,6.9375,344.6250,49.0300,-1.300
2012-02-03,7.1363,347.9062,48.6500,-0.209
2012-02-06,7.0413,347.1375,49.0500,-0.508
2012-02-07,7.0012,340.9375,49.2000,1.034
2012-02-08,6.9662,346.1437,49.2200,-0.943
2012-02-09,7.0375,351.2375,49.3500,-1.121
2012-02-10,6.9637,348.8000,49.4800,-1.214
2012-02-13,7.0037,348.5500,49.1400,-1.258
2012-02-14,7.1537,350.1313,49.4000,0.932
2012-02-15,7.3488,358.0125,49.3500,1.298
2012-02-16,7.4262,363.6187,49.4300,0.952
2012-02-17,7.4500,368.4750,49.3100,-0.303
2012-02-21,7.4425,367.2812,49.2100,-0.282
2012-02-22,7.5125,369.0312,49.2400,0.240
2012-02-23,7.4563,366.6437,49.1900,0.035
2012-02-24,7.4538,368.5063,48.9800,-0.928
2012-02-27,7.3400,360.4188,49.1200,0.034
2012-02-28,7.3137,359.0500,49.0100,-0.168
2012-02-29,7.2100,360.4312,48.9900,-2.001
2012-03-01,7.2350,357.0812,49.1400,-0.435
2012-03-02,7.2112,355.7125,49.5500,0.451
2012-03-05,7.1350,351.2313,49.8200,1.206
2012-03-06,6.9700,356.5562,50.3763,-1.524
2012-03-07,7.1325,360.4813,50.2700,-0.536
2012-03-09,7.2750,356.9125,49.7500,1.406
2012-03-12,7.1988,352.1750,49.9800,2.163
2012-03-13,7.3688,357.4750,49.9200,2.902
2012-03-14,7.3387,359.8563,50.0000,1.968
2012-03-15,7.3825,360.2375,50.2800,3.041
2012-03-16,7.3463,358.1187,50.1100,2.793
2012-03-19,7.2625,354.6875,50.1600,2.706
2012-03-20,7.2063,353.9188,50.4800,2.784
2012-03-21,7.2175,358.4125,50.6000,1.895
2012-03-22,7.0588,353.5375,51.2800,2.386
2012-03-23,7.1287,359.0875,51.1800,1.605
2012-03-26,7.1762,353.8438,51.0300,3.493
2012-03-27,7.1962,359.4875,50.6600,1.412
2012-03-28,6.9887,355.3875,50.9700,0.233
2012-03-29,7.0575,349.0000,51.3800,3.901
2012-03-30,7.1287,358.2875,50.8900,1.254
2012-04-02,7.1712,356.2750,50.7900,2.232
2012-04-03,7.2000,357.3062,50.6400,2.044
2012-04-04,7.1213,356.3875,51.1800,2.267
2012-04-09,7.0963,352.8438,51.1000,2.770
2012-04-10,7.0300,346.4250,51.4700,4.448
2012-04-11,7.0588,350.5500,51.5000,3.702
2012-04-12,7.0963,343.8312,51.2200,5.712
2012-04-13,6.1438,300.3188,51.4500,5.253
2012-04-16,5.9363,295.5688,51.6000,3.634
2012-04-17,5.9425,297.5875,51.4100,2.660
2012-04-18,5.8513,296.4062,51.7900,2.237
2012-04-19,5.8913,300.6750,52.0700,2.023
2012-04-20,5.8313,300.9250,52.0200,0.803
2012-04-23,5.7075,288.8625,52.3800,3.495
2012-04-24,5.7175,293.6938,52.6300,2.458
2012-04-25,5.7650,293.7437,52.4500,2.938
2012-04-26,5.8587,294.5250,52.4400,4.315
2012-04-27,5.8825,298.8750,52.4500,3.233
2012-04-30,5.9125,307.7625,52.6500,1.147
2012-05-02,5.9513,309.0000,52.9700,2.019
2012-05-03,5.8400,310.3625,53.3300,0.350
2012-05-04,5.7087,305.2437,53.4100,-0.111
2012-05-07,5.6062,304.7000,52.9100,-2.650
2012-05-08,5.6275,299.2375,53.1400,-0.064
2012-05-09,5.5525,295.7812,53.7500,0.901
2012-05-10,5.5575,293.0250,53.2500,0.994
2012-05-11,5.4662,288.9125,53.6300,1.468
2012-05-14,5.4125,292.3687,53.9200,-0.180
2012-05-15,5.5113,301.9000,53.9100,-1.586
2012-05-16,5.4262,296.0562,54.3400,-0.403
2012-05-17,5.3100,296.3188,54.3700,-2.570
2012-05-18,5.3587,297.8563,54.4800,-1.985
2012-05-21,5.3700,292.5562,54.9700,0.900
2012-05-22,5.3625,292.6375,55.3400,1.409
2012-05-23,5.3025,293.5250,55.9500,1.073
2012-05-24,5.3975,297.6000,55.5500,0.750
2012-05-25,5.3075,296.6063,55.3500,-0.956
2012-05-29,5.4313,301.1875,55.7100,0.461
2012-05-30,5.3137,304.0375,56.1300,-1.900
2012-05-31,5.2625,303.6688,56.3800,-2.295
2012-06-01,5.2725,298.6500,55.4400,-2.124
2012-06-04,5.3362,298.2000,55.6500,-0.415
2012-06-05,5.4113,298.6063,55.5400,0.648
2012-06-06,5.6188,301.9375,55.2600,2.833
2012-06-07,5.4850,306.6187,54.9100,-1.773
2012-06-08,5.4525,302.4062,55.3900,-0.130
2012-06-11,5.3650,303.2062,55.6900,-1.461
2012-06-12,5.5163,307.2563,55.6000,-0.180
2012-06-13,5.4750,308.7625,55.5600,-1.481
2012-06-14,5.5450,312.2875,55.7000,-1.099
2012-06-15,5.6250,315.3188,55.3400,-1.278
2012-06-18,5.5650,313.9625,55.8500,-1.006
2012-06-19,5.5312,309.6250,55.8700,-0.192
2012-06-20,5.4938,308.7625,56.2400,0.067
2012-06-21,5.2950,311.4125,56.2500,-4.357
2012-06-22,5.3375,309.3062,57.1100,-1.449
2012-06-25,5.3075,308.5187,57.1300,-1.718
2012-06-26,5.3187,305.0500,56.9500,-0.704
2012-06-27,5.4050,308.5125,56.9300,-0.261
2012-06-28,5.3513,309.1625,56.8100,-1.668
2012-06-29,5.6325,313.6500,55.5700,-0.208
2012-07-02,5.6775,312.4250,55.4500,0.766
2012-07-03,5.7562,311.3188,54.3100,0.419
2012-07-05,5.5738,310.0312,54.9500,-1.211
2012-07-06,5.4437,305.5812,55.4700,-1.183
2012-07-09,5.5062,304.7437,55.8700,0.948
2012-07-10,5.4400,307.4250,55.3900,-1.985
2012-07-11,5.4525,308.8750,55.5200,-1.992
2012-07-12,4.8438,283.0500,55.8300,-4.460
2012-07-13,5.0262,278.7250,55.1000,-0.638
2012-07-16,4.9163,271.4125,55.0500,-0.285
2012-07-17,4.9012,271.4062,55.0300,-0.623
2012-07-18,4.9738,272.3625,55.3300,1.041
2012-07-19,5.0200,280.6500,55.1600,-1.335
2012-07-20,4.9425,277.3438,55.2700,-1.504
2012-07-23,4.8500,273.6375,55.9200,-0.886
2012-07-24,4.7913,271.0812,56.2200,-0.633
2012-07-25,4.7712,271.0688,56.1000,-1.255
2012-07-26,4.8313,265.4750,55.5900,1.166
2012-07-27,4.9488,268.5812,55.3900,2.059
2012-07-30,4.9363,276.2125,55.4200,-0.958
2012-07-31,4.9475,278.3687,55.5500,-1.270
2012-08-01,4.9875,277.3188,55.4700,-0.239
2012-08-02,4.9050,275.7188,55.8400,-0.661
2012-08-03,5.0062,276.0625,55.7500,1.100
2012-08-06,5.0837,277.1000,55.5200,1.858
2012-08-07,5.1737,281.6625,55.0600,1.138
2012-08-08,5.1813,285.4500,55.2800,0.340
2012-08-09,5.1988,285.2563,55.1700,0.546
2012-08-10,5.2238,289.1313,55.1800,-0.306
2012-08-13,5.1750,290.0125,55.3400,-1.251
2012-08-14,5.1438,291.1688,55.6600,-1.672
2012-08-16,5.2600,289.4312,55.6200,1.081
2012-08-17,5.3225,293.8813,55.6200,0.734
2012-08-21,5.4363,301.1250,55.4600,0.123
2012-08-22,5.4375,304.2000,55.5000,-0.795
2012-08-23,5.4513,309.6500,55.1400,-2.928
2012-08-24,5.4550,305.6000,55.4100,-1.092
2012-08-27,5.4025,301.4875,55.6800,-0.224
2012-08-28,5.3850,302.6437,55.6500,-0.981
2012-08-29,5.3438,298.5375,55.6900,-0.316
2012-08-30,5.3012,299.0875,55.6300,-1.397
2012-08-31,5.3162,295.2062,55.5200,-0.016
2012-09-04,5.2750,295.1000,55.6100,-0.595
2012-09-05,5.2962,292.4312,55.8800,1.205
2012-09-06,5.5813,302.7500,55.6400,2.573
2012-09-07,5.7075,310.9062,55.2700,1.463
2012-09-10,5.6638,314.0438,55.4400,-0.014
2012-09-11,5.7300,316.1875,55.2500,0.125
2012-09-12,5.7625,317.4625,55.2100,0.216
2012-09-13,5.9163,319.3813,55.3400,2.512
2012-09-14,6.0188,329.0125,53.3000,-2.496
2012-09-17,6.0237,320.5625,53.8800,1.247
2012-09-18,5.9600,325.1000,53.9000,-1.186
2012-09-20,5.9825,327.1500,54.2600,-0.776
2012-09-21,6.0900,324.1625,53.4600,0.435
2012-09-24,6.0312,325.0187,53.4300,-0.852
2012-09-25,5.9350,324.7563,53.3600,-2.483
2012-09-26,5.9138,323.6625,53.5200,-2.212
2012-09-27,5.9662,318.6688,52.9900,-0.790
2012-09-28,6.0675,316.8687,52.9200,1.333
2012-10-01,6.1825,326.2062,52.4600,-0.574
2012-10-03,6.1863,322.2812,52.2500,0.295
2012-10-04,6.2063,321.9562,51.7400,-0.262
2012-10-05,6.0938,315.8563,51.7700,-0.121
2012-10-08,5.9862,311.0250,51.7700,-0.359
2012-10-09,5.9325,317.0312,52.7300,-1.328
2012-10-10,5.8587,313.0187,53.0500,-0.707
2012-10-11,6.0275,316.6500,52.6600,0.239
2012-10-12,5.5675,299.4188,52.8100,-1.803
2012-10-15,5.5712,295.7000,53.0900,0.026
2012-10-16,5.5712,294.4625,52.8900,0.068
2012-10-17,5.5163,296.2687,52.8600,-1.580
2012-10-18,5.5550,297.2000,53.4600,-0.077
2012-10-19,5.4612,297.9188,54.0800,-0.864
2012-10-22,5.4975,298.1938,53.5100,-1.349
2012-10-23,5.4138,294.1375,53.7200,-1.126
2012-10-25,5.4338,293.0938,53.5500,-0.722
2012-10-31,5.4275,295.3750,53.8000,-1.143
2012-11-01,5.4900,295.5812,53.7600,-0.148
2012-11-02,5.4763,298.5125,53.7500,-1.395
2012-11-05,5.4713,297.3062,54.6000,0.479
2012-11-06,5.5000,297.7062,54.4200,0.539
2012-11-07,5.4113,300.5500,54.3700,-2.110
2012-11-08,5.3587,296.9125,54.3000,-1.998
2012-11-09,5.3812,293.5875,54.6100,0.096
2012-11-12,5.3500,294.8687,54.6100,-0.917
2012-11-15,5.2325,287.0375,54.6500,-0.377
2012-11-16,5.3187,292.9188,55.1600,0.158
2012-11-19,5.4088,294.8188,55.0500,0.995
2012-11-20,5.2562,290.5938,55.1000,-0.335
2012-11-21,5.2950,293.7313,55.1400,-0.601
2012-11-23,5.4412,297.1938,55.4400,1.504
2012-11-26,5.4825,302.1750,55.6300,0.932
2012-11-27,5.4500,308.8312,55.3500,-2.323
2012-11-29,5.5825,305.6562,54.7100,-0.078
2012-11-30,5.5563,304.6063,54.2600,-1.026
2012-12-03,5.5000,304.8937,54.6600,-1.398
2012-12-04,5.5037,304.6812,54.7300,-1.136
2012-12-05,5.4363,297.8125,54.4600,-0.589
2012-12-06,5.3725,292.2875,54.3100,-0.173
2012-12-07,5.3525,290.1437,54.3500,0.264
2012-12-10,5.3888,289.1938,54.4200,1.405
2012-12-11,5.3750,286.7563,54.3100,1.799
2012-12-12,5.3500,287.2250,54.2300,1.012
2012-12-13,5.2213,285.4438,54.3600,-0.566
2012-12-14,5.2100,284.8500,54.4900,-0.336
2012-12-17,5.1825,283.2812,54.6800,0.035
2012-12-18,5.2550,283.8750,54.9100,1.648
2012-12-19,5.2987,287.0187,54.6700,0.928
2012-12-20,5.3050,287.4500,54.9200,1.357
2012-12-21,5.3337,287.1063,55.0600,2.288
2012-12-24,5.2425,290.2875,54.9500,-0.762
2012-12-26,5.2675,289.4062,54.8600,-0.149
2012-12-27,5.2125,285.9688,54.9400,0.142
2012-12-28,5.2238,290.4000,54.7700,-1.479
2012-12-31,5.2875,289.8375,54.8600,0.081
2013-01-02,5.3575,288.6500,54.2300,0.654
2013-01-03,5.4338,292.2375,54.4600,1.261
2013-01-04,5.3350,293.6938,54.9300,-0.219
2013-01-07,5.4113,296.8500,55.2000,0.624
2013-01-08,5.3150,293.0000,55.0200,-0.194
2013-01-09,5.3350,291.3750,54.7900,0.319
2013-01-10,5.4938,290.2875,54.4900,3.123
2013-01-11,6.5275,339.0125,54.8100,5.534
2013-01-14,6.4913,350.8125,54.5000,0.844
2013-01-15,6.3750,348.3813,54.5800,-0.125
2013-01-16,6.4163,345.9312,54.6600,1.382
2013-01-17,6.5163,349.7437,54.3500,1.262
2013-01-18,6.5262,348.5063,53.8200,0.785
2013-01-22,6.5012,347.9438,53.7200,0.375
2013-01-23,6.6275,348.7000,53.6600,1.988
2013-01-24,6.5800,349.7750,53.6700,0.965
2013-01-25,6.5837,351.8312,53.7800,0.637
2013-01-28,6.5262,351.3312,53.9700,0.253
2013-01-29,6.5563,349.8750,53.6400,0.515
2013-01-30,6.6038,348.8312,53.2100,0.732
2013-01-31,6.5900,348.6875,53.3200,0.772
2013-02-01,6.6025,346.3687,53.1600,1.334
2013-02-04,6.4887,345.9500,53.2400,-0.141
2013-02-05,6.5750,344.4875,52.9900,1.138
2013-02-06,6.6112,347.0000,53.0700,1.112
2013-02-07,6.5250,348.6875,53.2200,-0.409
2013-02-08,6.5487,348.6812,53.5800,0.631
2013-02-11,6.3900,349.0063,53.9500,-1.222
2013-02-12,6.4437,344.4062,53.7500,0.565
2013-02-13,6.5225,348.6938,53.7900,0.617
2013-02-14,6.4538,351.5938,53.9400,-0.989
2013-02-15,6.4250,348.5750,54.2800,0.050
2013-02-19,6.5312,352.5562,54.2600,0.519
2013-02-20,6.4875,352.4312,54.1800,-0.266
2013-02-21,6.3962,350.9750,54.4700,-0.733
2013-02-22,6.6850,355.0688,54.2800,2.195
2013-02-25,6.8225,364.7250,53.9600,0.937
2013-02-26,6.8100,369.9750,54.1400,-0.346
2013-02-27,6.8187,363.8188,53.7200,0.683
2013-02-28,6.7413,363.3750,54.3700,0.866
2013-03-01,6.7463,364.2250,54.9000,1.687
2013-03-04,6.6975,362.9312,54.9200,1.349
2013-03-05,6.7688,365.1625,54.8700,1.709
2013-03-06,6.8450,371.2625,54.8300,1.091
2013-03-07,6.8362,375.5438,54.4500,-0.881
2013-03-08,6.8825,371.2812,54.3200,0.694
2013-03-11,6.7937,368.2188,54.3800,0.333
2013-03-12,6.5950,364.7625,54.1900,-2.023
2013-03-13,6.6175,357.9312,54.3000,0.391
2013-03-14,6.6575,359.2625,54.2200,0.475
2013-03-15,6.6988,359.7812,54.0600,0.654
2013-03-18,6.6525,357.5938,54.1000,0.645
2013-03-19,6.5662,357.0000,54.4000,0.057
2013-03-20,6.6788,358.2062,54.3200,1.280
2013-03-21,6.5262,359.1000,54.2700,-1.370
2013-03-22,6.5462,357.9000,54.3000,-0.681
2013-03-25,6.5363,356.5938,54.2200,-0.616
2013-03-26,6.5788,356.8188,54.4200,0.335
2013-03-28,6.7387,361.1688,54.4400,1.575
2013-04-01,6.6613,368.0250,54.2800,-1.753
2013-04-02,6.7762,371.1313,54.4300,-0.620
2013-04-03,6.7050,371.0562,54.4600,-1.591
2013-04-04,6.5687,360.0063,54.9100,0.190
2013-04-05,6.5037,358.2313,54.7500,-0.600
2013-04-08,6.4750,353.9875,54.5800,-0.164
2013-04-09,6.4350,345.7938,54.4700,1.365
2013-04-10,6.6250,351.9562,54.4100,2.418
2013-04-11,6.7925,364.5875,54.3600,1.276
2013-04-12,5.3875,287.0812,54.6200,2.502
2013-04-15,5.2137,292.3813,54.4800,-2.851
2013-04-16,5.3450,287.0312,54.0800,0.706
2013-04-17,5.2362,285.4813,54.1600,-0.661
2013-04-18,5.1588,286.9625,53.9500,-3.014
2013-04-22,5.1638,280.5688,54.1900,-0.266
2013-04-23,5.1462,282.7812,54.3900,-1.017
2013-04-25,5.1075,278.4625,54.1100,-0.753
2013-04-26,5.0125,276.5000,54.4100,-1.363
2013-04-29,5.1013,278.6625,54.2000,-0.780
2013-04-30,5.2175,279.4312,53.6800,0.231
2013-05-02,5.3212,285.8375,53.7900,0.137
2013-05-03,5.4237,288.4937,53.8000,1.145
2013-05-06,5.4000,292.6375,54.1300,-0.115
2013-05-07,5.4938,293.6000,54.0600,1.155
2013-05-08,5.4775,293.8312,54.0800,0.814
2013-05-09,5.4088,295.1750,54.3400,-0.428
2013-05-10,5.3587,296.4438,54.9400,-0.686
2013-05-13,5.3500,292.4500,54.8500,0.341
2013-05-14,5.3637,293.7563,54.5000,-0.487
2013-05-15,5.3088,295.0562,54.7800,-1.438
2013-05-16,5.3400,291.5750,54.6800,0.143
2013-05-17,5.4200,293.9688,55.1700,1.719
2013-05-20,5.3900,296.5063,55.0200,0.017
2013-05-21,5.4425,299.7000,55.4200,0.642
2013-05-22,5.3825,298.1625,55.6200,0.407
2013-05-23,5.3075,294.9813,55.7000,0.219
2013-05-24,5.2250,293.4875,55.7800,-0.694
2013-05-28,5.3125,295.7750,56.0700,0.709
2013-05-29,5.1813,294.0500,56.2800,-0.833
2013-05-30,5.2150,292.6812,56.5000,0.672
2013-05-31,5.2188,301.4625,56.5000,-2.190
2013-06-03,5.4288,314.2625,56.6600,-2.122
2013-06-04,5.4600,311.9875,56.4300,-1.244
2013-06-05,5.3313,307.6562,56.8400,-1.504
2013-06-06,5.3400,303.7062,56.9200,0.081
2013-06-07,5.3825,305.8500,56.5700,-0.445
2013-06-10,5.3925,310.8438,58.1300,0.844
2013-06-11,5.3263,309.4375,58.3400,0.419
2013-06-12,5.2225,302.6688,57.8200,-0.233
2013-06-13,5.2087,297.4875,58.0700,1.676
2013-06-14,5.2562,299.3687,57.5600,1.063
2013-06-17,5.2812,302.8250,57.9700,1.099
2013-06-18,5.1975,305.8188,58.7900,-0.084
2013-06-19,5.1175,304.7938,58.7000,-1.442
2013-06-20,4.9750,296.1375,59.5700,0.075
2013-06-21,5.0175,302.3438,59.4300,-1.374
2013-06-24,4.9012,297.5500,59.8000,-1.497
2013-06-25,5.0338,296.7375,59.6600,1.205
2013-06-26,5.0325,299.9250,60.7000,1.850
2013-06-27,5.1737,310.3500,60.1900,0.341
2013-06-28,5.1487,312.3563,59.5200,-1.890
2013-07-01,5.1287,306.3750,59.3800,-0.597
2013-07-02,5.0637,300.4937,59.5400,0.333
2013-07-03,5.0675,300.5625,60.2100,1.514
2013-07-05,5.1413,307.0250,60.2300,0.857
2013-07-08,5.1937,308.5187,60.7500,2.269
2013-07-09,5.2638,312.2750,60.0900,1.289
2013-07-10,5.3225,312.6437,59.8800,1.941
2013-07-11,5.5050,316.0438,59.8200,4.197
2013-07-12,5.7712,350.5250,59.8800,-1.410
2013-07-15,5.7875,342.8375,59.8900,1.101
2013-07-16,5.8025,341.1000,59.2900,0.859
2013-07-17,5.8525,343.8563,59.3400,0.998
2013-07-18,5.9500,350.0938,59.5900,1.276
2013-07-19,5.9675,355.9312,59.3700,-0.461
2013-07-22,6.1275,359.5938,59.7100,1.746
2013-07-23,6.0887,362.7437,59.6400,0.107
2013-07-24,6.1950,363.5750,59.1400,0.769
2013-07-25,6.2438,364.4125,59.0100,1.106
2013-07-26,6.2312,364.1625,59.0800,1.093
2013-07-29,6.2238,365.1500,59.3300,1.124
2013-07-30,6.2125,369.4625,60.8000,2.235
2013-07-31,6.2100,371.2062,60.7700,1.664
2013-08-01,6.2275,371.8312,60.4500,1.243
2013-08-02,6.2125,376.1000,60.8800,0.563
2013-08-05,6.2150,376.1313,60.8800,0.595
2013-08-06,6.1337,373.4188,60.7800,-0.163
2013-08-07,6.0588,370.4188,61.2000,0.102
2013-08-08,6.2100,370.5688,60.7200,1.755
2013-08-12,6.1925,375.6750,61.1500,0.798
2013-08-13,6.3000,385.4500,61.3300,0.241
2013-08-14,6.2562,383.7062,61.2700,-0.101
2013-08-16,6.0512,372.3000,61.6500,0.204
2013-08-19,5.9662,375.6250,63.1300,0.273
2013-08-20,5.9338,375.8312,63.2100,-0.202
2013-08-21,5.8012,369.8438,64.1100,0.561
2013-08-22,5.8600,377.5250,64.5500,0.195
2013-08-23,5.9513,375.0875,63.2200,0.307
2013-08-26,5.9437,378.8375,64.2600,0.820
2013-08-27,5.8025,382.0063,66.2400,0.616
2013-08-28,5.8075,389.5312,68.8000,2.574
2013-08-29,5.7762,388.0750,66.5500,-0.945
2013-08-30,5.7962,388.2313,65.7100,-1.896
2013-09-03,5.6813,379.2125,67.7100,1.441
2013-09-04,5.8375,389.0875,67.0800,0.640
2013-09-05,5.7675,375.6000,66.0100,1.361
2013-09-06,5.8275,378.6313,65.2300,0.395
2013-09-10,6.1750,394.8625,63.8300,-0.180
2013-09-11,6.1075,389.8875,63.2600,-0.905
2013-09-12,6.0388,383.2313,63.4200,-0.066
2013-09-13,5.9963,378.5063,63.3600,0.374
2013-09-16,6.0113,374.1750,62.8300,0.939
2013-09-17,6.0262,377.8250,63.3600,1.058
2013-09-18,6.1300,377.1437,63.3700,3.000
2013-09-19,6.0637,377.3750,61.7600,-0.763
2013-09-20,5.9850,374.3937,62.2700,-0.456
2013-09-23,6.0575,377.4250,62.5700,0.422
2013-09-24,6.0763,376.8875,62.7200,1.118
2013-09-25,6.1087,376.2062,62.2000,0.999
2013-09-26,6.0900,376.5375,61.6800,-0.241
2013-09-27,6.0775,375.8250,62.4800,1.037
2013-09-30,6.0138,376.6250,62.5800,-0.076
2013-10-01,6.0862,376.8750,62.4600,0.868
2013-10-03,6.1438,379.6437,61.9700,0.286
2013-10-04,6.1750,377.0500,61.4200,0.588
2013-10-07,6.1775,377.7313,61.7900,1.053
2013-10-08,6.0425,379.2687,61.7900,-1.556
2013-10-09,6.2100,388.7313,61.9200,-1.083
2013-10-10,6.2850,390.9500,61.3000,-1.453
2013-10-11,6.6750,409.3125,61.0700,-0.408
2013-10-14,6.8175,415.5438,61.0700,0.193
2013-10-15,6.8450,419.3500,61.8400,0.941
2013-10-17,6.7838,408.5625,61.1300,1.500
2013-10-18,6.7663,414.3188,61.2600,0.044
2013-10-21,6.8150,416.9312,61.5600,0.624
2013-10-22,6.8412,417.7938,61.6400,0.934
2013-10-23,6.7712,415.6000,61.5400,0.265
2013-10-24,6.7775,413.5938,61.4800,0.746
2013-10-25,6.7575,416.4438,61.4000,-0.368
2013-10-28,6.7400,415.4312,61.5400,-0.157
2013-10-29,6.7638,416.9500,61.3400,-0.494
2013-10-30,6.7150,415.4875,61.0900,-1.268
2013-10-31,6.6325,413.7375,61.6100,-1.235
2013-11-01,6.5712,409.5875,61.8400,-0.786
2013-11-05,6.6150,408.2313,61.7600,0.076
2013-11-06,6.6975,413.2687,62.4800,1.256
2013-11-07,6.7087,419.7000,62.4100,-0.240
2013-11-08,6.7100,420.0063,62.4800,-0.182
2013-11-11,6.6537,420.3250,62.4800,-1.094
2013-11-12,6.5938,417.1063,63.7300,0.746
2013-11-13,6.6863,416.5063,63.2800,1.585
2013-11-14,6.7463,419.2812,63.1200,1.560
2013-11-18,6.9212,425.5125,62.0700,0.961
2013-11-19,6.8675,430.3687,62.2600,-0.650
2013-11-20,6.8012,425.2750,62.3400,-0.302
2013-11-21,6.6900,418.0438,62.9400,0.724
2013-11-22,6.7400,418.4500,62.7200,1.023
2013-11-25,6.6537,415.7500,62.3700,-0.182
2013-11-26,6.6988,414.5250,62.4700,0.952
2013-11-27,6.6487,411.6625,62.4700,0.895
2013-11-29,6.7525,419.3188,62.3900,0.470
2013-12-02,6.6950,417.3375,62.3000,-0.057
2013-12-03,6.6512,418.5938,62.3800,-0.881
2013-12-04,6.7962,420.6688,61.9000,0.005
2013-12-05,6.7337,418.9125,61.6000,-0.982
2013-12-06,6.9350,415.7250,61.4300,2.476
2013-12-09,6.8987,417.3500,60.8700,0.617
2013-12-10,6.8837,421.3563,61.0400,-0.278
2013-12-11,6.7863,421.7938,61.3800,-1.246
2013-12-12,6.7350,420.4813,61.8500,-0.933
2013-12-13,6.7962,421.7313,62.1600,0.172
2013-12-16,6.9575,431.5312,61.6800,-0.554
2013-12-17,6.9837,432.0438,61.9200,0.090
2013-12-18,7.0250,432.1812,62.0600,0.877
2013-12-19,7.0687,439.0312,62.1400,0.050
2013-12-20,7.1250,443.9188,61.9800,-0.521
2013-12-23,7.1100,433.5562,61.8300,1.397
2013-12-24,7.1438,435.8000,61.7500,1.222
2013-12-26,7.1863,440.0812,62.1500,1.487
2013-12-27,7.2812,445.1625,61.9200,1.279
2013-12-30,7.0675,437.7938,61.7700,-0.282
2013-12-31,7.0750,435.7062,61.9200,0.546
2014-01-02,6.9412,435.0688,62.3100,-0.588
2014-01-03,7.1438,445.6437,62.1700,-0.340
2014-01-06,7.0388,439.7375,62.3100,-0.262
2014-01-07,7.0113,432.1437,62.3000,1.078
2014-01-08,6.9700,428.5125,62.0700,0.960
2014-01-09,7.0188,431.3500,62.0700,0.998
2014-01-10,7.4375,443.9062,61.4500,2.957
2014-01-13,7.4262,458.1250,61.5200,-0.275
2014-01-14,7.5662,460.8438,61.5100,0.989
2014-01-15,7.4988,464.0063,61.5400,-0.546
2014-01-16,7.5875,465.6313,61.5400,0.280
2014-01-17,7.5350,466.2188,61.5400,-0.539
2014-01-21,7.5662,469.7938,61.9400,-0.243
2014-01-22,7.6863,470.7375,61.8600,1.006
2014-01-23,7.6500,474.0625,62.1100,0.228
2014-01-24,7.4412,469.7687,62.6800,-0.713
2014-01-27,7.2750,466.5250,63.0900,-1.617
2014-01-28,7.2562,459.3875,62.5600,-1.183
2014-01-29,7.2937,464.7250,62.4600,-1.970
2014-01-30,7.4075,463.0312,62.5600,0.082
2014-01-31,7.3225,462.6375,62.6300,-0.871
2014-02-03,7.0675,453.6437,62.6300,-2.426
2014-02-04,7.1350,445.1375,62.2700,-0.189
2014-02-05,7.0662,447.6562,62.5700,-1.233
2014-02-06,7.1900,445.4625,62.1400,0.297
2014-02-07,7.2087,445.8188,62.0900,0.398
2014-02-10,7.1900,446.7250,62.4400,0.497
2014-02-11,7.3200,449.5312,62.1500,1.203
2014-02-12,7.3050,450.0125,61.8400,0.384
2014-02-13,7.2975,448.2250,62.2300,1.316
2014-02-14,7.4125,455.5375,61.8700,0.675
2014-02-18,7.4837,460.2500,62.2000,1.138
2014-02-19,7.4900,469.1750,62.3200,-0.511
2014-02-20,7.6050,463.9062,62.2100,1.983
2014-02-21,7.6013,468.8375,62.1300,0.731
2014-02-24,7.6312,468.7375,62.0700,1.053
2014-02-25,7.5950,472.8625,61.9600,-0.481
2014-02-26,7.6500,475.9375,62.1100,-0.167
2014-02-28,7.7087,478.1063,61.7800,-0.389
2014-03-03,7.4913,474.7812,62.1700,-1.906
2014-03-04,7.7337,474.9438,61.9100,0.811
2014-03-05,7.8150,477.7125,61.7500,1.018
2014-03-06,7.8762,478.9875,60.8900,0.125
2014-03-07,7.5462,467.5375,61.2400,-1.156
2014-03-10,7.4563,458.9500,60.8400,-1.157
2014-03-11,7.4538,459.4188,61.0100,-1.016
2014-03-12,7.0012,458.9125,61.0100,-6.922
2014-03-13,6.8125,419.7000,61.2000,-0.661
2014-03-14,6.8688,424.2687,61.1900,-0.936
2014-03-18,6.8637,418.8188,61.1000,0.133
2014-03-19,6.7300,408.9688,60.9500,0.299
2014-03-20,6.8275,412.8813,61.3300,1.417
2014-03-21,6.7325,413.2062,60.9000,-0.774
2014-03-24,6.6650,409.4750,60.7800,-1.069
2014-03-25,6.6725,406.8000,60.2700,-1.143
2014-03-26,6.7000,406.1125,60.1300,-0.798
2014-03-27,6.7000,403.8813,60.2600,-0.034
2014-03-28,6.7413,407.8250,59.8900,-1.003
2014-03-31,6.7725,410.3500,60.0000,-0.975
2014-04-01,6.9000,414.2437,59.8600,-0.292
2014-04-02,6.9587,415.2563,59.9000,0.379
2014-04-03,6.8962,417.2687,60.3500,-0.259
2014-04-04,6.8475,414.5063,60.0800,-0.750
2014-04-07,6.8313,411.6750,60.1100,-0.255
2014-04-09,6.7613,406.8188,60.0900,-0.132
2014-04-10,6.5938,400.1500,60.0700,-1.015
2014-04-11,6.6438,404.3937,60.1800,-1.131
2014-04-15,6.6225,407.4750,60.3400,-1.932
2014-04-16,6.5725,394.6625,60.2200,0.287
2014-04-17,6.6100,399.0063,60.2900,-0.123
2014-04-21,6.5625,397.8687,60.5900,-0.062
2014-04-22,6.5563,393.8312,60.8000,1.216
2014-04-23,6.5375,396.5812,61.1700,0.837
2014-04-24,6.5687,396.5812,61.1100,1.219
2014-04-25,6.5625,396.9500,60.6400,0.252
2014-04-28,6.6150,397.2563,60.6900,1.059
2014-04-29,6.6588,397.2188,60.2300,0.966
2014-04-30,6.7137,397.6000,60.2100,1.669
2014-05-02,6.6838,402.4625,60.0200,-0.324
2014-05-05,6.6525,397.1125,60.2100,0.865
2014-05-06,6.6613,395.6437,59.9700,0.968
2014-05-07,6.4125,383.4188,60.0100,0.364
2014-05-08,6.4262,383.1625,60.0600,0.730
2014-05-09,6.5600,388.9312,60.0000,1.200
2014-05-12,6.7450,396.8875,59.4800,1.085
2014-05-13,6.7875,408.1562,59.4400,-1.153
2014-05-14,6.8025,406.7625,59.4900,-0.512
2014-05-15,6.7200,409.0562,59.3800,-2.450
2014-05-16,6.6500,397.1938,58.6200,-1.856
2014-05-19,6.5125,376.8813,58.3800,0.881
2014-05-20,6.6038,390.2750,58.5800,-0.878
2014-05-21,6.6638,394.6375,58.6600,-0.948
2014-05-22,6.5763,389.2375,58.3000,-1.501
2014-05-23,6.5813,383.6938,58.3600,0.101
2014-05-27,6.6150,391.7563,58.9000,-0.544
2014-05-28,6.3950,396.6625,58.9400,-4.977
2014-05-29,6.3438,365.5625,58.9000,2.211
2014-05-30,6.4288,367.4250,59.1600,3.511
2014-06-02,6.5338,374.1437,59.1500,3.295
2014-06-03,6.4963,377.1500,59.3200,2.176
2014-06-04,6.4138,373.0625,59.3400,2.018
2014-06-05,6.4550,380.1437,59.2400,0.592
2014-06-06,6.5012,375.3813,59.1700,2.477
2014-06-09,6.4938,373.3062,59.1800,2.945
2014-06-10,6.5375,384.3937,59.1800,0.649
2014-06-11,6.8450,399.1688,59.3200,1.723
2014-06-12,6.7112,396.8813,59.1900,0.090
2014-06-13,6.7475,398.3750,59.6400,1.016
2014-06-16,6.7875,405.5187,60.1600,0.695
2014-06-17,6.7288,405.8563,60.3200,0.005
2014-06-18,6.7750,405.0625,60.2800,0.823
2014-06-19,6.8300,413.9875,60.0900,-0.863
2014-06-20,6.8263,414.5750,60.2300,-0.827
2014-06-23,6.6838,404.0688,60.1400,-0.522
2014-06-24,6.6163,400.4750,60.1400,-0.643
2014-06-25,6.6663,401.4062,60.1100,-0.174
2014-06-26,6.5813,397.8125,60.1700,-0.457
2014-06-27,6.7137,402.9250,60.0400,0.042
2014-06-30,6.7213,406.9438,60.0600,-0.802
2014-07-01,6.7188,402.6313,60.0500,0.206
2014-07-02,6.7063,401.9125,59.6900,-0.402
2014-07-03,6.7162,401.3375,59.7400,-0.027
2014-07-07,6.9475,418.1812,60.0130,-0.297
2014-07-08,6.9437,417.7687,59.7800,-0.639
2014-07-09,6.8787,413.7938,59.7500,-0.674
2014-07-10,6.9563,411.5875,60.1900,1.727
2014-07-11,6.7775,415.8312,60.0800,-2.078
2014-07-14,6.7087,403.1562,60.1100,0.026
2014-07-15,6.6712,403.2062,60.1500,-0.479
2014-07-16,6.8525,403.7000,60.1200,2.049
2014-07-17,6.6512,404.9125,60.3500,-0.867
2014-07-18,6.7787,406.4438,60.3300,0.620
2014-07-21,6.6863,400.0875,60.2400,0.673
2014-07-22,6.7888,404.2125,60.1600,1.039
2014-07-23,6.9363,418.6812,60.0000,-0.599
2014-07-24,6.9713,422.7812,60.1100,-0.884
2014-07-25,6.9000,419.0250,60.0400,-1.133
2014-07-28,6.9850,421.3875,60.1300,-0.327
2014-07-30,6.9550,421.5250,60.4000,-0.342
2014-07-31,6.8525,420.9562,60.5500,-1.434
2014-08-01,6.8962,417.6625,61.2000,1.051
2014-08-04,7.1575,433.1938,60.9400,0.689
2014-08-05,7.2125,439.1250,61.0500,0.273
2014-08-06,7.0338,446.9813,61.2500,-3.616
2014-08-07,7.1438,438.4188,61.2000,-0.279
2014-08-08,7.2337,435.3312,61.1800,1.661
2014-08-11,7.3088,446.6875,61.1700,0.087
2014-08-12,7.2263,447.1000,61.0900,-1.263
2014-08-13,7.2888,451.0500,61.2200,-1.071
2014-08-14,7.2663,451.5688,60.7700,-2.214
2014-08-18,7.3000,444.9750,60.7700,-0.304
2014-08-19,7.2638,443.4750,60.6700,-0.628
2014-08-20,7.3100,444.3188,60.5800,-0.333
2014-08-21,7.2962,443.6187,60.5600,-0.396
2014-08-22,7.3738,450.1250,60.4700,-0.941
2014-08-25,7.4125,453.4750,60.5600,-1.009
2014-08-26,7.4300,453.0187,60.4300,-0.888
2014-08-27,7.4450,453.8188,60.4500,-0.830
2014-08-28,7.4075,449.8500,60.5100,-0.361
2014-09-02,7.4313,451.7188,60.6900,-0.159
2014-09-03,7.6525,466.7812,60.4100,-0.963
2014-09-04,7.6388,463.5938,60.3800,-0.510
2014-09-05,7.7013,466.3438,60.2600,-0.486
2014-09-08,7.7188,472.7062,60.2900,-1.553
2014-09-09,7.5363,467.0063,60.6000,-2.208
2014-09-10,7.5563,458.4125,60.9500,0.467
2014-09-11,7.5138,460.5187,60.9300,-0.588
2014-09-12,7.4538,458.7375,60.9500,-0.966
2014-09-15,7.3812,455.1625,61.0300,-1.029
2014-09-16,7.4650,456.4062,61.0600,-0.130
2014-09-17,7.4025,467.6313,60.9000,-3.597
2014-09-18,7.4325,462.1250,60.7800,-2.246
2014-09-19,7.4400,462.7563,60.8000,-2.248
2014-09-22,7.3625,456.3250,60.9300,-1.694
2014-09-23,7.3587,450.8875,61.0400,-0.379
2014-09-24,7.4575,455.6000,60.9300,-0.267
2014-09-25,7.3725,461.3750,61.3300,-1.998
2014-09-26,7.5100,460.0187,61.1400,-0.186
2014-09-29,7.5650,468.6313,61.5300,-0.674
2014-09-30,7.5613,468.4688,61.9200,-0.059
2014-10-01,7.5225,480.9125,61.7100,-3.472
2014-10-07,7.5312,478.9125,61.2800,-3.633
2014-10-08,7.5462,456.2687,61.3800,1.517
2014-10-09,7.4262,455.8500,60.9200,-0.755
2014-10-10,7.8525,486.0812,61.2700,-1.020
2014-10-13,7.9812,492.8188,61.2700,-0.773
2014-10-14,8.0600,489.7875,61.3800,1.008
2014-10-15,8.0200,489.7875,61.4200,0.572
2014-10-16,7.8625,483.1625,61.8000,0.567
2014-10-17,7.7537,481.4562,61.4600,-1.020
2014-10-20,7.7800,476.5438,61.2000,-0.086
2014-10-21,7.7950,471.6187,61.1400,1.053
2014-10-22,7.7150,474.5063,61.1800,-0.527
2014-10-27,7.7438,475.3813,61.2800,-0.178
2014-10-28,7.8412,473.5312,61.1700,1.292
2014-10-29,8.0000,485.1812,61.2000,0.911
2014-10-30,8.1550,493.3188,61.4200,1.533
2014-10-31,8.3575,506.4062,61.4400,1.398
2014-11-03,8.3750,510.7375,61.3800,0.650
2014-11-05,8.4362,515.6000,61.4900,0.610
2014-11-07,8.5000,520.8250,61.5000,0.370
2014-11-10,8.4700,520.6875,61.5200,0.074
2014-11-11,8.3988,515.6500,61.5200,0.202
2014-11-12,8.3938,513.2500,61.4000,0.414
2014-11-13,8.4950,522.3250,61.5500,0.104
2014-11-14,8.4800,523.9562,61.7000,-0.141
2014-11-17,8.4987,527.3063,61.8200,-0.363
2014-11-18,8.4163,522.7938,61.7200,-0.639
2014-11-19,8.4025,521.6688,61.9800,-0.169
2014-11-20,8.2812,528.2000,61.9200,-2.920
2014-11-21,8.4812,518.2687,61.7600,1.068
2014-11-24,8.7075,534.3875,61.8500,0.781
2014-11-25,8.6062,537.9000,61.8900,-0.978
2014-11-26,8.7338,537.5563,61.7800,0.375
2014-11-28,8.7300,544.9813,62.2000,-0.362
2014-12-01,8.7300,543.7313,61.9400,-0.551
2014-12-02,8.6388,531.6500,61.8000,0.418
2014-12-03,8.7175,530.8750,61.8500,1.564
2014-12-04,8.5500,525.4500,61.7800,0.527
2014-12-05,8.4163,517.5750,61.9000,0.655
2014-12-08,8.0775,492.5375,61.8200,1.383
2014-12-09,8.0425,491.2000,61.8700,1.301
2014-12-10,7.8500,490.9375,62.1000,-0.703
2014-12-11,7.9125,480.2625,62.4600,2.905
2014-12-12,7.8175,484.6625,62.5200,0.843
2014-12-15,7.7200,481.2000,63.1600,1.329
2014-12-16,7.7500,484.5000,63.6500,1.814
2014-12-17,7.8375,484.6250,63.5200,2.726
2014-12-18,8.1375,491.4750,62.9800,4.278
2014-12-19,8.0325,499.6625,63.2400,1.664
2014-12-22,8.0250,499.9000,63.2200,1.488
2014-12-23,8.0125,492.9125,63.4000,3.059
2014-12-24,7.9350,482.6375,63.5500,4.482
2014-12-26,7.9500,488.0625,63.5500,3.516
2014-12-29,7.9475,489.4500,63.6700,3.385
2014-12-30,7.8675,491.5875,63.3800,1.435
2014-12-31,7.8650,493.1375,63.0400,0.542
2015-01-02,7.9750,503.3000,63.2700,0.254
2015-01-05,7.8750,498.9750,63.3400,-0.035
2015-01-06,7.8200,488.5500,63.5700,1.754
2015-01-07,7.9850,490.8875,63.2700,2.918
2015-01-08,8.0275,493.3625,62.6700,1.970
2015-01-09,8.3900,518.6125,62.3400,0.852
2015-01-12,8.3800,528.9875,62.0900,-1.640
2015-01-13,8.4650,522.2250,61.9700,0.450
2015-01-14,8.4725,532.1625,62.0900,-1.147
2015-01-15,8.5425,533.5625,62.0600,-0.640
2015-01-16,8.6425,529.5750,61.8700,0.970
2015-01-20,8.6500,531.0500,61.6400,0.402
2015-01-21,8.7975,542.4750,61.5500,-0.182
2015-01-22,8.9500,549.1125,61.3200,-0.054
2015-01-23,8.8750,553.7625,61.4600,-1.500
2015-01-27,8.7850,534.1250,61.3400,0.889
2015-01-28,8.7850,536.1375,61.3400,0.510
2015-01-29,8.6550,536.3750,61.9400,-0.053
2015-01-30,8.5200,535.4750,62.0100,-1.335
2015-02-02,8.5875,534.2125,61.6800,-0.849
2015-02-03,8.6300,530.2250,61.6700,0.375
2015-02-04,8.6950,535.7125,61.7300,0.192
2015-02-05,8.9375,548.4500,61.7300,0.595
2015-02-06,8.9425,557.6250,61.7000,-1.053
2015-02-09,9.0500,562.2250,62.1000,-0.039
2015-02-10,9.1225,569.5750,62.3300,-0.170
2015-02-11,9.0825,571.2125,62.4100,-0.766
2015-02-12,9.1825,577.8000,62.3000,-0.992
2015-02-13,9.1500,574.0250,62.0400,-1.108
2015-02-18,9.1250,574.1250,62.2500,-1.061
2015-02-19,9.3000,581.1750,62.0800,-0.659
2015-02-20,9.2300,570.7750,62.1900,0.567
2015-02-23,9.0475,566.4000,62.1500,-0.724
2015-02-24,9.1875,568.2000,62.0700,0.364
2015-02-25,9.1925,579.4000,61.8400,-1.887
2015-02-26,9.1450,564.5250,61.7400,0.015
2015-02-27,9.1775,566.4375,61.6700,-0.081
2015-03-02,9.1500,572.9250,61.8700,-1.189
2015-03-03,9.2200,574.4625,61.7600,-0.877
2015-03-04,9.0300,568.6625,62.3000,-1.072
2015-03-05,8.8725,561.9000,62.2600,-1.690
2015-03-09,8.7075,547.5125,62.6700,-0.331
2015-03-10,8.6725,549.5000,62.7100,-1.028
2015-03-11,8.6575,545.5500,62.7600,-0.404
2015-03-12,8.8075,554.5750,62.4400,-0.836
2015-03-13,8.8025,555.1000,63.0600,-0.003
2015-03-16,9.0300,566.6625,62.8000,0.074
2015-03-17,8.9225,560.1250,62.6400,-0.218
2015-03-18,9.0500,557.3750,62.6900,1.789
2015-03-19,8.9950,557.6125,62.5600,0.917
2015-03-20,9.0275,564.3625,62.4700,-0.073
2015-03-23,8.9975,558.3625,62.2200,0.262
2015-03-24,8.9300,552.8625,62.4000,0.790
2015-03-25,8.7550,554.7750,62.3500,-1.604
2015-03-26,8.7375,536.5875,62.8300,2.309
2015-03-27,8.8750,550.5375,62.5000,0.754
2015-03-30,8.9450,557.0000,62.5200,0.402
2015-03-31,8.7700,554.5875,62.3100,-1.466
2015-04-01,8.6600,543.4875,62.1400,-0.985
2015-04-06,8.6375,544.5500,62.1600,-1.404
2015-04-07,8.7675,539.8750,62.2300,1.061
2015-04-08,8.9450,550.1375,62.2200,1.167
2015-04-09,9.0050,553.7500,62.1800,1.116
2015-04-10,9.0775,558.4875,62.2100,1.114
2015-04-13,9.0550,559.7000,62.3800,0.920
2015-04-15,9.0375,553.4250,62.3400,1.802
2015-04-16,8.8275,548.6625,62.2800,0.203
2015-04-17,8.7750,544.8125,62.4800,0.633
2015-04-20,8.6300,533.0375,63.0700,2.112
2015-04-21,8.6375,535.6500,62.9200,1.460
2015-04-22,8.6400,534.4250,62.9600,1.787
2015-04-23,8.7400,530.5000,63.2700,4.237
2015-04-24,7.9525,498.8000,63.5500,1.319
2015-04-27,7.8275,496.1625,63.3400,-0.074
2015-04-28,7.8200,490.2250,63.0500,0.576
2015-04-29,7.7875,490.2875,63.3800,0.670
2015-04-30,7.7450,485.5625,63.5800,1.414
2015-05-04,7.8850,498.2750,63.6400,0.708
2015-05-05,7.8050,490.6875,63.3100,0.702
2015-05-06,7.6550,480.5125,63.5700,1.273
2015-05-07,7.7050,486.0000,64.0800,1.592
2015-05-08,7.8050,489.4875,63.7300,1.619
2015-05-11,7.8250,498.4125,63.9600,0.416
2015-05-12,7.6700,486.7750,64.1900,1.143
2015-05-13,7.6875,489.1750,63.8800,0.389
2015-05-14,7.6750,483.7000,63.4700,0.710
2015-05-15,7.7675,490.4375,63.3600,0.349
2015-05-18,7.8525,498.2625,63.6600,0.327
2015-05-19,7.9250,505.5875,63.8000,0.005
2015-05-20,8.0050,511.8250,63.7500,-0.294
2015-05-21,7.9600,512.1125,63.5100,-1.283
2015-05-22,7.9575,511.6125,63.4300,-1.342
2015-05-26,7.8300,501.8250,63.8700,-0.343
2015-05-27,7.8150,492.1250,63.9200,1.506
2015-05-28,7.8850,504.1500,63.8300,-0.169
2015-05-29,7.9675,505.7875,63.7100,0.360
2015-06-01,8.0525,511.9500,63.5900,0.021
2015-06-02,7.9550,502.1625,63.7200,0.942
2015-06-03,8.0250,505.2250,63.9900,1.642
2015-06-04,7.9125,507.0125,63.9600,-0.183
2015-06-05,7.9525,502.9125,63.7600,0.823
2015-06-08,7.8800,500.0125,64.0300,0.909
2015-06-09,7.7775,498.0250,63.9600,-0.116
2015-06-10,7.9300,506.6250,63.8100,-0.121
2015-06-11,7.8125,499.4125,63.9300,0.008
2015-06-12,7.7550,493.7625,64.0200,0.549
2015-06-15,7.8125,495.2250,64.0300,1.012
2015-06-16,7.9600,499.6750,64.2100,2.289
2015-06-17,7.9800,497.8500,64.1400,2.810
2015-06-18,8.0425,500.9750,63.6200,2.134
2015-06-19,7.9750,497.6750,63.4300,1.643
2015-06-22,8.1325,511.9250,63.5100,0.893
2015-06-23,8.0550,500.2000,63.5700,2.370
2015-06-24,7.8800,497.5500,63.5400,0.632
2015-06-25,8.0650,495.2250,63.5000,3.413
2015-06-26,8.0850,502.6250,63.5400,2.208
2015-06-29,7.9300,495.0750,63.7300,2.081
2015-06-30,7.9250,492.1750,63.5900,2.393
2015-07-01,7.9550,498.7000,63.5500,1.372
2015-07-02,7.9800,494.0000,63.3600,2.351
2015-07-06,7.9400,491.6500,63.2400,2.131
2015-07-07,7.9300,490.2500,63.5100,2.730
2015-07-08,7.7250,478.7500,63.4700,2.414
2015-07-09,7.7050,469.0000,63.3100,4.009
2015-07-10,7.7400,468.7500,63.3300,4.570
2015-07-13,7.7700,475.0750,63.4300,3.742
2015-07-14,7.7900,485.6250,63.2700,1.493
2015-07-15,7.8900,492.0000,63.4800,1.800
2015-07-16,7.9650,494.5250,63.4300,2.163
2015-07-17,7.9200,500.9250,63.4500,0.319
2015-07-20,7.8850,500.6250,63.6100,0.188
2015-07-21,8.5300,556.3250,63.5700,-2.530
2015-07-22,8.6300,551.5750,63.6000,-0.491
2015-07-23,8.6600,549.0000,63.8600,0.734
2015-07-24,8.6150,543.8000,64.0400,1.454
2015-07-27,8.3700,532.6500,64.2400,0.946
2015-07-28,8.4650,531.4250,63.7600,1.562
2015-07-29,8.5000,542.7000,63.8300,-0.027
2015-07-30,8.4750,535.0000,64.0900,1.526
2015-07-31,8.4550,538.5250,63.8700,0.278
2015-08-03,8.4800,539.4750,63.9900,0.586
2015-08-04,8.4700,528.6250,63.7100,2.081
2015-08-05,8.6950,543.1750,63.7300,2.017
2015-08-06,8.6550,543.4750,63.6700,1.396
2015-08-07,8.7650,547.8000,63.7400,1.986
2015-08-10,8.8450,543.0000,63.7700,3.876
2015-08-11,8.7300,554.5750,64.3300,1.267
2015-08-12,8.9250,572.2000,64.8000,1.073
2015-08-13,9.0150,579.0000,65.2700,1.625
2015-08-14,8.9850,574.6250,65.0200,1.667
2015-08-17,8.9500,571.0750,65.3900,2.480
2015-08-18,9.0000,582.1750,65.4400,1.165
2015-08-19,9.0800,587.7750,65.1700,0.675
2015-08-20,8.6550,567.2750,65.4900,-0.081
2015-08-21,8.5250,574.9500,66.0200,-2.110
2015-08-24,8.2700,546.0250,66.8000,1.174
2015-08-25,8.2500,542.8250,66.0700,0.415
2015-08-26,8.4750,532.3000,66.1100,5.257
2015-08-27,8.6350,541.4000,65.9900,5.250
2015-08-28,8.7550,555.5250,66.1400,4.236
2015-08-31,8.5750,547.2000,66.3900,4.038
2015-09-01,8.4250,544.5000,66.3400,2.647
2015-09-02,8.7250,549.7250,66.1600,5.006
2015-09-03,8.7750,549.6750,66.0700,5.474
2015-09-04,8.4600,536.9750,66.7000,5.085
2015-09-08,8.7200,529.4000,66.3600,9.305
2015-09-09,8.6350,544.3500,66.4700,5.441
2015-09-10,8.8000,540.2250,66.4600,8.260
2015-09-11,8.8450,545.3750,66.3900,7.673
2015-09-14,8.8400,549.8750,66.3200,6.619
2015-09-15,8.8800,549.6000,66.3600,7.219
2015-09-16,8.9350,550.8250,66.4500,7.789
2015-09-18,8.7100,552.2250,65.7000,3.626
2015-09-21,8.9300,552.3250,65.6600,6.159
2015-09-22,8.8750,553.7250,65.8500,5.543
2015-09-23,8.8250,558.1250,66.0500,4.437
2015-09-24,8.8400,570.2750,66.3200,2.805
2015-09-28,8.9200,552.7750,66.2000,6.825
2015-09-29,9.0250,560.9250,65.9000,6.030
2015-09-30,9.5450,580.9750,65.5000,7.612
2015-10-01,9.4450,586.5250,65.5700,5.589
2015-10-05,9.7200,590.8750,65.1200,7.124
2015-10-06,9.5000,577.3000,65.1800,7.260
2015-10-07,9.5050,566.6000,64.8600,8.806
2015-10-08,9.5800,566.0750,64.9700,9.952
2015-10-09,9.5750,583.7000,64.7600,6.232
2015-10-12,8.9400,561.4500,64.7600,3.118
2015-10-13,8.7650,549.7000,65.0600,3.739
2015-10-14,8.7000,548.8000,64.8700,2.837
2015-10-15,8.7250,548.6750,64.7700,2.997
2015-10-16,9.0200,547.4500,64.7000,6.602
2015-10-19,8.9600,555.9750,64.9000,4.592
2015-10-20,9.0250,562.9750,64.9700,4.153
2015-10-21,8.8250,569.2000,65.1900,1.072
2015-10-23,9.3100,574.9500,64.8700,5.042
2015-10-26,9.2500,576.0750,64.8300,4.097
2015-10-27,9.2500,574.7000,65.0300,4.668
2015-10-28,9.3000,576.6000,64.8900,4.661
2015-10-29,9.1450,572.5250,65.3500,4.384
2015-10-30,9.0800,567.7250,65.4000,4.599
2015-11-02,9.1300,565.6000,65.5800,5.860
2015-11-03,9.1750,572.7500,65.5700,5.038
2015-11-04,9.0750,568.4000,65.4600,4.513
2015-11-05,9.0450,561.4500,65.8500,6.085
2015-11-06,8.9500,569.1500,66.1300,3.991
2015-11-09,8.8300,567.3000,66.3800,3.320
2015-11-10,8.7300,551.9250,66.1900,4.695
2015-11-13,8.5100,550.4000,66.1200,2.231
2015-11-16,8.4550,540.1000,66.0100,3.335
2015-11-17,8.0550,530.7500,65.9600,0.105
2015-11-18,8.0550,510.0000,66.1600,4.494
2015-11-19,8.1450,523.9000,66.0500,2.687
2015-11-20,8.1050,526.2000,66.0600,1.751
2015-11-23,8.1200,526.8500,66.3700,2.292
2015-11-24,8.1200,520.5750,66.3200,3.447
2015-11-27,8.2350,533.1750,66.8600,3.267
2015-11-30,8.3400,543.9500,66.4300,1.852
2015-12-01,8.2800,539.5000,66.4600,2.000
2015-12-02,8.1300,530.3500,66.5300,1.987
2015-12-03,8.0650,528.8750,66.8200,1.896
2015-12-04,8.1850,524.5250,66.6500,4.005
2015-12-07,8.1550,523.1250,66.7400,4.041
2015-12-08,7.9600,522.2000,66.7700,1.779
2015-12-09,8.0600,514.1000,66.8300,4.775
2015-12-10,8.2150,523.6750,66.7000,4.634
2015-12-11,8.1150,526.4000,67.1000,3.442
2015-12-14,8.2600,534.7500,67.0900,3.630
2015-12-15,8.3950,538.7750,66.7900,4.070
2015-12-16,8.4600,547.9250,66.6000,2.831
2015-12-17,8.3150,553.5500,66.3200,-0.379
2015-12-18,8.1750,541.5750,66.2300,-0.027
2015-12-21,8.2800,551.7250,66.1900,-0.666
2015-12-22,8.3950,541.8750,66.1900,2.545
2015-12-23,8.4300,550.4250,66.0400,1.143
2015-12-24,8.4250,548.1750,66.0000,1.437
2015-12-28,8.4200,552.3750,66.0900,0.743
2015-12-29,8.4750,552.3500,66.2800,1.697
2015-12-30,8.4100,543.1500,66.4400,2.874
2015-12-31,8.3750,552.7000,66.1900,0.297
2016-01-04,8.1200,539.4500,66.5600,0.189
2016-01-05,8.1000,537.0250,66.4900,0.288
2016-01-06,8.0350,534.6750,66.7100,0.251
2016-01-07,8.0300,525.4000,66.7300,1.987
2016-01-08,8.0850,531.6500,66.8200,1.616
2016-01-11,8.1250,527.8500,66.7800,2.792
2016-01-12,8.2850,524.9750,66.8500,5.501
2016-01-13,8.2300,541.7000,66.7400,1.397
2016-01-14,8.9250,566.5000,67.3700,6.139
2016-01-15,8.6600,569.9500,67.7400,2.926
2016-01-19,8.7400,569.8250,67.6800,3.808
2016-01-20,8.7100,560.6250,68.0500,5.724
2016-01-21,8.9350,568.5250,67.8700,6.665
2016-01-22,8.9500,568.1250,67.5500,6.415
2016-01-25,8.9050,568.8250,67.7100,6.001
2016-01-27,8.7100,569.2500,67.9800,4.015
2016-01-28,8.6500,564.8000,68.0800,4.266
2016-01-29,8.9550,582.4500,67.8700,4.348
2016-02-01,8.8850,586.6750,67.9200,2.863
2016-02-02,8.7800,587.7750,67.9200,1.457
2016-02-03,8.8250,578.8500,67.9200,3.549
2016-02-04,8.9200,589.8750,67.5700,2.178
2016-02-05,8.6750,587.3500,67.7800,0.109
2016-02-08,8.2750,575.4000,67.9800,-2.236
2016-02-09,8.1700,553.8250,67.9200,0.195
2016-02-10,8.1750,554.2750,67.8500,0.072
2016-02-11,8.1050,539.3250,68.4400,2.852
2016-02-12,8.0500,542.3250,68.1200,1.114
2016-02-16,8.1050,539.5750,68.4800,2.864
2016-02-17,8.2400,548.9250,68.3300,2.571
2016-02-18,8.2050,561.7000,68.5400,0.119
2016-02-19,8.1950,563.6250,68.5400,-0.344
2016-02-22,8.4450,563.3250,68.5300,2.736
2016-02-23,8.3250,561.9500,68.5500,1.553
2016-02-24,8.4200,562.6750,68.5300,2.550
2016-02-25,8.4350,555.1500,68.8400,4.596
2016-02-26,8.4450,560.5750,68.8200,3.677
2016-02-29,8.4100,542.0250,68.2100,5.834
2016-03-01,8.7100,562.7250,67.7500,4.865
2016-03-02,8.8400,578.0000,67.4000,3.082
2016-03-03,9.0900,584.6500,67.1500,4.403
2016-03-04,9.2200,585.3250,66.9000,5.380
2016-03-08,8.9600,581.7250,67.3000,3.659
2016-03-09,8.9200,589.2500,67.0700,1.530
2016-03-10,8.8850,571.2500,67.2000,4.520
2016-03-11,8.9800,571.5000,66.9300,5.167
2016-03-14,9.0100,570.6000,67.1500,6.033
2016-03-15,8.8750,567.2000,67.3300,5.352
2016-03-16,9.0900,576.2250,67.2400,6.072
2016-03-17,9.1650,580.8750,66.6100,5.097
2016-03-18,9.2600,596.7000,66.3400,2.951
2016-03-21,9.3400,597.4500,66.4500,3.882
2016-03-22,9.2550,594.9750,66.5800,3.567
2016-03-23,9.3300,603.9000,66.8200,3.234
2016-03-28,9.3750,602.4500,66.5800,3.608
2016-03-29,9.3450,598.6250,66.4600,3.749
2016-03-30,9.5800,602.9750,66.3700,5.448
2016-03-31,9.5100,609.1500,66.2500,3.429
2016-04-01,9.6250,602.7250,66.3400,5.939
2016-04-04,9.6250,621.8500,66.0500,2.232
2016-04-05,9.4050,609.9000,66.4000,2.393
2016-04-06,9.4000,600.3500,66.4900,4.107
2016-04-07,9.0550,590.7500,66.7000,2.238
2016-04-08,9.0250,582.8750,66.4900,2.950
2016-04-11,9.0850,591.9500,66.3300,1.800
2016-04-12,9.1000,591.1000,66.3500,2.146
2016-04-13,9.1750,586.3500,66.6200,4.245
2016-04-18,9.6450,619.3500,66.4200,3.434
2016-04-20,9.6700,621.8000,66.1200,2.827
2016-04-21,9.4700,613.1500,66.4300,2.600
2016-04-22,9.5400,605.6250,66.6000,4.910
2016-04-25,9.5400,607.9250,66.6500,4.592
2016-04-26,9.6150,616.0750,66.4000,3.630
2016-04-27,9.6100,620.0750,66.5200,3.094
2016-04-28,9.4450,604.5750,66.3900,3.718
2016-04-29,9.4000,604.0500,66.3900,3.314
2016-05-02,9.3950,600.5250,66.3600,3.818
2016-05-03,9.2550,588.9000,66.5100,4.525
2016-05-04,9.2200,594.4250,66.6300,3.348
2016-05-05,9.2000,596.2250,66.5300,2.659
2016-05-06,9.2000,590.7500,66.5200,3.594
2016-05-09,9.3450,599.5250,66.7000,3.968
2016-05-10,9.4950,606.4000,66.5800,4.251
2016-05-11,9.3300,600.9250,66.5300,3.295
2016-05-12,9.3600,605.0000,66.7000,3.192
2016-05-13,9.2750,603.6250,66.8400,2.703
2016-05-16,9.4300,607.5000,66.7800,3.660
2016-05-17,9.2100,607.1250,66.7400,1.244
2016-05-18,9.3200,604.9250,66.9500,3.149
2016-05-19,9.2350,602.8750,67.5700,3.506
2016-05-20,9.2300,600.8000,67.4200,3.576
2016-05-23,9.1950,594.0000,67.4700,4.442
2016-05-24,9.2950,593.8750,67.5900,5.788
2016-05-25,9.4050,604.3250,67.2800,4.707
2016-05-26,9.5900,617.0750,66.9000,3.970
2016-05-27,9.7450,623.7500,66.9600,4.613
2016-05-31,9.7200,624.3250,67.1200,4.498
2016-06-01,9.7750,629.1000,67.4400,4.789
2016-06-02,9.8350,630.7750,67.2200,4.809
2016-06-03,9.8050,633.4500,66.9900,3.692
2016-06-06,9.8550,633.3750,66.8100,3.953
2016-06-07,9.7700,628.7000,66.6400,3.559
2016-06-08,9.6500,619.0500,66.5100,3.678
2016-06-09,9.1150,592.7500,66.6800,2.537
2016-06-10,9.0400,590.3000,66.8400,2.360
2016-06-13,8.9650,590.4500,67.1700,1.986
2016-06-14,9.0300,587.5000,67.3400,3.503
2016-06-15,9.0550,594.9750,67.0800,2.090
2016-06-16,9.1200,593.0000,67.4300,3.703
2016-06-17,9.1350,589.7500,67.1100,3.951
2016-06-20,9.3100,604.3750,67.5400,4.041
2016-06-21,9.2700,603.0500,67.7300,4.114
2016-06-22,9.2900,599.7500,67.4900,4.541
2016-06-23,9.4900,605.8000,67.2900,5.411
2016-06-24,9.0400,597.2750,67.8200,2.648
2016-06-27,8.6650,583.1000,67.9200,0.931
2016-06-28,8.7750,579.5750,67.8600,2.743
2016-06-29,8.8900,588.4250,67.4200,1.859
2016-06-30,8.9250,585.4000,67.5100,2.926
2016-07-01,8.9550,586.2000,67.2400,2.718
2016-07-05,8.9150,587.7250,67.4000,2.237
2016-07-07,8.8350,578.6250,67.4900,3.050
2016-07-08,8.9200,579.1000,67.1300,3.402
2016-07-11,9.0650,587.5250,67.1100,3.545
2016-07-12,9.1350,588.2750,67.0500,4.118
2016-07-13,9.1550,596.9000,66.9900,2.746
2016-07-14,9.2200,588.1250,66.8100,4.738
2016-07-15,8.4050,536.2750,67.0700,5.118
2016-07-18,8.4100,540.9750,67.1400,4.376
2016-07-19,8.3250,543.4750,67.1400,2.846
2016-07-20,8.3750,541.5500,67.1800,3.893
2016-07-21,8.3100,539.9500,67.1500,3.346
2016-07-22,8.2850,536.2250,67.1900,3.813
2016-07-25,8.3450,540.4250,67.4100,4.091
2016-07-26,8.3750,544.3500,67.3400,3.605
2016-07-27,8.3500,542.6750,67.1400,3.307
2016-07-28,8.2950,538.7500,66.9600,3.097
2016-07-29,8.2150,536.9250,66.7700,2.159
2016-08-01,8.2850,542.6250,66.6300,1.733
2016-08-02,8.1950,541.9000,66.6500,0.793
2016-08-03,8.1750,542.4500,66.8000,0.671
2016-08-04,8.0450,535.9000,66.7600,0.221
2016-08-05,8.1250,534.0000,66.8400,1.699
2016-08-08,8.1350,539.3500,66.8200,0.784
2016-08-09,8.1800,541.7000,66.7600,0.812
2016-08-10,8.2550,541.1750,66.7200,1.774
2016-08-11,8.2150,538.6750,66.7500,1.796
2016-08-12,8.0700,531.2750,66.8200,1.499
2016-08-16,7.9750,525.9000,66.8300,1.344
2016-08-17,7.9600,516.6500,66.9600,3.165
2016-08-18,7.9400,511.7000,66.8300,3.699
2016-08-19,7.9500,510.6500,67.1300,4.511
2016-08-22,7.9000,507.7250,67.1800,4.529
2016-08-23,8.2700,519.8250,67.0900,6.735
2016-08-24,8.1950,528.7000,67.1400,4.069
2016-08-25,8.0250,518.0750,67.0100,3.799
2016-08-26,7.9500,510.1250,66.9800,4.384
2016-08-29,7.8750,511.4000,67.1500,3.404
2016-08-30,7.9300,520.2000,67.1400,2.349
2016-08-31,7.9300,517.9250,66.9400,2.492
2016-09-01,8.0500,518.7750,66.8500,3.733
2016-09-02,8.1500,515.9250,66.6000,5.207
2016-09-06,8.2200,522.5000,66.2800,4.272
2016-09-07,8.2200,527.1750,66.4200,3.566
2016-09-08,8.0450,518.8250,66.5200,3.147
2016-09-09,8.0350,517.7500,66.7600,3.605
2016-09-12,8.1900,527.0000,66.7900,3.797
2016-09-14,7.9750,522.8000,66.7800,1.869
2016-09-15,8.0200,521.1000,66.8400,2.870
2016-09-16,8.0350,530.0750,67.1000,1.712
2016-09-19,8.0650,530.6000,66.9400,1.747
2016-09-20,8.0250,525.0750,66.9700,2.354
2016-09-21,8.0650,527.8750,66.9900,2.349
2016-09-22,8.1250,529.4000,66.6000,2.215
2016-09-23,7.9800,521.2750,66.6600,2.047
2016-09-26,7.9350,517.9500,66.5600,1.970
2016-09-27,7.9550,519.8750,66.5000,1.757
2016-09-28,7.9450,519.4750,66.5000,1.707
2016-09-29,7.9350,514.6000,66.7200,2.881
2016-09-30,7.8900,518.0250,66.5800,1.407
2016-10-03,7.9800,519.0500,66.5200,2.269
2016-10-04,7.9750,524.6000,66.4900,1.078
2016-10-05,7.9800,520.7500,66.5300,1.951
2016-10-06,7.8800,513.7000,66.7000,2.316
2016-10-07,7.8000,506.2750,66.6100,2.624
2016-10-10,7.9350,514.9750,66.6100,2.636
2016-10-13,8.3250,526.1750,66.8400,5.752
2016-10-14,7.8300,513.5750,66.6900,1.676
2016-10-17,7.8500,511.2000,66.8000,2.578
2016-10-18,7.9550,519.5250,66.7100,2.147
2016-10-19,7.9200,520.9000,66.6400,1.322
2016-10-20,7.8700,518.3250,66.8300,1.471
2016-10-21,7.9350,519.1500,66.9400,2.315
2016-10-24,7.9950,513.5500,66.8900,4.135
2016-10-25,7.8450,508.6000,66.8000,3.037
2016-10-26,7.8100,507.1000,66.8300,2.927
2016-10-27,7.6800,501.7500,66.8500,2.323
2016-10-28,7.6450,498.7500,66.7800,2.363
2016-11-01,7.6300,494.7250,66.7000,2.869
2016-11-02,7.5800,490.5250,66.6600,3.009
2016-11-03,7.4800,483.4250,66.6800,3.173
2016-11-04,7.5200,485.5000,66.7500,3.390
2016-11-07,7.6200,488.9750,66.7300,3.989
2016-11-08,7.5800,491.3000,66.3900,2.430
2016-11-09,7.2700,479.1500,66.4800,0.868
2016-11-10,7.2200,469.7000,66.8600,2.774
2016-11-11,7.2550,460.7750,66.8600,5.272
2016-11-15,7.0000,461.7750,67.8000,2.777
2016-11-16,7.0550,470.4500,68.0700,2.080
2016-11-17,7.0500,464.9000,67.9300,3.013
2016-11-18,6.9450,460.0000,68.1200,2.846
2016-11-21,7.0000,455.5500,68.2300,4.843
2016-11-22,7.0300,457.1000,68.4000,5.196
2016-11-23,7.0650,460.1250,68.8600,5.731
2016-11-25,7.2650,488.7500,68.5900,1.955
2016-11-28,7.2800,489.8750,68.5600,1.887
2016-11-29,7.2500,486.3000,68.6400,2.332
2016-11-30,7.2400,487.7750,68.5600,1.763
2016-12-01,7.1550,487.8000,68.2900,0.167
2016-12-02,7.1550,482.2500,68.0400,0.949
2016-12-05,7.1700,480.8250,68.0600,1.490
2016-12-06,7.2350,483.2500,67.7200,1.387
2016-12-07,7.3950,483.2000,67.5000,3.303
2016-12-08,7.3900,492.3250,67.4200,1.200
2016-12-09,7.3700,494.6750,67.5100,0.581
2016-12-12,7.3500,488.6750,67.3800,1.344
2016-12-13,7.4850,495.1000,67.4700,2.002
2016-12-14,7.4200,499.8750,67.4300,0.091
2016-12-15,7.4400,496.1750,67.9100,1.829
2016-12-16,7.4500,502.5750,67.8200,0.534
2016-12-19,7.4350,502.3250,67.8300,0.396
2016-12-20,7.4650,506.0750,67.9700,0.261
2016-12-21,7.4850,500.7750,67.8200,1.369
2016-12-22,7.4000,492.3500,67.8600,1.993
2016-12-23,7.3750,494.2250,67.8400,1.233
2016-12-27,7.4050,499.4750,68.0100,0.829
2016-12-28,7.3650,499.2500,68.2000,0.610
2016-12-29,7.3700,496.1750,67.9100,0.871
2016-12-30,7.4150,505.3000,67.9200,-0.331
2017-01-03,7.3700,496.9250,68.3700,1.401
2017-01-04,7.5650,498.8750,67.9000,2.964
2017-01-05,7.5100,498.0750,67.7400,2.139
2017-01-06,7.4100,486.1250,68.1200,3.835
2017-01-09,7.4800,485.1750,68.0800,4.960
2017-01-10,7.3900,485.2750,68.2500,3.934
2017-01-11,7.5950,484.5500,68.3900,7.197
2017-01-12,7.6250,500.0250,67.9900,3.680
2017-01-13,7.2500,487.9000,68.1600,1.283
2017-01-17,7.2450,477.7000,67.9000,2.980
2017-01-18,7.2200,475.4000,68.1200,3.455
2017-01-19,7.1950,479.0500,68.1000,2.281
2017-01-20,7.1800,474.3500,68.1000,3.080
2017-01-23,7.0450,476.3500,68.1100,0.732
2017-01-24,7.0600,472.7750,68.1200,1.724
2017-01-25,7.0000,468.3000,68.0400,1.704
2017-01-27,6.9700,471.0750,68.0600,0.701
2017-01-30,6.9050,474.6750,67.8000,-1.373
2017-01-31,6.8850,464.3000,67.4800,0.065
2017-02-01,6.7950,458.3750,67.4000,-0.086
2017-02-02,6.8750,467.9500,67.2000,-1.272
2017-02-03,6.9400,468.0500,67.1800,-0.389
2017-02-06,6.9250,467.6250,67.2000,-0.484
2017-02-07,7.0350,471.1250,67.3500,0.569
2017-02-08,7.0550,468.2500,67.0400,1.007
2017-02-09,7.2850,473.0000,66.7100,2.745
2017-02-10,7.2500,484.1500,66.8000,0.031
2017-02-13,7.3250,492.1750,66.9900,-0.299
2017-02-14,7.4550,493.8500,66.8800,0.960
2017-02-15,7.4300,490.9000,66.8500,1.181
2017-02-16,7.4950,506.0500,67.1200,-0.590
2017-02-17,7.4400,500.0500,67.0900,-0.180
2017-02-21,7.6450,506.8000,67.0000,1.068
2017-02-22,7.5200,495.0750,66.9500,1.694
2017-02-23,7.5950,504.4250,66.6800,0.398
2017-02-27,7.6050,506.2000,66.6900,0.193
2017-02-28,7.5700,506.2000,66.6700,-0.298
2017-03-01,7.6800,512.5750,66.8300,0.133
2017-03-02,7.6400,511.6500,66.7500,-0.328
2017-03-03,7.6900,515.6000,66.7600,-0.430
2017-03-06,7.5800,516.9500,66.6400,-2.286
2017-03-07,7.5150,509.9000,66.6200,-1.814
2017-03-08,7.4850,503.9000,66.7600,-0.834
2017-03-09,7.6100,505.7750,66.6400,0.268
2017-03-10,7.7500,510.9250,66.6000,1.023
2017-03-14,7.7800,517.4000,65.7600,-1.119
2017-03-15,7.7050,505.9750,65.6200,-0.074
2017-03-16,7.8850,514.4250,65.4000,0.244
2017-03-17,7.6700,520.1500,65.3800,-3.592
2017-03-20,7.7550,510.7500,65.3000,-0.851
2017-03-21,7.7650,516.4250,65.3100,-1.799
2017-03-22,7.8250,513.8500,65.4500,-0.332
2017-03-23,7.8550,520.2250,65.4100,-1.236
2017-03-24,7.8350,515.7000,65.4000,-0.638
2017-03-27,7.8750,514.4250,65.0500,-0.419
2017-03-28,7.8600,517.5750,65.0200,-1.259
2017-03-29,7.9000,515.9250,64.8700,-0.669
2017-03-30,7.9000,512.7500,64.8500,-0.085
2017-03-31,7.9000,511.1250,64.8500,0.233
2017-04-03,7.7350,504.4000,65.0300,-0.276
2017-04-05,7.6800,497.9750,64.8700,0.046
2017-04-06,7.6800,499.8000,64.5800,-0.765
2017-04-07,7.6350,490.7750,64.2600,-0.031
2017-04-10,7.5850,476.7000,64.5500,2.709
2017-04-11,7.5450,483.5750,64.5500,0.714
2017-04-12,7.6300,484.4250,64.6800,1.875
2017-04-13,7.2400,465.7000,64.4200,0.150
2017-04-17,7.2650,462.4500,64.5300,1.375
2017-04-18,7.2100,461.3250,64.5600,0.900
2017-04-19,7.1700,459.6000,64.6200,0.811
2017-04-20,7.2350,463.6500,64.6100,0.820
2017-04-21,7.2400,461.8500,64.6500,1.346
2017-04-24,7.2150,463.2750,64.4800,0.421
2017-04-25,7.2700,464.6750,64.3200,0.631
2017-04-26,7.2500,457.1250,64.0800,1.631
2017-04-27,7.2850,462.6250,64.1400,1.002
2017-04-28,7.2800,459.4750,64.2700,1.830
2017-05-02,7.2600,461.3000,64.1600,0.976
2017-05-03,7.3400,467.1500,64.1700,0.826
2017-05-04,7.3600,468.8250,64.2200,0.818
2017-05-05,7.4000,465.7500,64.3100,2.178
2017-05-08,7.5500,472.7500,64.3200,2.722
2017-05-09,7.4700,473.3250,64.6600,2.046
2017-05-10,7.4550,471.8250,64.5300,1.960
2017-05-11,7.6350,472.0500,64.4300,4.210
2017-05-12,7.6400,482.1250,64.2400,1.798
2017-05-15,7.5600,475.7750,64.0400,1.759
2017-05-16,7.6300,477.5000,64.0300,2.314
2017-05-17,7.4450,476.4000,64.1100,0.189
2017-05-18,7.4900,480.8750,64.8700,1.040
2017-05-19,7.5800,478.9750,64.5600,2.169
2017-05-22,7.5250,480.7250,64.5300,1.012
2017-05-23,7.5300,478.6500,64.8500,2.020
2017-05-24,7.6000,477.4000,64.7400,3.063
2017-05-25,7.7550,491.6500,64.5500,1.817
2017-05-26,7.7650,497.8500,64.5000,0.601
2017-05-30,7.7000,498.1000,64.6600,-0.044
2017-05-31,7.5500,488.5250,64.5000,-0.317
2017-06-01,7.6500,485.7000,64.3900,1.417
2017-06-02,7.5900,484.7250,64.4100,0.856
2017-06-05,7.6150,479.3750,64.3400,2.206
2017-06-06,7.7950,489.6750,64.4200,2.548
2017-06-07,7.6650,480.6500,64.3900,2.684
2017-06-08,7.6350,478.2250,64.2400,2.561
2017-06-09,7.4750,474.3000,64.2400,1.243
2017-06-12,7.5300,481.9250,64.4800,0.749
2017-06-13,7.5700,478.9000,64.3300,1.687
2017-06-14,7.5850,479.3000,64.2300,1.645
2017-06-15,7.5350,476.0500,64.5800,2.218
2017-06-16,7.3350,470.1250,64.5000,0.634
2017-06-19,7.4100,464.9250,64.4500,2.721
2017-06-20,7.4500,471.7750,64.5400,1.918
2017-06-21,7.4900,471.6750,64.5200,2.455
2017-06-22,7.3850,470.0750,64.6000,1.488
2017-06-23,7.4250,471.6250,64.4700,1.498
2017-06-27,7.3550,463.5250,64.4700,2.298
2017-06-28,7.4600,462.3500,64.5500,4.151
2017-06-29,7.4450,465.1000,64.6600,3.503
2017-06-30,7.5100,467.7750,64.6200,3.746
2017-07-03,7.5700,475.9500,64.8400,3.128
2017-07-05,7.4700,475.4500,64.8000,1.810
2017-07-06,7.4700,473.5000,64.7200,2.103
2017-07-07,7.5200,467.7000,64.6200,3.900
2017-07-10,7.6600,478.5250,64.4500,3.168
2017-07-11,7.7350,487.6750,64.5400,2.367
2017-07-12,7.8200,486.1750,64.5300,3.795
2017-07-13,7.7800,488.5250,64.4600,2.656
2017-07-14,7.8350,486.0250,64.3800,3.784
2017-07-17,7.8200,492.0250,64.3400,2.259
2017-07-18,7.7750,492.8000,64.3200,1.479
2017-07-19,7.6900,489.9250,64.2400,0.833
2017-07-20,7.7600,484.7250,64.3700,3.050
2017-07-21,7.8400,490.0500,64.3800,2.997
2017-07-24,7.8400,495.2750,64.3900,1.927
2017-07-25,7.9050,496.9250,64.3800,2.415
2017-07-26,7.9550,497.0250,64.3200,2.946
2017-07-27,7.7950,485.5250,64.1100,2.927
2017-07-28,7.8550,498.6750,64.1100,0.984
2017-07-31,7.9000,505.6000,64.1800,0.281
2017-08-01,7.9550,502.7750,64.0600,1.357
2017-08-02,7.8900,496.6750,63.6400,1.096
2017-08-03,7.8850,492.0000,63.6700,2.040
2017-08-04,7.8350,491.8750,63.6400,1.371
2017-08-07,7.7700,484.1250,63.8300,2.444
2017-08-08,7.7600,481.9250,63.6900,2.554
2017-08-09,7.8000,484.6750,63.8600,2.772
2017-08-10,7.6600,490.6250,64.0500,-0.000
2017-08-11,7.7450,493.8500,64.1400,0.590
2017-08-14,7.7350,490.7250,64.0800,1.005
2017-08-16,7.8250,487.6000,64.1600,2.964
2017-08-17,7.9650,510.4250,64.1500,0.104
2017-08-18,7.3950,461.6250,64.1000,2.685
2017-08-21,7.2800,436.7000,64.1000,6.858
2017-08-22,7.1300,437.7000,64.0700,4.368
2017-08-23,7.4100,446.4000,64.0400,6.303
2017-08-24,7.4950,456.0750,64.0400,5.241
2017-08-28,7.6550,470.5000,63.9000,3.965
2017-08-29,7.6350,463.7250,64.0200,5.406
2017-08-30,7.5250,463.3250,63.9800,3.912
2017-08-31,7.5000,457.4750,63.9300,4.809
2017-09-01,7.4200,459.9750,64.0200,3.273
2017-09-05,7.3250,450.9500,64.1200,4.153
2017-09-06,7.3100,447.8000,64.0600,4.573
2017-09-07,7.2900,447.8750,64.0100,4.188
2017-09-08,7.2650,442.1500,63.7800,4.797
2017-09-11,7.2850,439.3500,63.9300,6.004
2017-09-12,7.2700,442.0250,64.0300,5.310
2017-09-13,7.2650,441.8750,64.0000,5.224
2017-09-14,7.2750,446.2000,64.1200,4.543
2017-09-15,7.3250,454.1250,64.1000,3.393
2017-09-18,7.4000,454.5500,64.1500,4.435
2017-09-19,7.4000,456.1250,64.3000,4.318
2017-09-20,7.4200,456.3500,64.2900,4.532
2017-09-21,7.3200,454.7750,64.8000,4.301
2017-09-22,7.2950,449.1500,64.7900,5.231
2017-09-25,7.1550,447.6750,65.1200,4.079
2017-09-26,7.1700,452.9500,65.4600,3.620
2017-09-27,7.1500,449.9000,65.7100,4.429
2017-09-28,7.1350,448.0000,65.4600,4.254
2017-09-29,7.2950,449.9500,65.3000,5.870
2017-10-03,7.2750,451.7750,65.4800,5.443
2017-10-04,7.2550,449.8000,65.0200,4.873
2017-10-05,7.2600,451.5250,65.1400,4.738
2017-10-06,7.3150,460.0750,65.3900,3.967
2017-10-09,7.3450,461.9500,65.3900,3.970
2017-10-10,7.3800,467.7250,65.2400,2.939
2017-10-11,7.2900,465.3500,65.1500,2.062
2017-10-12,7.3050,463.6500,65.0500,2.489
2017-10-13,7.3550,465.0500,64.7000,2.326
2017-10-16,7.3100,469.5000,64.7000,0.736
2017-10-17,7.2300,465.2500,65.0200,1.041
2017-10-18,7.2900,462.1750,65.0600,2.621
2017-10-19,7.3500,463.4750,64.9900,3.064
2017-10-23,7.4150,469.7500,65.0200,2.634
2017-10-24,7.2600,463.2500,65.1000,2.024
2017-10-25,7.5050,467.6500,64.9200,4.186
2017-10-26,7.5050,473.6750,64.8400,2.734
2017-10-27,7.5000,473.1750,65.0400,3.091
2017-10-30,7.4450,472.0500,64.8300,2.248
2017-10-31,7.4250,460.9250,64.7500,4.305
2017-11-01,7.3250,463.5250,64.5600,2.023
2017-11-02,7.2950,461.4500,64.5700,2.078
2017-11-03,7.3150,463.3250,64.5600,1.928
2017-11-06,7.4100,464.3500,64.6200,3.119
2017-11-07,7.4250,477.7500,65.0300,1.067
2017-11-08,7.4600,476.1500,64.9400,1.744
2017-11-09,7.4900,477.2500,64.9600,1.949
2017-11-10,7.5050,481.0250,64.9600,1.351
2017-11-13,7.4000,475.9750,65.4600,1.771
2017-11-14,7.4550,474.5500,65.4100,2.757
2017-11-15,7.4200,475.9000,65.2600,1.750
2017-11-16,7.6350,494.2000,65.3200,0.914
2017-11-17,7.5950,485.4750,65.0100,1.705
2017-11-20,7.5400,480.2750,65.1000,2.203
2017-11-21,7.5600,483.1250,64.9100,1.572
2017-11-22,7.6000,483.1500,64.8700,2.041
2017-11-24,7.8050,504.7750,64.6700,-0.005
2017-11-27,7.7650,499.3750,64.4700,0.247
2017-11-28,7.7800,492.3500,64.4000,1.763
2017-11-29,7.7500,491.3500,64.2900,1.404
2017-11-30,7.7800,488.0500,64.4600,2.756
2017-12-01,7.5300,479.4000,64.5000,1.311
2017-12-04,7.7300,492.6750,64.3600,0.980
2017-12-05,7.8450,492.1750,64.3800,2.618
2017-12-06,7.7800,495.1500,64.5300,1.392
2017-12-07,7.8350,499.9000,64.5700,1.201
2017-12-08,7.8400,500.9250,64.4300,0.840
2017-12-11,7.9300,502.6500,64.3500,1.521
2017-12-12,7.9550,505.2500,64.3900,1.380
2017-12-13,7.9450,501.8750,64.4500,2.028
2017-12-14,7.9500,506.5500,64.3600,1.009
2017-12-15,8.0300,511.4500,64.0400,0.546
2017-12-18,8.0200,508.3000,64.2300,1.343
2017-12-19,7.9950,501.9750,64.0200,1.965
2017-12-20,8.0000,507.9250,64.1100,0.976
2017-12-21,8.0450,511.0250,64.0200,0.786
2017-12-22,8.0500,519.6750,64.0200,-0.830
2017-12-26,8.1050,517.8000,64.0800,0.303
2017-12-27,8.0900,517.1250,64.1500,0.357
2017-12-28,8.0800,516.6250,64.0700,0.205
2017-12-29,8.1100,521.0250,63.8300,-0.646
2018-01-02,8.1450,514.8500,63.4600,0.395
2018-01-03,8.0750,510.6500,63.5000,0.414
2018-01-04,8.0250,507.7000,63.4000,0.214
2018-01-05,8.1750,506.0000,63.3800,2.398
2018-01-08,8.2400,518.0250,63.4800,0.975
2018-01-09,8.3700,520.6750,63.6600,2.335
2018-01-10,8.4950,526.1250,63.5800,2.659
2018-01-11,8.6350,537.9000,63.6500,2.178
2018-01-12,8.4050,539.2250,63.6100,-0.850
2018-01-16,8.8900,561.4250,64.0100,1.358
2018-01-17,9.0600,576.0500,63.8800,0.469
2018-01-18,8.9600,576.3500,63.8700,-0.707
2018-01-19,8.9950,571.7250,63.8400,0.440
2018-01-22,9.1450,575.0000,63.8800,1.597
2018-01-23,9.2250,588.5500,63.7600,-0.062
2018-01-24,9.2300,592.9000,63.6900,-0.850
2018-01-25,9.2250,587.7000,63.5200,-0.294
2018-01-29,9.2750,591.4500,63.5700,-0.311
2018-01-30,9.1250,585.3250,63.6500,-0.772
2018-01-31,9.0050,575.1250,63.5800,-0.450
2018-02-01,8.9650,572.3000,63.9700,0.208
2018-02-02,8.8750,571.6250,64.1100,-0.463
2018-02-05,8.6850,569.1000,64.0600,-2.238
2018-02-06,8.7350,553.8750,64.2300,1.295
2018-02-07,8.7400,554.5250,64.2300,1.234
2018-02-08,8.5550,567.1250,64.2700,-3.050
2018-02-09,8.6800,554.5750,64.3700,0.750
2018-02-12,8.8100,551.4000,64.2900,2.719
2018-02-14,8.7850,548.8750,64.1000,2.595
2018-02-15,8.8050,557.2250,63.9300,1.019
2018-02-16,8.7950,564.0250,64.2100,0.124
2018-02-20,8.8200,568.4750,64.8300,0.585
2018-02-21,8.8350,573.7000,64.7600,-0.269
2018-02-22,8.9000,580.3750,65.0100,-0.308
2018-02-23,8.9800,577.8250,64.7100,0.566
2018-02-26,8.8400,569.3000,64.7800,0.589
2018-02-27,8.7600,575.1000,64.8400,-1.235
2018-02-28,8.8300,586.3000,65.2000,-1.805
2018-03-01,8.7500,580.3750,65.2000,-1.701
2018-03-05,9.0000,577.9500,65.0600,1.313
2018-03-06,8.9950,575.6750,64.9000,1.407
2018-03-07,8.9450,572.0500,64.8600,1.420
2018-03-08,9.0150,578.3250,65.1500,1.557
2018-03-09,9.0800,581.7000,65.1200,1.649
2018-03-12,9.2050,592.8750,65.0000,0.919
2018-03-13,9.1950,591.9000,64.8500,0.743
2018-03-14,9.1900,590.4000,64.8400,0.928
2018-03-15,9.1500,591.2500,64.9400,0.499
2018-03-16,9.1500,585.9500,64.9700,1.455
2018-03-19,8.9900,573.3750,65.2100,2.243
2018-03-20,9.1050,582.2750,65.1900,1.937
2018-03-21,9.0200,583.7500,65.2000,0.746
2018-03-22,8.8450,580.6500,65.1000,-0.834
2018-03-23,8.8650,583.8000,64.9800,-1.328
2018-03-26,8.9850,577.6250,64.8300,0.844
2018-03-27,8.8600,577.0000,64.9800,-0.221
2018-03-28,8.8450,565.9000,65.1500,1.829
2018-04-02,8.7750,568.5750,65.1100,0.486
2018-04-03,8.8400,570.2250,65.0000,0.767
2018-04-04,8.9150,562.1000,65.0800,3.218
2018-04-05,8.9350,573.7750,64.9200,1.095
2018-04-06,8.7450,563.5000,64.9500,0.796
2018-04-09,8.6300,555.6250,64.9500,0.881
2018-04-10,8.6600,556.7000,64.9500,1.036
2018-04-11,8.6750,562.1250,65.2600,0.713
2018-04-12,9.0050,581.3000,65.2800,1.126
2018-04-13,8.3100,585.7250,65.2700,-7.398
2018-04-16,8.4950,566.6000,65.4600,-1.856
2018-04-17,8.4150,562.6000,65.6600,-1.790
2018-04-18,8.4650,562.9750,65.6200,-1.333
2018-04-19,8.5850,566.4250,65.7900,-0.286
2018-04-20,8.6850,589.2250,66.1500,-2.497
2018-04-23,8.7100,593.8500,66.4200,-2.582
2018-04-24,8.5450,577.2500,66.3600,-1.768
2018-04-25,8.6050,580.1750,66.9200,-0.746
2018-04-26,8.7300,588.2250,66.8000,-0.860
2018-04-27,8.8100,592.6000,66.6800,-0.869
2018-04-30,8.8350,599.7500,66.5000,-2.038
2018-05-02,8.8850,598.5250,66.7100,-0.970
2018-05-03,8.8400,591.2750,66.6800,-0.308
2018-05-04,8.8300,586.5500,66.8300,0.607
2018-05-07,8.7200,591.5000,67.1300,-1.036
2018-05-08,8.6600,582.7750,67.1200,-0.260
2018-05-09,8.7350,585.3500,67.2500,0.355
2018-05-10,8.7250,584.0000,67.2400,0.457
2018-05-11,8.7800,590.3750,67.2800,0.058
2018-05-14,8.8250,594.6500,67.5500,0.249
2018-05-15,8.7600,597.2750,68.0700,-0.164
2018-05-16,8.7750,594.9750,67.7700,-0.049
2018-05-17,8.6800,591.4500,67.7600,-0.557
2018-05-18,8.6800,591.6000,68.0400,-0.171
2018-05-21,8.6950,589.7500,68.1100,0.418
2018-05-22,8.7600,596.9250,68.0400,-0.150
2018-05-23,8.9050,592.4500,68.3800,2.781
2018-05-24,9.1200,610.5000,68.3200,2.060
2018-05-25,9.1600,614.1500,67.7800,1.093
2018-05-29,9.0000,608.3500,67.7800,0.275
2018-05-30,9.0700,605.8500,67.4600,0.992
2018-05-31,9.0950,615.9000,67.4000,-0.470
2018-06-01,9.1450,610.4000,66.9900,0.364
2018-06-04,9.2200,619.7000,67.0500,-0.242
2018-06-05,9.1800,610.4250,67.1200,0.940
2018-06-06,9.3700,618.7250,66.8700,1.268
2018-06-07,9.2850,626.2250,67.2000,-0.363
2018-06-08,9.3650,630.0250,67.5600,0.424
2018-06-11,9.3750,631.2000,67.4600,0.196
2018-06-12,9.5000,629.2500,67.4800,1.877
2018-06-13,9.4100,637.4000,67.6000,-0.201
2018-06-14,9.0800,619.8500,67.6200,-0.945
2018-06-15,9.3650,640.6250,68.0600,-0.506
2018-06-18,9.2200,633.7000,68.1000,-0.918
2018-06-19,9.1000,620.8000,68.3000,0.118
2018-06-20,9.0800,621.5750,68.0600,-0.578
2018-06-21,9.1150,623.2750,67.9400,-0.642
2018-06-22,9.3600,623.9250,67.8800,1.832
2018-06-25,9.3200,636.2250,68.0900,-0.256
2018-06-26,9.3600,638.9250,68.3100,0.071
2018-06-27,9.3300,635.0000,68.6300,0.837
2018-06-28,9.5000,644.8000,68.8100,1.379
2018-06-29,9.7150,653.6000,68.4600,1.758
2018-07-02,9.8050,667.3500,68.7800,1.055
2018-07-03,9.8450,676.8750,68.5800,-0.252
2018-07-05,9.6700,642.0000,68.8900,3.764
2018-07-06,9.5750,642.1250,68.8000,2.591
2018-07-09,9.7000,649.4250,68.6600,2.553
2018-07-10,9.8900,650.7000,68.7600,4.508
2018-07-11,9.8800,660.2250,68.7000,2.807
2018-07-12,10.0050,647.1750,68.5200,5.928
2018-07-13,9.7100,658.7000,68.4400,0.888
2018-07-16,9.8000,666.4250,68.6000,0.879
2018-07-17,9.9500,663.9500,68.4200,2.535
2018-07-18,9.8400,661.2750,68.6200,2.109
2018-07-19,9.8550,658.3500,69.0100,3.303
2018-07-20,10.0050,674.0500,68.7400,2.032
2018-07-23,10.0750,677.9750,68.8400,2.299
2018-07-24,10.1950,688.5750,68.9400,2.072
2018-07-25,10.2900,691.8750,68.7200,2.205
2018-07-26,10.2700,686.6250,68.6600,2.696
2018-07-27,10.1700,686.7250,68.6000,1.593
2018-07-30,9.9700,675.5000,68.6000,1.250
2018-07-31,10.0900,682.5500,68.5400,1.321
2018-08-01,10.1750,677.0250,68.3700,2.753
2018-08-02,10.1900,676.8250,68.6300,3.327
2018-08-03,10.2700,682.0500,68.5400,3.204
2018-08-06,10.2950,680.3250,68.8200,4.142
2018-08-07,10.3000,683.9750,68.6200,3.335
2018-08-08,10.3750,681.3750,68.6500,4.530
2018-08-09,10.4500,689.9750,68.7400,4.110
2018-08-10,10.4000,692.7250,68.8800,3.411
2018-08-13,10.4100,704.3750,70.0200,3.483
2018-08-14,10.4500,704.1500,69.9500,3.810
2018-08-16,10.4950,714.7750,70.1900,3.060
2018-08-17,10.5400,715.1750,70.0900,3.296
2018-08-20,10.2500,692.1250,69.8400,3.429
2018-08-21,10.2450,691.9750,69.8500,3.416
2018-08-23,10.1900,698.7000,70.0900,2.221
2018-08-24,10.1500,689.1500,69.9600,3.039
2018-08-27,10.2700,707.7000,70.1600,1.815
2018-08-28,10.3250,712.3500,70.0900,1.590
2018-08-29,10.1750,705.0500,70.5300,1.786
2018-08-30,10.2300,708.1000,70.7400,2.199
2018-08-31,10.3850,720.5500,71.0000,2.329
2018-09-04,10.3800,737.1500,71.5800,0.794
2018-09-05,10.3550,729.9000,71.7500,1.791
2018-09-06,10.4000,727.1500,71.9400,2.892
2018-09-07,10.4250,732.8000,71.7800,2.116
2018-09-10,10.3500,730.8500,72.4500,2.601
2018-09-11,10.4850,734.3000,72.6900,3.793
2018-09-12,10.5500,742.9000,72.1500,2.461
2018-09-14,10.3200,733.7000,71.8700,1.090
2018-09-17,10.2500,725.9500,72.5100,2.380
2018-09-18,10.1400,719.1000,72.9800,2.909
2018-09-19,10.0100,719.7500,72.3500,0.622
2018-09-21,9.9300,705.3000,72.1800,1.623
2018-09-24,9.9500,718.2500,72.6600,0.657
2018-09-25,10.1500,726.2000,72.6800,1.584
2018-09-26,10.0600,717.8500,72.5900,1.728
2018-09-27,10.1000,724.8000,72.5500,1.098
2018-09-28,10.1700,730.0500,72.5400,1.052
2018-10-01,10.3700,746.6500,72.9200,1.276
2018-10-03,10.0400,728.5000,73.3400,1.075
2018-10-04,10.0000,707.2000,73.6200,4.101
2018-10-05,10.1700,724.6000,73.7600,3.525
2018-10-08,10.0300,714.4500,73.7600,3.550
2018-10-09,10.0200,717.7500,74.3300,3.767
2018-10-10,9.7400,700.4500,74.2500,3.247
2018-10-11,9.5200,673.3500,74.0400,4.680
2018-10-12,9.7400,678.8000,73.6000,5.608
2018-10-15,9.9100,698.8000,73.7600,4.602
2018-10-16,10.2200,695.2500,73.4600,7.984
2018-10-17,9.8000,705.3500,73.5200,2.147
2018-10-19,9.5800,683.5500,73.3700,2.829
2018-10-22,9.4800,679.9500,73.5600,2.559
2018-10-23,9.4000,657.6000,73.5400,5.121
2018-10-24,9.0600,649.8000,73.1800,2.033
2018-10-25,9.1100,648.7500,73.2100,2.804
2018-10-26,9.0200,633.6000,73.4600,4.578
2018-10-29,8.9700,644.7500,73.4200,2.145
2018-10-30,9.1900,659.6000,73.6200,2.572
2018-10-31,9.4700,686.4000,73.9500,2.026
2018-11-01,9.3000,666.7000,73.4500,2.458
2018-11-02,9.2500,662.2500,72.4400,1.181
2018-11-05,9.4000,666.0000,73.0800,3.146
2018-11-06,9.4800,666.4500,72.9500,3.769
2018-11-07,9.6100,675.5000,72.4400,3.057
2018-11-09,9.4900,659.5000,72.4800,4.296
2018-11-12,9.3400,664.2000,72.4800,1.922
2018-11-13,9.4000,665.7000,72.6100,2.529
2018-11-14,9.2500,653.2000,72.3000,2.384
2018-11-15,9.3300,656.4000,71.9700,2.297
2018-11-16,9.3300,650.8500,71.9800,3.184
2018-11-19,9.2900,651.7000,71.6000,2.066
2018-11-20,9.0900,641.4000,71.4900,1.317
2018-11-21,9.0700,619.1000,71.3000,4.457
2018-11-26,9.1800,621.4500,70.8100,4.600
2018-11-27,9.2700,638.9000,70.8000,2.726
2018-11-28,9.8600,666.4000,70.6300,4.504
2018-11-29,9.6800,661.0500,69.7900,2.196
2018-11-30,9.8600,667.4500,69.6200,2.847
2018-12-03,9.9000,670.3500,70.4000,3.970
2018-12-04,9.8500,685.2500,70.5200,1.368
2018-12-06,9.8300,668.5000,70.8400,4.167
2018-12-07,9.6900,682.8000,70.8500,0.547
2018-12-10,9.5700,669.2000,72.4360,3.588
2018-12-11,9.6900,674.5000,72.2700,3.825
2018-12-12,9.6600,678.5000,71.7900,2.209
2018-12-13,9.8700,697.7500,71.5200,1.168
2018-12-14,9.8900,706.0500,71.9400,0.770
2018-12-17,9.6000,694.4000,71.6000,-1.014
2018-12-18,9.5400,676.6000,70.6100,-0.441
2018-12-19,9.4300,664.8500,70.2600,-0.346
2018-12-20,9.2800,667.0500,69.9600,-2.672
2018-12-21,9.1000,646.2000,70.0900,-1.297
2018-12-24,9.0800,649.0000,70.0900,-1.939
2018-12-26,9.3800,644.0500,70.0700,2.051
2018-12-27,9.4500,656.8000,70.3400,1.205
2018-12-28,9.4300,656.9500,69.9200,0.365
2018-12-31,9.5200,658.9500,69.5800,0.524
2019-01-02,9.6100,669.0500,70.0200,0.574
2019-01-03,9.4700,669.1500,70.1200,-0.764
2019-01-04,9.6300,661.0500,69.6300,1.435
2019-01-07,9.7100,671.7000,69.7800,0.873
2019-01-08,9.7500,670.0500,70.1100,2.018
2019-01-09,9.8700,676.1000,70.4200,2.802
2019-01-10,9.8800,679.7000,70.4300,2.376
2019-01-11,10.4100,683.5000,70.3800,7.192
2019-01-14,10.3700,701.9000,70.3800,3.981
2019-01-15,10.4900,726.6000,71.0000,2.503
2019-01-16,10.6100,736.8000,70.9700,2.198
2019-01-17,10.5800,733.3500,71.0900,2.561
2019-01-18,10.6700,730.9500,71.2100,3.948
2019-01-22,10.5300,745.3500,71.2300,0.631
2019-01-23,10.5300,731.6500,71.2100,2.486
2019-01-24,10.4300,732.0000,71.0200,1.194
2019-01-25,10.5500,730.3500,70.9400,2.474
2019-01-28,10.5200,727.9500,71.0600,2.693
2019-01-29,10.4800,727.9000,71.4000,2.799
2019-01-30,10.5900,725.9000,71.2400,3.931
2019-01-31,10.8000,749.5500,70.9400,2.215
2019-02-01,10.9000,757.0500,71.4100,2.816
2019-02-04,10.8700,755.9000,71.6600,3.049
2019-02-05,10.8400,754.8500,71.5200,2.706
2019-02-06,10.9000,763.3000,71.5500,2.174
2019-02-07,10.8500,764.0000,71.3000,1.257
2019-02-08,10.8600,760.9000,71.2300,1.664
2019-02-11,10.8200,762.8000,71.1500,0.923
2019-02-12,10.7700,750.4500,70.5600,1.263
2019-02-14,10.7600,740.0500,71.1800,3.493
2019-02-15,10.7600,741.9500,71.3600,3.489
2019-02-19,10.5500,724.3000,71.3100,3.869
2019-02-20,10.7000,740.7000,71.3100,3.013
2019-02-21,10.5500,733.4500,71.1500,2.343
2019-02-22,10.6300,734.9500,71.0700,2.793
2019-02-25,10.8100,754.9000,70.8200,1.413
2019-02-26,10.7300,742.5000,71.0200,2.632
2019-02-27,10.7000,735.2500,71.1500,3.544
2019-02-28,10.7200,734.3000,70.8300,3.404
2019-03-01,10.8400,741.9000,70.9000,3.593
2019-03-05,10.7700,732.5000,70.5500,3.730
2019-03-06,10.7100,732.5000,70.0200,2.377
2019-03-07,10.4900,722.9500,70.0900,1.701
2019-03-08,10.4700,712.3500,70.0000,2.885
2019-03-11,10.5500,711.2500,69.8200,3.564
2019-03-12,10.5200,706.9500,69.6200,3.600
2019-03-13,10.5500,708.4500,69.5200,3.527
2019-03-14,10.6000,708.3500,69.3300,3.748
2019-03-15,10.7000,718.5500,68.9400,2.659
2019-03-18,10.7200,710.2000,68.6000,3.547
2019-03-19,10.9000,722.2500,69.0200,4.163
2019-03-20,10.9400,738.9500,68.8500,1.931
2019-03-22,10.8800,743.1000,69.0100,1.040
2019-03-25,10.8200,735.2500,68.8800,1.364
2019-03-26,10.8200,727.7500,68.9800,2.558
2019-03-27,10.7300,729.7000,69.1300,1.653
2019-03-28,10.8800,737.8000,69.2300,2.090
2019-04-01,11.0900,755.1000,69.1800,1.603
2019-04-02,11.1800,759.4000,68.9100,1.450
2019-04-03,11.2000,753.3000,68.5800,1.964
2019-04-04,11.0700,747.9000,69.0300,2.174
2019-04-05,11.3200,759.3000,69.1100,3.032
2019-04-08,11.3100,767.2500,69.5600,2.538
2019-04-09,11.1500,760.6000,69.2800,1.561
2019-04-10,11.0800,752.7000,69.1200,1.747
2019-04-11,10.9700,742.7000,68.9700,1.872
2019-04-12,10.5500,747.7500,69.2100,-2.352
2019-04-15,10.5700,727.5000,69.3800,0.804
2019-04-16,10.3700,724.1000,69.5100,-0.453
2019-04-18,10.3900,717.0500,69.4200,0.589
2019-04-22,10.4500,721.0500,69.6400,0.928
2019-04-23,10.5300,728.2000,69.7800,0.904
2019-04-24,10.5800,736.4500,69.9100,0.434
2019-04-25,10.5200,728.5500,70.1900,1.352
2019-04-26,10.6500,738.0000,69.9300,0.915
2019-04-30,10.7600,751.3500,69.6400,-0.269
2019-05-02,10.5700,730.8000,69.4000,0.377
2019-05-03,10.3300,723.6000,69.0800,-1.382
2019-05-06,10.4500,718.4000,69.4000,0.951
2019-05-07,10.3400,724.5500,69.6200,-0.646
2019-05-08,10.3900,719.3500,69.7300,0.715
2019-05-09,10.2000,721.0500,70.2100,-0.681
2019-05-10,10.2600,716.8500,70.0200,0.217
2019-05-13,10.1100,719.7000,70.6200,-0.796
2019-05-14,10.2100,713.8500,70.3000,0.548
2019-05-15,10.3900,716.1000,70.2200,1.883
2019-05-16,10.5100,733.1000,70.0800,0.469
2019-05-17,10.1700,723.9000,70.2800,-1.264
2019-05-20,10.2000,722.4000,69.5900,-1.742
2019-05-21,10.1800,709.3000,69.6100,-0.094
2019-05-22,10.2200,709.7500,69.7100,0.378
2019-05-23,10.1600,701.0500,69.6600,0.955
2019-05-24,10.2300,709.2000,69.3700,0.064
2019-05-28,10.3000,728.1000,69.5600,-1.598
2019-05-29,10.2700,727.8000,69.8000,-1.505
2019-05-30,10.5700,733.5500,69.8100,0.592
2019-05-31,10.4700,737.7500,69.6300,-1.182
2019-06-03,10.4500,744.6500,69.1500,-2.959
2019-06-04,10.5800,735.3000,69.2800,-0.315
2019-06-06,10.5300,735.6000,69.2100,-0.927
2019-06-07,10.6300,739.1000,69.3200,-0.301
2019-06-10,10.7800,753.5000,69.4900,-0.584
2019-06-11,10.8400,754.9000,69.4200,-0.316
2019-06-12,10.8000,753.8000,69.3500,-0.639
2019-06-13,10.6200,742.6500,69.5300,-0.571
2019-06-14,10.6000,740.4500,69.8100,-0.063
2019-06-17,10.6000,740.5500,69.8300,-0.048
2019-06-18,10.7500,750.1500,69.6000,-0.260
2019-06-19,10.6000,751.9000,69.6400,-1.824
2019-06-20,10.7700,754.9000,69.4400,-0.931
2019-06-21,10.7200,750.2000,69.5900,-0.559
2019-06-24,10.6800,745.5000,69.3200,-0.692
2019-06-25,10.6500,748.1000,69.2600,-1.401
2019-06-26,10.6600,739.2000,69.1800,-0.236
2019-06-27,10.6200,730.5500,69.0100,0.320
2019-06-28,10.7000,732.0000,68.9200,0.744
2019-07-01,10.7000,731.3000,68.8700,0.767
2019-07-02,10.7600,740.0000,68.8700,0.141
2019-07-03,10.7400,731.3000,68.7900,1.026
2019-07-05,10.6900,718.0000,68.4800,1.957
2019-07-08,10.5600,717.6000,68.5500,0.876
2019-07-09,10.4200,715.5000,68.5400,-0.184
2019-07-10,10.4800,717.2500,68.4000,-0.058
2019-07-11,10.7200,721.5000,68.4000,1.628
2019-07-12,11.4000,726.7500,68.5700,7.561
2019-07-15,11.5000,779.3500,68.5200,1.107
2019-07-16,11.5300,784.8500,68.6600,0.866
2019-07-17,11.4900,794.1500,68.8400,-0.400
2019-07-18,11.5500,792.7000,68.8500,0.318
2019-07-19,11.3900,785.4000,68.8200,-0.196
2019-07-22,11.4600,784.4000,68.8900,0.648
2019-07-23,11.4900,790.0500,68.9900,0.335
2019-07-24,11.4600,786.3000,68.9400,0.477
2019-07-25,11.5200,794.5000,69.0300,0.091
2019-07-26,11.4800,787.0000,68.8900,0.490
2019-07-29,11.5100,791.4500,68.7300,-0.046
2019-07-30,11.4200,792.7000,68.8200,-0.855
2019-07-31,11.3200,793.6500,68.8100,-1.855
2019-08-01,11.2600,768.8500,69.0000,1.052
2019-08-02,11.0800,775.6000,69.6500,-0.500
2019-08-05,10.9000,776.7000,70.8000,-0.641
2019-08-06,11.0000,774.4500,70.9000,0.704
2019-08-07,11.1600,776.1000,71.1800,2.354
2019-08-08,11.2500,788.7500,70.6200,0.726
2019-08-09,11.1300,789.8500,70.9100,-0.079
2019-08-13,11.0600,764.7500,71.4100,3.275
2019-08-14,10.7900,774.8000,71.2700,-0.748
2019-08-16,11.0700,774.5500,71.1500,1.689
2019-08-19,11.1300,777.6500,71.4400,2.247
2019-08-20,11.3300,792.7500,71.5400,2.245
2019-08-21,11.3000,799.4500,71.4300,0.964
2019-08-22,11.2100,795.7000,71.9000,1.294
2019-08-23,11.1100,802.2000,71.4900,-0.991
2019-08-26,11.1300,802.5500,72.0200,-0.121
2019-08-27,11.1500,784.6500,71.5200,1.631
2019-08-28,11.2000,802.5000,71.7500,0.137
2019-08-29,11.3900,806.9500,71.6700,1.161
2019-08-30,11.4900,814.9000,71.4500,0.744
2019-09-03,11.2800,814.2500,72.2000,0.020
2019-09-04,11.6800,821.3000,72.1100,2.550
2019-09-05,12.0700,834.0500,71.8400,3.964
2019-09-06,11.8100,840.1500,71.6800,0.761
2019-09-09,11.6400,829.1000,71.6600,0.606
2019-09-11,11.5800,820.1000,71.6200,1.129
2019-09-12,11.6800,816.4000,70.9100,1.449
2019-09-13,11.7700,829.3000,71.0000,0.768
2019-09-16,11.7600,827.7000,71.5300,1.630
2019-09-17,11.6700,831.2500,71.4700,0.337
2019-09-18,11.7000,829.8500,71.1600,0.328
2019-09-19,11.6000,820.7000,71.3100,0.792
2019-09-20,11.3500,805.0000,71.0500,0.176
2019-09-23,11.0000,764.3500,70.7900,1.876
2019-09-24,11.0400,794.0500,70.9400,-1.369
2019-09-25,11.0600,792.6500,71.0000,-0.932
2019-09-26,11.1300,782.5500,70.9300,0.882
2019-09-27,11.2100,782.2000,70.4900,1.022
2019-09-30,11.3700,805.6500,70.6400,-0.307
2019-10-01,11.0400,793.5500,71.1100,-1.071
2019-10-03,11.1600,785.6000,71.0300,0.903
2019-10-04,11.2200,793.4500,70.8600,0.202
2019-10-07,11.2900,789.5500,70.9700,1.482
2019-10-09,11.1600,783.6500,71.0900,1.240
2019-10-10,11.1800,783.0500,70.9800,1.342
2019-10-11,10.9700,814.8000,70.9100,-4.531
2019-10-14,10.6200,786.1000,70.9100,-4.202
2019-10-15,10.6700,768.3000,71.4800,-0.730
2019-10-16,10.6000,771.4500,71.3700,-1.935
2019-10-17,10.5900,769.5000,71.0900,-2.165
2019-10-18,10.5700,767.8500,71.0700,-2.167
2019-10-22,9.0100,643.5500,70.8100,-0.863
2019-10-23,9.0400,650.6000,70.8100,-1.610
2019-10-24,8.9300,635.3500,71.0100,-0.194
2019-10-25,9.2000,637.4500,70.7800,2.153
2019-10-29,9.3100,650.6500,70.8600,1.392
2019-10-30,9.3200,660.6000,70.9600,0.113
2019-10-31,9.5900,685.6000,71.0100,-0.673
2019-11-01,9.5200,687.9000,70.7600,-2.074
2019-11-04,9.7600,709.0000,70.7900,-2.551
2019-11-05,9.7200,696.1000,70.8100,-1.124
2019-11-06,9.8800,712.3000,70.9600,-1.575
2019-11-07,10.0200,720.1000,71.0400,-1.150
2019-11-08,9.6800,708.1500,71.3500,-2.469
2019-11-11,9.7900,704.4000,71.3500,-0.835
2019-11-13,9.7100,691.3500,72.1200,1.292
2019-11-14,9.8700,705.3000,71.9900,0.743
2019-11-15,9.8600,703.9000,71.6000,0.295
2019-11-18,9.8600,705.2000,71.9000,0.529
2019-11-19,9.8300,712.8500,71.8600,-0.907
2019-11-20,9.9200,713.0000,71.7400,-0.188
2019-11-21,9.8700,713.2500,71.7500,-0.712
2019-11-22,9.6000,693.2000,71.7600,-0.621
2019-11-25,9.8700,698.1000,71.6900,1.358
2019-11-26,9.6500,690.6000,71.5100,-0.077
2019-11-27,9.7800,695.7500,71.2600,0.169
2019-11-29,9.8300,696.3500,71.7500,1.286
2019-12-02,9.6900,692.7000,71.6500,0.229
2019-12-03,9.6700,698.3500,71.7000,-0.718
2019-12-04,9.8600,708.8500,71.4700,-0.586
2019-12-05,9.8900,714.8500,71.2600,-1.411
2019-12-06,9.9400,715.1000,71.2600,-0.948
2019-12-09,9.9400,717.2500,71.0200,-1.577
2019-12-10,10.0400,714.5500,70.8400,-0.464
2019-12-11,10.0700,721.0500,70.7300,-1.220
2019-12-12,10.0300,702.1000,70.6200,0.886
2019-12-13,10.0800,711.3000,70.8000,0.332
2019-12-16,10.1300,714.0000,70.8900,0.576
2019-12-17,10.2900,729.7000,71.0400,0.178
2019-12-18,10.3300,732.4500,70.9700,0.091
2019-12-19,10.2700,730.8500,71.1100,-0.075
2019-12-20,10.2900,731.5500,71.0700,-0.033
2019-12-23,10.2900,736.0000,71.2400,-0.400
2019-12-24,10.2400,733.4000,71.2300,-0.546
2019-12-26,10.1700,728.9500,71.2800,-0.553
2019-12-27,10.2600,736.9500,71.4500,-0.526
2019-12-30,10.1600,732.9000,71.3000,-1.159
2019-12-31,10.3200,731.1500,71.3600,0.723
2020-01-02,10.2900,734.7000,71.3400,-0.083
2020-01-03,10.3100,746.0000,71.7600,-0.825
2020-01-06,10.2100,738.8500,71.8600,-0.698
2020-01-07,10.1000,727.9000,71.8400,-0.318
2020-01-08,10.0900,718.2000,71.5100,0.464
2020-01-09,10.4800,727.5500,71.1600,2.502
2020-01-10,10.6500,738.1500,70.9400,2.352
2020-01-13,10.8800,773.5500,70.7400,-0.504
2020-01-14,10.8600,775.6500,70.8500,-0.802
2020-01-15,10.8500,767.5500,70.6900,-0.073
2020-01-16,10.8500,767.0000,70.9500,0.366
2020-01-17,10.8800,767.8500,71.0800,0.716
2020-01-21,10.8500,762.5000,71.1700,1.271
2020-01-22,11.0400,770.2000,71.0700,1.871
2020-01-23,11.0600,784.3500,71.4500,0.751
2020-01-24,11.0300,782.7500,71.3100,0.485
2020-01-27,10.9900,778.1000,71.4500,0.917
2020-01-28,11.1000,778.0000,71.2400,1.641
2020-01-29,11.0600,789.7000,71.3500,-0.072
2020-01-30,11.0600,780.7000,71.5700,1.392
2020-01-31,10.9600,775.9500,71.5300,1.033
2020-02-03,10.9400,767.4000,71.3200,1.673
2020-02-04,11.1000,787.8500,71.1100,0.187
2020-02-05,11.0400,784.5500,71.1900,0.177
2020-02-06,10.9600,771.3500,71.1900,1.153
2020-02-07,10.8500,777.3000,71.4700,-0.238
2020-02-10,10.9200,773.2000,71.2800,0.670
2020-02-11,10.9500,773.5500,71.2500,0.858
2020-02-12,11.2200,781.0500,71.2900,2.410
2020-02-13,11.1000,792.2500,71.2700,-0.146
2020-02-14,11.0100,786.4500,71.5200,0.125
2020-02-18,11.2100,797.6500,71.5600,0.569
2020-02-19,11.3000,800.4500,71.5500,1.008
2020-02-20,11.3600,797.0000,71.6700,2.154
2020-02-24,11.2200,795.8500,71.9200,1.394
2020-02-25,11.0200,798.4000,71.8100,-0.883
2020-02-26,11.0000,782.7500,71.5800,0.592
2020-02-27,10.6200,777.8500,71.6500,-2.176
2020-02-28,10.0700,731.7000,72.5300,-0.181
2020-03-02,10.3600,741.0500,72.8800,1.887
2020-03-03,10.2100,747.0000,73.0300,-0.183
2020-03-04,10.4700,758.7500,73.4900,1.409
2020-03-05,10.1300,754.6000,73.5000,-1.331
2020-03-06,9.7800,738.9500,74.0000,-2.061
2020-03-09,9.0800,704.4500,74.2100,-4.347
2020-03-11,8.9000,686.0000,73.6800,-4.409
2020-03-12,8.0500,631.2000,74.2500,-5.305
2020-03-13,8.3800,642.3500,73.8600,-3.643
2020-03-16,7.3700,583.1500,74.0100,-6.464
2020-03-17,7.8700,554.9500,74.2600,5.312
2020-03-18,7.3500,534.3000,74.5500,2.553
2020-03-19,7.1300,545.5500,74.7800,-2.267
2020-03-20,6.9400,585.2000,75.3100,-10.688
2020-03-23,7.1200,526.4500,76.2900,3.179
2020-03-24,7.7400,589.8000,76.3700,0.221
2020-03-25,8.1900,606.2000,76.3600,3.165
2020-03-26,9.1000,643.0000,74.8900,5.987
2020-03-27,8.5100,652.7000,75.4700,-1.601
2020-03-30,8.4900,626.7000,75.3300,2.051
2020-03-31,8.2100,641.5000,75.3900,-3.515
2020-04-01,7.7800,602.8000,76.4000,-1.395
2020-04-03,7.5600,585.7000,76.2400,-1.592
2020-04-07,8.3800,639.0000,75.6400,-0.804
2020-04-08,8.4800,631.6000,75.9600,1.986
2020-04-09,8.5200,636.2500,76.3000,2.173
2020-04-13,8.5000,637.4000,76.2500,1.683
2020-04-15,8.3300,639.0500,76.5600,-0.204
2020-04-16,8.2200,623.8500,76.7500,1.128
2020-04-17,8.5800,628.7500,76.5600,4.475
2020-04-20,8.5100,653.3000,76.5600,-0.272
2020-04-21,8.2500,633.2000,76.9500,0.259
2020-04-22,8.5500,641.8500,76.4400,1.825
2020-04-23,8.7900,679.3000,75.8400,-1.865
2020-04-24,8.7600,658.0000,76.2600,1.525
2020-04-27,8.9300,664.6000,76.2300,2.428
2020-04-28,8.7900,660.7000,75.9600,1.058
2020-04-29,9.4900,676.5500,75.4500,5.834
2020-04-30,9.2300,715.5000,75.0800,-3.146
2020-05-04,8.9300,673.7000,75.6400,0.262
2020-05-05,8.9100,673.7000,75.7200,0.143
2020-05-06,8.8600,665.9000,76.0800,1.227
2020-05-07,9.0400,664.9500,75.7800,3.023
2020-05-08,9.1700,674.2000,75.5800,2.799
2020-05-11,9.0000,682.9000,75.8700,-0.010
2020-05-12,9.1500,687.6500,75.0300,-0.164
2020-05-13,8.5500,694.1500,75.3300,-7.214
2020-05-14,8.6800,658.1500,75.4800,-0.453
2020-05-15,8.7000,652.3000,75.8200,1.124
2020-05-18,8.9600,663.9000,75.7400,2.219
2020-05-19,8.7900,668.6000,75.6700,-0.518
2020-05-20,9.0000,669.5500,75.4700,1.446
2020-05-21,8.9300,672.2000,75.6300,0.472
2020-05-22,9.0500,692.3500,75.9900,-0.670
2020-05-26,9.0700,680.5500,75.4300,0.529
2020-05-27,9.3500,705.4500,75.8800,0.571
2020-05-28,9.1900,707.4000,75.6700,-1.695
2020-05-29,9.1000,691.0000,75.5900,-0.453
2020-06-01,9.2600,699.5500,75.5600,0.019
2020-06-02,9.3800,708.1000,75.0300,-0.610
2020-06-03,9.2700,701.5500,75.3200,-0.475
2020-06-04,9.2700,707.7500,75.4300,-1.203
2020-06-05,9.3800,703.5500,75.6100,0.806
2020-06-08,9.5600,720.8500,75.4400,0.049
2020-06-09,9.3300,717.6000,75.4400,-1.915
2020-06-10,9.3000,715.8500,75.6500,-1.719
2020-06-11,8.8600,703.9500,75.9700,-4.383
2020-06-12,9.1100,692.0500,76.0300,0.084
2020-06-15,9.2200,687.5500,75.9700,1.875
2020-06-16,9.1200,701.2000,76.1900,-0.905
2020-06-17,9.3300,703.6500,76.2500,1.103
2020-06-18,9.2200,713.9000,76.3200,-1.433
2020-06-19,9.1600,705.5500,76.2100,-1.058
2020-06-22,9.1500,703.7000,75.7600,-1.492
2020-06-23,9.4200,720.6500,75.4800,-1.336
2020-06-24,9.0700,714.1500,75.6500,-3.921
2020-06-25,9.2900,700.5000,75.5800,0.234
2020-06-26,9.5300,748.2000,75.6300,-3.668
2020-06-29,9.5700,731.7500,75.5200,-1.233
2020-06-30,9.6600,735.9500,75.5300,-0.860
2020-07-01,9.6800,731.9000,75.5000,-0.145
2020-07-02,9.9200,756.6000,74.7800,-1.954
2020-07-06,10.1100,764.0000,74.6200,-1.255
2020-07-07,10.2400,794.1500,74.8100,-3.538
2020-07-08,10.3400,774.7000,74.9400,0.023
2020-07-09,10.2300,781.7000,75.1200,-1.691
2020-07-10,10.3900,781.8500,75.1400,-0.146
2020-07-13,10.4700,797.0500,75.1600,-1.270
2020-07-14,10.5900,783.2500,75.3800,1.918
2020-07-15,11.9100,830.9500,75.1100,7.655
2020-07-16,12.2300,911.0000,75.1100,0.834
2020-07-17,12.2700,903.1500,74.9300,1.798
2020-07-20,12.5800,934.3000,74.7700,0.675
2020-07-21,12.4900,936.7500,74.5400,-0.613
2020-07-22,12.3000,917.9000,74.5600,-0.088
2020-07-23,12.2400,907.9500,74.8100,0.851
2020-07-24,12.3300,922.8500,74.7700,-0.101
2020-07-27,12.6700,948.4500,74.7700,-0.117
2020-07-28,12.5800,962.8500,74.9100,-2.127
2020-07-29,12.8500,954.1500,74.9200,0.898
2020-07-30,12.9500,961.4500,74.8800,0.858
2020-07-31,12.8500,966.0000,74.9000,-0.366
2020-08-03,12.9200,956.9000,75.2000,1.535
2020-08-04,12.6400,949.8500,75.0600,-0.115
2020-08-05,12.6500,944.7000,74.8000,0.161
2020-08-06,12.8300,970.8500,74.8700,-1.058
2020-08-07,12.6000,950.9000,75.0400,-0.567
2020-08-10,12.5900,951.3500,74.9100,-0.865
2020-08-11,12.6300,948.4500,74.6100,-0.646
2020-08-12,12.7600,954.9500,74.7300,-0.146
2020-08-13,12.7800,951.2000,74.8100,0.512
2020-08-14,12.7200,953.6000,74.8700,-0.131
2020-08-17,12.8700,957.5000,74.7400,0.460
2020-08-18,12.9800,967.5500,74.6200,0.105
2020-08-19,12.8000,959.3000,74.8500,-0.127
2020-08-20,12.8200,955.1500,75.0100,0.678
2020-08-21,12.6000,948.8000,74.9200,-0.507
2020-08-24,12.7900,947.4000,74.1700,0.130
2020-08-25,12.8100,938.1000,74.2000,1.322
2020-08-26,12.8800,950.8000,74.2200,0.542
2020-08-27,12.7800,947.0500,73.8900,-0.289
2020-08-28,12.8100,935.2500,73.1100,0.138
2020-08-31,12.6000,928.6000,73.2500,-0.608
2020-09-01,12.6700,914.1500,73.0000,1.177
2020-09-02,12.7300,924.0000,73.2700,0.944
2020-09-03,12.4700,935.5500,73.3900,-2.178
2020-09-04,12.4400,919.1500,73.2900,-0.808
2020-09-08,12.6700,939.3000,73.7800,-0.480
2020-09-09,12.7500,927.7500,73.3800,0.846
2020-09-10,12.6000,940.0500,73.4300,-1.578
2020-09-11,12.7600,945.7000,73.4500,-0.896
2020-09-14,13.2400,978.4000,73.4200,-0.646
2020-09-15,13.3400,982.4500,73.5700,-0.104
2020-09-16,13.5600,1001.7500,73.5400,-0.454
2020-09-17,13.6700,1011.0000,73.6000,-0.483
2020-09-18,13.5000,1002.1500,73.5400,-0.934
2020-09-21,13.6100,1009.9000,73.5800,-0.839
2020-09-22,13.8400,1007.5000,73.5000,0.967
2020-09-23,13.5900,1019.7500,73.5300,-2.008
2020-09-24,13.0500,975.4000,73.9000,-1.128
2020-09-25,13.5700,1011.4500,73.7100,-1.108
2020-09-28,13.6300,1010.4000,73.7900,-0.459
2020-09-29,13.5600,1009.0000,73.7800,-0.847
2020-09-30,13.8100,1008.2500,73.5400,0.728
2020-10-01,13.7600,1017.6500,73.1800,-1.051
2020-10-05,14.0500,1048.7000,73.0900,-2.077
2020-10-06,13.8900,1055.7500,73.4000,-3.431
2020-10-07,14.5400,1066.5500,73.2800,-0.099
2020-10-08,14.8000,1093.7000,73.3300,-0.769
2020-10-09,15.2000,1106.8000,72.9800,0.226
2020-10-12,15.5500,1132.1000,72.9800,0.242
2020-10-13,15.7200,1157.8000,73.4500,-0.273
2020-10-14,16.3600,1137.0000,73.2400,5.383
2020-10-15,15.2600,1108.2500,73.4800,1.178
2020-10-16,15.5100,1127.5000,73.4200,0.997
2020-10-19,15.1400,1125.9000,73.3100,-1.420
2020-10-20,15.3700,1137.5000,73.4700,-0.727
2020-10-21,15.3400,1148.3500,73.6200,-1.656
2020-10-22,15.3500,1129.0500,73.6500,0.131
2020-10-23,15.2200,1122.5000,73.8600,0.147
2020-10-26,14.9200,1112.4500,73.9300,-0.846
2020-10-27,14.8500,1090.8500,73.6200,0.221
2020-10-28,14.3800,1076.5500,74.1900,-0.901
2020-10-29,14.2800,1074.8500,74.4200,-1.129
2020-10-30,14.2700,1060.6000,74.5900,0.358
2020-11-02,14.2500,1072.3000,74.5100,-0.982
2020-11-03,14.3000,1062.5500,74.6100,0.412
2020-11-04,14.6800,1093.9500,74.3600,-0.214
2020-11-05,15.0100,1104.0000,73.9300,0.515
2020-11-06,14.9300,1112.7500,73.9600,-0.766
2020-11-09,14.8300,1136.5500,74.0300,-3.404
2020-11-10,14.5400,1091.0500,74.3100,-0.970
2020-11-11,15.0900,1122.5000,74.3100,-0.104
2020-11-12,14.9500,1117.7500,74.6300,-0.182
2020-11-13,15.2900,1124.2000,74.5600,1.407
2020-11-17,15.2800,1123.7000,74.4200,1.196
2020-11-18,14.9900,1110.5500,74.1000,0.019
2020-11-19,14.8300,1096.7500,74.1600,0.277
2020-11-20,14.9100,1103.3500,74.1200,0.161
2020-11-23,15.3800,1139.8500,74.2100,0.132
2020-11-24,15.5300,1140.0500,74.0800,0.913
2020-11-25,15.1000,1115.6500,73.7500,-0.182
2020-11-27,14.9200,1100.0000,73.7500,0.032
2020-12-01,15.3800,1137.8500,73.5100,-0.639
2020-12-02,15.4100,1140.9000,73.7200,-0.427
2020-12-03,15.2400,1126.4500,73.8000,-0.154
2020-12-04,15.7500,1134.6500,73.7800,2.414
2020-12-07,15.6200,1143.5000,73.8300,0.850
2020-12-08,16.0100,1153.3500,73.6800,2.277
2020-12-09,15.5300,1175.2000,73.7100,-2.594
2020-12-10,15.5000,1167.7500,73.7200,-2.149
2020-12-11,15.7400,1163.2000,73.7300,-0.231
2020-12-14,15.6600,1164.5500,73.6400,-0.974
2020-12-15,15.6100,1154.6000,73.5600,-0.548
2020-12-16,15.6600,1165.7000,73.6500,-1.059
2020-12-17,16.2100,1159.2000,73.5300,2.823
2020-12-18,16.2200,1189.8000,73.5300,0.240
2020-12-21,15.9300,1177.3000,74.0300,0.170
2020-12-22,16.5800,1220.5000,73.8500,0.322
2020-12-23,16.5900,1253.0500,73.7700,-2.331
2020-12-24,16.6000,1236.0500,73.7700,-0.928
2020-12-28,16.7700,1240.3000,73.5000,-0.621
2020-12-29,16.7600,1250.3000,73.3300,-1.703
2020-12-30,16.9300,1246.8000,73.1300,-0.699
2020-12-31,16.9500,1255.8000,73.0100,-1.456
2021-01-04,17.2500,1288.2500,73.0800,-2.144
2021-01-05,17.6500,1293.8000,73.1500,-0.209
2021-01-06,17.7300,1282.1000,73.1500,1.158
2021-01-07,17.5500,1262.1500,73.4300,2.103
2021-01-08,18.5900,1312.1000,73.3100,3.867
2021-01-11,18.7600,1376.2000,73.5000,0.193
2021-01-12,18.6000,1371.7500,73.2600,-0.664
2021-01-13,18.4300,1387.1500,73.0700,-2.917
2021-01-14,18.2200,1370.5000,73.1100,-2.805
2021-01-15,18.1700,1344.9500,73.0800,-1.270
2021-01-19,18.1200,1316.6500,73.2000,0.739
2021-01-20,18.4000,1339.4500,73.2000,0.555
2021-01-21,18.2000,1339.7000,72.9600,-0.883
2021-01-22,18.1800,1340.8500,72.9800,-1.050
2021-01-25,17.9200,1325.1000,73.0100,-1.265
2021-01-27,17.4700,1301.0000,73.0500,-1.907
2021-01-28,17.6400,1276.2000,72.9100,0.778
2021-01-29,16.8800,1239.0500,72.8400,-0.768
2021-02-01,17.3800,1260.9000,73.1100,0.773
2021-02-02,17.4400,1271.2500,72.9500,0.079
2021-02-03,17.6500,1284.6500,72.8400,0.076
2021-02-04,17.5900,1279.3500,72.9300,0.273
2021-02-05,17.6300,1272.1000,72.8500,0.963
2021-02-08,17.9600,1303.5500,72.9000,0.440
2021-02-09,17.6400,1305.5500,72.8300,-1.595
2021-02-10,17.5000,1296.5000,72.8200,-1.708
2021-02-11,17.8300,1292.6500,72.6900,0.264
2021-02-12,18.0700,1309.8000,72.6000,0.159
2021-02-16,17.7500,1290.4000,72.8600,0.222
2021-02-17,17.6000,1281.3000,72.8100,0.012
2021-02-18,17.8300,1292.4500,72.6500,0.224
2021-02-19,17.9400,1291.3000,72.5000,0.724
2021-02-22,17.6100,1265.2000,72.4800,0.883
2021-02-23,17.3800,1266.3500,72.4400,-0.580
2021-02-24,17.6800,1274.3000,72.3800,0.422
2021-02-25,17.3900,1274.5500,72.7400,-0.753
2021-02-26,17.1200,1253.3000,73.9200,0.974
2021-03-01,17.6600,1267.0000,73.4000,2.308
2021-03-02,18.0200,1304.5000,73.2900,1.241
2021-03-03,18.4600,1343.5500,72.8500,0.094
2021-03-04,18.1700,1330.3500,72.7300,-0.665
2021-03-05,18.2800,1316.7000,73.2100,1.639
2021-03-08,17.9800,1335.7500,73.3200,-1.307
2021-03-09,18.6000,1345.5500,72.8900,0.758
2021-03-10,18.6800,1368.1500,72.8600,-0.521
2021-03-12,18.9100,1374.8500,72.7100,0.007
2021-03-15,19.1500,1373.6000,72.5800,1.187
2021-03-16,19.3300,1384.0000,72.5200,1.287
2021-03-17,19.1000,1387.0000,72.5600,-0.080
2021-03-18,18.3800,1337.1000,72.6300,-0.162
2021-03-19,18.7500,1344.4500,72.4500,1.040
2021-03-22,19.0700,1370.8000,72.3700,0.678
2021-03-23,18.7100,1371.5500,72.5200,-1.072
2021-03-24,18.6600,1353.7500,72.5900,0.058
2021-03-25,18.4600,1333.8000,72.6900,0.604
2021-03-26,18.7200,1336.2000,72.6500,1.782
2021-03-30,18.8000,1385.3000,73.4500,-0.321
2021-03-31,18.7200,1368.0500,73.1400,0.083
2021-04-01,19.0100,1385.2000,73.3200,0.622
2021-04-05,19.3700,1409.9000,73.2900,0.690
2021-04-06,19.3400,1411.0500,73.4900,0.726
2021-04-07,19.2100,1430.2000,74.3500,-0.135
2021-04-08,19.3200,1439.8500,74.5700,0.059
2021-04-09,19.5400,1441.0500,74.7200,1.317
2021-04-12,19.1200,1425.7500,75.0300,0.619
2021-04-13,18.4100,1397.1500,75.2700,-0.818
2021-04-15,18.0000,1360.7500,74.8100,-1.041
2021-04-16,18.1800,1353.7500,74.4800,0.022
2021-04-19,18.2600,1362.5500,74.8700,0.336
2021-04-20,18.0300,1351.3500,75.3800,0.574
2021-04-22,17.8500,1351.1000,75.1100,-0.769
2021-04-23,17.8900,1333.8000,74.9700,0.556
2021-04-26,18.0100,1343.5500,74.7500,0.201
2021-04-27,18.1100,1348.5000,74.5800,0.159
2021-04-28,18.2300,1356.0000,74.4900,0.144
2021-04-29,18.4600,1356.3500,74.0700,0.810
2021-04-30,18.0800,1354.3500,74.0000,-1.213
2021-05-03,18.2000,1352.0500,73.8200,-0.631
2021-05-04,18.1100,1329.4000,73.8000,0.535
2021-05-05,18.2900,1341.5000,73.8100,0.632
2021-05-06,18.6000,1361.6000,73.6400,0.595
2021-05-07,18.3800,1352.5500,73.2700,-0.432
2021-05-10,18.3600,1339.5500,73.4100,0.616
2021-05-11,18.1900,1330.6500,73.3900,0.324
2021-05-12,17.8400,1327.0000,73.5300,-1.147
2021-05-14,18.1600,1316.4000,73.2300,1.022
2021-05-17,18.1700,1329.4000,73.3000,0.185
2021-05-18,18.2600,1340.0000,73.0400,-0.469
2021-05-19,18.4400,1337.0000,73.2000,0.958
2021-05-20,18.6500,1339.3000,73.0300,1.696
2021-05-21,18.7200,1354.5000,72.8200,0.642
2021-05-24,18.6700,1348.0500,72.8600,0.908
2021-05-25,18.7300,1361.6000,72.7800,0.115
2021-05-26,19.2600,1397.2500,72.7100,0.225
2021-05-27,19.3700,1402.2500,72.5900,0.272
2021-05-28,19.3400,1405.0500,72.4200,-0.317
2021-06-01,19.2700,1387.2000,72.8300,1.170
2021-06-02,19.2900,1378.6500,72.9700,2.099
2021-06-03,19.1400,1389.6500,73.0100,0.559
2021-06-04,19.2900,1385.6500,72.8700,1.444
2021-06-07,19.4000,1389.6500,72.8000,1.631
2021-06-08,19.5000,1412.9500,72.9300,0.650
2021-06-09,19.6600,1415.3000,72.9800,1.377
2021-06-10,19.8900,1424.3000,73.1000,2.082
2021-06-11,20.5400,1446.9000,73.2400,3.971
2021-06-14,20.4500,1461.8000,73.1600,2.348
2021-06-15,20.2300,1473.9000,73.3500,0.676
2021-06-16,20.3800,1480.6000,73.3100,0.909
2021-06-17,20.6700,1495.3000,74.1600,2.514
2021-06-18,20.1900,1503.3000,74.1400,-0.427
2021-06-21,20.5300,1500.3000,74.1800,1.507
2021-06-22,20.7600,1511.8500,74.3700,2.121
2021-06-23,20.6900,1503.1500,74.1300,2.036
2021-06-24,21.1900,1559.2000,74.1400,0.759
2021-06-25,21.2500,1574.2000,74.1400,0.081
2021-06-28,21.2900,1571.8000,74.2900,0.626
2021-06-29,21.4500,1563.0500,74.2900,1.949
2021-06-30,21.1900,1580.8000,74.3300,-0.364
2021-07-01,20.9600,1560.4000,74.5600,0.152
2021-07-02,21.0700,1567.8000,74.5100,0.136
2021-07-06,21.1100,1562.2000,74.5800,0.780
2021-07-07,21.1800,1564.6000,74.8100,1.270
2021-07-08,20.9500,1560.7500,74.7600,0.351
2021-07-09,21.3400,1562.9000,74.5300,1.764
2021-07-12,21.0500,1547.8500,74.5600,1.398
2021-07-13,21.0500,1544.9500,74.5100,1.520
2021-07-14,21.3900,1576.9000,74.5400,1.110
2021-07-15,21.1300,1580.8000,74.5500,-0.352
2021-07-16,20.8600,1555.4500,74.6100,0.059
2021-07-19,20.6400,1541.7000,74.8500,0.208
2021-07-20,20.9400,1550.0500,74.6000,0.779
2021-07-22,21.3300,1590.2000,74.4600,-0.124
2021-07-23,21.7300,1590.4500,74.4400,1.706
2021-07-26,21.7100,1603.9000,74.3500,0.638
2021-07-27,21.7100,1602.5500,74.5000,0.926
2021-07-28,21.8500,1605.6000,74.5200,1.411
2021-07-29,21.9200,1617.0000,74.2500,0.653
2021-07-30,22.1200,1610.5000,74.3400,2.105
2021-08-02,22.2700,1631.5500,74.3500,1.485
2021-08-03,22.8800,1655.2000,74.2500,2.637
2021-08-04,22.6400,1649.2500,74.1500,1.789
2021-08-05,22.5800,1653.5500,74.1000,1.187
2021-08-06,22.8100,1650.2000,74.1900,2.550
2021-08-09,22.8800,1663.3000,74.3100,2.219
2021-08-10,22.7800,1677.2500,74.5000,1.184
2021-08-11,22.9900,1677.5500,74.2500,1.756
2021-08-12,23.3200,1689.6000,74.3100,2.563
2021-08-13,23.6300,1712.2000,74.2400,2.458
2021-08-16,23.4000,1704.4000,74.1900,1.857
2021-08-17,23.5600,1741.6500,74.3800,0.617
2021-08-18,23.4800,1733.4500,74.2700,0.601
2021-08-20,23.8800,1732.9500,74.3500,2.454
2021-08-23,24.1000,1738.7500,74.1200,2.734
2021-08-24,23.8800,1720.8500,74.1300,2.869
2021-08-25,23.9800,1735.5500,74.2300,2.563
2021-08-26,23.6600,1727.7000,74.1300,1.517
2021-08-27,23.7300,1708.8000,73.4700,2.027
2021-08-30,23.7200,1698.0500,73.2900,2.379
2021-08-31,23.8200,1706.4500,72.9500,1.829
2021-09-01,23.5500,1677.7500,72.9900,2.454
2021-09-02,23.7000,1689.1000,72.9900,2.413
2021-09-03,24.0300,1700.6500,72.9800,3.120
2021-09-07,23.4300,1706.6500,73.4400,0.823
2021-09-08,23.1900,1693.2500,73.8400,1.128
2021-09-09,22.9300,1691.6000,73.5200,-0.342
2021-09-13,22.9600,1691.9000,73.5800,-0.148
2021-09-14,23.0100,1686.1500,73.6400,0.493
2021-09-15,23.3700,1711.4500,73.4700,0.324
2021-09-16,23.0900,1702.2500,73.5600,-0.220
2021-09-17,22.8500,1691.3000,73.6400,-0.510
2021-09-20,22.7600,1687.8500,73.6500,-0.686
2021-09-21,23.1200,1718.4500,73.7100,-0.831
2021-09-22,23.2700,1716.9000,73.8000,0.025
2021-09-23,23.7300,1742.5500,73.7000,0.364
2021-09-24,23.6800,1763.8500,73.8100,-0.909
2021-09-27,22.9000,1721.1500,73.8600,-1.729
2021-09-28,22.0900,1687.1000,74.2100,-2.833
2021-09-29,22.4800,1692.2500,74.2800,-1.326
2021-09-30,22.2500,1675.2000,74.1600,-1.501
2021-10-01,22.3300,1665.1500,74.1500,-0.563
2021-10-04,22.1500,1678.7500,74.4600,-1.755
2021-10-05,22.7500,1692.8000,74.5100,0.136
2021-10-06,22.4500,1673.5500,74.8200,0.368
2021-10-07,22.7700,1691.0000,74.8500,0.789
2021-10-08,21.9300,1723.8500,75.0500,-4.525
2021-10-11,21.8200,1690.9500,75.0500,-3.156
2021-10-12,21.8800,1685.1500,75.4600,-2.023
2021-10-13,22.6500,1709.2000,75.3300,-0.174
2021-10-14,22.7100,1715.7500,75.1800,-0.490
2021-10-18,23.7800,1792.1500,75.3200,-0.058
2021-10-19,24.2200,1822.1500,75.0600,-0.230
2021-10-20,24.1300,1802.3500,74.8300,0.183
2021-10-21,23.4100,1753.6500,74.8000,-0.147
2021-10-22,23.0100,1719.8000,74.8700,0.172
2021-10-25,22.9300,1707.5500,75.0500,0.782
2021-10-26,22.6900,1703.7000,74.9000,-0.248
2021-10-27,22.5500,1728.9500,75.0100,-2.167
2021-10-28,22.5600,1703.9000,74.7700,-1.003
2021-10-29,22.2800,1667.7500,75.0000,0.195
2021-11-01,22.4700,1700.0500,74.8300,-1.095
2021-11-02,22.6600,1697.9000,74.6300,-0.400
2021-11-03,22.7100,1702.5000,74.5100,-0.610
2021-11-04,22.7100,1708.7000,74.5300,-0.944
2021-11-08,23.4400,1737.5000,73.9100,-0.291
2021-11-09,23.3000,1742.5000,74.1000,-0.917
2021-11-10,22.9600,1740.1500,74.2600,-2.019
2021-11-11,23.2000,1733.3000,74.2600,-0.604
2021-11-12,23.7000,1780.2000,74.4000,-0.950
2021-11-15,23.6300,1787.1500,74.3500,-1.693
2021-11-16,24.0300,1792.3000,74.4800,-0.142
2021-11-17,23.7400,1787.4500,74.2800,-1.345
2021-11-18,23.6500,1779.4000,74.2500,-1.314
2021-11-22,22.7700,1759.4000,74.3700,-3.751
2021-11-23,22.8900,1736.9000,74.4900,-1.832
2021-11-24,22.6100,1696.0000,74.5700,-0.588
2021-11-26,22.2000,1691.6500,74.8900,-1.720
2021-11-29,22.6200,1696.3500,75.1200,0.169
2021-11-30,22.5800,1712.6500,75.1000,-0.986
2021-12-01,22.4400,1714.9000,74.8300,-2.083
2021-12-02,23.4400,1748.2500,74.8900,0.410
2021-12-03,22.8800,1735.5500,75.2400,-0.810
2021-12-06,22.2500,1695.3000,75.3900,-1.054
2021-12-07,23.0600,1711.6500,75.4300,1.622
2021-12-08,23.4400,1753.3500,75.4000,0.800
2021-12-09,23.2500,1763.4500,75.5800,-0.352
2021-12-10,23.1900,1759.2500,75.6600,-0.267
2021-12-13,22.6100,1744.6500,75.7800,-1.792
2021-12-14,22.8900,1752.1500,75.9800,-0.740
2021-12-15,23.2600,1734.2000,76.3800,2.445
2021-12-16,24.1100,1771.6000,76.1800,3.675
2021-12-17,24.0400,1820.8500,75.9800,0.314
2021-12-20,23.6900,1798.9000,75.8200,-0.151
2021-12-21,24.2200,1811.6000,75.6700,1.166
2021-12-22,24.5300,1824.7000,75.4500,1.430
2021-12-23,24.7300,1857.6000,75.0200,-0.127
2021-12-27,25.3300,1866.1500,74.9700,1.760
2021-12-28,25.3000,1888.0000,74.6700,0.061
2021-12-29,25.3800,1885.5500,74.5800,0.387
2021-12-30,25.4100,1892.8500,74.3900,-0.137
2021-12-31,25.3100,1887.7500,74.3900,-0.262
2022-01-03,25.2600,1898.4500,74.3200,-1.113
2022-01-04,25.1100,1899.1500,74.5200,-1.472
2022-01-05,24.3000,1844.6500,74.3100,-2.110
2022-01-06,24.1100,1817.8000,74.4000,-1.321
2022-01-07,24.2000,1814.3000,74.2700,-0.935
2022-01-10,24.7700,1850.7500,74.0600,-0.880
2022-01-11,25.0200,1855.6000,73.8100,-0.478
2022-01-12,25.7500,1877.4500,73.7700,1.179
2022-01-13,25.6000,1896.8000,73.9600,-0.181
2022-01-14,26.2000,1929.3500,74.0800,0.598
2022-01-18,25.5100,1920.7500,74.5600,-0.975
2022-01-19,24.4700,1867.0500,74.3900,-2.503
2022-01-20,23.6800,1823.7000,74.3200,-3.499
2022-01-21,23.4100,1785.7000,74.2800,-2.621
2022-01-24,22.9400,1736.8000,74.7200,-1.308
2022-01-25,22.4800,1722.1500,74.7300,-2.452
2022-01-27,21.8100,1678.6000,75.1800,-2.319
2022-01-28,22.6600,1686.2000,75.0000,0.789
2022-01-31,23.5700,1736.2000,74.6000,1.274
2022-02-01,23.5200,1772.0500,74.7800,-0.746
2022-02-02,23.7700,1787.1000,74.7700,-0.549
2022-02-03,22.7600,1738.5500,74.7100,-2.194
2022-02-04,22.8900,1741.1000,74.6100,-1.911
2022-02-07,22.4700,1715.0000,74.6800,-2.154
2022-02-08,22.8900,1717.3000,74.7100,-0.419
2022-02-09,23.4100,1737.3000,74.8000,0.792
2022-02-10,22.9400,1769.6000,75.0700,-2.684
2022-02-11,22.2700,1721.3500,75.3400,-2.529
2022-02-14,22.1900,1682.2000,75.6300,-0.236
2022-02-15,22.8900,1738.2500,75.2000,-0.974
2022-02-16,22.8400,1733.3000,75.0300,-1.132
2022-02-17,22.4300,1724.8000,75.0200,-2.441
2022-02-18,22.5100,1706.9500,74.6300,-1.583
2022-02-22,23.0500,1734.3500,74.6500,-0.788
2022-02-23,22.7200,1742.8500,74.6000,-2.751
2022-02-24,22.2400,1678.1500,75.6100,0.204
2022-02-25,22.8400,1694.6000,75.0900,1.207
2022-02-28,22.4600,1715.6000,75.4900,-1.171
2022-03-02,22.5900,1702.8000,75.6100,0.307
2022-03-03,22.5200,1720.8500,75.9400,-0.621
2022-03-04,22.4600,1723.3000,76.4200,-0.401
2022-03-07,22.5800,1739.8500,76.9100,-0.185
2022-03-08,23.3300,1778.2000,77.0700,1.116
2022-03-09,23.9000,1813.3500,76.3600,0.643
2022-03-10,23.8400,1825.9000,76.3700,-0.287
2022-03-11,24.0100,1822.0000,76.4800,0.784
2022-03-14,24.6900,1890.7000,76.4500,-0.167
2022-03-15,24.1900,1839.3000,76.4100,0.492
2022-03-16,25.1100,1889.4000,76.1700,1.229
2022-03-17,24.4900,1854.6000,75.9400,0.279
2022-03-21,24.2100,1853.0500,76.1900,-0.458
2022-03-22,24.7900,1887.4000,76.0600,-0.099
2022-03-23,24.3100,1872.4000,76.4600,-0.729
2022-03-24,24.6700,1886.7000,76.1800,-0.389
2022-03-25,24.7300,1876.5500,76.2500,0.486
2022-03-28,24.7200,1873.9000,76.0600,0.336
2022-03-29,25.1100,1886.0000,75.5800,0.626
2022-03-30,24.9700,1903.9500,75.7600,-0.642
2022-03-31,24.8900,1906.8500,75.8700,-0.967
2022-04-01,24.6100,1903.5500,75.9600,-1.795
2022-04-04,24.7400,1882.9500,75.4200,-0.906
2022-04-05,24.3800,1861.1000,75.3100,-1.346
2022-04-06,23.9700,1828.8500,75.9200,-0.495
2022-04-07,23.8200,1811.0000,75.9000,-0.169
2022-04-08,23.7000,1814.6000,75.9300,-0.830
2022-04-11,23.0500,1766.5500,75.8500,-1.031
2022-04-12,22.5700,1742.4500,76.0200,-1.531
2022-04-13,21.1900,1748.5500,76.1400,-7.729
2022-04-18,20.5600,1621.4000,76.2200,-3.350
2022-04-19,20.4200,1562.0000,76.3900,-0.135
2022-04-20,20.5700,1587.7000,76.2400,-1.225
2022-04-21,20.6800,1618.8000,76.2300,-2.617
2022-04-22,20.2600,1585.4500,76.4900,-2.256
2022-04-25,20.4100,1561.1000,76.7200,0.305
2022-04-26,20.1200,1581.0000,76.6100,-2.505
2022-04-27,20.1200,1552.8000,76.6100,-0.735
2022-04-28,20.5000,1582.6000,76.6600,-0.699
2022-04-29,19.8700,1567.5500,76.4800,-3.055
2022-05-02,20.1500,1541.0000,76.4900,0.018
2022-05-04,20.6100,1535.5500,76.2400,2.329
2022-05-05,20.3100,1585.1500,76.5400,-1.932
2022-05-06,19.8500,1542.8500,76.9000,-1.062
2022-05-09,19.8200,1570.3500,77.4500,-2.247
2022-05-10,19.7600,1553.0000,77.3100,-1.633
2022-05-11,19.4100,1526.7500,77.2800,-1.752
2022-05-12,19.5300,1508.8000,77.3900,0.174
2022-05-13,19.4500,1504.4000,77.4200,0.094
2022-05-16,18.9400,1489.1000,77.8200,-1.020
2022-05-17,19.6100,1518.4500,77.4600,0.036
2022-05-18,18.7800,1509.2000,77.7100,-3.300
2022-05-19,18.6300,1427.1500,77.4500,1.103
2022-05-20,18.7000,1455.1500,77.7900,-0.033
2022-05-23,18.8900,1468.4000,77.5100,-0.288
2022-05-24,18.4000,1441.0000,77.5000,-1.041
2022-05-25,18.1400,1410.4500,77.5800,-0.223
2022-05-26,18.4500,1423.9500,77.6600,0.623
2022-05-27,19.0000,1461.3500,77.5800,0.867
2022-05-31,18.8600,1503.6000,77.5900,-2.677
2022-06-01,19.0300,1478.5500,77.5900,-0.136
2022-06-02,19.5100,1508.0000,77.4100,0.150
2022-06-03,19.3800,1521.7000,77.5900,-1.183
2022-06-06,19.4300,1530.0500,77.8300,-1.164
2022-06-07,19.3800,1506.7000,77.6600,-0.109
2022-06-08,19.1600,1500.0000,77.6500,-0.815
2022-06-09,18.8800,1515.0000,77.8400,-2.995
2022-06-10,18.3300,1476.8000,78.0800,-3.087
2022-06-13,17.8500,1424.5000,78.0800,-2.160
2022-06-14,18.2400,1440.5500,78.0100,-1.225
2022-06-15,18.2900,1422.2000,78.1200,0.465
2022-06-16,17.6700,1397.2000,78.0000,-1.356
2022-06-17,17.7600,1387.3000,78.0000,-0.146
2022-06-21,18.7700,1449.9000,78.0800,1.080
2022-06-22,18.3200,1437.2500,78.2100,-0.309
2022-06-23,18.4400,1452.4500,78.1400,-0.795
2022-06-24,18.6700,1441.1000,78.2500,1.376
2022-06-27,18.7600,1474.6000,78.4500,-0.195
2022-06-28,18.4600,1480.1500,78.9700,-1.511
2022-06-29,18.6100,1463.2500,78.9100,0.360
2022-06-30,18.5100,1461.9000,79.0200,0.052
2022-07-01,18.8500,1479.4000,78.8900,0.519
2022-07-05,18.6700,1475.9500,79.2700,0.272
2022-07-06,18.9300,1491.6500,79.0200,0.281
2022-07-07,19.1600,1498.7000,79.1200,1.150
2022-07-08,19.0600,1514.4500,79.2500,-0.260
2022-07-11,18.4600,1473.1500,79.4600,-0.429
2022-07-12,18.2100,1438.6000,79.4500,0.569
2022-07-13,18.1100,1444.4500,79.6800,-0.100
2022-07-14,17.9000,1428.8500,79.9400,0.145
2022-07-15,18.1700,1430.3500,79.7400,1.295
2022-07-18,18.4400,1489.9000,79.9900,-0.999
2022-07-19,18.7100,1484.1500,79.8800,0.701
2022-07-20,18.7200,1515.3000,79.9600,-1.218
2022-07-21,19.2100,1532.9000,79.8500,0.066
2022-07-22,18.8800,1506.3000,79.8300,0.059
2022-07-25,18.5600,1503.6000,79.7900,-1.510
2022-07-26,17.9100,1451.1500,79.8200,-1.487
2022-07-27,18.7100,1471.0500,79.9200,1.649
2022-07-28,19.1500,1517.4000,79.6400,0.508
2022-07-29,19.4900,1549.7000,79.3300,-0.230
2022-08-01,19.6200,1551.0500,78.9300,-0.158
2022-08-02,19.4900,1543.6000,78.4900,-0.896
2022-08-03,20.1000,1566.1000,79.1300,1.559
2022-08-04,20.1500,1599.9000,79.2300,-0.213
2022-08-05,20.3100,1616.6500,79.3600,-0.300
2022-08-08,20.2700,1619.4000,79.5800,-0.390
2022-08-10,20.3800,1602.4500,79.0700,0.561
2022-08-11,20.1500,1619.9500,79.5400,-1.063
2022-08-12,20.1100,1594.1000,79.6500,0.481
2022-08-16,20.1500,1596.4500,79.3100,0.103
2022-08-17,20.0900,1606.2500,79.4100,-0.679
2022-08-18,19.9700,1582.9500,79.6600,0.497
2022-08-19,19.7800,1597.1000,79.8900,-1.057
2022-08-22,19.5200,1575.6500,79.8600,-1.065
2022-08-23,19.2500,1542.4000,79.8100,-0.393
2022-08-24,19.2500,1537.5000,79.8200,-0.063
2022-08-25,19.1800,1518.1500,79.9000,0.944
2022-08-26,18.6400,1521.5500,79.8700,-2.154
2022-08-29,18.3900,1461.7500,79.9600,0.596
2022-08-30,18.4300,1492.9500,79.6000,-1.736
2022-09-01,18.4200,1464.2000,79.6500,0.202
2022-09-02,18.0900,1453.0000,79.7000,-0.773
2022-09-06,17.9800,1455.1000,79.8600,-1.321
2022-09-07,18.4300,1457.6500,79.8200,0.922
2022-09-08,18.5300,1475.9000,79.7100,0.076
2022-09-09,19.0600,1511.6500,79.6100,0.378
2022-09-12,19.2400,1536.2000,79.3500,-0.619
2022-09-13,18.5600,1544.9500,79.4900,-4.506
2022-09-14,18.0800,1475.4000,79.4100,-2.689
2022-09-15,17.7900,1432.8000,79.8200,-0.894
2022-09-16,17.3800,1377.0500,79.6600,0.540
2022-09-19,17.4100,1390.3000,79.7100,-0.183
2022-09-20,17.0200,1388.5500,79.7200,-2.284
2022-09-21,17.0200,1377.2500,79.9600,-1.186
2022-09-22,16.6800,1367.9500,81.0000,-1.233
2022-09-23,16.6100,1365.4500,81.1100,-1.334
2022-09-26,16.6900,1380.2500,81.6000,-1.329
2022-09-27,16.7900,1393.5500,81.6300,-1.649
2022-09-28,17.1100,1394.7000,81.6100,0.118
2022-09-29,16.9000,1398.6500,81.5400,-1.475
2022-09-30,16.9700,1413.4500,81.3700,-2.306
2022-10-03,17.0500,1393.7500,81.5600,-0.226
2022-10-04,17.7000,1429.4000,81.4500,0.858
2022-10-06,17.4800,1455.1500,82.0600,-1.425
2022-10-07,17.0600,1451.2000,82.3200,-3.226
2022-10-10,17.5600,1462.6500,82.3200,-1.170
2022-10-11,17.1300,1423.8000,82.2200,-1.080
2022-10-12,17.1000,1428.7000,82.2500,-1.556
2022-10-13,18.0500,1419.9000,82.2800,4.596
2022-10-14,17.8100,1474.2500,82.2800,-0.600
2022-10-17,18.1600,1489.9500,82.1600,0.139
2022-10-18,18.0700,1503.7000,82.2900,-1.112
2022-10-19,17.8300,1485.4500,82.9500,-0.434
2022-10-20,17.8900,1500.9000,82.6600,-1.473
2022-10-21,18.3000,1500.5000,82.5800,0.714
2022-10-24,18.4400,1517.8500,82.6800,0.446
2022-10-25,18.6200,1526.3000,82.4400,0.572
2022-10-27,18.5100,1523.9500,82.3600,0.035
2022-10-28,18.7900,1513.2500,82.3300,2.229
2022-10-31,18.7300,1537.6500,82.7300,0.773
2022-11-01,18.9100,1573.0000,82.6200,-0.677
2022-11-02,18.4100,1553.3000,82.7200,-1.959
2022-11-03,18.1900,1530.7500,82.7600,-1.656
2022-11-04,18.3300,1514.0000,82.0300,-0.686
2022-11-07,18.5800,1507.4500,81.9500,1.007
2022-11-09,18.4800,1511.2000,81.2500,-0.642
2022-11-10,19.2000,1501.9500,80.7200,3.187
2022-11-11,19.7500,1570.1000,80.7200,1.536
2022-11-14,19.5500,1585.3000,80.9800,-0.135
2022-11-15,19.7600,1594.0000,80.9400,0.337
2022-11-16,19.6900,1602.8000,81.4600,0.072
2022-11-17,19.4800,1587.4000,81.6900,0.247
2022-11-18,19.4700,1593.4000,81.7600,-0.096
2022-11-21,19.3000,1568.2000,81.6800,0.524
2022-11-22,19.3700,1585.0500,81.6900,-0.171
2022-11-23,19.5300,1583.1500,81.7100,0.799
2022-11-25,19.9200,1635.6500,81.7300,-0.464
2022-11-28,19.6300,1623.4000,81.6100,-1.318
2022-11-29,19.7100,1629.0500,81.6100,-1.259
2022-11-30,20.3500,1634.9500,81.4300,1.355
2022-12-01,20.5100,1657.1000,81.1700,0.464
2022-12-02,20.1900,1637.9000,81.4100,0.352
2022-12-05,19.7500,1639.7500,81.7700,-1.512
2022-12-06,19.4100,1612.9000,82.4200,-0.814
2022-12-07,19.3900,1605.5000,82.3100,-0.592
2022-12-08,19.5800,1620.1500,82.2900,-0.550
2022-12-09,18.4900,1569.3000,82.4600,-2.843
2022-12-12,18.4100,1547.2000,82.6700,-1.632
2022-12-13,18.7300,1572.1500,82.4900,-1.725
2022-12-14,18.7200,1579.4000,82.5000,-2.216
2022-12-15,18.1700,1540.5000,82.7500,-2.397
2022-12-16,17.7300,1522.2000,82.7100,-3.663
2022-12-19,17.8800,1507.3500,82.6500,-1.962
2022-12-20,18.0600,1507.3000,82.5800,-1.055
2022-12-21,18.2200,1509.5500,82.8100,-0.050
2022-12-22,17.9300,1522.0500,82.9300,-2.307
2022-12-23,17.9200,1497.1000,82.8600,-0.818
2022-12-27,18.0300,1514.8500,82.8800,-1.355
2022-12-28,17.9600,1510.1500,82.7400,-1.598
2022-12-29,18.2400,1517.5500,82.8300,-0.444
2022-12-30,18.0100,1508.2000,82.7200,-1.221
2023-01-03,18.2300,1522.5500,82.8600,-0.789
2023-01-04,18.1000,1494.8000,82.7200,0.163
2023-01-05,17.6800,1475.2000,82.5700,-1.041
2023-01-06,17.8100,1448.5000,82.7200,1.708
2023-01-09,18.0000,1484.4500,82.3600,-0.133
2023-01-10,17.8300,1469.7500,81.6000,-1.008
2023-01-11,18.1200,1471.2500,81.6000,0.499
2023-01-12,18.4000,1480.6000,81.1900,0.898
2023-01-13,18.5200,1503.6500,81.3100,0.147
2023-01-17,18.6700,1539.5000,81.5700,-1.077
2023-01-18,18.7500,1545.4000,81.3300,-1.324
2023-01-19,18.8100,1538.9000,81.2800,-0.651
2023-01-20,18.7800,1525.5500,80.9900,-0.299
2023-01-23,19.0500,1548.0000,81.4100,0.185
2023-01-24,18.9000,1551.9000,81.5300,-0.708
2023-01-25,18.6200,1543.0000,81.4900,-1.663
2023-01-27,18.6600,1519.1500,81.5400,0.157
2023-01-30,18.6900,1538.8000,81.4700,-1.048
2023-01-31,18.8000,1533.7500,81.6900,0.132
2023-02-01,19.0200,1551.1000,81.7300,0.219
2023-02-02,19.5100,1583.7500,82.0300,1.052
2023-02-03,19.2800,1599.4000,82.2100,-0.900
2023-02-06,18.8200,1569.8500,82.7700,-0.772
2023-02-07,19.0300,1562.4000,82.8100,0.862
2023-02-08,19.1600,1590.5000,82.6500,-0.435
2023-02-09,19.3400,1617.0000,82.4400,-1.398
2023-02-10,19.1600,1608.5500,82.4700,-1.767
2023-02-13,19.0200,1567.4500,82.7200,0.375
2023-02-14,19.1200,1593.2500,82.8600,-0.563
2023-02-15,19.2300,1597.0500,82.7800,-0.325
2023-02-16,19.1200,1601.8000,82.7400,-1.237
2023-02-17,19.0800,1583.8000,82.7300,-0.335
2023-02-21,18.7900,1579.5000,82.8500,-1.440
2023-02-22,18.6200,1561.8000,82.7800,-1.309
2023-02-23,18.7000,1550.7000,82.5900,-0.404
2023-02-24,18.3300,1550.6500,82.9700,-1.922
2023-02-27,18.1600,1509.3000,82.6900,-0.507
2023-02-28,17.9400,1487.5500,82.5700,-0.420
2023-03-01,18.0200,1496.0500,82.4300,-0.713
2023-03-02,18.0900,1472.1500,82.4100,1.267
2023-03-03,18.1800,1479.3000,81.9800,0.750
2023-03-06,18.2600,1507.4500,81.7700,-0.951
2023-03-08,18.1600,1492.7000,81.8600,-0.410
2023-03-09,17.7200,1480.4000,82.0200,-1.824
2023-03-10,17.6800,1471.5500,81.9300,-1.565
2023-03-13,17.2700,1435.1000,82.1900,-1.093
2023-03-14,17.3300,1420.0000,82.2500,0.380
2023-03-15,16.9300,1419.6500,82.8400,-1.209
2023-03-16,17.1900,1404.1000,82.6300,1.162
2023-03-17,16.8900,1420.7000,82.5600,-1.848
2023-03-20,16.9300,1403.6500,82.5500,-0.433
2023-03-21,16.8900,1390.7000,82.5900,0.305
2023-03-22,16.6000,1389.2500,82.6600,-1.230
2023-03-23,16.9400,1374.5500,82.0700,1.143
2023-03-24,16.8000,1380.6500,82.3400,0.193
2023-03-27,17.0200,1388.9500,82.2400,0.776
2023-03-28,16.7700,1377.6000,82.1700,0.028
2023-03-29,16.9600,1383.5500,82.1800,0.739
2023-03-31,17.4400,1427.9500,82.1900,0.381
2023-04-03,17.4200,1410.8500,82.2400,1.543
2023-04-05,17.3300,1423.5500,81.8900,-0.309
2023-04-06,17.2500,1421.9000,81.8600,-0.690
2023-04-10,17.3900,1427.6000,82.0100,-0.101
2023-04-11,17.4500,1406.1500,82.0400,1.810
2023-04-12,17.0700,1428.3000,81.9800,-2.023
2023-04-13,15.4000,1389.2000,81.6500,-9.487
2023-04-17,15.1900,1258.3000,81.9800,-1.035
2023-04-18,14.9600,1259.3500,82.0800,-2.496
2023-04-19,14.8200,1232.2000,82.1800,-1.160
2023-04-20,14.8500,1223.4000,82.1000,-0.345
2023-04-21,14.8700,1227.3500,82.0600,-0.580
2023-04-24,14.8200,1226.3000,81.9000,-1.023
2023-04-25,14.7900,1224.9000,81.9200,-1.086
2023-04-26,14.8500,1227.5500,81.7400,-1.117
2023-04-27,15.3100,1246.2500,81.8400,0.539
2023-04-28,15.5400,1252.7500,81.8400,1.520
2023-05-02,15.5400,1277.4500,81.8900,-0.382
2023-05-03,15.3800,1269.1500,81.8300,-0.836
2023-05-04,15.3000,1273.5500,81.7300,-1.812
2023-05-05,15.2500,1259.1000,81.8100,-0.913
2023-05-08,15.2600,1265.6000,81.7800,-1.394
2023-05-09,15.2700,1270.7000,82.0400,-1.413
2023-05-10,15.3000,1263.2500,81.9400,-0.757
2023-05-11,15.0300,1256.1000,82.1300,-1.726
2023-05-12,15.0800,1245.2000,82.1700,-0.488
2023-05-15,15.3400,1258.3500,82.3000,0.328
2023-05-16,15.1100,1264.3000,82.2600,-1.689
2023-05-17,15.1900,1246.9000,82.3900,0.369
2023-05-18,15.1500,1246.0000,82.7700,0.639
2023-05-19,15.2500,1268.9000,82.6500,-0.669
2023-05-22,15.6500,1292.8000,82.8300,0.270
2023-05-23,15.5300,1300.0500,82.8400,-1.042
2023-05-24,15.5600,1298.6500,82.6600,-0.959
2023-05-25,15.6600,1304.3500,82.7600,-0.639
2023-05-26,15.8700,1317.4500,82.5800,-0.524
2023-05-30,15.9000,1323.8500,82.6700,-0.710
2023-05-31,15.9600,1318.3000,82.6800,0.097
2023-06-01,15.8300,1319.5000,82.4100,-1.133
2023-06-02,15.8000,1299.0000,82.3500,0.164
2023-06-05,15.4000,1304.5000,82.6700,-2.406
2023-06-06,15.6400,1279.0000,82.6100,1.018
2023-06-07,15.6400,1288.9500,82.5000,0.105
2023-06-08,15.4400,1282.8000,82.5700,-0.617
2023-06-09,15.4500,1265.9500,82.4600,0.636
2023-06-12,15.8100,1291.9500,82.4300,0.872
2023-06-13,15.8500,1304.8500,82.3800,0.067
2023-06-14,15.5600,1300.4000,82.1000,-1.763
2023-06-15,15.6200,1286.8000,82.1800,-0.245
2023-06-16,15.8300,1291.6500,81.8900,0.361
2023-06-20,15.6400,1303.4000,82.1100,-1.473
2023-06-21,15.3900,1299.3500,82.0400,-2.829
2023-06-22,15.4700,1281.5500,81.9300,-1.100
2023-06-23,15.2000,1265.0000,82.0100,-1.458
2023-06-26,15.5000,1270.3500,82.0000,0.051
2023-06-27,15.6200,1279.1500,81.9800,0.108
2023-06-28,15.7500,1293.3500,82.0000,-0.143
2023-06-30,16.0700,1335.5000,82.0600,-1.258
2023-07-03,16.1400,1333.7000,81.9600,-0.815
2023-07-05,16.2600,1347.3000,82.3400,-0.627
2023-07-06,16.0700,1343.9000,82.4900,-1.361
2023-07-07,16.0500,1330.2000,82.7400,-0.167
2023-07-10,16.0100,1329.1500,82.5700,-0.542
2023-07-11,16.2400,1348.6000,82.3900,-0.785
2023-07-12,16.0700,1333.3000,82.0300,-1.131
2023-07-13,16.7900,1365.1000,82.0400,0.905
2023-07-14,17.0400,1425.9500,82.1600,-1.819
2023-07-17,17.2900,1422.9500,82.0300,-0.327
2023-07-18,17.8800,1475.2000,82.0300,-0.576
2023-07-19,17.7100,1474.9500,82.0900,-1.433
2023-07-20,16.2200,1449.5000,81.9900,-8.253
2023-07-21,16.3000,1331.6000,81.9900,0.363
2023-07-24,16.2200,1336.6000,81.8100,-0.721
2023-07-25,16.3800,1334.6000,81.8700,0.482
2023-07-26,16.6200,1348.8500,81.9900,1.025
2023-07-27,16.6300,1353.1500,82.1500,0.961
2023-07-28,16.4600,1340.5000,82.2200,0.958
2023-07-31,16.6600,1355.7000,82.2400,1.064
2023-08-01,16.8000,1365.2000,82.2500,1.216
2023-08-02,16.5200,1356.8500,82.5800,0.543
2023-08-03,16.5100,1364.3000,82.7400,0.127
2023-08-04,16.7100,1378.3500,82.8300,0.416
2023-08-07,16.7800,1393.0000,82.7500,-0.320
2023-08-08,16.7700,1390.2000,82.8500,-0.058
2023-08-09,16.7100,1394.4000,82.8400,-0.727
2023-08-10,16.8700,1389.1000,82.6900,0.423
2023-08-11,16.6800,1371.8500,82.8700,0.760
2023-08-14,16.8600,1393.5500,83.1700,0.624
2023-08-16,17.1300,1418.5000,83.1900,0.461
2023-08-17,16.9700,1411.5500,83.0900,-0.107
2023-08-18,16.7200,1388.8000,83.1400,0.094
2023-08-21,16.8800,1405.4000,83.1000,-0.190
2023-08-22,16.9900,1403.7500,82.9400,0.385
2023-08-23,17.2700,1407.9500,82.6900,1.428
2023-08-24,17.1300,1423.6000,82.5700,-0.645
2023-08-25,17.2500,1420.1000,82.6400,0.383
2023-08-28,17.3300,1415.6500,82.6000,1.117
2023-08-29,17.4200,1417.6500,82.7000,1.621
2023-08-30,17.5500,1435.1500,82.7300,1.168
2023-08-31,17.3700,1435.4500,82.7800,0.170
2023-09-01,17.5200,1443.8500,82.6900,0.338
2023-09-05,17.7700,1478.9000,83.0300,-0.234
2023-09-06,17.5800,1477.4500,83.1400,-1.073
2023-09-07,17.5200,1466.2000,83.2100,-0.570
2023-09-08,17.7500,1469.6000,82.9300,0.164
2023-09-11,17.9500,1476.4500,83.0300,0.944
2023-09-12,18.0600,1501.1000,82.8600,-0.310
2023-09-13,18.0000,1498.3500,82.9300,-0.374
2023-09-14,18.1100,1506.9500,83.0200,-0.229
2023-09-15,17.7500,1511.6000,83.1500,-2.361
2023-09-18,17.7600,1491.8000,83.2700,-0.866
2023-09-20,17.8900,1490.2500,83.0700,-0.277
2023-09-21,17.7400,1501.7500,83.1100,-1.823
2023-09-22,17.7800,1496.1500,82.9500,-1.424
2023-09-25,17.6100,1474.1500,83.1100,-0.718
2023-09-26,17.2700,1460.6500,83.2400,-1.581
2023-09-27,17.4400,1467.0000,83.1800,-1.114
2023-09-28,16.9600,1439.4500,83.1300,-2.054
2023-09-29,17.1100,1435.4500,83.0800,-0.972
2023-10-03,17.0000,1434.0000,83.2200,-1.343
2023-10-04,17.4400,1444.3500,83.2500,0.521
2023-10-05,17.6100,1463.4500,83.2400,0.164
2023-10-06,17.7900,1478.7000,83.2500,0.157
2023-10-09,17.7500,1475.4500,83.2500,0.152
2023-10-10,17.8500,1495.1500,83.2500,-0.611
2023-10-11,17.6100,1494.4000,83.1800,-1.981
2023-10-12,16.4600,1465.5000,83.2800,-6.463
2023-10-13,16.9000,1431.1500,83.2600,-1.681
2023-10-16,17.2100,1434.1500,83.2800,-0.063
2023-10-17,17.3500,1442.4500,83.2200,0.098
2023-10-18,17.1400,1440.5500,83.2500,-0.947
2023-10-19,17.0900,1433.6500,83.1000,-0.940
2023-10-20,16.9700,1427.2500,83.1400,-1.147
2023-10-23,16.7800,1408.6500,83.1900,-0.903
2023-10-25,16.3800,1370.0500,83.1800,-0.552
2023-10-26,16.3200,1359.4500,83.2400,-0.072
2023-10-27,16.4400,1380.3500,83.2700,-0.825
2023-10-30,16.5000,1377.0500,83.2500,-0.249
2023-10-31,16.4200,1368.4000,83.2600,-0.093
2023-11-01,16.4000,1354.1500,83.2400,0.811
2023-11-02,16.6900,1370.1500,83.2200,1.372
2023-11-03,16.6800,1389.0500,83.1400,-0.164
2023-11-06,16.8600,1403.3000,83.1900,-0.051
2023-11-07,16.7900,1404.3000,83.2200,-0.501
2023-11-08,16.6700,1391.0000,83.2800,-0.196
2023-11-09,16.3600,1374.8000,83.2500,-0.933
2023-11-10,16.6300,1368.8500,83.2500,1.139
2023-11-13,16.5500,1373.5500,83.3200,0.393
2023-11-15,17.3600,1410.5000,83.1100,2.289
2023-11-16,17.2700,1444.9000,83.2200,-0.532
2023-11-17,17.5100,1437.5500,83.2500,1.402
2023-11-20,17.5400,1436.6000,83.3300,1.741
2023-11-21,17.4400,1439.0000,83.2600,0.907
2023-11-22,17.5800,1457.8000,83.2900,0.442
2023-11-24,17.4700,1437.4000,83.3400,1.291
2023-11-28,17.6300,1442.7000,83.3300,1.830
2023-11-29,17.6200,1459.6000,83.3100,0.570
2023-11-30,17.5500,1455.1500,83.3600,0.537
2023-12-01,17.7300,1452.3000,83.2700,1.658
2023-12-04,17.6900,1464.3500,83.4000,0.751
2023-12-05,17.4600,1453.9500,83.3300,0.068
2023-12-06,17.6900,1474.3000,83.3200,-0.025
2023-12-07,17.6400,1465.9000,83.3200,0.264
2023-12-08,17.8900,1491.1500,83.3800,0.035
2023-12-11,17.4100,1488.5000,83.3800,-2.476
2023-12-12,17.5500,1476.0500,83.3700,-0.874
2023-12-13,17.4700,1449.0000,83.4000,0.552
2023-12-14,18.3700,1501.4500,83.2800,1.892
2023-12-15,18.6700,1578.4000,83.0200,-1.800
2023-12-18,18.8000,1564.3500,83.0400,-0.204
2023-12-19,18.7900,1558.3000,83.1800,0.299
2023-12-20,18.4200,1536.4000,83.1400,-0.323
2023-12-21,18.4100,1536.0000,83.2700,-0.195
2023-12-22,18.7600,1562.9000,83.1200,-0.228
2023-12-26,18.4500,1543.9500,83.1700,-0.613
2023-12-27,18.6000,1567.1000,83.3500,-1.071
2023-12-28,18.5600,1562.6500,83.1500,-1.241
2023-12-29,18.3800,1542.9000,83.1900,-0.899
2024-01-02,18.0800,1534.4000,83.3100,-1.835
2024-01-03,18.0400,1490.0000,83.3000,0.855
2024-01-04,18.0700,1512.7000,83.2100,-0.601
2024-01-05,18.1000,1532.5500,83.1600,-1.785
2024-01-08,18.4000,1522.8000,83.1300,0.446
2024-01-09,18.2500,1529.3000,83.0900,-0.844
2024-01-10,18.1000,1519.9000,83.0100,-1.146
2024-01-11,18.8200,1494.2000,83.0300,4.579
2024-01-12,19.6000,1612.7500,82.9200,0.774
2024-01-16,19.4700,1631.5500,83.0500,-0.893
2024-01-17,19.5400,1640.2000,83.1400,-0.954
2024-01-18,19.8300,1642.6000,83.1500,0.381
2024-01-19,19.9900,1659.2000,83.0900,0.107
2024-01-23,19.7900,1642.1500,83.1500,0.206
2024-01-24,19.9900,1675.4000,83.0900,-0.861
2024-01-25,20.0900,1669.1000,83.0800,-0.001
2024-01-29,20.1700,1656.6000,83.1200,1.203
2024-01-30,19.9500,1651.4500,83.1100,0.399
2024-01-31,19.8600,1660.9000,83.0200,-0.730
2024-02-01,20.1900,1657.0500,82.9500,1.069
2024-02-02,20.3500,1693.3500,82.9200,-0.350
2024-02-05,20.3000,1687.2000,83.0400,-0.088
2024-02-06,20.6100,1729.4500,83.0300,-1.052
2024-02-07,20.4300,1693.7500,82.9700,0.078
2024-02-08,20.1900,1692.1000,82.9700,-1.001
2024-02-09,20.1000,1669.3500,83.0000,-0.063
2024-02-12,20.1400,1680.1000,82.9500,-0.565
2024-02-13,19.8600,1684.5500,83.0600,-2.076
2024-02-14,20.1800,1666.2000,83.0200,0.549
2024-02-15,20.3100,1676.3500,83.0000,0.560
2024-02-16,20.4700,1701.6500,83.0200,-0.131
2024-02-20,20.0200,1685.2500,82.8800,-1.542
2024-02-21,19.7800,1655.5500,82.9600,-0.882
2024-02-22,20.3100,1681.3500,82.8600,0.091
2024-02-23,20.1100,1676.8500,82.8600,-0.628
2024-02-26,19.9900,1660.1500,82.8500,-0.240
2024-02-27,20.0000,1663.6000,82.8800,-0.361
2024-02-28,19.9500,1671.2500,82.8800,-1.065
2024-02-29,19.9600,1673.9000,82.8700,-1.184
2024-03-01,19.8300,1654.7000,82.9100,-0.640
2024-03-04,19.8000,1637.2000,82.8800,0.234
2024-03-05,19.2900,1606.5000,82.8600,-0.506
2024-03-06,19.3300,1617.5500,82.7800,-1.076
2024-03-07,19.3900,1616.4500,82.7800,-0.702
2024-03-11,19.2200,1600.6000,82.7200,-0.670
2024-03-12,19.4200,1612.9500,82.7700,-0.344
2024-03-13,19.3900,1611.4000,82.8100,-0.355
2024-03-14,19.6600,1653.3000,82.8200,-1.516
2024-03-15,19.2300,1634.0000,82.8600,-2.485
2024-03-18,19.1700,1602.6500,82.8900,-0.852
2024-03-19,18.8500,1561.4500,83.0100,0.211
2024-03-20,18.9300,1554.9500,83.1800,1.264
2024-03-21,18.2100,1554.7000,83.1500,-2.607
2024-03-22,17.7200,1508.8500,83.5300,-1.902
2024-03-26,17.7500,1492.6500,83.3200,-0.919
2024-03-27,17.7900,1483.8500,83.3400,-0.083
2024-03-28,17.9300,1498.0500,83.3500,-0.239
2024-04-01,17.5800,1495.4500,83.3600,-2.005
2024-04-02,17.5800,1482.8500,83.3200,-1.220
2024-04-03,17.7200,1480.6500,83.4300,-0.153
2024-04-04,17.7500,1486.7000,83.4400,-0.379
2024-04-05,17.8300,1479.1000,83.2900,0.403
2024-04-08,17.8600,1476.7000,83.2500,0.687
2024-04-09,18.1900,1494.8500,83.1800,1.217
2024-04-10,18.0000,1506.8000,83.3700,-0.407
2024-04-12,17.7200,1484.7500,83.5900,-0.238
2024-04-15,17.2700,1468.1500,83.4800,-1.802
2024-04-16,17.0500,1414.4500,83.5400,0.700
2024-04-18,16.5100,1419.2500,83.5300,-2.830
2024-04-19,16.8100,1411.2500,83.4600,-0.587
2024-04-22,17.3000,1432.7500,83.4700,0.787
2024-04-23,17.1600,1442.4000,83.3600,-0.828
2024-04-24,17.0400,1430.7500,83.3400,-0.743
2024-04-25,17.0100,1438.4500,83.3100,-1.484
2024-04-26,16.9400,1430.2500,83.3800,-1.244
2024-04-29,16.9700,1434.7500,83.4600,-1.285
2024-04-30,16.7100,1420.5500,83.4400,-1.849
2024-05-02,16.8700,1414.4500,83.4400,-0.482
2024-05-03,16.9300,1416.3000,83.4300,-0.270
2024-05-06,16.9700,1425.9000,83.4800,-0.648
2024-05-07,17.1300,1440.9500,83.5100,-0.723
2024-05-08,17.0900,1427.3000,83.4500,-0.080
2024-05-09,16.9700,1439.5500,83.5100,-1.555
2024-05-10,16.8700,1424.9000,83.5400,-1.093
2024-05-13,16.9200,1423.4500,83.4800,-0.771
2024-05-14,16.9500,1424.7000,83.5000,-0.658
2024-05-15,17.0500,1419.9500,83.4600,0.214
2024-05-16,17.2400,1453.3500,83.4600,-0.998
2024-05-17,17.1300,1444.3000,83.3400,-1.155
2024-05-21,17.0100,1434.1500,83.3100,-1.189
2024-05-22,17.2700,1454.8000,83.2600,-1.162
2024-05-23,17.4000,1472.4000,83.2700,-1.596
2024-05-24,17.3600,1465.1000,83.0900,-1.546
2024-05-28,17.3200,1467.0500,83.1600,-1.821
2024-05-29,17.0300,1450.9500,83.3300,-2.194
2024-05-30,16.8700,1427.4500,83.2800,-1.577
2024-05-31,16.7500,1406.9000,83.4300,-0.672
2024-06-03,16.8500,1405.9000,83.1400,-0.355
2024-06-04,16.8000,1393.6500,83.5200,0.681
2024-06-05,17.1500,1430.1000,83.3700,-0.021
2024-06-06,17.5400,1472.2500,83.4700,-0.556
2024-06-07,18.0100,1533.6000,83.3800,-2.082
2024-06-10,17.8400,1499.7500,83.5000,-0.674
2024-06-11,17.7900,1495.7500,83.5000,-0.688
2024-06-12,17.8600,1485.2000,83.5700,0.496
2024-06-13,17.8100,1493.9500,83.5200,-0.432
2024-06-14,17.7900,1488.9000,83.5400,-0.183
2024-06-18,17.9100,1498.2000,83.4200,-0.277
2024-06-20,18.2700,1515.4000,83.6200,0.814
2024-06-21,18.0600,1532.7000,83.5300,-1.576
2024-06-24,18.1400,1527.1500,83.4200,-0.911
2024-06-25,18.3400,1541.9500,83.4000,-0.804
2024-06-26,18.2200,1540.7000,83.5500,-1.195
2024-06-27,18.6300,1573.3500,83.4400,-1.199
2024-06-28,18.6200,1566.7500,83.3300,-0.967
2024-07-01,18.7600,1590.8000,83.4400,-1.601
2024-07-02,19.2300,1621.0500,83.5000,-0.947
2024-07-03,19.3700,1627.4000,83.4800,-0.639
2024-07-05,19.4300,1647.4500,83.4700,-1.556
2024-07-08,19.5000,1661.6500,83.4500,-2.069
2024-07-09,19.3000,1657.1500,83.4700,-2.787
2024-07-10,19.3700,1648.2500,83.5000,-1.872
2024-07-11,19.8900,1652.7000,83.5700,0.575
2024-07-12,20.4000,1711.7500,83.4800,-0.512
2024-07-15,20.3100,1707.0500,83.5500,-0.595
2024-07-16,20.6600,1726.0500,83.6000,0.065
2024-07-18,22.2500,1758.0500,83.5800,5.779
2024-07-19,21.6800,1792.9500,83.7000,1.208
2024-07-22,21.7900,1810.8500,83.6500,0.656
2024-07-23,22.0800,1836.9000,83.6800,0.585
2024-07-24,21.8600,1833.9500,83.7200,-0.209
2024-07-25,22.0100,1824.8500,83.7000,0.953
2024-07-26,22.7900,1878.9000,83.7000,1.523
2024-07-29,22.6000,1871.1000,83.7500,1.157
2024-07-30,22.6100,1877.1500,83.7000,0.815
2024-07-31,22.1300,1868.2500,83.7300,-0.819
2024-08-01,22.3000,1852.6000,83.7000,0.751
2024-08-02,21.7700,1821.2000,83.7900,0.160
2024-08-05,20.8000,1751.9000,83.8300,-0.470
2024-08-06,20.9900,1751.1000,83.9100,0.581
2024-08-07,20.9700,1791.6500,83.9600,-1.731
2024-08-08,21.1400,1743.1500,83.9500,1.810
2024-08-09,21.3000,1770.7500,83.9200,0.946
2024-08-12,21.3100,1797.4000,83.9200,-0.504
2024-08-13,21.5900,1797.4500,83.9700,0.860
2024-08-14,21.7500,1823.2500,83.9100,0.098
2024-08-16,22.0100,1858.9500,83.9500,-0.603
2024-08-19,22.2600,1864.8000,83.8200,0.055
2024-08-20,22.3100,1872.2000,83.7900,-0.152
2024-08-21,22.5700,1872.7000,83.9300,1.153
2024-08-22,22.3400,1880.2500,83.9300,-0.279
2024-08-23,22.3400,1862.1000,83.9100,0.669
2024-08-26,22.4400,1876.1500,83.8700,0.314
2024-08-27,22.8000,1900.1000,83.9100,0.687
2024-08-28,23.0000,1939.1000,83.9000,-0.485
2024-08-29,23.2000,1933.3500,83.8400,0.607
2024-08-30,23.2800,1943.7000,83.8300,0.405
2024-09-03,22.9800,1941.2500,83.9400,-0.634
2024-09-04,23.0600,1922.4500,83.9500,0.699
2024-09-05,22.9000,1933.1500,83.9600,-0.541
2024-09-06,22.5400,1901.8500,83.9100,-0.553
2024-09-09,22.6200,1894.6500,83.9300,0.203
2024-09-10,22.9300,1912.3000,83.9500,0.663
2024-09-11,22.9200,1910.1500,83.9500,0.732
2024-09-12,23.2500,1950.4500,83.9200,0.035
2024-09-13,23.2000,1944.1000,83.8800,0.099
2024-09-16,23.1900,1950.2500,83.8900,-0.248
2024-09-17,22.9700,1952.5500,83.7500,-1.476
2024-09-18,22.4800,1892.1500,83.7500,-0.499
2024-09-19,22.6900,1894.2000,83.6800,0.238
2024-09-20,22.8500,1905.7500,83.5700,0.201
2024-09-23,22.6900,1896.4500,83.5300,-0.061
2024-09-24,22.5800,1898.6000,83.6600,-0.503
2024-09-25,22.5600,1895.3000,83.5600,-0.537
2024-09-26,22.9600,1900.2500,83.6000,1.011
2024-09-27,22.3900,1906.7500,83.6800,-1.739
2024-09-30,22.2700,1875.6000,83.7600,-0.547
2024-10-01,22.3900,1904.3500,83.8100,-1.462
2024-10-03,22.4100,1893.4000,84.0000,-0.579
2024-10-04,22.7900,1918.1500,83.9900,-0.209
2024-10-07,22.9100,1934.3000,83.9600,-0.557
2024-10-08,23.3200,1948.5500,83.9500,0.470
2024-10-09,23.2700,1952.7500,83.9300,0.015
2024-10-10,22.6500,1919.0000,83.9400,-0.925
2024-10-11,22.9300,1935.1000,84.0800,-0.369
2024-10-14,23.3600,1958.9000,84.0800,0.266
2024-10-15,23.0200,1959.3000,84.0400,-1.261
2024-10-16,22.9000,1920.1000,84.0100,0.194
2024-10-17,22.6600,1968.1000,84.0400,-3.239
2024-10-18,22.5100,1879.6000,84.0300,0.634
2024-10-21,22.2000,1852.7500,84.0700,0.734
2024-10-22,22.1600,1851.6000,84.0600,0.603
2024-10-23,22.2100,1873.4000,84.0600,-0.343
2024-10-24,22.0500,1863.3500,84.0500,-0.539
2024-10-25,21.8900,1862.0500,84.0600,-1.180
2024-10-28,22.0700,1865.3500,84.0500,-0.556
2024-10-29,21.7700,1839.3000,84.0400,-0.530
2024-10-30,21.1200,1802.1000,84.0700,-1.473
2024-10-31,20.9100,1757.2500,84.0600,0.025
2024-11-01,20.7600,1760.8500,84.0300,-0.931
2024-11-04,20.7200,1763.6500,84.1100,-1.185
2024-11-05,20.7100,1754.2000,84.1000,-0.712
2024-11-06,21.4000,1823.7000,84.3100,-1.067
2024-11-07,21.6500,1803.0500,84.3700,1.307
2024-11-08,21.7500,1829.9500,84.3400,0.243
2024-11-11,22.0400,1860.1000,84.3400,-0.067
2024-11-12,22.0200,1868.8000,84.3800,-0.575
2024-11-13,22.0400,1868.4000,84.3900,-0.452
2024-11-14,21.8200,1864.5500,84.4200,-1.207
2024-11-18,21.6000,1811.4500,84.3700,0.604
2024-11-19,21.7300,1824.7500,84.3600,0.460
2024-11-21,21.9600,1834.0500,84.4800,1.152
2024-11-22,22.7900,1902.2500,84.4400,1.164
2024-11-25,22.8400,1889.7000,84.2400,1.817
2024-11-26,23.1800,1924.1500,84.2700,1.519
2024-11-27,22.7400,1924.5000,84.4100,-0.261
2024-11-29,22.0700,1857.8500,84.4800,0.357
2024-12-02,22.2000,1879.8000,84.7400,0.076
2024-12-03,22.1200,1892.1000,84.6800,-1.003
2024-12-04,22.5200,1889.2500,84.6900,0.951
2024-12-05,22.8600,1934.8500,84.6800,0.048
2024-12-06,22.8600,1922.4000,84.6700,0.684
2024-12-09,23.1600,1923.6500,84.7200,2.000
2024-12-10,23.2400,1948.5500,84.8400,1.187
2024-12-11,23.3600,1974.1500,84.8000,0.343
2024-12-12,23.2500,1987.0000,84.8400,-0.728
2024-12-13,23.4000,1999.7000,84.7800,-0.793
2024-12-16,23.3500,1980.0500,84.8900,0.108
2024-12-17,23.1300,1976.6000,84.9100,-0.639
2024-12-18,22.6500,1979.1500,84.9500,-2.781
2024-12-19,23.4200,1946.2000,85.0900,2.395
2024-12-20,22.7300,1922.1500,85.0200,0.539
2024-12-23,22.7800,1924.3000,85.1000,0.742
2024-12-24,22.7700,1909.0500,85.1400,1.550
2024-12-26,22.6400,1907.4000,85.2500,1.188
2024-12-27,22.4800,1916.7500,85.5300,0.311
2024-12-30,22.1000,1906.0000,85.4700,-0.898
2024-12-31,21.9200,1880.0000,85.5500,-0.252
2025-01-02,22.6200,1957.8500,85.7500,-0.929
2025-01-03,22.6300,1938.7500,85.7500,0.091
2025-01-06,22.7500,1937.8500,85.7000,0.610
2025-01-07,22.6100,1930.8500,85.7400,0.400
2025-01-08,22.7800,1933.1500,85.8900,1.212
2025-01-10,22.7000,1966.9500,85.9600,-0.796
2025-01-13,22.6900,1962.2000,86.6900,0.244
2025-01-14,22.5100,1940.0500,86.6300,0.515
2025-01-15,22.8900,1949.6500,86.3700,1.403
2025-01-16,21.5700,1928.4500,86.5700,-3.170
2025-01-17,21.1900,1815.4500,86.5500,1.021
2025-01-21,21.1500,1800.7000,86.5800,1.692
2025-01-22,21.6100,1856.4500,86.3400,0.504
2025-01-23,21.7800,1865.4500,86.4200,0.899
2025-01-24,21.6800,1875.4500,86.2000,-0.354
2025-01-27,21.5400,1822.0000,86.3400,2.073
2025-01-28,21.5300,1829.7500,86.5200,1.805
2025-01-29,21.7000,1881.2500,86.6100,-0.096
2025-01-30,21.8200,1859.9500,86.5500,1.536
2025-01-31,21.9500,1879.8000,86.5400,1.051
2025-02-03,21.9900,1863.3000,87.1900,2.899
2025-02-04,22.3800,1898.8000,87.0600,2.612
2025-02-05,22.3100,1897.0500,87.0800,2.409
2025-02-06,22.2400,1915.6500,87.5700,1.666
2025-02-07,21.8300,1903.6500,87.4300,0.260
2025-02-10,21.8700,1880.3000,87.4500,1.714
2025-02-11,21.9700,1875.6500,86.7600,1.624
2025-02-12,21.7500,1863.1500,86.9000,1.445
2025-02-13,21.7400,1843.2500,86.8900,2.481
2025-02-14,21.5700,1856.4000,86.8200,0.878
2025-02-18,21.4100,1851.9500,86.9600,0.533
2025-02-19,21.2100,1810.8000,86.9600,1.857
2025-02-20,21.3500,1825.1500,86.6500,1.360
2025-02-21,21.1700,1815.0000,86.7000,1.126
2025-02-24,20.8300,1764.1000,86.7200,2.397
2025-02-25,20.7700,1767.7000,87.2000,2.458
2025-02-27,20.5000,1764.3000,87.1700,1.286
2025-02-28,20.1000,1687.7000,87.5000,4.210
2025-03-03,19.8300,1708.6000,87.3500,1.378
2025-03-04,19.7100,1688.3000,87.2600,1.871
2025-03-05,20.0600,1711.5000,86.9500,1.912
2025-03-06,19.7500,1715.8500,87.1100,0.266
2025-03-07,19.8600,1686.0000,86.8800,2.339
2025-03-10,19.4400,1701.4500,87.2700,-0.289
2025-03-11,18.9700,1661.6000,87.1600,-0.492
2025-03-12,18.5000,1590.8500,87.1600,1.358
2025-03-13,18.2900,1579.8500,87.0000,0.720
2025-03-17,18.5700,1590.0500,86.7900,1.361
2025-03-18,18.4500,1590.0500,86.5000,0.369
2025-03-19,18.5700,1586.5500,86.4300,1.163
2025-03-20,18.0600,1615.5500,86.3100,-3.515
2025-03-21,18.3200,1592.5500,86.0100,-1.058
2025-03-24,18.5900,1592.7500,85.5600,-0.137
2025-03-25,18.8300,1628.4500,85.7700,-0.823
2025-03-26,18.6600,1599.4500,85.7100,-0.006
2025-03-27,18.6700,1603.5500,85.7900,-0.115
2025-03-28,18.1700,1570.6500,85.5100,-1.078
2025-04-01,18.2000,1526.5000,85.4600,1.891
2025-04-02,18.3900,1550.1500,85.5200,1.456
2025-04-03,17.3500,1496.5000,85.4400,-0.943
2025-04-04,16.5800,1451.6500,85.2400,-2.643
2025-04-07,16.7800,1396.7500,85.8500,3.137
2025-04-08,16.4200,1428.8000,86.2400,-0.892
2025-04-09,17.6600,1403.7000,86.6400,9.002
2025-04-11,16.8800,1409.4500,86.0600,3.068
2025-04-15,17.0300,1426.0000,85.7600,2.419
2025-04-16,16.5800,1413.1000,85.6700,0.517
2025-04-17,16.1400,1419.5000,85.3700,-2.933
2025-04-21,16.5800,1451.0000,85.1800,-2.668
2025-04-22,16.8600,1422.8000,85.1900,0.949
2025-04-23,17.2300,1474.9000,85.4200,-0.211
2025-04-24,17.3600,1471.4000,85.3000,0.639
2025-04-25,17.4000,1480.2000,85.4300,0.424
2025-04-28,17.3300,1482.1000,85.0200,-0.587
2025-04-29,17.5700,1497.5000,85.2700,0.046
2025-04-30,17.6000,1500.1000,84.4900,-0.872
2025-05-02,17.8800,1506.9000,84.5000,0.263
2025-05-05,17.8500,1508.6000,84.2700,-0.290
2025-05-06,17.7700,1511.5000,84.4500,-0.716
2025-05-07,17.7100,1508.3000,84.8200,-0.407
2025-05-08,17.4900,1511.4000,85.6700,-0.862
2025-05-09,17.4900,1507.6000,85.3800,-0.949
2025-05-12,18.6500,1626.9000,85.3800,-2.124
2025-05-13,18.3800,1568.6000,85.3500,0.008
2025-05-14,18.4600,1592.4000,85.2900,-1.127
2025-05-15,18.7200,1613.0000,85.5200,-0.748
2025-05-16,18.3100,1589.9000,85.4900,-1.546
2025-05-19,18.3300,1559.8000,85.3700,0.323
2025-05-20,18.2400,1560.6000,85.6300,0.083
2025-05-21,18.1600,1568.5000,85.6500,-0.835
2025-05-22,18.0400,1547.5000,85.9700,0.220
2025-05-23,18.1100,1564.8000,85.1700,-1.430
2025-05-27,18.4900,1570.1000,85.3000,0.452
2025-05-28,18.3600,1571.8000,85.3900,-0.257
2025-05-29,18.4600,1585.6000,85.4900,-0.470
2025-05-30,18.1900,1562.7000,85.5000,-0.477
2025-06-02,18.1900,1553.8000,85.3300,-0.106
2025-06-03,18.0400,1543.0000,85.5900,0.068
2025-06-04,17.8500,1551.2000,85.8500,-1.211
2025-06-05,17.9300,1554.3000,85.8000,-1.023
2025-06-06,18.2000,1563.8000,85.6600,-0.306
2025-06-09,18.2900,1572.9000,85.6400,-0.416
2025-06-10,18.5100,1596.0000,85.5700,-0.758
2025-06-11,18.6100,1631.1000,85.5100,-2.438
2025-06-12,18.5600,1608.6000,85.5500,-1.293
2025-06-13,18.4200,1602.0000,86.0800,-1.024
2025-06-16,18.7500,1623.8000,86.0500,-0.638
2025-06-17,18.6700,1639.9000,86.2900,-1.760
2025-06-18,18.4300,1632.9000,86.4900,-2.382
2025-06-20,17.6800,1622.9000,86.5800,-5.679
2025-06-23,18.1000,1584.0000,86.7300,-0.896
2025-06-24,18.3000,1581.6000,85.9200,-0.586
2025-06-25,18.5100,1614.9000,86.0400,-1.381
2025-06-26,18.6000,1616.0000,85.6600,-1.406
2025-06-27,18.5200,1608.0000,85.4500,-1.584
2025-06-30,18.5300,1601.8000,85.7400,-0.814
2025-07-01,18.9000,1606.8000,85.5800,0.664
2025-07-02,18.8800,1610.5000,85.7000,0.467
2025-07-03,18.9600,1618.7000,85.3000,-0.087
2025-07-07,18.8200,1627.0000,85.8600,-0.683
2025-07-08,18.8900,1638.7000,85.7500,-1.152
2025-07-09,18.8200,1633.7000,85.6900,-1.286
2025-07-10,18.1000,1615.8000,85.6500,-4.056
2025-07-11,18.1900,1594.9000,85.8000,-2.144
2025-07-14,18.0100,1570.3000,85.9900,-1.377
2025-07-15,18.2200,1585.6000,85.8200,-1.385
2025-07-16,18.5000,1607.9000,85.9600,-1.097
2025-07-17,18.4700,1583.5000,86.0800,0.404
2025-07-18,18.2100,1586.1000,86.1000,-1.149
2025-07-21,18.1900,1584.3000,86.3000,-0.915
2025-07-22,18.2600,1570.9000,86.3700,0.396
2025-07-23,18.4500,1574.5000,86.4100,1.255
2025-07-24,17.6800,1552.5000,86.3900,-1.618
2025-07-25,17.3700,1515.7000,86.4800,-0.893
2025-07-28,17.1600,1516.0000,86.6700,-1.896
2025-07-29,17.2100,1513.7000,86.8300,-1.279
2025-07-30,16.9500,1519.0000,87.4400,-2.429
2025-07-31,16.7200,1509.0000,87.6000,-2.938
2025-08-01,16.4100,1469.6000,87.5400,-2.250
2025-08-04,16.4800,1480.5000,87.6300,-2.456
2025-08-05,16.2000,1460.3000,87.8000,-2.598
2025-08-06,16.0700,1436.7000,87.7100,-1.893
2025-08-07,16.0200,1436.9000,87.7100,-2.212
2025-08-08,15.9900,1423.1000,87.6700,-1.494
2025-08-11,15.9800,1428.2000,87.6300,-1.952
2025-08-12,16.0700,1424.1000,87.7100,-1.025
2025-08-13,16.3800,1426.6000,87.4800,0.443
2025-08-14,16.3600,1447.7000,87.5600,-1.051
2025-08-18,16.4100,1435.8000,87.3000,-0.223
2025-08-19,16.6000,1440.0000,87.0200,0.315
2025-08-20,17.0100,1496.2000,87.0200,-1.069
2025-08-21,17.0500,1496.4000,87.3100,-0.519
2025-08-22,17.3400,1487.5000,87.5300,2.035
2025-08-25,17.3300,1532.1000,87.5500,-0.970
2025-08-26,17.2200,1529.6000,87.6800,-1.291
2025-08-28,17.0000,1500.1000,87.6300,-0.693
2025-08-29,16.8200,1469.6000,88.1800,0.925
2025-09-02,16.8900,1498.7000,88.1500,-0.657
2025-09-03,16.6400,1479.1000,88.0600,-0.932
2025-09-04,16.5900,1463.0000,88.1700,-0.018
2025-09-05,16.3800,1444.6000,88.2500,0.065
2025-09-08,16.7900,1432.9000,88.2500,3.407
2025-09-09,17.0100,1504.3000,88.1200,-0.358
2025-09-10,16.9800,1532.6000,88.0900,-2.403
2025-09-11,17.0700,1509.7000,88.4400,-0.002
2025-09-12,16.9600,1525.6000,88.2800,-1.860
2025-09-15,16.9200,1508.4000,88.2200,-1.042
2025-09-16,17.0600,1511.3000,88.0500,-0.607
2025-09-17,17.6800,1522.4000,87.7700,1.929
2025-09-18,17.5700,1540.6000,88.1700,0.555
2025-09-19,16.9700,1540.2000,88.0600,-2.975
2025-09-22,17.1500,1499.5000,88.2900,0.979
2025-09-23,16.8800,1497.5000,88.7600,0.051
2025-09-24,17.0300,1494.6000,88.7300,1.102
2025-09-25,16.5400,1484.8000,88.7000,-1.192
2025-09-26,16.5200,1448.9000,88.6500,1.077
2025-09-29,16.3200,1441.8000,88.7600,0.469
2025-09-30,16.2700,1441.8000,88.7800,0.184
2025-10-01,16.3700,1445.8000,88.6900,0.419
2025-10-03,16.2300,1446.6000,88.7800,-0.394
2025-10-06,16.6900,1476.0000,88.7900,0.400
2025-10-07,16.3900,1458.5000,88.7200,-0.300
2025-10-08,16.7400,1495.0000,88.7700,-0.601
2025-10-09,17.0600,1509.3000,88.8400,0.418
2025-10-10,16.5800,1514.9000,88.7200,-2.899
2025-10-13,16.7800,1493.2000,88.7200,-0.300
2025-10-14,16.4800,1489.9000,88.7600,-1.821
2025-10-15,16.4400,1474.4000,87.9800,-1.900
2025-10-16,16.0700,1471.5000,87.8100,-4.104
2025-10-17,16.3300,1441.1000,87.9900,-0.293
2025-10-20,16.9100,1460.9000,87.9200,1.768
2025-10-21,17.4100,1472.4000,87.9700,4.018
2025-10-23,17.5300,1528.5000,87.8500,0.753
2025-10-24,17.4800,1525.4000,87.8300,0.647
2025-10-27,17.0400,1504.5000,88.2400,-0.059
2025-10-28,16.8900,1500.2000,88.2100,-0.689
2025-10-29,16.8800,1510.4000,88.2000,-1.429
2025-10-30,16.6400,1493.8000,88.6400,-1.261
2025-10-31,16.5700,1482.3000,88.7500,-0.790
2025-11-03,16.4100,1485.5000,88.7800,-1.927
2025-11-04,16.3000,1467.9000,88.6700,-1.538
2025-11-06,16.1800,1466.7000,88.6500,-2.205
2025-11-07,16.5000,1476.8000,88.6800,-0.920
2025-11-10,16.7600,1513.5000,88.7000,-1.777
2025-11-11,17.0100,1530.3000,88.7000,-1.406
2025-11-12,17.0900,1551.7000,88.5800,-2.440
2025-11-13,16.9600,1541.8000,88.6600,-2.473
2025-11-14,16.6500,1502.8000,88.7400,-1.682
2025-11-17,16.7700,1507.6000,88.5800,-1.467
2025-11-18,16.9500,1486.4000,88.6000,1.034
2025-11-19,17.3100,1541.1000,88.5800,-0.505
2025-11-20,17.1300,1536.5000,88.6900,-1.122
2025-11-21,17.7000,1545.0000,89.5400,2.580
2025-11-24,17.2700,1548.0000,89.2300,-0.452
2025-11-25,17.2800,1530.6000,89.1600,0.659
2025-11-26,17.4200,1557.9000,89.2700,-0.181
2025-11-28,17.4800,1560.1000,89.4300,0.201
2025-12-01,17.4500,1564.0000,89.5900,-0.042
2025-12-02,17.4100,1561.0000,89.9200,0.289
2025-12-03,17.6600,1578.7000,90.1500,0.846
2025-12-04,18.2900,1597.6000,89.9700,3.001
2025-12-05,18.0700,1616.2000,89.9700,0.591
2025-12-08,17.7200,1610.8000,90.1200,-0.861
2025-12-09,17.7500,1599.0000,89.9000,-0.205
2025-12-10,18.0700,1584.8000,89.9800,2.596
2025-12-11,17.8000,1598.0000,90.3500,0.640
2025-12-12,17.7800,1598.2000,90.4100,0.581
2025-12-15,17.7800,1606.8000,90.7000,0.364
2025-12-16,17.7700,1592.9000,91.0300,1.551
2025-12-17,18.2200,1602.0000,90.4000,2.814
2025-12-18,19.1800,1626.8000,90.2500,6.405
2025-12-19,20.2200,1638.7000,89.5400,10.484
2025-12-22,19.1600,1689.6000,89.6400,1.651
2025-12-23,18.5700,1668.3000,89.6700,-0.188
2025-12-24,18.6700,1663.4000,89.8100,0.803
2025-12-26,18.7900,1656.1000,89.7800,1.864
2025-12-29,18.4300,1644.7000,89.9700,0.818
2025-12-30,18.0400,1621.6000,89.7800,-0.121
2025-12-31,17.8200,1615.4000,89.8400,-0.895
2026-01-02,18.1500,1640.4000,90.1900,-0.210
2026-01-05,17.6800,1606.4000,90.2800,-0.638
2026-01-06,18.1000,1612.2000,90.1800,1.244
2026-01-07,18.2300,1639.0000,89.9000,-0.008
2026-01-08,18.0400,1613.3000,90.0200,0.661
2026-01-09,17.8300,1614.1000,90.1600,-0.406
2026-01-12,17.8000,1595.9000,90.1200,0.516
2026-01-13,17.5200,1599.0000,90.1900,-1.180
2026-01-14,19.3500,1599.8000,90.2400,9.148
2026-01-15,18.8200,1599.8000,90.2600,6.182
2026-01-16,18.6300,1689.8000,90.8700,0.184
2026-01-20,18.2100,1658.9000,91.0100,-0.097
2026-01-21,18.3100,1654.4000,91.6800,1.466
2026-01-22,18.2900,1663.5000,91.6200,0.735
2026-01-23,18.2400,1670.8000,91.9500,0.381
2026-01-27,18.2500,1682.7000,91.7200,-0.524
2026-01-28,17.9300,1666.5000,91.7800,-1.253
2026-01-29,17.7500,1659.5000,91.9500,-1.650
2026-01-30,17.5800,1641.0000,91.9800,-1.462
2026-02-02,18.3400,1629.4000,91.5100,3.001
2026-02-03,17.3200,1656.0000,90.3000,-5.556
2026-02-04,16.7400,1535.8000,90.3600,-1.509
2026-02-05,16.8000,1520.2000,90.3300,-0.175
2026-02-06,16.8400,1507.1000,90.6500,1.290
2026-02-09,16.3100,1497.2000,90.7700,-1.118
2026-02-10,16.6100,1497.8000,90.5700,0.438
2026-02-11,15.7600,1471.9000,90.6900,-2.896
2026-02-12,14.2100,1386.0000,90.6300,-7.081
2026-02-13,14.7200,1369.1000,90.6400,-2.548
2026-02-17,14.7500,1391.2000,90.6300,-3.911
2026-02-18,15.0500,1373.7000,90.7000,-0.631
2026-02-19,14.5500,1370.5000,90.6800,-3.729
2026-02-20,14.6500,1353.2000,90.9800,-1.503
2026-02-23,13.9100,1327.5000,90.8800,-4.773
2026-02-24,13.8400,1275.5000,90.9500,-1.313
2026-02-25,14.2400,1290.1000,90.9500,0.390
2026-02-26,14.7000,1289.1000,90.9200,3.679
2026-02-27,14.4400,1300.1000,91.0300,1.106
2026-03-02,14.1900,1288.9000,91.4700,0.703
2026-03-04,14.3300,1307.4000,92.0800,0.926
2026-03-05,14.4000,1305.8000,91.5800,0.992
2026-03-06,14.4400,1308.4000,91.7300,1.237
2026-03-09,14.4200,1315.0000,92.3100,1.225
2026-03-10,14.0400,1295.6000,91.8500,-0.465
2026-03-11,13.8700,1276.3000,92.0300,0.012
2026-03-12,13.4400,1265.8000,92.1800,-2.125
2026-03-13,13.2700,1248.3000,92.4700,-1.700
2026-03-16,13.2600,1249.8000,92.4200,-1.945
2026-03-17,13.2000,1232.9000,92.3600,-1.115
2026-03-18,12.9200,1267.1000,92.8700,-5.305
2026-03-19,13.0500,1220.8000,92.6200,-0.992
2026-03-20,13.1200,1255.9000,93.7300,-2.083
2026-03-23,13.3000,1256.8000,93.9600,-0.567
2026-03-24,13.0800,1278.3000,93.8600,-3.959
2026-03-25,13.1700,1279.1000,93.9700,-3.246
2026-03-27,12.8300,1269.7000,94.8300,-4.177
2026-03-30,13.2500,1250.6000,94.4100,0.027
2026-04-01,13.3000,1275.7000,93.2100,-2.823
2026-04-02,13.7400,1300.8000,93.0900,-1.672
2026-04-06,13.7000,1306.2000,93.0600,-2.395
2026-04-07,13.9600,1339.4000,92.9600,-3.112
2026-04-08,14.0000,1346.2000,92.2500,-4.063
2026-04-09,13.7600,1331.6000,92.6900,-4.219
2026-04-10,13.2900,1292.5000,92.7200,-4.662
2026-04-13,13.9700,1276.8000,93.3900,2.182
2026-04-15,14.3100,1305.3000,93.3700,2.362
2026-04-16,14.3800,1319.2000,93.2000,1.593
2026-04-17,14.4600,1318.7000,92.9000,1.868
2026-04-20,14.2100,1312.6000,93.1300,0.821
2026-04-21,14.0700,1313.2000,93.5000,0.179
2026-04-22,13.4800,1268.6000,93.7900,-0.340
2026-04-23,12.9400,1240.6000,94.1100,-1.839
2026-04-24,12.8600,1154.6000,94.2500,4.976
2026-04-27,12.2800,1170.3000,94.1900,-1.166
2026-04-28,12.2500,1152.1000,94.5400,0.522
2026-04-29,12.3400,1167.5000,94.8500,0.253
2026-04-30,12.4600,1181.8000,94.9100,0.066
2026-05-01,12.4800,1181.8000,94.9000,0.216
2026-05-04,12.2400,1168.4000,95.0900,-0.385
2026-05-05,12.4600,1178.1000,95.3200,0.814
2026-05-06,12.6400,1167.2000,94.6100,2.456
2026-05-07,12.5700,1162.7000,94.2500,1.894
2026-05-08,12.8300,1179.2000,94.4900,2.808
2026-05-11,12.3000,1177.0000,95.3100,-0.398
2026-05-12,12.0500,1140.3000,95.6300,1.056
2026-05-13,11.8600,1123.1000,95.6900,1.049
2026-05-14,11.6600,1095.0000,95.7600,1.969
2026-05-15,12.0700,1119.0000,95.9700,3.517
2026-05-18,12.5900,1142.5000,96.3500,6.175
2026-05-19,12.7200,1196.9000,96.5300,2.587
2026-05-20,12.7700,1193.7000,96.8200,3.576
2026-05-21,12.6400,1181.2000,96.2000,2.943
2026-05-22,12.6700,1174.5000,95.6900,3.226
2026-05-26,12.0800,1167.7000,95.6800,-1.018
2026-05-27,12.3900,1159.9000,95.6900,2.216
2026-05-28,12.7000,1159.9000,95.6900,4.773
2026-05-29,12.6500,1160.9000,95.0000,3.519
2026-06-01,13.4100,1202.5000,94.9900,5.931
2026-06-02,13.0800,1270.8000,95.2700,-1.941
2026-06-03,12.4600,1222.6000,95.7100,-2.458
2026-06-04,12.5700,1201.3000,95.7900,0.231
2026-06-05,12.4000,1197.5000,94.9500,-1.680
2026-06-08,12.2800,1187.6000,95.7100,-1.034
2026-06-09,12.2400,1180.3000,95.3500,-1.120
2026-06-10,11.7600,1145.3000,95.2700,-2.176
2026-06-11,11.6000,1114.6000,95.7600,-0.339
2026-06-12,11.7400,1116.4000,95.1100,0.017
2026-06-15,11.6000,1134.9000,94.7100,-3.195
2026-06-16,11.9700,1143.6000,94.6200,-0.962
2026-06-17,11.7000,1157.7000,94.5300,-4.466
2026-06-18,10.5700,1127.5000,94.3300,-11.568
2026-06-22,10.7700,1065.4000,94.6800,-4.289
2026-06-23,10.7900,1029.3000,94.7400,-0.685
2026-06-24,10.9300,1056.6000,94.6700,-2.069
2026-06-25,10.5700,1041.2000,94.4000,-4.167
2026-06-26,10.7800,1041.2000,94.3700,-2.295
2026-06-29,10.7000,1036.7000,94.5400,-2.423
2026-06-30,10.4900,1000.4000,94.6600,-0.741
2026-07-01,10.6500,985.3000,95.2500,2.955
2026-07-02,11.1600,1040.9000,95.3900,2.272
2026-07-06,10.8800,1042.2000,95.4000,-0.408
2026-07-07,11.2700,1071.8000,94.9700,-0.139
2026-07-08,10.9300,1069.3000,95.5600,-2.322
2026-07-09,11.1300,1050.8000,95.3900,1.036
2026-07-10,10.9400,1068.0000,95.3300,-2.349
2026-07-13,11.5000,1102.6000,95.6200,-0.269
2026-07-14,11.0500,1092.9000,96.2000,-2.735
2026-07-15,11.0400,1076.3000,96.2600,-1.263
2026-07-16,11.5300,1082.4000,96.3500,2.634
2026-07-17,11.4900,1096.5000,96.2800,0.890
2026-07-20,11.3100,1087.1000,96.4500,0.345
2026-07-21,11.1600,1073.5000,96.2400,0.050
2026-07-22,10.9300,1052.1000,96.5700,0.324
2026-07-23,10.6700,1047.4000,96.5700,-1.623
2026-07-24,11.1100,1040.9000,96.5600,3.063
2026-07-27,11.7000,1079.2000,95.9100,3.980
2026-07-28,12.3500,1105.7000,95.8500,7.059
2026-07-29,12.6000,1155.6000,95.6500,4.291
2026-07-30,11.9500,1155.1000,95.6800,-1.015
2026-07-31,12.0300,1130.1000,95.3800,1.533
2026-08-03,12.2500,1180.0000,95.3400,-1.024
2026-08-04,12.6000,1167.5000,95.3800,2.937
2026-08-05,12.4800,1174.0000,95.1400,1.137
2026-08-06,12.3600,1165.0000,95.2100,1.012
2026-08-07,12.5300,1175.1000,95.2100,1.522
2026-08-10,12.5600,1183.0000,95.3000,1.181
2026-08-11,12.6000,1190.7000,95.4400,0.995
2026-08-12,12.2800,1176.1000,95.3300,-0.463
2026-08-13,12.4100,1175.0000,95.4400,0.801
2026-08-14,12.0900,1169.2000,95.4300,-1.322
2026-08-17,11.6200,1139.9000,95.6000,-2.547
2026-08-18,11.8300,1115.0000,95.6800,1.515
2026-08-19,12.0300,1119.8000,95.7500,2.864
2026-08-20,11.8300,1130.0000,95.7100,0.199
2026-08-21,11.9400,1121.0000,95.7000,1.932
2026-08-24,11.8200,1130.0000,95.7500,0.156
2026-08-25,12.0300,1144.0000,95.4100,0.331
2026-08-26,11.6900,1120.0000,95.4300,-0.395
2026-08-27,11.9000,1110.8000,95.5400,2.352
2026-08-28,12.0500,1144.0000,95.3800,0.466
2026-08-31,12.0600,1133.8000,95.1144,1.171
2026-09-01,12.0000,1156.0000,94.9552,-1.431
2026-09-02,11.9700,1140.0000,94.4877,-0.788
2026-09-03,12.0900,1130.3000,94.4949,1.074
2026-09-04,11.7000,1130.0000,94.4949,-2.160
