date,adr_usd,local_px,fx,premium_pct
2002-02-25,1.2334,2.9228,2.4000,1.280
2002-02-26,1.2729,3.0251,2.4065,1.259
2002-02-27,1.2714,2.9886,2.3800,1.252
2002-02-28,1.2554,2.9886,2.3610,-0.826
2002-03-01,1.2276,2.8645,2.3510,0.752
2002-03-04,1.2364,2.9009,2.3410,-0.227
2002-03-05,1.1721,2.7329,2.3360,0.186
2002-03-06,1.1604,2.7405,2.3520,-0.411
2002-03-07,1.1779,2.7621,2.3650,0.857
2002-03-08,1.1764,2.7767,2.3500,-0.434
2002-03-11,1.1688,2.7402,2.3545,0.434
2002-03-12,1.1937,2.7767,2.3420,0.681
2002-03-13,1.1867,2.8059,2.3475,-0.720
2002-03-14,1.1954,2.7913,2.3445,0.408
2002-03-15,1.2019,2.8191,2.3480,0.103
2002-03-18,1.2159,2.8483,2.3450,0.105
2002-03-19,1.2101,2.8496,2.3400,-0.635
2002-03-20,1.2106,2.8352,2.3370,-0.208
2002-03-21,1.1662,2.7255,2.3490,0.510
2002-03-22,1.1595,2.7109,2.3570,0.811
2002-03-25,1.1516,2.7036,2.3630,0.651
2002-03-26,1.1636,2.7257,2.3430,0.021
2002-03-27,1.1838,2.7548,2.3290,0.079
2002-03-28,1.1721,2.7109,2.3250,0.520
2002-04-01,1.2042,2.7913,2.3250,0.304
2002-04-02,1.1896,2.7255,2.2990,0.342
2002-04-03,1.1458,2.6598,2.3100,-0.492
2002-04-04,1.1808,2.6744,2.3060,1.817
2002-04-05,1.1925,2.7180,2.2970,0.782
2002-04-08,1.1940,2.7204,2.2910,0.550
2002-04-09,1.2320,2.7985,2.2900,0.813
2002-04-10,1.2787,2.9011,2.2745,0.256
2002-04-11,1.2627,2.8498,2.2730,0.711
2002-04-12,1.2510,2.8468,2.2970,0.936
2002-04-15,1.2048,2.7767,2.3240,0.837
2002-04-16,1.1838,2.7255,2.3150,0.544
2002-04-17,1.1838,2.7621,2.3190,-0.614
2002-04-18,1.1838,2.7767,2.3340,-0.498
2002-04-19,1.1867,2.7507,2.3235,0.238
2002-04-22,1.1764,2.7548,2.3420,0.016
2002-04-23,1.1721,2.7621,2.3490,-0.323
2002-04-24,1.1706,2.7409,2.3580,0.707
2002-04-25,1.1472,2.7036,2.3750,0.777
2002-04-26,1.1443,2.7036,2.3700,0.309
2002-04-29,1.1516,2.7292,2.3670,-0.123
2002-04-30,1.1662,2.7402,2.3600,0.442
2002-05-01,1.1648,2.7402,2.3610,0.358
2002-05-02,1.1224,2.6773,2.3820,-0.143
2002-05-03,1.0931,2.6379,2.4150,0.079
2002-05-06,1.0815,2.6086,2.4360,0.988
2002-05-07,1.0858,2.6379,2.4115,-0.734
2002-05-08,1.1034,2.6817,2.4275,-0.122
2002-05-09,1.0417,2.5867,2.4560,-1.094
2002-05-10,1.0332,2.5229,2.4820,1.649
2002-05-13,0.9879,2.4830,2.4910,-0.888
2002-05-14,0.9952,2.4771,2.5160,1.085
2002-05-15,1.0318,2.5721,2.5030,0.404
2002-05-16,1.0668,2.5898,2.4930,2.697
2002-05-17,1.0566,2.6159,2.4770,0.049
2002-05-20,1.0484,2.5575,2.4720,1.338
2002-05-21,1.0508,2.6013,2.4745,-0.047
2002-05-22,1.0259,2.5939,2.5070,-0.844
2002-05-23,1.0326,2.5867,2.5380,1.319
2002-05-24,1.0283,2.5725,2.5340,1.285
2002-05-28,1.0142,2.5283,2.5250,1.292
2002-05-29,1.0347,2.5962,2.5200,0.431
2002-05-30,1.0405,2.5962,2.5120,0.678
2002-05-31,1.0157,2.5370,2.5220,0.967
2002-06-03,1.0128,2.5578,2.5500,0.968
2002-06-04,0.9832,2.5429,2.5720,-0.549
2002-06-05,0.9631,2.5063,2.6060,0.137
2002-06-06,0.8871,2.3675,2.6560,-0.482
2002-06-07,0.9002,2.3807,2.6480,0.133
2002-06-10,0.9470,2.4989,2.6390,0.010
2002-06-11,0.9046,2.4616,2.6700,-1.880
2002-06-12,0.8593,2.3865,2.7520,-0.908
2002-06-13,0.8739,2.3982,2.6350,-3.977
2002-06-14,0.8327,2.2740,2.7190,-0.432
2002-06-17,0.8695,2.3090,2.6810,0.962
2002-06-18,0.8766,2.3630,2.6990,0.121
2002-06-19,0.8315,2.2364,2.6920,0.095
2002-06-20,0.7775,2.2062,2.7590,-2.770
2002-06-21,0.7541,2.1191,2.8090,-0.038
2002-06-24,0.7877,2.1994,2.8290,1.318
2002-06-25,0.8169,2.3003,2.8135,-0.080
2002-06-26,0.7906,2.2506,2.8570,0.366
2002-06-27,0.8061,2.3218,2.8710,-0.318
2002-06-28,0.8184,2.3383,2.8300,-0.950
2002-07-01,0.8038,2.3090,2.8575,-0.530
2002-07-02,0.8085,2.3529,2.9080,-0.080
2002-07-03,0.8009,2.2798,2.8680,0.748
2002-07-05,0.7599,2.2287,2.8800,-1.797
2002-07-08,0.7804,2.2652,2.8590,-1.503
2002-07-09,0.7898,2.2652,2.8455,-0.793
2002-07-10,0.7760,2.2141,2.8540,0.031
2002-07-11,0.8093,2.2423,2.8320,2.220
2002-07-12,0.8389,2.3383,2.8215,1.221
2002-07-15,0.8184,2.3383,2.8600,0.100
2002-07-16,0.8242,2.3602,2.8690,0.193
2002-07-17,0.8327,2.3967,2.8980,0.688
2002-07-18,0.8652,2.4625,2.8620,0.552
2002-07-19,0.8535,2.4406,2.8710,0.399
2002-07-22,0.7906,2.2652,2.8790,0.486
2002-07-23,0.7497,2.1921,2.9050,-0.649
2002-07-24,0.7351,2.1626,2.9350,-0.236
2002-07-25,0.6547,1.9584,3.0000,0.291
2002-07-26,0.6167,1.8534,3.0200,0.492
2002-07-29,0.5583,1.7902,3.1365,-2.192
2002-07-30,0.5054,1.7207,3.2650,-4.108
2002-07-31,0.5200,1.8049,3.4850,0.402
2002-08-01,0.5673,1.8268,3.2700,1.553
2002-08-02,0.6474,1.9583,3.0700,1.493
2002-08-05,0.5963,1.9583,3.0900,-5.916
2002-08-06,0.6445,2.0153,3.2200,2.975
2002-08-07,0.7088,2.1585,3.0700,0.809
2002-08-08,0.7453,2.2067,2.9245,-1.226
2002-08-09,0.6781,2.0460,2.9850,-1.069
2002-08-12,0.6080,1.9229,3.1150,-1.517
2002-08-13,0.5787,1.8414,3.1750,-0.214
2002-08-14,0.5597,1.8414,3.1950,-2.882
2002-08-15,0.5495,1.7537,3.2000,0.267
2002-08-16,0.5700,1.8268,3.1550,-1.564
2002-08-19,0.5799,1.8049,3.0825,-0.961
2002-08-20,0.5685,1.7799,3.0885,-1.353
2002-08-21,0.5831,1.7975,3.0800,-0.088
2002-08-22,0.6024,1.8852,3.1730,1.388
2002-08-23,0.6082,1.8852,3.0950,-0.144
2002-08-26,0.6533,2.0036,3.0760,0.290
2002-08-27,0.6693,2.1088,3.0720,-2.496
2002-08-28,0.6652,2.0606,3.1300,1.048
2002-08-29,0.6825,2.0825,3.1100,1.921
2002-08-30,0.7117,2.1264,3.0030,0.513
2002-09-03,0.6796,2.1118,3.1020,-0.178
2002-09-04,0.6638,2.0862,3.1340,-0.283
2002-09-05,0.6383,2.0138,3.1425,-0.389
2002-09-06,0.6153,1.9510,3.1750,0.126
2002-09-09,0.6351,1.9875,3.1225,-0.218
2002-09-10,0.6416,2.0095,3.1510,0.603
2002-09-11,0.6734,2.0752,3.1100,0.922
2002-09-12,0.6649,2.0682,3.1110,0.022
2002-09-13,0.6614,2.0679,3.1450,0.596
2002-09-16,0.6199,1.9802,3.1900,-0.133
2002-09-17,0.5919,1.9101,3.2245,-0.082
2002-09-18,0.5565,1.8560,3.3450,0.297
2002-09-19,0.5466,1.8982,3.4110,-1.785
2002-09-20,0.5743,1.9494,3.4350,1.204
2002-09-23,0.5118,1.8487,3.5690,-1.196
2002-09-24,0.4814,1.8316,3.6100,-5.120
2002-09-25,0.4852,1.7975,3.7100,0.140
2002-09-26,0.4618,1.7259,3.7700,0.874
2002-09-27,0.4297,1.6952,3.8350,-2.803
2002-09-30,0.4577,1.7354,3.8030,0.303
2002-10-01,0.5188,1.8414,3.6920,4.021
2002-10-02,0.5086,1.8531,3.5810,-1.720
2002-10-03,0.5308,1.9145,3.6650,1.613
2002-10-04,0.5252,1.9072,3.6350,0.109
2002-10-07,0.4969,1.8706,3.6790,-2.277
2002-10-08,0.4910,1.8110,3.7260,1.028
2002-10-09,0.4530,1.7537,3.8495,-0.555
2002-10-10,0.4457,1.7683,3.9450,-0.560
2002-10-11,0.4627,1.7756,3.9300,2.407
2002-10-14,0.4530,1.7427,3.9300,2.164
2002-10-15,0.4466,1.7026,3.8550,1.124
2002-10-16,0.4355,1.6967,3.8800,-0.410
2002-10-17,0.4741,1.8706,3.8800,-1.666
2002-10-18,0.4691,1.8049,3.8800,0.849
2002-10-21,0.4647,1.7990,3.9130,1.083
2002-10-22,0.4735,1.8705,3.9310,-0.489
2002-10-23,0.5270,2.0292,3.9010,1.311
2002-10-24,0.5568,2.0898,3.8570,2.763
2002-10-25,0.5892,2.1847,3.7860,2.115
2002-10-28,0.5641,2.1848,3.7510,-3.151
2002-10-29,0.5662,2.1629,3.8350,0.384
2002-10-30,0.6194,2.2506,3.7300,2.648
2002-10-31,0.6480,2.3383,3.6240,0.430
2002-11-01,0.6454,2.3017,3.5950,0.797
2002-11-04,0.6416,2.2067,3.5240,2.453
2002-11-05,0.6132,2.2024,3.5530,-1.072
2002-11-06,0.5714,2.0909,3.6120,-1.287
2002-11-07,0.6012,2.1337,3.6260,2.174
2002-11-08,0.6120,2.1834,3.5250,-1.187
2002-11-11,0.6255,2.2214,3.5250,-0.743
2002-11-12,0.6229,2.2287,3.5930,0.415
2002-11-13,0.5977,2.1775,3.6510,0.219
2002-11-14,0.6021,2.1337,3.7050,4.552
2002-11-15,0.6012,2.1337,3.6900,3.977
2002-11-18,0.6226,2.1863,3.5635,1.474
2002-11-19,0.6161,2.1556,3.5720,2.099
2002-11-20,0.6240,2.1848,3.5130,0.338
2002-11-21,0.6343,2.2067,3.5420,1.803
2002-11-22,0.6167,2.1644,3.5758,1.890
2002-11-25,0.6153,2.1629,3.5540,1.097
2002-11-26,0.6065,2.1595,3.6010,1.131
2002-11-27,0.6080,2.1892,3.5900,-0.304
2002-11-29,0.6132,2.2360,3.6710,0.677
2002-12-02,0.6489,2.2873,3.6225,2.766
2002-12-03,0.6167,2.2763,3.6760,-0.406
2002-12-04,0.6094,2.2433,3.7160,0.949
2002-12-05,0.5784,2.1879,3.7530,-0.779
2002-12-06,0.6059,2.2360,3.7180,0.751
2002-12-09,0.5846,2.1907,3.7950,1.268
2002-12-10,0.5787,2.2141,3.7860,-1.039
2002-12-11,0.6109,2.3237,3.7830,-0.548
2002-12-12,0.6182,2.3090,3.7790,1.172
2002-12-13,0.6109,2.2507,3.7200,0.965
2002-12-16,0.6410,2.2800,3.5980,1.153
2002-12-17,0.6421,2.2944,3.5800,0.194
2002-12-18,0.6693,2.3383,3.5325,1.118
2002-12-19,0.7190,2.4625,3.4650,1.174
2002-12-20,0.7322,2.5164,3.4390,0.060
2002-12-23,0.7161,2.4844,3.5100,1.171
2002-12-24,0.7146,2.4844,3.5100,0.964
2002-12-26,0.6819,2.4559,3.5410,-1.682
2002-12-27,0.6901,2.4661,3.5540,-0.551
2002-12-30,0.7038,2.5063,3.5450,-0.451
2002-12-31,0.6956,2.5063,3.5400,-1.747
2003-01-02,0.7053,2.4552,3.5425,1.763
2003-01-03,0.7249,2.4881,3.4306,-0.054
2003-01-06,0.7722,2.5765,3.3390,0.075
2003-01-07,0.7637,2.5136,3.3130,0.661
2003-01-08,0.7395,2.4698,3.2950,-1.345
2003-01-09,0.7503,2.4844,3.3090,-0.068
2003-01-10,0.7547,2.4976,3.2940,-0.467
2003-01-13,0.7570,2.4932,3.3070,0.412
2003-01-14,0.7632,2.4742,3.2650,0.708
2003-01-15,0.7453,2.4436,3.3200,1.262
2003-01-16,0.7599,2.5253,3.2890,-1.025
2003-01-17,0.7357,2.4771,3.3730,0.175
2003-01-21,0.6810,2.3529,3.4610,0.176
2003-01-22,0.6281,2.2506,3.5120,-1.983
2003-01-23,0.6284,2.2284,3.5305,-0.438
2003-01-24,0.6217,2.2287,3.6160,0.869
2003-01-27,0.6109,2.2067,3.6590,1.289
2003-01-28,0.6135,2.2214,3.6380,0.476
2003-01-29,0.6378,2.2930,3.6170,0.603
2003-01-30,0.6416,2.2507,3.5630,1.562
2003-01-31,0.6454,2.2580,3.5130,0.404
2003-02-03,0.6708,2.3310,3.5350,1.728
2003-02-04,0.6544,2.3267,3.5580,0.074
2003-02-05,0.6489,2.3207,3.5740,-0.072
2003-02-06,0.6413,2.2871,3.6060,1.106
2003-02-07,0.6325,2.2579,3.5860,0.454
2003-02-10,0.6343,2.2871,3.6050,-0.027
2003-02-11,0.6497,2.3090,3.5810,0.767
2003-02-12,0.6559,2.3383,3.5950,0.840
2003-02-13,0.6372,2.3017,3.6400,0.765
2003-02-14,0.6226,2.2652,3.6640,0.701
2003-02-18,0.6386,2.2922,3.5975,0.230
2003-02-19,0.6135,2.2126,3.6100,0.098
2003-02-20,0.6226,2.2214,3.6260,1.623
2003-02-21,0.6176,2.2287,3.6130,0.122
2003-02-24,0.6112,2.1775,3.5970,0.957
2003-02-25,0.6109,2.2214,3.6080,-0.780
2003-02-26,0.6132,2.1848,3.5885,0.718
2003-02-27,0.6243,2.2214,3.5660,0.223
2003-02-28,0.6404,2.2944,3.5650,-0.498
2003-03-03,0.6696,2.2944,3.5700,4.189
2003-03-04,0.6515,2.2944,3.5700,1.370
2003-03-05,0.6503,2.3147,3.5700,0.300
2003-03-06,0.7027,2.4406,3.5300,1.630
2003-03-07,0.6951,2.4257,3.5100,0.576
2003-03-10,0.6913,2.4318,3.5250,0.200
2003-03-11,0.7000,2.4260,3.4890,0.677
2003-03-12,0.7059,2.4260,3.4800,1.255
2003-03-13,0.7366,2.5136,3.4225,0.287
2003-03-14,0.7424,2.5283,3.3880,-0.514
2003-03-17,0.7383,2.5283,3.4050,-0.566
2003-03-18,0.7541,2.6056,3.4450,-0.296
2003-03-19,0.7512,2.6159,3.4760,-0.186
2003-03-20,0.7482,2.6306,3.4860,-0.843
2003-03-21,0.7930,2.7329,3.4250,-0.620
2003-03-24,0.7862,2.6453,3.4070,1.263
2003-03-25,0.7944,2.6583,3.3950,1.458
2003-03-26,0.7976,2.6744,3.3930,1.197
2003-03-27,0.7971,2.7036,3.4020,0.295
2003-03-28,0.7953,2.6744,3.3710,0.246
2003-03-31,0.7918,2.6874,3.3320,-1.828
2003-04-01,0.8038,2.6525,3.3290,0.879
2003-04-02,0.8213,2.6729,3.2850,0.939
2003-04-03,0.8172,2.6598,3.2400,-0.450
2003-04-04,0.8666,2.7831,3.2330,0.670
2003-04-07,0.9105,2.8790,3.1750,0.407
2003-04-08,0.8769,2.7913,3.1750,-0.262
2003-04-09,0.8608,2.7519,3.1750,-0.686
2003-04-10,0.8172,2.6744,3.2200,-1.605
2003-04-11,0.8345,2.6598,3.2230,1.117
2003-04-14,0.8503,2.6817,3.1825,0.903
2003-04-15,0.8877,2.7621,3.1150,0.109
2003-04-16,0.8812,2.7445,3.0640,-1.619
2003-04-17,0.9052,2.7764,3.0350,-1.048
2003-04-21,0.8956,2.7764,3.0400,-1.942
2003-04-22,0.9265,2.7767,3.0570,2.007
2003-04-23,0.9602,2.8590,3.0070,0.987
2003-04-24,0.9412,2.8498,3.0030,-0.824
2003-04-25,0.9455,2.8220,3.0140,0.987
2003-04-28,0.9762,2.8973,2.9910,0.781
2003-04-29,1.0002,2.9192,2.9085,-0.347
2003-04-30,0.9733,2.8205,2.8870,-0.376
2003-05-01,0.9733,2.8205,2.9125,0.504
2003-05-02,0.9441,2.7913,2.9100,-1.578
2003-05-05,0.9397,2.8622,2.9950,-1.670
2003-05-06,0.9344,2.8132,2.9980,-0.420
2003-05-07,0.9850,2.8863,2.9650,1.185
2003-05-08,0.9838,2.8352,2.9050,0.807
2003-05-09,1.0025,2.8810,2.8780,0.147
2003-05-12,1.0171,2.9185,2.8750,0.200
2003-05-13,1.0321,3.0251,2.8800,-1.746
2003-05-14,1.0189,2.9667,2.9000,-0.400
2003-05-15,0.9850,2.9373,2.9260,-1.879
2003-05-16,1.0022,2.9228,2.9630,1.601
2003-05-19,0.9499,2.8790,2.9825,-1.593
2003-05-20,0.9324,2.8205,3.0100,-0.498
2003-05-21,0.9733,2.9375,3.0025,-0.514
2003-05-22,0.9865,2.9375,2.9900,0.411
2003-05-23,1.0227,2.9740,2.9270,0.654
2003-05-27,0.9970,2.9667,3.0340,1.960
2003-05-28,1.0025,3.0105,3.0200,0.569
2003-05-29,1.0247,3.0107,2.9330,-0.169
2003-05-30,1.0055,2.9228,2.9790,2.478
2003-06-02,0.9821,2.9082,2.9770,0.530
2003-06-03,0.9832,2.8935,2.9620,0.653
2003-06-04,1.0084,2.9301,2.9250,0.661
2003-06-05,1.0195,2.9155,2.8970,1.301
2003-06-06,1.0157,2.9277,2.8850,0.089
2003-06-09,1.0142,2.9265,2.8750,-0.362
2003-06-10,1.0180,2.9170,2.8710,0.197
2003-06-11,1.0107,2.9155,2.8770,-0.264
2003-06-12,1.0207,2.9228,2.8650,0.046
2003-06-13,1.0174,2.8860,2.8560,0.686
2003-06-16,1.0069,2.8571,2.8550,0.619
2003-06-17,1.0025,2.9155,2.8860,-0.762
2003-06-18,0.9894,2.8600,2.9070,0.564
2003-06-19,0.9885,2.8600,2.8890,-0.147
2003-06-20,0.9894,2.8863,2.8830,-1.175
2003-06-23,1.0078,2.8936,2.8870,0.549
2003-06-24,0.9906,2.8425,2.8610,-0.299
2003-06-25,1.0020,2.8644,2.8600,0.042
2003-06-26,0.9879,2.8642,2.9000,0.025
2003-06-27,0.9789,2.8147,2.8820,0.227
2003-06-30,0.9908,2.7843,2.8620,1.849
2003-07-01,0.9938,2.7811,2.8490,1.804
2003-07-02,1.0055,2.8346,2.8230,0.135
2003-07-03,0.9923,2.7766,2.8330,1.248
2003-07-07,0.9543,2.7548,2.8775,-0.318
2003-07-08,0.9669,2.7988,2.8900,-0.161
2003-07-09,0.9689,2.7988,2.8600,-0.988
2003-07-10,0.9499,2.7548,2.8950,-0.172
2003-07-11,0.9528,2.7562,2.9070,0.497
2003-07-14,0.9967,2.8352,2.8790,1.210
2003-07-15,1.0084,2.8644,2.8400,-0.020
2003-07-16,1.0031,2.8615,2.8640,0.401
2003-07-17,1.0014,2.8685,2.8600,-0.159
2003-07-18,0.9897,2.8644,2.8700,-0.839
2003-07-21,0.9982,2.8862,2.8845,-0.242
2003-07-22,1.0128,2.9155,2.8810,0.077
2003-07-23,1.0429,3.0251,2.8980,-0.096
2003-07-24,1.0584,3.0478,2.8850,0.183
2003-07-25,1.0703,3.1273,2.8935,-0.967
2003-07-28,1.0815,3.1274,2.8985,0.229
2003-07-29,1.0619,3.0763,2.9290,1.103
2003-07-30,1.0236,3.0251,2.9500,-0.185
2003-07-31,1.0458,3.1128,2.9650,-0.387
2003-08-01,1.0265,3.1157,3.0050,-0.999
2003-08-04,0.9806,3.0178,3.1130,1.154
2003-08-05,1.0025,3.0253,3.0370,0.642
2003-08-06,0.9821,2.9813,3.0390,0.108
2003-08-07,1.0242,3.0544,2.9975,0.509
2003-08-08,1.0537,3.1399,2.9900,0.339
2003-08-11,1.0318,3.0820,2.9960,0.298
2003-08-12,1.0078,3.0617,3.0250,-0.428
2003-08-13,1.0014,3.0251,3.0300,0.297
2003-08-14,1.0303,3.1055,3.0000,-0.471
2003-08-15,1.0353,3.1112,3.0000,-0.174
2003-08-18,1.0288,3.0668,2.9940,0.442
2003-08-19,1.0361,3.0690,2.9920,1.016
2003-08-20,1.0449,3.1055,3.0040,1.076
2003-08-21,1.0768,3.2151,3.0125,0.891
2003-08-22,1.0730,3.2005,2.9950,0.408
2003-08-25,1.0551,3.1421,2.9920,0.476
2003-08-26,1.0733,3.2004,2.9910,0.305
2003-08-27,1.1338,3.3759,2.9815,0.132
2003-08-28,1.1294,3.3320,2.9520,0.057
2003-08-29,1.1069,3.2809,2.9650,0.031
2003-09-02,1.1209,3.2882,2.9750,1.414
2003-09-03,1.1411,3.3759,2.9570,-0.051
2003-09-04,1.1729,3.4636,2.9420,-0.369
2003-09-05,1.2045,3.4782,2.9100,0.774
2003-09-08,1.1648,3.4124,2.9230,-0.230
2003-09-09,1.1291,3.2984,2.9300,0.298
2003-09-10,1.1642,3.3978,2.9060,-0.434
2003-09-11,1.1691,3.4343,2.9050,-1.106
2003-09-12,1.1592,3.3613,2.9000,0.012
2003-09-15,1.1496,3.2736,2.8860,1.345
2003-09-16,1.1250,3.2677,2.8970,-0.263
2003-09-17,1.1209,3.2736,2.9225,0.070
2003-09-18,1.1297,3.2590,2.8990,0.490
2003-09-19,1.1276,3.2590,2.9100,0.689
2003-09-22,1.1165,3.2663,2.9030,-0.765
2003-09-23,1.1019,3.2370,2.9220,-0.533
2003-09-24,1.0850,3.1713,2.9130,-0.340
2003-09-25,1.0470,3.0836,2.9320,-0.451
2003-09-26,1.0493,3.0690,2.9325,0.264
2003-09-29,1.0522,3.0763,2.9360,0.424
2003-09-30,1.0581,3.0398,2.9280,1.917
2003-10-01,1.0961,3.1713,2.9060,0.438
2003-10-02,1.1078,3.2151,2.8960,-0.220
2003-10-03,1.1355,3.2882,2.8860,-0.337
2003-10-06,1.1262,3.2444,2.8760,-0.169
2003-10-07,1.1589,3.3320,2.8640,-0.388
2003-10-08,1.1750,3.3467,2.8525,0.149
2003-10-09,1.1735,3.3101,2.8350,0.508
2003-10-10,1.1531,3.2663,2.8415,0.311
2003-10-13,1.1808,3.3320,2.8415,0.699
2003-10-14,1.1750,3.3320,2.8350,-0.029
2003-10-15,1.1618,3.2634,2.8270,0.648
2003-10-16,1.1724,3.3465,2.8450,-0.334
2003-10-17,1.1808,3.3905,2.8660,-0.184
2003-10-20,1.1896,3.4124,2.8780,0.329
2003-10-21,1.2042,3.4343,2.8700,0.633
2003-10-22,1.1779,3.3905,2.8620,-0.570
2003-10-23,1.1551,3.2882,2.8700,0.820
2003-10-24,1.1688,3.3759,2.8670,-0.735
2003-10-27,1.1943,3.4342,2.8710,-0.158
2003-10-28,1.2197,3.4767,2.8625,0.422
2003-10-29,1.1887,3.3686,2.8540,0.713
2003-10-30,1.1911,3.3832,2.8530,0.440
2003-10-31,1.1940,3.4343,2.8645,-0.413
2003-11-03,1.2346,3.5366,2.8550,-0.335
2003-11-04,1.2364,3.5483,2.8570,-0.452
2003-11-05,1.2057,3.4709,2.8610,-0.618
2003-11-06,1.1969,3.4416,2.8830,0.262
2003-11-07,1.1937,3.4490,2.8670,-0.773
2003-11-10,1.1691,3.3905,2.8850,-0.517
2003-11-11,1.1855,3.4490,2.8850,-0.834
2003-11-12,1.1969,3.4855,2.9190,0.237
2003-11-13,1.1545,3.3832,2.9375,0.243
2003-11-14,1.1645,3.4184,2.9480,0.422
2003-11-17,1.1373,3.3320,2.9485,0.637
2003-11-18,1.1294,3.3395,2.9480,-0.301
2003-11-19,1.1487,3.3613,2.9450,0.642
2003-11-20,1.1443,3.3730,2.9465,-0.039
2003-11-21,1.1843,3.4431,2.9240,0.578
2003-11-24,1.1984,3.4928,2.9190,0.150
2003-11-25,1.2042,3.5423,2.9370,-0.157
2003-11-26,1.2065,3.5365,2.9450,0.475
2003-11-28,1.2063,3.6229,2.9450,-1.944
2003-12-01,1.2305,3.5787,2.9315,0.797
2003-12-02,1.2253,3.5659,2.9300,0.677
2003-12-03,1.2451,3.6521,2.9310,-0.072
2003-12-04,1.2349,3.6565,2.9430,-0.606
2003-12-05,1.2796,3.7851,2.9400,-0.608
2003-12-08,1.2641,3.7263,2.9450,-0.093
2003-12-09,1.2758,3.7941,2.9355,-1.291
2003-12-10,1.2831,3.7763,2.9450,0.066
2003-12-11,1.3343,3.9241,2.9450,0.137
2003-12-12,1.3311,3.9312,2.9440,-0.320
2003-12-15,1.3340,3.8874,2.9220,0.271
2003-12-16,1.3176,3.8421,2.9375,0.740
2003-12-17,1.3442,3.9356,2.9360,0.280
2003-12-18,1.3796,4.0627,2.9330,-0.405
2003-12-19,1.4050,4.0920,2.9300,0.604
2003-12-22,1.4120,4.1358,2.9250,-0.137
2003-12-23,1.4325,4.1941,2.9100,-0.610
2003-12-24,1.4439,4.1941,2.9140,0.318
2003-12-26,1.4000,4.1357,2.9000,-1.827
2003-12-29,1.4518,4.2089,2.8700,-1.005
2003-12-30,1.4252,4.1943,2.8990,-1.495
2003-12-31,1.4255,4.1943,2.8950,-1.610
2004-01-02,1.4246,4.0883,2.8840,0.494
2004-01-05,1.5465,4.3843,2.8580,0.811
2004-01-06,1.5199,4.3843,2.8575,-0.940
2004-01-07,1.5637,4.4354,2.8690,1.148
2004-01-08,1.5608,4.4427,2.8500,0.125
2004-01-09,1.5541,4.3916,2.8450,0.678
2004-01-12,1.5836,4.4135,2.8070,0.717
2004-01-13,1.5865,4.4866,2.8100,-0.634
2004-01-14,1.5623,4.3550,2.8215,1.214
2004-01-15,1.4921,4.2001,2.8100,-0.174
2004-01-16,1.4728,4.1358,2.8250,0.602
2004-01-20,1.4877,4.1577,2.8380,1.550
2004-01-21,1.4293,4.0920,2.8460,-0.593
2004-01-22,1.4793,4.2087,2.8440,-0.042
2004-01-23,1.5330,4.3696,2.8440,-0.222
2004-01-26,1.5535,4.4573,2.8430,-0.914
2004-01-27,1.5409,4.4135,2.8650,0.028
2004-01-28,1.4632,4.2673,2.8800,-1.251
2004-01-29,1.3854,4.0189,2.9450,1.522
2004-01-30,1.4205,4.0774,2.9240,1.868
2004-02-02,1.4059,4.1066,2.9525,1.078
2004-02-03,1.4322,4.1943,2.9280,-0.019
2004-02-04,1.4135,4.1360,2.9100,-0.549
2004-02-05,1.3854,4.0350,2.9320,0.671
2004-02-06,1.4337,4.1781,2.9420,0.951
2004-02-09,1.4307,4.1725,2.9320,0.537
2004-02-10,1.4249,4.1579,2.9170,-0.036
2004-02-11,1.4939,4.3770,2.9190,-0.374
2004-02-12,1.4547,4.2381,2.9040,-0.323
2004-02-13,1.4293,4.1797,2.9200,-0.148
2004-02-17,1.4176,4.1652,2.9120,-0.893
2004-02-18,1.4474,4.2820,2.9360,-0.757
2004-02-19,1.3922,4.0920,2.9490,0.329
2004-02-20,1.3764,4.0774,2.9720,0.324
2004-02-23,1.3664,4.0774,2.9620,-0.736
2004-02-24,1.3612,4.0774,2.9625,-1.101
2004-02-25,1.3971,4.0847,2.9430,0.662
2004-02-26,1.3749,4.0116,2.9425,0.849
2004-02-27,1.3883,4.0918,2.9150,-1.095
2004-03-01,1.4585,4.2235,2.8905,-0.183
2004-03-02,1.4453,4.1943,2.9070,0.175
2004-03-03,1.4614,4.2381,2.8820,-0.621
2004-03-04,1.4290,4.1919,2.8925,-1.398
2004-03-05,1.4453,4.2016,2.8770,-1.031
2004-03-08,1.4380,4.1797,2.8825,-0.826
2004-03-09,1.4410,4.1651,2.8680,-0.777
2004-03-10,1.3872,4.0481,2.8900,-0.968
2004-03-11,1.3404,3.9020,2.9100,-0.036
2004-03-12,1.3825,3.9897,2.9060,0.699
2004-03-15,1.3568,3.9312,2.9075,0.347
2004-03-16,1.3591,3.9312,2.9020,0.329
2004-03-17,1.3737,3.9824,2.9130,0.485
2004-03-18,1.3708,3.9970,2.9200,0.145
2004-03-19,1.3679,3.9824,2.9010,-0.355
2004-03-22,1.3542,3.9371,2.9120,0.158
2004-03-23,1.3138,3.8655,2.9210,-0.719
2004-03-24,1.2904,3.7851,2.9290,-0.143
2004-03-25,1.2548,3.7048,2.9400,-0.427
2004-03-26,1.2749,3.7485,2.9380,-0.074
2004-03-29,1.3182,3.8655,2.9390,0.226
2004-03-30,1.3682,3.9868,2.9190,0.175
2004-03-31,1.3670,3.9517,2.9070,0.562
2004-04-01,1.4205,4.0774,2.8925,0.771
2004-04-02,1.4380,4.1433,2.8985,0.600
2004-04-05,1.4456,4.1431,2.8820,0.560
2004-04-06,1.4497,4.1504,2.8740,0.388
2004-04-07,1.4287,4.0993,2.8760,0.235
2004-04-08,1.4100,4.0540,2.8770,0.062
2004-04-12,1.4152,4.0905,2.8880,-0.081
2004-04-13,1.4000,4.0554,2.8880,-0.299
2004-04-14,1.3872,4.0189,2.8955,-0.058
2004-04-15,1.3328,3.9166,2.9160,-0.769
2004-04-16,1.3436,3.9239,2.9150,-0.184
2004-04-19,1.3471,3.9371,2.9150,-0.258
2004-04-20,1.3153,3.8375,2.9210,0.114
2004-04-21,1.2934,3.8375,2.9325,-1.167
2004-04-22,1.2919,3.7659,2.9270,0.410
2004-04-23,1.2954,3.7659,2.9135,0.218
2004-04-26,1.2706,3.6974,2.9130,0.101
2004-04-27,1.2612,3.6534,2.9185,0.751
2004-04-28,1.1978,3.5293,2.9395,-0.240
2004-04-29,1.1446,3.3905,2.9590,-0.108
2004-04-30,1.1586,3.4051,2.9440,0.172
2004-05-03,1.1560,3.4563,2.9620,-0.933
2004-05-04,1.1779,3.5147,2.9680,-0.532
2004-05-05,1.1808,3.5118,2.9640,-0.337
2004-05-06,1.1165,3.4124,2.9950,-2.005
2004-05-07,1.0975,3.3627,3.0840,0.656
2004-05-10,1.0367,3.2590,3.1050,-1.225
2004-05-11,1.1136,3.4300,3.0850,0.161
2004-05-12,1.0762,3.3474,3.1265,0.518
2004-05-13,1.0777,3.4051,3.1200,-1.258
2004-05-14,1.1043,3.4343,3.0920,-0.582
2004-05-17,1.0762,3.3905,3.1260,-0.776
2004-05-18,1.1154,3.4928,3.1220,-0.305
2004-05-19,1.1458,3.6462,3.1140,-2.149
2004-05-20,1.1098,3.5951,3.2085,-0.954
2004-05-21,1.1180,3.5809,3.1870,-0.500
2004-05-24,1.1276,3.6024,3.2015,0.214
2004-05-25,1.1656,3.7120,3.1475,-1.163
2004-05-26,1.1662,3.7485,3.1800,-1.067
2004-05-27,1.2188,3.8289,3.1475,0.191
2004-05-28,1.2349,3.8289,3.1110,0.336
2004-06-01,1.2264,3.8728,3.1550,-0.088
2004-06-02,1.2375,3.8947,3.1300,-0.545
2004-06-03,1.2141,3.8435,3.1440,-0.683
2004-06-04,1.2378,3.8786,3.1300,-0.109
2004-06-07,1.3007,4.0481,3.1160,0.117
2004-06-08,1.2802,3.9984,3.1195,-0.121
2004-06-09,1.2562,3.9254,3.1130,-0.375
2004-06-10,1.2253,3.9254,3.1130,-2.832
2004-06-14,1.1922,3.7997,3.1620,-0.786
2004-06-15,1.2437,3.8999,3.1280,-0.250
2004-06-16,1.2668,3.9605,3.1495,0.738
2004-06-17,1.2422,3.8874,3.1240,-0.173
2004-06-18,1.2384,3.8583,3.1425,0.866
2004-06-21,1.2457,3.9027,3.1290,-0.125
2004-06-22,1.2261,3.8479,3.1350,-0.104
2004-06-23,1.2413,3.8874,3.1285,-0.100
2004-06-24,1.2717,3.9238,3.1030,0.571
2004-06-25,1.2831,3.9895,3.1100,0.025
2004-06-28,1.2790,4.0041,3.1375,0.220
2004-06-29,1.3416,4.1688,3.1200,0.405
2004-06-30,1.3632,4.2089,3.1050,0.568
2004-07-01,1.3910,4.2381,3.0830,1.186
2004-07-02,1.3939,4.2049,3.0410,0.807
2004-07-06,1.3533,4.1212,3.0435,-0.061
2004-07-07,1.3416,4.0774,3.0300,-0.303
2004-07-08,1.3255,4.0481,3.0430,-0.361
2004-07-09,1.3474,4.0481,3.0440,1.320
2004-07-12,1.3767,4.1665,3.0425,0.527
2004-07-13,1.3922,4.2089,3.0460,0.751
2004-07-14,1.3983,4.2074,3.0270,0.599
2004-07-15,1.4065,4.2308,3.0250,0.562
2004-07-16,1.4319,4.2966,3.0000,-0.020
2004-07-19,1.4158,4.2352,2.9980,0.223
2004-07-20,1.4161,4.2527,3.0025,-0.020
2004-07-21,1.3764,4.1358,3.0435,1.285
2004-07-22,1.3416,4.0364,3.0430,1.140
2004-07-23,1.3299,4.0483,3.0455,0.047
2004-07-26,1.2872,3.9605,3.0720,-0.154
2004-07-27,1.3676,4.1651,3.0630,0.574
2004-07-28,1.3416,4.1155,3.0540,-0.445
2004-07-29,1.3550,4.1066,3.0330,0.078
2004-07-30,1.3515,4.1211,3.0275,-0.712
2004-08-02,1.3530,4.1358,3.0505,-0.207
2004-08-03,1.3574,4.1323,3.0540,0.317
2004-08-04,1.3784,4.1878,3.0580,0.653
2004-08-05,1.3164,4.0189,3.0580,0.169
2004-08-06,1.3533,4.1212,3.0400,-0.176
2004-08-09,1.3582,4.1357,3.0395,-0.176
2004-08-10,1.3913,4.2121,3.0220,-0.182
2004-08-11,1.3679,4.1241,3.0380,0.764
2004-08-12,1.3778,4.1577,3.0345,0.560
2004-08-13,1.3734,4.1649,3.0200,-0.411
2004-08-16,1.3942,4.1651,3.0155,0.940
2004-08-17,1.4421,4.2922,2.9960,0.662
2004-08-18,1.4980,4.4427,2.9890,0.780
2004-08-19,1.5175,4.5421,2.9780,-0.503
2004-08-20,1.5447,4.5630,2.9780,0.815
2004-08-23,1.5038,4.4721,2.9680,-0.197
2004-08-24,1.5269,4.5129,2.9540,-0.054
2004-08-25,1.5371,4.5231,2.9490,0.218
2004-08-26,1.5003,4.3989,2.9560,0.818
2004-08-27,1.4950,4.4135,2.9585,0.217
2004-08-30,1.4933,4.4062,2.9440,-0.226
2004-08-31,1.4731,4.3404,2.9400,-0.218
2004-09-01,1.4842,4.3258,2.9280,0.462
2004-09-02,1.4994,4.3843,2.9370,0.445
2004-09-03,1.4778,4.3039,2.9285,0.553
2004-09-07,1.5126,4.2966,2.9120,2.514
2004-09-08,1.5099,4.3696,2.9020,0.279
2004-09-09,1.5114,4.3730,2.9070,0.472
2004-09-10,1.5096,4.3696,2.9020,0.260
2004-09-13,1.5146,4.4091,2.9070,-0.139
2004-09-14,1.5424,4.4793,2.9150,0.375
2004-09-15,1.5403,4.4575,2.9075,0.472
2004-09-16,1.5906,4.5962,2.8910,0.050
2004-09-17,1.6333,4.6912,2.8755,0.114
2004-09-20,1.6473,4.6912,2.8640,0.570
2004-09-21,1.6309,4.6765,2.8755,0.283
2004-09-22,1.6193,4.6415,2.8710,0.160
2004-09-23,1.5959,4.5669,2.8725,0.377
2004-09-24,1.5973,4.5816,2.8670,-0.044
2004-09-27,1.6114,4.6327,2.8720,-0.105
2004-09-28,1.6233,4.6327,2.8650,0.393
2004-09-29,1.6312,4.6181,2.8560,0.882
2004-09-30,1.6222,4.6400,2.8640,0.127
2004-10-01,1.6996,4.8227,2.8400,0.088
2004-10-04,1.7069,4.8154,2.8240,0.104
2004-10-05,1.7005,4.8081,2.8230,-0.157
2004-10-06,1.6961,4.8809,2.8370,-1.413
2004-10-07,1.6903,4.8081,2.8545,0.350
2004-10-08,1.7318,4.8949,2.8175,-0.318
2004-10-11,1.7420,4.9250,2.8175,-0.342
2004-10-12,1.7236,4.9250,2.8260,-1.098
2004-10-13,1.7175,4.8665,2.8410,0.263
2004-10-14,1.6625,4.7496,2.8675,0.371
2004-10-15,1.6760,4.7929,2.8570,-0.097
2004-10-18,1.6587,4.7642,2.8575,-0.513
2004-10-19,1.6561,4.7715,2.8760,-0.181
2004-10-20,1.6903,4.8227,2.8870,1.185
2004-10-21,1.7522,5.0216,2.8510,-0.517
2004-10-22,1.7452,5.0127,2.8520,-0.704
2004-10-25,1.7172,4.9544,2.8820,-0.111
2004-10-26,1.7347,4.9601,2.8710,0.409
2004-10-27,1.7435,5.0127,2.8600,-0.525
2004-10-28,1.7712,5.0622,2.8640,0.210
2004-10-29,1.7683,5.0565,2.8520,-0.262
2004-11-01,1.7634,5.0273,2.8630,0.421
2004-11-03,1.7756,4.9981,2.8250,0.362
2004-11-04,1.7908,5.0273,2.8120,0.169
2004-11-05,1.7879,4.9761,2.8150,1.142
2004-11-08,1.7245,4.8665,2.8330,0.389
2004-11-09,1.7569,4.9542,2.8260,0.219
2004-11-10,1.8116,5.0857,2.8180,0.379
2004-11-11,1.8011,5.0507,2.8180,0.489
2004-11-12,1.8165,5.0711,2.7920,0.013
2004-11-15,1.8104,5.0711,2.7910,-0.360
2004-11-16,1.7894,4.9834,2.7780,-0.253
2004-11-17,1.8370,5.0127,2.7600,1.146
2004-11-18,1.7829,4.9381,2.7675,-0.078
2004-11-19,1.7797,4.9542,2.7753,-0.302
2004-11-22,1.7859,4.9396,2.7595,-0.233
2004-11-23,1.7552,4.8414,2.7490,-0.340
2004-11-24,1.7861,4.9178,2.7425,-0.393
2004-11-26,1.8297,5.0127,2.7277,-0.435
2004-11-29,1.8443,5.0840,2.7440,-0.456
2004-11-30,1.8841,5.1733,2.7310,-0.539
2004-12-01,1.9685,5.2757,2.7030,0.857
2004-12-02,1.9598,5.3926,2.7285,-0.842
2004-12-03,2.0095,5.4729,2.6965,-0.994
2004-12-06,2.0340,5.5825,2.7170,-1.005
2004-12-07,1.9802,5.4876,2.7370,-1.235
2004-12-08,2.0203,5.4949,2.7610,1.511
2004-12-09,1.9890,5.5096,2.7800,0.360
2004-12-10,2.0530,5.6995,2.7780,0.065
2004-12-13,2.1015,5.8018,2.7600,-0.028
2004-12-14,2.0963,5.8302,2.7678,-0.483
2004-12-15,2.1264,5.8018,2.7350,0.237
2004-12-16,2.1053,5.8018,2.7350,-0.755
2004-12-17,2.1115,5.7215,2.7130,0.121
2004-12-20,2.1044,5.6338,2.6840,0.258
2004-12-21,2.1144,5.6995,2.6890,-0.245
2004-12-22,2.1410,5.8238,2.7040,-0.593
2004-12-23,2.2170,5.9334,2.6930,0.623
2004-12-27,2.1834,5.8457,2.6940,0.621
2004-12-28,2.2114,5.9041,2.6900,0.755
2004-12-29,2.1989,5.8749,2.6825,0.400
2004-12-30,2.1986,5.8311,2.6510,-0.046
2004-12-31,2.1971,5.8311,2.6550,0.038
2005-01-03,2.2132,5.9627,2.6695,-0.917
2005-01-04,2.1585,5.8895,2.7020,-0.971
2005-01-05,2.1483,5.8311,2.6970,-0.637
2005-01-06,2.0986,5.7580,2.7190,-0.901
2005-01-07,2.1150,5.7507,2.7095,-0.351
2005-01-10,2.1112,5.7871,2.6955,-1.666
2005-01-11,2.0723,5.7098,2.7120,-1.571
2005-01-12,2.1044,5.6265,2.6961,0.841
2005-01-13,2.1094,5.7872,2.6990,-1.623
2005-01-14,2.1483,5.8166,2.7040,-0.131
2005-01-18,2.1006,5.7288,2.7130,-0.519
2005-01-19,2.1366,5.8311,2.7040,-0.921
2005-01-20,2.0942,5.7288,2.7227,-0.469
2005-01-21,2.1103,5.6922,2.6902,-0.266
2005-01-24,2.0986,5.7142,2.6795,-1.592
2005-01-26,2.1237,5.6117,2.6673,0.943
2005-01-27,2.0694,5.5240,2.6635,-0.222
2005-01-28,2.0811,5.5388,2.6477,-0.519
2005-01-31,2.1875,5.6995,2.6115,0.228
2005-02-01,2.2257,5.8186,2.6050,-0.354
2005-02-02,2.2860,5.9772,2.6175,0.105
2005-02-03,2.3532,6.1818,2.6042,-0.868
2005-02-04,2.4347,6.4010,2.6000,-1.105
2005-02-09,2.4350,6.3426,2.6075,0.106
2005-02-10,2.3997,6.3280,2.6110,-0.987
2005-02-11,2.4540,6.3265,2.6065,1.105
2005-02-14,2.5385,6.5470,2.5820,0.112
2005-02-15,2.5487,6.6201,2.5728,-0.948
2005-02-16,2.5034,6.4889,2.5910,-0.039
2005-02-17,2.5297,6.5326,2.5640,-0.709
2005-02-18,2.4569,6.3223,2.5660,-0.281
2005-02-22,2.4666,6.4522,2.5922,-0.903
2005-02-23,2.4873,6.4595,2.5800,-0.652
2005-02-24,2.5838,6.7810,2.6025,-0.836
2005-02-25,2.5692,6.6933,2.6265,0.816
2005-02-28,2.5329,6.5764,2.5846,-0.453
2005-03-01,2.5283,6.6204,2.6103,-0.315
2005-03-02,2.5429,6.6935,2.6270,-0.199
2005-03-03,2.5958,6.9418,2.6980,0.888
2005-03-04,2.6627,7.1025,2.6513,-0.604
2005-03-07,2.6408,7.0733,2.6539,-0.917
2005-03-08,2.6130,7.0557,2.6925,-0.286
2005-03-09,2.5484,6.9416,2.7186,-0.194
2005-03-10,2.5341,6.9052,2.7290,0.150
2005-03-11,2.5297,6.8687,2.6975,-0.652
2005-03-14,2.4552,6.7693,2.7530,-0.150
2005-03-15,2.4187,6.7050,2.7755,0.119
2005-03-16,2.4566,6.8102,2.7440,-1.016
2005-03-17,2.5151,6.8687,2.7345,0.129
2005-03-18,2.4575,6.6787,2.7090,-0.318
2005-03-21,2.3719,6.4595,2.7220,-0.050
2005-03-22,2.3354,6.3718,2.7080,-0.748
2005-03-23,2.2637,6.1891,2.7455,0.420
2005-03-24,2.3482,6.4595,2.7415,-0.338
2005-03-28,2.2985,6.3060,2.7439,0.014
2005-03-29,2.2769,6.1672,2.7053,-0.122
2005-03-30,2.3462,6.2695,2.6755,0.122
2005-03-31,2.3719,6.3572,2.6660,-0.531
2005-04-01,2.3821,6.3426,2.6572,-0.202
2005-04-04,2.3628,6.2695,2.6570,0.136
2005-04-05,2.3792,6.2622,2.6248,-0.276
2005-04-06,2.4026,6.2549,2.6023,-0.042
2005-04-07,2.4122,6.2841,2.5950,-0.388
2005-04-08,2.4040,6.2403,2.5910,-0.183
2005-04-11,2.4324,6.2987,2.5753,-0.549
2005-04-12,2.4236,6.2476,2.5980,0.784
2005-04-13,2.4435,6.2549,2.5550,-0.188
2005-04-14,2.3631,6.1086,2.5710,-0.540
2005-04-15,2.2903,6.0079,2.5875,-1.359
2005-04-18,2.3409,6.0795,2.6190,0.844
2005-04-19,2.4111,6.2257,2.5840,0.072
2005-04-20,2.3760,6.0897,2.5600,-0.119
2005-04-22,2.4280,6.2695,2.5339,-1.869
2005-04-25,2.5031,6.3133,2.5260,0.151
2005-04-26,2.5537,6.4887,2.5420,0.043
2005-04-27,2.6078,6.5912,2.5135,-0.555
2005-04-28,2.4765,6.2476,2.5230,0.011
2005-04-29,2.5005,6.4595,2.5330,-1.947
2005-05-02,2.5794,6.4741,2.5147,0.191
2005-05-03,2.5429,6.3179,2.5020,0.703
2005-05-04,2.6832,6.5910,2.4750,0.756
2005-05-05,2.6460,6.5033,2.4700,0.498
2005-05-06,2.6446,6.4741,2.4668,0.766
2005-05-09,2.6572,6.4595,2.4528,0.898
2005-05-10,2.5321,6.2403,2.4742,0.393
2005-05-11,2.5458,6.1820,2.4800,2.129
2005-05-12,2.4490,6.0211,2.4610,0.101
2005-05-13,2.4531,6.0941,2.4630,-0.854
2005-05-16,2.4961,6.1818,2.4780,0.057
2005-05-17,2.5017,6.2110,2.4775,-0.212
2005-05-18,2.5437,6.2547,2.4625,0.148
2005-05-19,2.5496,6.2476,2.4455,-0.201
2005-05-20,2.5399,6.2110,2.4525,0.293
2005-05-23,2.5224,6.1380,2.4300,-0.139
2005-05-24,2.5268,6.1234,2.4339,0.435
2005-05-25,2.5385,6.1380,2.4075,-0.433
2005-05-27,2.5736,6.1817,2.3960,-0.249
2005-05-31,2.5701,6.1964,2.4110,-0.000
2005-06-01,2.6162,6.3715,2.4420,0.272
2005-06-02,2.7779,6.7225,2.4166,-0.142
2005-06-03,2.7583,6.7097,2.4081,-1.005
2005-06-06,2.6911,6.6349,2.4760,0.425
2005-06-07,2.6437,6.5033,2.4560,-0.159
2005-06-08,2.6481,6.5106,2.4398,-0.765
2005-06-09,2.6095,6.4741,2.4887,0.312
2005-06-10,2.6107,6.4595,2.4670,-0.293
2005-06-13,2.6420,6.4376,2.4588,0.908
2005-06-14,2.6563,6.4741,2.4610,0.973
2005-06-15,2.6282,6.3791,2.4443,0.706
2005-06-16,2.6598,6.3572,2.4095,0.811
2005-06-17,2.6773,6.4098,2.3920,-0.088
2005-06-20,2.6662,6.3864,2.3825,-0.535
2005-06-21,2.6686,6.2989,2.3790,0.788
2005-06-22,2.6633,6.3236,2.3760,0.070
2005-06-23,2.5633,6.1672,2.3925,-0.558
2005-06-24,2.5969,6.1803,2.3800,0.006
2005-06-27,2.6504,6.2841,2.3812,0.431
2005-06-28,2.6861,6.3864,2.3693,-0.348
2005-06-29,2.6840,6.3263,2.3493,-0.327
2005-06-30,2.7036,6.3133,2.3570,0.936
2005-07-01,2.7182,6.4156,2.3480,-0.518
2005-07-05,2.6741,6.3572,2.3623,-0.631
2005-07-06,2.6306,6.2563,2.3867,0.352
2005-07-07,2.6721,6.3791,2.3854,-0.081
2005-07-08,2.6802,6.4156,2.3693,-1.018
2005-07-11,2.7533,6.4668,2.3455,-0.137
2005-07-12,2.7825,6.5324,2.3353,-0.525
2005-07-13,2.7951,6.5691,2.3455,-0.200
2005-07-14,2.8033,6.5676,2.3370,-0.248
2005-07-15,2.7709,6.4675,2.3384,0.183
2005-07-18,2.8021,6.5326,2.3265,-0.205
2005-07-19,2.7606,6.4522,2.3420,0.205
2005-07-20,2.7767,6.5163,2.3575,0.456
2005-07-21,2.7606,6.5030,2.3500,-0.239
2005-07-22,2.6680,6.4010,2.3773,-0.913
2005-07-25,2.4891,6.1378,2.4190,-1.901
2005-07-26,2.5326,6.1818,2.4365,-0.178
2005-07-27,2.6379,6.4010,2.4430,0.676
2005-07-28,2.7299,6.6056,2.4140,-0.236
2005-07-29,2.7463,6.5910,2.3855,-0.602
2005-08-01,2.8319,6.7372,2.3770,-0.083
2005-08-02,2.9667,6.9622,2.3497,0.124
2005-08-03,2.9337,6.7925,2.3090,-0.276
2005-08-04,2.8957,6.6933,2.2965,-0.649
2005-08-05,2.8623,6.6129,2.3005,-0.425
2005-08-08,2.8922,6.7372,2.3095,-0.857
2005-08-09,2.9769,6.8131,2.3120,1.020
2005-08-10,3.0281,6.9271,2.2745,-0.575
2005-08-11,2.9217,6.8532,2.3305,-0.645
2005-08-12,2.8711,6.7810,2.3735,0.495
2005-08-15,2.9889,7.0002,2.3420,-0.003
2005-08-16,2.9494,6.9271,2.3450,-0.154
2005-08-17,2.9372,6.9359,2.3510,-0.442
2005-08-18,2.8714,6.8395,2.3690,-0.542
2005-08-19,2.7355,6.6575,2.4500,0.668
2005-08-22,2.8615,6.8131,2.3971,0.676
2005-08-23,2.8352,6.8321,2.4020,-0.323
2005-08-24,2.8246,6.9534,2.4205,-1.674
2005-08-25,2.9126,7.0572,2.4186,-0.181
2005-08-26,2.8682,6.9271,2.4200,0.200
2005-08-29,2.9532,7.0441,2.4106,1.065
2005-08-30,2.9477,7.0733,2.3884,-0.467
2005-08-31,3.0626,7.2048,2.3540,0.062
2005-09-01,3.0731,7.2501,2.3645,0.223
2005-09-02,3.1494,7.3355,2.3405,0.486
2005-09-06,3.2829,7.6945,2.3281,-0.670
2005-09-08,3.2794,7.5994,2.3153,-0.086
2005-09-09,3.3203,7.6871,2.3209,0.249
2005-09-12,3.2984,7.6403,2.3193,0.127
2005-09-13,3.1459,7.3802,2.3288,-0.733
2005-09-14,3.1274,7.2925,2.3345,0.117
2005-09-15,3.1806,7.3159,2.3010,0.038
2005-09-16,3.2110,7.3911,2.2920,-0.425
2005-09-19,3.3081,7.6571,2.2875,-1.174
2005-09-20,3.3592,7.7746,2.2963,-0.782
2005-09-21,3.4782,7.8975,2.2823,0.516
2005-09-22,3.4443,7.8332,2.2870,0.560
2005-09-23,3.4533,7.8332,2.2725,0.185
2005-09-26,3.4758,7.8011,2.2628,0.821
2005-09-27,3.3727,7.6140,2.2555,-0.091
2005-09-28,3.4197,7.6418,2.2417,0.317
2005-09-29,3.4636,7.6578,2.2215,0.476
2005-09-30,3.4682,7.7821,2.2125,-1.395
2005-10-03,3.6004,7.9940,2.2350,0.661
2005-10-04,3.5387,7.9794,2.2440,-0.483
2005-10-05,3.4156,7.7309,2.2630,-0.017
2005-10-06,3.3040,7.5555,2.2755,-0.494
2005-10-07,3.5410,7.9341,2.2530,0.553
2005-10-10,3.4563,7.8025,2.2530,-0.200
2005-10-11,3.5425,7.9282,2.2350,-0.136
2005-10-13,3.3613,7.5541,2.2625,0.672
2005-10-14,3.3408,7.4971,2.2475,0.152
2005-10-17,3.4358,7.9063,2.2295,-3.114
2005-10-18,3.4270,7.6140,2.2405,0.844
2005-10-19,3.3569,7.3904,2.2513,2.259
2005-10-20,3.1874,7.1756,2.2360,-0.678
2005-10-21,3.2502,7.3071,2.2760,1.236
2005-10-24,3.3335,7.6140,2.2630,-0.923
2005-10-25,3.2853,7.3509,2.2582,0.923
2005-10-26,3.3262,7.5994,2.2686,-0.705
2005-10-27,3.2414,7.3816,2.2868,0.418
2005-10-28,3.3350,7.4825,2.2665,1.019
2005-10-31,3.5016,7.8785,2.2478,-0.098
2005-11-01,3.5454,7.8405,2.2515,1.811
2005-11-03,3.4899,7.7236,2.2200,0.310
2005-11-04,3.4928,7.7309,2.2220,0.389
2005-11-07,3.5381,7.8405,2.1979,-0.818
2005-11-08,3.6711,8.0086,2.2025,0.961
2005-11-09,3.6959,8.0364,2.1698,-0.211
2005-11-10,3.7266,8.0656,2.1714,0.327
2005-11-11,3.6536,7.8756,2.1714,0.733
2005-11-14,3.5922,7.8756,2.2025,0.459
2005-11-16,3.6901,8.0305,2.1980,1.000
2005-11-17,3.8669,8.3959,2.1840,0.589
2005-11-18,3.6813,8.1255,2.2259,0.846
2005-11-21,3.6638,8.1109,2.2130,-0.036
2005-11-22,3.6448,8.1547,2.2545,0.766
2005-11-23,3.6682,8.2000,2.2335,-0.088
2005-11-25,3.6959,8.2497,2.2304,-0.076
2005-11-28,3.7749,8.2979,2.2040,0.263
2005-11-29,3.7369,8.1840,2.1908,0.034
2005-11-30,3.7062,8.1840,2.2010,-0.326
2005-12-01,3.8070,8.3739,2.2090,0.427
2005-12-02,3.8450,8.4762,2.2040,-0.022
2005-12-05,3.8932,8.5566,2.1945,-0.151
2005-12-06,4.0262,8.6881,2.1695,0.538
2005-12-07,3.9268,8.5654,2.1870,0.264
2005-12-08,3.7412,8.2351,2.2120,0.492
2005-12-09,3.6959,8.2570,2.2420,0.354
2005-12-12,3.7193,8.4032,2.2590,-0.015
2005-12-13,3.7719,8.4470,2.2550,0.695
2005-12-14,3.6974,8.4032,2.2848,0.531
2005-12-15,3.6272,8.3739,2.2965,-0.525
2005-12-16,3.5922,8.3447,2.3365,0.580
2005-12-19,3.4329,8.2424,2.3755,-1.063
2005-12-20,3.4373,8.0890,2.3523,-0.043
2005-12-21,3.5556,8.2278,2.3085,-0.238
2005-12-22,3.6053,8.3301,2.3230,0.541
2005-12-23,3.5878,8.3301,2.3115,-0.443
2005-12-27,3.5133,8.1986,2.3640,1.302
2005-12-28,3.5030,8.1693,2.3500,0.768
2005-12-29,3.5396,8.2278,2.3297,0.223
2006-01-03,3.6609,8.4689,2.3320,0.805
2006-01-04,3.8172,8.7101,2.3020,0.886
2006-01-05,3.8216,8.6516,2.2810,0.757
2006-01-06,3.9458,8.9585,2.2875,0.754
2006-01-09,3.9809,8.8986,2.2600,1.104
2006-01-10,3.9488,8.9132,2.2564,-0.036
2006-01-11,3.9736,9.0316,2.2720,-0.039
2006-01-12,3.9824,8.9892,2.2616,0.193
2006-01-13,3.9882,9.1047,2.2652,-0.775
2006-01-17,3.9531,9.0725,2.2945,-0.022
2006-01-18,3.8742,8.9351,2.3230,0.724
2006-01-19,4.0335,9.3692,2.3310,0.352
2006-01-20,4.0438,9.3093,2.2780,-1.048
2006-01-23,4.0774,9.1806,2.2570,0.239
2006-01-24,4.2133,9.3516,2.2360,0.741
2006-01-25,4.2177,9.3516,2.2430,1.161
2006-01-26,4.3813,9.6454,2.2304,1.314
2006-01-27,4.2747,9.4992,2.2045,-0.797
2006-01-30,4.2893,9.5358,2.2075,-0.705
2006-01-31,4.4500,9.8208,2.2094,0.113
2006-02-01,4.5012,10.0239,2.2170,-0.447
2006-02-02,4.3653,9.7915,2.2250,-0.805
2006-02-03,4.2586,9.4700,2.2184,-0.240
2006-02-06,4.3843,9.6015,2.1845,-0.251
2006-02-07,4.2688,9.3692,2.1901,-0.214
2006-02-08,4.3507,9.4992,2.1952,0.540
2006-02-09,4.4442,9.7915,2.1700,-1.508
2006-02-10,4.6152,10.0093,2.1632,-0.257
2006-02-13,4.5830,9.9377,2.1519,-0.759
2006-02-14,4.6152,9.8134,2.1375,0.525
2006-02-15,4.6809,9.9815,2.1295,-0.135
2006-02-16,4.9747,10.4930,2.1160,0.318
2006-02-17,4.9235,10.3322,2.1170,0.879
2006-02-21,4.8066,10.3322,2.1240,-1.190
2006-02-22,4.7891,10.2007,2.1430,0.610
2006-02-23,4.7204,10.0823,2.1375,0.074
2006-02-24,4.7233,10.0400,2.1293,0.173
2006-02-27,4.8110,10.0400,2.1485,2.953
2006-02-28,4.7759,10.0400,2.1180,0.751
2006-03-01,4.8885,10.3615,2.1200,0.020
2006-03-02,4.8738,10.2139,2.1141,0.880
2006-03-03,4.8519,10.2665,2.1220,0.285
2006-03-06,4.6561,9.8938,2.1190,-0.279
2006-03-07,4.5012,9.7184,2.1667,0.352
2006-03-08,4.4018,9.4992,2.1933,1.634
2006-03-09,4.2995,9.2070,2.1650,1.102
2006-03-10,4.4471,9.4408,2.1485,1.206
2006-03-13,4.5742,9.8208,2.1320,-0.697
2006-03-14,4.7262,10.0210,2.1231,0.133
2006-03-15,4.7978,10.1130,2.1256,0.843
2006-03-16,4.7920,10.1057,2.1030,-0.279
2006-03-17,4.7642,10.1423,2.1207,-0.382
2006-03-20,4.7292,10.1160,2.1349,-0.194
2006-03-21,4.5947,9.8646,2.1557,0.408
2006-03-22,4.7555,10.2592,2.1594,0.095
2006-03-23,4.6575,10.0692,2.1540,-0.366
2006-03-24,4.7189,10.1350,2.1520,0.199
2006-03-27,4.5596,9.8500,2.2010,1.886
2006-03-28,4.3287,9.6454,2.2233,-0.221
2006-03-29,4.3550,9.6147,2.2175,0.443
2006-03-30,4.3930,9.5679,2.1910,0.598
2006-03-31,4.3507,9.3531,2.1720,1.032
2006-04-03,4.5713,9.7404,2.1430,0.575
2006-04-04,4.6254,9.9084,2.1300,-0.569
2006-04-05,4.6809,10.0093,2.1290,-0.435
2006-04-06,4.6912,9.9684,2.1355,0.498
2006-04-07,4.5947,9.8134,2.1390,0.149
2006-04-10,4.4530,9.5285,2.1483,0.397
2006-04-11,4.3843,9.3969,2.1485,0.241
2006-04-12,4.3638,9.2727,2.1385,0.639
2006-04-13,4.3127,9.2070,2.1380,0.147
2006-04-17,4.3521,9.3005,2.1339,-0.145
2006-04-18,4.4793,9.4408,2.1280,0.965
2006-04-19,4.5377,9.6088,2.1200,0.116
2006-04-20,4.5816,9.5285,2.1235,2.104
2006-04-21,4.6006,9.5285,2.1199,2.353
2006-04-24,4.5041,9.4554,2.1154,0.768
2006-04-25,4.4778,9.4846,2.1195,0.064
2006-04-26,4.5947,9.7184,2.1190,0.183
2006-04-27,4.5421,9.5285,2.1040,0.295
2006-04-28,4.6473,9.6162,2.0900,1.006
2006-05-01,4.6795,9.6162,2.0785,1.145
2006-05-02,4.8870,10.0093,2.0680,0.969
2006-05-03,4.8914,10.0838,2.0685,0.337
2006-05-04,4.9498,10.2212,2.0635,-0.070
2006-05-05,5.0931,10.5047,2.0549,-0.371
2006-05-08,5.2275,10.7648,2.0605,0.060
2006-05-09,5.2743,10.7926,2.0600,0.671
2006-05-10,5.1121,10.5222,2.0555,-0.137
2006-05-11,4.8738,10.2007,2.0925,-0.022
2006-05-12,4.7409,10.2796,2.1340,-1.582
2006-05-15,4.5626,9.7930,2.1680,1.007
2006-05-16,4.6459,9.8938,2.1446,0.704
2006-05-17,4.4164,9.7199,2.1870,-0.630
2006-05-18,4.3770,9.5431,2.2045,1.110
2006-05-19,4.2703,9.3604,2.2000,0.365
2006-05-22,3.9429,8.9147,2.2973,1.608
2006-05-23,3.8874,8.8284,2.2535,-0.773
2006-05-24,3.6331,8.7247,2.3580,-1.809
2006-05-25,3.9984,9.1777,2.3105,0.661
2006-05-26,4.2001,9.5577,2.2580,-0.772
2006-05-30,3.9458,8.9731,2.3150,1.800
2006-05-31,3.8932,8.8416,2.3007,1.307
2006-06-01,4.1855,9.3385,2.2697,1.728
2006-06-02,4.1621,9.4116,2.2855,1.073
2006-06-05,3.9984,9.1193,2.2510,-1.302
2006-06-06,3.9473,8.8854,2.2695,0.821
2006-06-07,3.7734,8.4675,2.2585,0.646
2006-06-08,3.6682,8.3009,2.2865,1.041
2006-06-09,3.6638,8.3447,2.2645,-0.576
2006-06-12,3.4548,7.9794,2.2625,-2.041
2006-06-13,3.3203,7.6929,2.2920,-1.075
2006-06-14,3.3949,7.6944,2.2825,0.707
2006-06-15,3.6901,7.6944,2.2610,8.434
2006-06-16,3.6945,8.3301,2.2510,-0.166
2006-06-19,3.6506,8.3009,2.2320,-1.839
2006-06-20,3.7909,8.4762,2.2416,0.254
2006-06-21,3.9312,8.8124,2.2415,-0.006
2006-06-22,3.8786,8.6238,2.2335,0.453
2006-06-23,3.9137,8.7831,2.2470,0.124
2006-06-26,3.9575,8.7700,2.2277,0.527
2006-06-27,3.8012,8.5128,2.2300,-0.425
2006-06-28,3.8421,8.4909,2.2275,0.793
2006-06-29,4.1782,9.0316,2.2055,2.031
2006-06-30,4.2615,9.2216,2.1640,0.004
2006-07-03,4.4603,9.6015,2.1595,0.316
2006-07-05,4.2527,9.2946,2.1910,0.249
2006-07-06,4.2937,9.2946,2.1815,0.774
2006-07-07,4.1899,9.2026,2.1683,-1.278
2006-07-10,4.2410,9.1500,2.1712,0.636
2006-07-11,4.2834,9.3531,2.1835,-0.003
2006-07-12,4.1241,9.0900,2.1890,-0.686
2006-07-13,3.9853,8.8562,2.2053,-0.761
2006-07-14,3.9341,8.7028,2.2130,0.040
2006-07-17,3.8859,8.4982,2.2117,1.133
2006-07-18,3.9166,8.5055,2.1963,1.135
2006-07-19,4.2235,9.2055,2.1853,0.262
2006-07-20,4.1417,9.1573,2.1847,-1.190
2006-07-21,4.1577,9.1324,2.1909,-0.254
2006-07-24,4.3346,9.4992,2.1886,-0.132
2006-07-25,4.4208,9.6527,2.2018,0.839
2006-07-26,4.4135,9.6454,2.2054,0.914
2006-07-27,4.3594,9.6015,2.1870,-0.703
2006-07-28,4.5129,9.7184,2.1776,1.119
2006-07-31,4.5099,9.7258,2.1745,0.834
2006-08-01,4.3185,9.4262,2.1875,0.218
2006-08-02,4.3521,9.4130,2.1769,0.649
2006-08-03,4.2586,9.2800,2.1812,0.095
2006-08-04,4.3945,9.5592,2.1720,-0.150
2006-08-07,4.3200,9.4846,2.1775,-0.821
2006-08-08,4.2907,9.3136,2.1849,0.657
2006-08-09,4.2615,9.3166,2.1670,-0.879
2006-08-10,4.3740,9.4262,2.1655,0.486
2006-08-11,4.2834,9.2216,2.1615,0.402
2006-08-14,4.1914,9.0623,2.1555,-0.307
2006-08-15,4.4062,9.4905,2.1458,-0.376
2006-08-16,4.5173,9.6454,2.1290,-0.292
2006-08-17,4.5143,9.7024,2.1315,-0.825
2006-08-18,4.4983,9.6162,2.1490,0.526
2006-08-21,4.4047,9.3531,2.1364,0.611
2006-08-22,4.3989,9.3823,2.1303,-0.121
2006-08-23,4.2820,9.2070,2.1346,-0.724
2006-08-24,4.2410,9.1923,2.1633,-0.192
2006-08-25,4.1943,9.0170,2.1593,0.441
2006-08-28,4.3711,9.3882,2.1468,-0.045
2006-08-29,4.4018,9.3531,2.1431,0.860
2006-08-30,4.4076,9.4116,2.1325,-0.130
2006-08-31,4.4486,9.4276,2.1410,1.026
2006-09-01,4.5845,9.7623,2.1397,0.483
2006-09-05,4.5363,9.6162,2.1250,0.243
2006-09-06,4.3784,9.3984,2.1452,-0.062
2006-09-07,4.3185,9.3984,2.1530,-1.071
2006-09-08,4.3433,9.3823,2.1545,-0.262
2006-09-11,4.2878,9.2391,2.1756,0.968
2006-09-12,4.4588,9.6439,2.1696,0.310
2006-09-13,4.5348,9.8061,2.1630,0.027
2006-09-14,4.4924,9.6746,2.1550,0.068
2006-09-15,4.5538,9.7754,2.1535,0.319
2006-09-18,4.5889,9.8076,2.1405,0.152
2006-09-19,4.4895,9.7155,2.1560,-0.373
2006-09-20,4.4646,9.6454,2.1729,0.579
2006-09-21,4.2600,9.3531,2.1805,-0.685
2006-09-22,4.1840,9.2362,2.2126,0.232
2006-09-25,4.1797,9.2800,2.2308,0.474
2006-09-26,4.2849,9.3706,2.2050,0.828
2006-09-27,4.2966,9.3955,2.1851,-0.075
2006-09-28,4.3916,9.5285,2.1740,0.197
2006-09-29,4.3843,9.5139,2.1664,-0.166
2006-10-02,4.4530,9.6235,2.1570,-0.192
2006-10-03,4.3550,9.4262,2.1713,0.317
2006-10-04,4.6049,9.9976,2.1670,-0.187
2006-10-05,4.7759,10.2855,2.1656,0.557
2006-10-06,4.7233,10.1934,2.1660,0.366
2006-10-09,4.7584,10.2036,2.1660,1.010
2006-10-10,4.8285,10.3249,2.1451,0.317
2006-10-11,4.8052,10.3176,2.1500,0.130
2006-10-12,4.9498,10.3176,2.1490,3.097
2006-10-13,4.9674,10.5368,2.1410,0.933
2006-10-16,4.9338,10.4448,2.1320,0.708
2006-10-17,4.8943,10.3907,2.1360,0.611
2006-10-18,4.8899,10.4199,2.1310,0.005
2006-10-19,4.9016,10.5222,2.1355,-0.521
2006-10-20,4.8811,10.4272,2.1425,0.294
2006-10-23,5.0185,10.7341,2.1375,-0.066
2006-10-24,5.0317,10.7414,2.1435,0.409
2006-10-25,5.0390,10.8145,2.1463,0.006
2006-10-26,5.0799,10.7853,2.1340,0.512
2006-10-27,5.0141,10.6698,2.1350,0.331
2006-10-30,4.8738,10.4872,2.1405,-0.522
2006-10-31,4.8519,10.3030,2.1350,0.542
2006-11-01,4.8329,10.3030,2.1388,0.326
2006-11-02,4.8212,10.3030,2.1425,0.257
2006-11-03,4.8607,10.3615,2.1432,0.540
2006-11-06,4.9001,10.4492,2.1337,0.060
2006-11-07,4.8899,10.4492,2.1350,-0.088
2006-11-08,4.9294,10.6026,2.1428,-0.377
2006-11-09,4.8534,10.3322,2.1410,0.569
2006-11-10,4.8534,10.3235,2.1490,1.031
2006-11-13,4.8300,10.4009,2.1635,0.469
2006-11-14,4.9747,10.7122,2.1555,0.100
2006-11-15,4.9937,10.7122,2.1475,0.109
2006-11-16,4.9454,10.6684,2.1490,-0.381
2006-11-17,4.9601,10.7385,2.1640,-0.046
2006-11-20,4.9308,10.7385,2.1580,-0.911
2006-11-21,4.9162,10.5953,2.1640,0.410
2006-11-22,5.0156,10.8291,2.1620,0.135
2006-11-24,4.9177,10.5515,2.1659,0.945
2006-11-27,4.7423,10.3615,2.1805,-0.201
2006-11-28,4.7949,10.4009,2.1850,0.730
2006-11-29,4.8797,10.6640,2.1775,-0.361
2006-11-30,4.8928,10.5515,2.1665,0.463
2006-12-01,4.8797,10.4272,2.1610,1.129
2006-12-04,4.9498,10.7531,2.1675,-0.227
2006-12-05,5.0273,10.7941,2.1550,0.368
2006-12-06,5.0390,10.9168,2.1474,-0.880
2006-12-07,5.0141,10.7268,2.1410,0.079
2006-12-08,5.0024,10.7517,2.1382,-0.516
2006-12-11,5.0726,10.7941,2.1360,0.380
2006-12-12,4.9995,10.7853,2.1490,-0.383
2006-12-13,5.0448,10.8145,2.1427,-0.046
2006-12-14,5.1281,10.9548,2.1410,0.224
2006-12-15,5.1559,11.0045,2.1450,0.499
2006-12-18,5.1033,10.9460,2.1460,0.051
2006-12-19,5.0901,10.9168,2.1575,0.597
2006-12-20,5.1194,11.0191,2.1565,0.189
2006-12-21,5.1369,11.0483,2.1580,0.336
2006-12-22,5.1311,10.9314,2.1500,0.918
2006-12-26,5.1457,11.0483,2.1430,-0.192
2006-12-27,5.2801,11.2529,2.1472,0.751
2006-12-28,5.2933,11.3114,2.1360,-0.044
2007-01-03,5.3649,11.5087,2.1390,-0.289
2007-01-04,5.3415,11.3991,2.1420,0.372
2007-01-05,5.1734,10.9607,2.1505,1.504
2007-01-08,5.2129,11.1974,2.1500,0.092
2007-01-09,5.0814,10.9577,2.1520,-0.207
2007-01-10,5.1047,10.9621,2.1516,0.194
2007-01-11,5.1734,11.1360,2.1450,-0.350
2007-01-12,5.2407,11.1799,2.1410,0.361
2007-01-16,5.3079,11.2968,2.1426,0.672
2007-01-17,5.2903,11.3772,2.1317,-0.877
2007-01-18,5.2743,11.3041,2.1300,-0.618
2007-01-19,5.3853,11.5452,2.1280,-0.738
2007-01-22,5.3693,11.5160,2.1320,-0.597
2007-01-23,5.3985,11.4722,2.1340,0.420
2007-01-24,5.4599,11.6022,2.1280,0.141
2007-01-26,5.4321,11.6475,2.1350,-0.429
2007-01-29,5.2933,11.3772,2.1370,-0.575
2007-01-30,5.3488,11.4546,2.1330,-0.398
2007-01-31,5.4029,11.4722,2.1225,-0.040
2007-02-01,5.4862,11.4722,2.1052,0.674
2007-02-02,5.4803,11.5745,2.0960,-0.758
2007-02-05,5.5256,11.5803,2.0925,-0.155
2007-02-06,5.5227,11.5087,2.0852,0.063
2007-02-07,5.5227,11.5028,2.0850,0.104
2007-02-08,5.5023,11.5818,2.0970,-0.376
2007-02-09,5.4175,11.3041,2.0993,0.609
2007-02-12,5.3415,11.1799,2.1135,0.978
2007-02-13,5.2918,11.1653,2.1080,-0.091
2007-02-14,5.4657,11.4210,2.0980,0.403
2007-02-15,5.4613,11.3406,2.0870,0.504
2007-02-16,5.3722,11.2237,2.0898,0.027
2007-02-21,5.3722,11.0761,2.0791,0.841
2007-02-22,5.3634,11.2383,2.0740,-1.020
2007-02-23,5.2611,11.0045,2.0870,-0.223
2007-02-26,5.2903,11.0776,2.0828,-0.531
2007-02-27,4.9279,10.4857,2.1045,-1.096
2007-02-28,4.9922,10.6377,2.1200,-0.509
2007-03-01,4.9396,10.4930,2.1230,-0.059
2007-03-02,4.7774,10.1203,2.1210,0.123
2007-03-05,4.6853,9.9377,2.1385,0.824
2007-03-06,4.9703,10.5076,2.1235,0.445
2007-03-07,4.8972,10.3615,2.1140,-0.084
2007-03-08,4.9805,10.5208,2.1034,-0.425
2007-03-09,5.0667,10.6245,2.0955,-0.067
2007-03-12,5.1194,10.6684,2.0915,0.363
2007-03-13,4.9133,10.2446,2.0885,0.165
2007-03-14,4.9411,10.3030,2.1060,0.998
2007-03-15,4.9425,10.3176,2.0900,0.119
2007-03-16,4.8841,10.1203,2.0900,0.863
2007-03-19,5.0682,10.5076,2.0790,0.278
2007-03-20,5.1062,10.5953,2.0753,0.015
2007-03-21,5.3546,10.9972,2.0720,0.888
2007-03-22,5.3444,10.9680,2.0555,0.159
2007-03-23,5.3006,10.9154,2.0670,0.375
2007-03-26,5.3123,10.9460,2.0610,0.023
2007-03-27,5.2450,10.7926,2.0612,0.171
2007-03-28,5.0565,10.4199,2.0740,0.646
2007-03-29,5.1354,10.4667,2.0540,0.779
2007-03-30,5.0887,10.5076,2.0580,-0.334
2007-04-02,5.0682,10.3176,2.0465,0.528
2007-04-03,5.2100,10.6377,2.0370,-0.235
2007-04-04,5.3064,10.7575,2.0308,0.174
2007-04-05,5.3488,10.8408,2.0304,0.179
2007-04-09,5.4146,10.9197,2.0215,0.236
2007-04-10,5.4175,10.9607,2.0310,0.386
2007-04-11,5.2947,10.7414,2.0305,0.088
2007-04-12,5.3546,10.8291,2.0367,0.708
2007-04-13,5.4219,10.9753,2.0192,-0.250
2007-04-16,5.5563,11.2895,2.0316,-0.011
2007-04-17,5.6893,11.5774,2.0317,-0.159
2007-04-18,5.6060,11.4079,2.0380,0.151
2007-04-19,5.6703,11.5160,2.0310,0.004
2007-04-20,5.7726,11.6841,2.0240,-0.002
2007-04-23,5.7156,11.5832,2.0231,-0.172
2007-04-24,5.6031,11.3991,2.0359,0.072
2007-04-25,5.7638,11.6110,2.0221,0.380
2007-04-26,5.7785,11.6563,2.0210,0.188
2007-04-27,5.7361,11.6826,2.0305,-0.304
2007-04-30,5.6382,11.4283,2.0308,0.190
2007-05-02,5.8369,11.7498,2.0243,0.560
2007-05-03,5.9699,12.0348,2.0220,0.302
2007-05-04,5.9947,12.1722,2.0283,-0.107
2007-05-07,6.0678,12.1883,2.0235,0.738
2007-05-08,6.0649,12.2759,2.0245,0.020
2007-05-09,6.3016,12.6121,2.0220,1.030
2007-05-10,6.0459,12.2423,2.0167,-0.405
2007-05-11,6.1993,12.4075,2.0173,0.794
2007-05-14,6.0547,12.1298,2.0103,0.345
2007-05-15,6.1292,12.1064,1.9888,0.688
2007-05-16,6.4215,12.4513,1.9636,1.268
2007-05-17,6.5077,12.6486,1.9541,0.539
2007-05-18,6.6568,13.0505,1.9631,0.133
2007-05-21,6.7328,13.0286,1.9426,0.388
2007-05-22,6.6422,12.9190,1.9376,-0.380
2007-05-23,6.5252,12.7728,1.9415,-0.815
2007-05-24,6.2724,12.4221,1.9650,-0.779
2007-05-25,6.4054,12.4952,1.9456,-0.262
2007-05-29,6.4215,12.4805,1.9420,-0.080
2007-05-30,6.4814,12.5244,1.9498,0.903
2007-05-31,6.4434,12.3271,1.9225,0.490
2007-06-01,6.6699,12.7728,1.9010,-0.730
2007-06-04,6.5530,12.6398,1.9182,-0.553
2007-06-05,6.4566,12.5682,1.9401,-0.333
2007-06-06,6.3177,12.3052,1.9680,1.041
2007-06-08,6.2885,12.2774,1.9666,0.729
2007-06-11,6.4273,12.4952,1.9430,-0.055
2007-06-12,6.2476,12.2029,1.9390,-0.728
2007-06-13,6.4419,12.4367,1.9467,0.835
2007-06-14,6.5589,12.5682,1.9310,0.771
2007-06-15,6.6787,12.7217,1.9098,0.262
2007-06-18,6.6699,12.6705,1.9029,0.171
2007-06-19,6.6948,12.7553,1.9017,-0.187
2007-06-20,6.5399,12.6413,1.9175,-0.800
2007-06-21,6.6188,12.6413,1.9190,0.476
2007-06-22,6.4902,12.5828,1.9230,-0.813
2007-06-25,6.4346,12.5901,1.9362,-1.044
2007-06-26,6.3923,12.4235,1.9430,-0.027
2007-06-27,6.4522,12.4221,1.9500,1.285
2007-06-28,6.5062,12.4075,1.9239,0.886
2007-06-29,6.4946,12.5682,1.9301,-0.263
2007-07-02,6.6261,12.6501,1.9160,0.360
2007-07-03,6.6261,12.6705,1.9142,0.104
2007-07-05,6.5632,12.5653,1.9134,-0.057
2007-07-06,6.6509,12.5653,1.9015,0.648
2007-07-10,6.5793,12.5390,1.8910,-0.778
2007-07-11,6.7868,12.8167,1.8890,0.029
2007-07-12,7.1157,13.3574,1.8758,-0.074
2007-07-13,7.1317,13.2624,1.8713,0.627
2007-07-16,7.2326,13.5474,1.8694,-0.198
2007-07-17,7.2866,13.5751,1.8639,0.047
2007-07-18,7.3407,13.6058,1.8573,0.206
2007-07-19,7.4386,13.7812,1.8538,0.062
2007-07-20,7.2618,13.4714,1.8619,0.366
2007-07-23,7.4620,13.6351,1.8413,0.768
2007-07-24,7.0002,12.9935,1.8490,-0.386
2007-07-25,6.9754,12.9482,1.8705,0.766
2007-07-26,6.6232,12.5975,1.8953,-0.354
2007-07-27,6.4668,12.2029,1.9170,1.590
2007-07-30,6.7138,12.5682,1.8865,0.774
2007-07-31,6.6845,12.6340,1.8690,-1.113
2007-08-01,6.6714,12.5682,1.8810,-0.154
2007-08-02,6.7883,12.7129,1.8692,-0.190
2007-08-03,6.4288,12.4221,1.8781,-2.803
2007-08-06,6.5969,12.3914,1.8985,1.071
2007-08-07,6.4010,12.1298,1.9070,0.634
2007-08-08,6.4916,12.2759,1.8851,-0.314
2007-08-09,6.2622,11.9983,1.9144,-0.083
2007-08-10,6.2271,12.0582,1.9423,0.305
2007-08-13,6.1146,11.8171,1.9380,0.279
2007-08-14,5.9012,11.6738,1.9752,-0.152
2007-08-15,5.5402,11.1521,1.9963,-0.826
2007-08-16,5.3020,11.0235,2.1050,1.245
2007-08-17,5.7200,11.3991,2.0320,1.965
2007-08-20,5.7770,11.5745,2.0370,1.670
2007-08-21,5.8179,11.8740,2.0286,-0.605
2007-08-22,6.0927,12.1736,2.0131,0.752
2007-08-23,6.1087,12.1415,1.9992,0.586
2007-08-24,6.3075,12.3475,1.9745,0.863
2007-08-27,6.2651,12.3490,1.9550,-0.816
2007-08-28,5.9027,11.9457,1.9876,-1.787
2007-08-29,6.0956,11.9106,1.9741,1.030
2007-08-30,6.0342,11.9398,1.9665,-0.616
2007-08-31,6.3616,12.5682,1.9672,-0.428
2007-09-04,6.4229,12.4002,1.9465,0.823
2007-09-05,6.1438,12.0596,1.9678,0.250
2007-09-06,6.2227,12.0143,1.9490,0.947
2007-09-10,5.9874,11.6037,1.9600,1.135
2007-09-11,6.0985,11.6914,1.9305,0.700
2007-09-12,6.1292,11.6651,1.9095,0.331
2007-09-13,6.2490,11.9208,1.8979,-0.510
2007-09-14,6.3002,11.9252,1.8945,0.088
2007-09-17,6.1102,11.6914,1.9129,-0.027
2007-09-18,6.5969,12.3490,1.9005,1.525
2007-09-19,6.6699,12.5185,1.8700,-0.366
2007-09-20,6.6173,12.4075,1.8560,-1.013
2007-09-21,6.7298,12.4805,1.8620,0.404
2007-09-24,6.7708,12.6574,1.8700,0.031
2007-09-25,6.8468,12.6705,1.8650,0.779
2007-09-26,7.1025,13.1674,1.8530,-0.049
2007-09-27,7.3699,13.5912,1.8380,-0.333
2007-09-28,7.3977,13.4670,1.8360,0.855
2007-10-01,7.6564,13.8543,1.8179,0.464
2007-10-02,7.7426,14.0296,1.8220,0.552
2007-10-03,7.3948,13.5620,1.8270,-0.381
2007-10-04,7.4781,13.5766,1.8288,0.732
2007-10-05,7.9954,14.4125,1.8057,0.172
2007-10-08,8.0130,14.5821,1.8057,-0.775
2007-10-09,8.3243,14.9065,1.8010,0.573
2007-10-10,8.1167,14.6113,1.8015,0.075
2007-10-11,7.8537,14.0589,1.7897,-0.022
2007-10-15,7.7894,14.0618,1.8068,0.086
2007-10-16,7.5146,13.5941,1.8229,0.767
2007-10-17,7.7309,14.1144,1.8060,-1.080
2007-10-18,7.8946,14.0033,1.8048,1.748
2007-10-19,7.4416,13.3895,1.7963,-0.166
2007-10-22,7.5380,13.5912,1.8187,0.869
2007-10-23,7.8069,13.8572,1.7970,1.240
2007-10-24,7.6842,13.7111,1.8033,1.063
2007-10-25,7.7455,13.7812,1.7931,0.779
2007-10-26,8.1693,14.4681,1.7779,0.389
2007-10-29,8.3155,14.4155,1.7555,1.265
2007-10-30,8.1518,14.1729,1.7502,0.666
2007-10-31,8.3447,14.4388,1.7386,0.480
2007-11-01,7.9647,13.9157,1.7473,0.008
2007-11-05,7.8303,13.5474,1.7540,1.380
2007-11-06,7.9794,13.6204,1.7298,1.338
2007-11-07,7.5497,13.2405,1.7304,-1.333
2007-11-08,7.5322,12.8225,1.7352,1.929
2007-11-09,7.2370,12.9511,1.7505,-2.184
2007-11-12,6.8599,12.6413,1.7505,-5.008
2007-11-13,7.6608,13.2112,1.7682,2.532
2007-11-14,7.6345,13.2989,1.7335,-0.486
2007-11-16,7.7718,13.6643,1.7422,-0.909
2007-11-19,7.3480,12.9190,1.7610,0.162
2007-11-21,6.8804,12.2321,1.7859,0.454
2007-11-23,6.8541,12.2759,1.8020,0.612
2007-11-26,6.5910,12.2175,1.8302,-1.266
2007-11-27,6.9301,12.7582,1.8380,-0.163
2007-11-28,7.7455,13.5620,1.7976,2.665
2007-11-29,7.6929,13.6643,1.7760,-0.012
2007-11-30,8.0495,14.4681,1.7800,-0.967
2007-12-03,8.0057,14.3804,1.7840,-0.683
2007-12-04,7.9209,14.3804,1.8204,0.270
2007-12-05,8.1547,14.4710,1.7928,1.028
2007-12-06,8.2950,14.5791,1.7868,1.663
2007-12-07,8.3476,14.7282,1.7620,-0.134
2007-12-10,8.3476,14.6434,1.7625,0.473
2007-12-11,7.9472,14.4096,1.7580,-3.043
2007-12-12,8.1986,14.3219,1.7583,0.654
2007-12-13,7.8186,13.8250,1.7760,0.440
2007-12-14,7.6871,13.6351,1.7959,1.248
2007-12-17,7.2633,13.0096,1.8158,1.376
2007-12-18,7.4182,13.5035,1.8092,-0.611
2007-12-19,7.5731,13.7344,1.8025,-0.611
2007-12-20,7.6374,13.6058,1.8021,1.158
2007-12-21,7.5351,13.5941,1.7906,-0.749
2007-12-26,7.8800,13.8835,1.7735,0.660
2007-12-27,7.7192,13.6643,1.7655,-0.263
2007-12-28,7.6111,13.2989,1.7771,1.705
2008-01-02,7.2866,12.7202,1.7681,1.284
2008-01-03,7.1814,12.4805,1.7496,0.674
2008-01-04,7.1580,12.5682,1.7607,0.278
2008-01-07,7.1434,12.5682,1.7679,0.483
2008-01-08,7.0382,12.6851,1.7565,-2.543
2008-01-09,7.3042,12.6851,1.7725,2.062
2008-01-10,7.5059,12.9219,1.7640,2.464
2008-01-11,7.2165,12.5770,1.7490,0.355
2008-01-14,7.3509,12.6267,1.7346,0.984
2008-01-15,6.9710,12.1006,1.7481,0.706
2008-01-16,6.6085,11.9106,1.7685,-1.875
2008-01-17,6.4039,11.6768,1.7769,-2.548
2008-01-18,6.4507,11.4137,1.7930,1.335
2008-01-22,6.2958,11.1360,1.8013,1.837
2008-01-23,6.3630,11.0483,1.8175,4.675
2008-01-24,6.7751,11.9457,1.7848,1.227
2008-01-28,6.6378,11.8843,1.7828,-0.425
2008-01-29,6.7547,12.0129,1.7728,-0.318
2008-01-30,6.6641,11.9398,1.7778,-0.774
2008-01-31,6.8044,11.5540,1.7578,3.520
2008-02-01,6.5150,11.2383,1.7438,1.091
2008-02-06,5.9889,10.7590,1.7508,-2.543
2008-02-07,6.1234,10.7239,1.7610,0.553
2008-02-08,6.0824,10.6538,1.7655,0.796
2008-02-11,6.2286,10.9080,1.7605,0.526
2008-02-12,6.5735,11.5774,1.7450,-0.921
2008-02-13,7.0470,12.1707,1.7458,1.084
2008-02-14,6.7664,11.7148,1.7463,0.865
2008-02-15,6.7751,11.8960,1.7513,-0.258
2008-02-19,6.8891,11.9281,1.7315,0.004
2008-02-20,7.0996,12.2175,1.7340,0.763
2008-02-21,7.1171,12.1298,1.7070,0.158
2008-02-22,7.3130,12.4162,1.7086,0.634
2008-02-25,7.3539,12.5098,1.7052,0.240
2008-02-26,7.6140,12.8634,1.6860,-0.204
2008-02-27,7.8917,13.0446,1.6671,0.855
2008-02-28,7.7280,12.9833,1.6800,-0.002
2008-02-29,7.4065,12.4513,1.6845,0.200
2008-03-03,7.5731,12.6676,1.6779,0.310
2008-03-04,7.4094,12.3958,1.6818,0.527
2008-03-05,7.7309,12.8897,1.6673,0.000
2008-03-06,7.4065,12.5127,1.6690,-1.209
2008-03-07,7.2370,12.1590,1.6873,0.427
2008-03-10,7.0324,12.0304,1.7037,-0.411
2008-03-11,7.4591,12.5390,1.7011,1.194
2008-03-12,7.2516,12.1035,1.6802,0.666
2008-03-13,7.3305,12.3344,1.6994,0.998
2008-03-14,7.0937,12.2175,1.7040,-1.062
2008-03-17,6.8395,12.2175,1.7221,-3.595
2008-03-18,7.1376,11.9837,1.7060,1.611
2008-03-19,6.7255,11.5160,1.6996,-0.742
2008-03-20,6.7430,11.6475,1.7392,0.686
2008-03-24,6.6027,11.4283,1.7303,-0.032
2008-03-25,6.8891,11.9837,1.7403,0.046
2008-03-26,6.8453,11.8609,1.7353,0.150
2008-03-27,6.6524,11.5452,1.7313,-0.242
2008-03-28,6.5676,11.4429,1.7393,-0.174
2008-03-31,6.6524,11.6943,1.7441,-0.786
2008-04-01,6.9301,12.0567,1.7410,0.071
2008-04-02,6.9914,12.0772,1.7241,-0.192
2008-04-03,7.0528,12.1298,1.7211,0.073
2008-04-04,7.0528,12.0567,1.7100,0.030
2008-04-07,7.1931,12.2029,1.6985,0.120
2008-04-08,7.2896,12.3636,1.6983,0.131
2008-04-09,7.1727,12.0713,1.6914,0.501
2008-04-10,7.1493,12.0158,1.6775,-0.191
2008-04-11,6.9797,11.8521,1.6810,-1.005
2008-04-14,6.9359,11.6358,1.6795,0.112
2008-04-15,6.9768,11.6914,1.6845,0.523
2008-04-16,7.3831,12.2759,1.6720,0.559
2008-04-17,7.6929,12.7144,1.6625,0.591
2008-04-18,7.7601,12.9453,1.6640,-0.250
2008-04-22,7.7865,12.8020,1.6547,0.642
2008-04-23,7.6725,12.6121,1.6571,0.809
2008-04-24,7.5994,12.6267,1.6690,0.449
2008-04-25,7.6754,12.8313,1.6686,-0.188
2008-04-28,7.7660,13.0388,1.6778,-0.069
2008-04-29,7.5322,12.7874,1.7060,0.488
2008-04-30,8.1986,13.8630,1.6950,0.242
2008-05-02,8.7568,14.3512,1.6463,0.454
2008-05-05,8.7539,14.5411,1.6599,-0.072
2008-05-06,8.4324,13.9157,1.6605,0.621
2008-05-07,8.0524,13.6351,1.6743,-1.121
2008-05-08,8.1577,13.8104,1.6790,-0.824
2008-05-09,8.0934,13.7081,1.6880,-0.340
2008-05-12,8.2716,13.7987,1.6670,-0.072
2008-05-13,8.1723,13.5328,1.6600,0.245
2008-05-14,8.0846,13.4158,1.6618,0.142
2008-05-15,8.3009,13.7227,1.6518,-0.083
2008-05-16,8.3739,13.7315,1.6430,0.196
2008-05-19,8.4470,14.0180,1.6470,-0.754
2008-05-20,8.3944,13.7958,1.6539,0.636
2008-05-21,8.0992,13.4451,1.6500,-0.605
2008-05-23,8.0992,13.4012,1.6550,0.022
2008-05-27,8.2249,13.7958,1.6709,-0.383
2008-05-28,8.6312,14.2781,1.6684,0.855
2008-05-29,8.6575,14.1758,1.6476,0.623
2008-05-30,8.9760,14.7487,1.6252,-1.090
2008-06-02,8.6399,14.1027,1.6305,-0.109
2008-06-03,8.4002,13.7008,1.6227,-0.509
2008-06-04,8.3389,13.6022,1.6293,-0.115
2008-06-05,8.6545,14.0662,1.6345,0.566
2008-06-06,8.3389,13.7337,1.6261,-1.266
2008-06-09,8.2307,13.4232,1.6226,-0.506
2008-06-10,7.8771,12.9701,1.6403,-0.381
2008-06-11,7.7565,12.7874,1.6405,-0.492
2008-06-12,7.9647,13.0797,1.6392,-0.183
2008-06-13,8.0415,13.2295,1.6316,-0.824
2008-06-16,8.0670,13.2624,1.6249,-1.163
2008-06-17,8.4251,13.6095,1.6128,-0.158
2008-06-18,8.1767,13.1345,1.6088,0.153
2008-06-19,8.1657,13.0615,1.6036,0.253
2008-06-20,7.8076,12.5317,1.6018,-0.203
2008-06-23,7.7894,12.5317,1.6137,0.303
2008-06-24,7.6725,12.1663,1.6030,1.090
2008-06-25,7.8186,12.4952,1.5996,0.092
2008-06-26,7.4277,11.8083,1.5925,0.172
2008-06-27,7.4313,11.8740,1.6038,0.373
2008-06-30,7.4204,11.9106,1.5945,-0.662
2008-07-01,7.3035,11.7389,1.6090,0.106
2008-07-02,7.2377,11.7096,1.6003,-1.086
2008-07-03,7.2012,11.2931,1.6061,2.414
2008-07-07,7.0989,11.3662,1.5999,-0.077
2008-07-08,7.1610,11.5416,1.6110,-0.046
2008-07-10,7.2413,11.5781,1.6082,0.582
2008-07-11,7.1171,11.3991,1.6030,0.085
2008-07-14,7.1208,11.3808,1.5928,-0.341
2008-07-15,6.9637,11.1031,1.5935,-0.059
2008-07-16,7.5921,12.1298,1.5954,-0.143
2008-07-17,7.7821,12.2613,1.5877,0.769
2008-07-18,7.9428,12.6376,1.5898,-0.080
2008-07-21,7.8844,12.3527,1.5842,1.115
2008-07-22,7.9903,12.5280,1.5841,1.033
2008-07-23,7.9574,12.5317,1.5838,0.569
2008-07-24,7.6542,12.0202,1.5775,0.452
2008-07-25,7.4752,11.7279,1.5728,0.248
2008-07-28,7.3656,11.5452,1.5752,0.494
2008-07-29,7.6067,11.9471,1.5715,0.057
2008-07-30,7.8624,12.2029,1.5605,0.545
2008-07-31,7.7821,12.2394,1.5660,-0.430
2008-08-01,7.6761,12.0019,1.5580,-0.354
2008-08-04,7.4350,11.6183,1.5683,0.361
2008-08-05,7.7090,12.1298,1.5734,-0.004
2008-08-06,7.8771,12.3527,1.5801,0.760
2008-08-07,7.6286,12.1298,1.5897,-0.021
2008-08-08,7.5081,11.9508,1.6107,1.192
2008-08-11,7.2888,11.6694,1.6089,0.493
2008-08-12,7.1244,11.5635,1.6223,-0.048
2008-08-13,7.0696,11.3333,1.6240,1.304
2008-08-14,7.1537,11.6183,1.6225,-0.099
2008-08-15,6.9710,11.4356,1.6361,-0.266
2008-08-18,6.8285,11.0995,1.6303,0.297
2008-08-19,6.8723,11.0483,1.6380,1.888
2008-08-20,7.1135,11.5087,1.6240,0.379
2008-08-21,7.1025,11.4247,1.6135,0.308
2008-08-22,7.0696,11.5270,1.6184,-0.742
2008-08-25,6.8687,11.1616,1.6269,0.117
2008-08-26,6.8102,11.0337,1.6390,1.162
2008-08-27,6.9381,11.1543,1.6220,0.890
2008-08-28,7.0660,11.5635,1.6265,-0.611
2008-08-29,6.9418,11.2347,1.6349,1.018
2008-09-02,6.8102,11.2529,1.6573,0.299
2008-09-03,6.8102,11.3735,1.6741,0.242
2008-09-04,6.4449,10.9972,1.6968,-0.560
2008-09-05,6.4960,11.2128,1.7339,0.452
2008-09-08,6.5837,11.3260,1.7429,1.313
2008-09-09,6.1453,10.9972,1.7569,-1.824
2008-09-10,6.1745,11.1251,1.7823,-1.081
2008-09-11,6.1380,11.2712,1.8163,-1.090
2008-09-12,6.3608,11.2895,1.7810,0.347
2008-09-15,5.7909,10.5405,1.8050,-0.834
2008-09-16,5.9005,10.7086,1.8281,0.730
2008-09-17,5.3853,10.1130,1.8785,0.033
2008-09-18,5.6995,10.7780,1.9095,0.977
2008-09-19,6.5983,11.6914,1.8230,2.886
2008-09-22,6.2585,11.1433,1.7985,1.011
2008-09-23,5.9809,10.9607,1.8167,-0.869
2008-09-24,5.9443,10.8876,1.8432,0.634
2008-09-25,6.2001,11.3260,1.8327,0.326
2008-09-26,6.0832,11.2858,1.8540,-0.068
2008-09-29,5.4474,10.6172,1.9115,-1.925
2008-09-30,6.3937,11.6548,1.9225,5.466
2008-10-01,6.1051,11.6548,1.9350,1.360
2008-10-02,5.4146,10.9607,1.9958,-1.407
2008-10-03,4.9396,10.1825,2.0080,-2.590
2008-10-06,4.4537,9.7002,2.1646,-0.616
2008-10-07,3.9897,9.3896,2.2310,-5.204
2008-10-08,3.8728,9.1339,2.4060,2.014
2008-10-09,3.8691,8.6772,2.2000,-1.903
2008-10-10,3.6718,8.3630,2.2972,0.860
2008-10-13,5.0419,10.3176,2.2972,12.257
2008-10-14,5.0967,10.7086,2.0855,-0.741
2008-10-15,3.9933,9.5321,2.1650,-9.301
2008-10-16,4.2089,8.9512,2.1925,3.092
2008-10-17,4.0445,8.4251,2.1200,1.771
2008-10-20,4.2747,9.0279,2.1060,-0.282
2008-10-21,3.8874,8.8781,2.2130,-3.102
2008-10-22,3.2663,7.8003,2.3760,-0.508
2008-10-23,3.1786,7.1573,2.2770,1.123
2008-10-24,2.7329,6.3937,2.3881,2.074
2008-10-27,2.8425,6.3937,2.2550,0.251
2008-10-28,3.2480,6.9600,2.1862,2.023
2008-10-29,3.7230,7.8771,2.1260,0.482
2008-10-30,4.2016,8.7101,2.1310,2.796
2008-10-31,4.0408,8.5128,2.1230,0.774
2008-11-03,4.5998,9.8975,2.1736,1.017
2008-11-04,5.1077,10.3761,2.0995,3.349
2008-11-05,4.2125,9.4664,2.1210,-5.615
2008-11-06,3.9385,8.8818,2.1865,-3.042
2008-11-07,4.3770,9.2070,2.1523,2.320
2008-11-10,4.4354,9.4992,2.1700,1.322
2008-11-11,4.1870,9.4079,2.1700,-3.424
2008-11-12,3.8472,8.7539,2.2785,0.136
2008-11-13,4.5889,9.5577,2.3325,11.989
2008-11-14,4.0006,9.4298,2.2756,-3.457
2008-11-17,3.9458,9.4152,2.3035,-3.462
2008-11-18,3.8691,8.6955,2.2985,2.274
2008-11-19,3.3247,8.2424,2.3894,-3.619
2008-11-21,3.3686,7.5848,2.4560,9.077
2008-11-24,3.7485,8.6224,2.3213,0.918
2008-11-25,3.9824,9.0206,2.3012,1.592
2008-11-26,4.4391,9.6819,2.3060,5.728
2008-11-28,4.2308,9.7331,2.3074,0.299
2008-12-01,3.8180,9.4225,2.3625,-4.272
2008-12-02,4.1358,9.6600,2.3780,1.812
2008-12-03,3.9970,9.7550,2.3955,-1.847
2008-12-04,3.9349,9.8390,2.4790,-0.858
2008-12-05,4.1541,9.9377,2.6187,9.466
2008-12-08,4.4171,10.9278,2.4625,-0.463
2008-12-09,4.3550,10.8328,2.4835,-0.157
2008-12-10,4.5377,10.8511,2.4330,1.744
2008-12-11,4.4318,10.5332,2.2905,-3.629
2008-12-12,4.5925,10.9607,2.3990,0.518
2008-12-15,4.4098,10.2299,2.3585,1.668
2008-12-16,4.9140,10.8876,2.3670,6.833
2008-12-17,4.7131,11.1433,2.3690,0.197
2008-12-18,4.5012,10.9241,2.3560,-2.923
2008-12-19,4.4062,10.5222,2.3785,-0.400
2008-12-22,4.2125,10.0327,2.4050,0.982
2008-12-23,4.0481,9.5029,2.3752,1.181
2008-12-26,4.0043,9.4627,2.3727,0.405
2008-12-29,3.9605,9.4627,2.3975,0.343
2008-12-30,4.1870,9.5358,2.3291,2.266
2009-01-02,4.6108,10.5515,2.3230,1.511
2009-01-05,4.7021,10.5770,2.2640,0.648
2009-01-06,5.0711,11.0118,2.1895,0.830
2009-01-07,4.6217,10.3797,2.2209,-1.111
2009-01-08,4.5816,10.4419,2.2650,-0.619
2009-01-09,4.5523,10.4309,2.2888,-0.111
2009-01-12,4.3185,9.9888,2.3194,0.275
2009-01-13,4.1797,9.6235,2.2945,-0.345
2009-01-14,3.7412,8.9001,2.3537,-1.060
2009-01-15,3.8033,9.0608,2.3698,-0.526
2009-01-16,3.7668,8.7503,2.3380,0.646
2009-01-20,3.3722,8.2716,2.3617,-3.717
2009-01-21,3.7595,8.5493,2.3525,3.450
2009-01-22,3.5586,8.3118,2.3515,0.675
2009-01-23,3.6645,8.5018,2.3467,1.149
2009-01-26,3.6134,8.4470,2.3123,-1.087
2009-01-27,3.5586,8.3264,2.3183,-0.920
2009-01-28,3.9531,8.9439,2.2890,1.172
2009-01-29,3.7230,8.6589,2.2871,-1.664
2009-01-30,3.6682,8.5858,2.3130,-1.181
2009-02-02,3.5987,8.2789,2.3262,1.117
2009-02-03,3.6536,8.3995,2.3151,0.700
2009-02-04,3.7084,8.5530,2.2910,-0.668
2009-02-05,3.9093,8.9183,2.2966,0.670
2009-02-06,4.2564,9.5540,2.2620,0.774
2009-02-09,4.1870,9.4079,2.2375,-0.420
2009-02-10,3.9422,9.0425,2.2663,-1.198
2009-02-11,3.9933,9.0243,2.2649,0.224
2009-02-12,4.0408,8.9439,2.2940,3.642
2009-02-13,4.0628,9.3166,2.2765,-0.727
2009-02-17,3.7266,8.7320,2.3192,-1.022
2009-02-18,3.6462,8.6589,2.3572,-0.739
2009-02-19,3.6426,8.5785,2.3554,0.014
2009-02-20,3.4891,8.3301,2.3898,0.099
2009-02-25,3.4380,8.2388,2.3880,-0.350
2009-02-26,3.4928,8.2570,2.3508,-0.559
2009-02-27,3.3540,8.1109,2.3750,-1.791
2009-03-02,3.1311,7.6725,2.4365,-0.568
2009-03-03,3.1530,7.6359,2.4420,0.835
2009-03-04,3.3868,8.0963,2.3738,-0.699
2009-03-05,3.3503,8.0378,2.3860,-0.547
2009-03-06,3.4526,8.1474,2.3735,0.581
2009-03-09,3.3649,8.0524,2.3698,-0.972
2009-03-10,3.6207,8.4762,2.3472,0.262
2009-03-11,3.6170,8.4945,2.3357,-0.544
2009-03-12,3.7851,8.7137,2.3265,1.059
2009-03-13,3.7814,8.7685,2.3125,-0.273
2009-03-16,3.8326,8.8087,2.2635,-1.518
2009-03-17,3.9824,9.0024,2.2792,0.825
2009-03-18,4.1541,9.2837,2.3033,3.064
2009-03-19,3.9897,9.0462,2.2516,-0.697
2009-03-20,3.9385,8.9147,2.2500,-0.594
2009-03-23,4.4062,9.7733,2.2709,2.381
2009-03-24,4.1650,9.4225,2.2548,-0.331
2009-03-25,4.2308,9.4554,2.2383,0.153
2009-03-26,4.3696,9.7550,2.2371,0.209
2009-03-27,4.2125,9.7184,2.2761,-1.340
2009-03-30,4.0153,9.4371,2.3251,-1.073
2009-03-31,3.9751,9.3714,2.3007,-2.411
2009-04-01,4.1906,9.5175,2.2860,0.654
2009-04-02,4.5085,9.9742,2.2400,1.251
2009-04-03,4.6729,10.2299,2.2024,0.602
2009-04-06,4.6181,10.3322,2.2274,-0.444
2009-04-07,4.6254,10.3542,2.2255,-0.583
2009-04-08,4.7131,10.3396,2.1950,0.055
2009-04-09,4.9798,10.6866,2.1774,1.463
2009-04-13,4.8885,10.6136,2.1745,0.154
2009-04-14,4.5889,10.1167,2.1778,-1.216
2009-04-15,4.6291,10.1167,2.1955,0.459
2009-04-16,4.8081,10.4090,2.1756,0.495
2009-04-17,4.6729,10.3396,2.1856,-1.223
2009-04-20,4.3660,9.9669,2.2322,-2.219
2009-04-22,4.4098,9.7952,2.2045,-0.752
2009-04-23,4.5779,10.1934,2.2185,-0.366
2009-04-24,4.7314,10.4455,2.1960,-0.531
2009-04-27,4.5341,10.0838,2.1963,-1.246
2009-04-28,4.6510,10.3030,2.2060,-0.417
2009-04-29,5.0309,10.9899,2.1617,-1.042
2009-04-30,5.0163,11.1068,2.1724,-1.885
2009-05-04,5.5351,11.7133,2.1363,0.951
2009-05-05,5.5753,12.0019,2.1495,-0.148
2009-05-06,5.6155,11.8667,2.1199,0.317
2009-05-07,5.2392,10.9680,2.1052,0.562
2009-05-08,5.3232,11.0958,2.0742,-0.490
2009-05-11,5.2209,10.8072,2.0528,-0.830
2009-05-12,5.1369,10.6318,2.0687,-0.048
2009-05-13,4.8811,10.3505,2.1010,-0.920
2009-05-14,5.0200,10.4857,2.0939,0.245
2009-05-15,4.8811,10.3724,2.0815,-2.047
2009-05-18,5.2575,10.8730,2.0798,0.566
2009-05-19,5.2575,10.7597,2.0489,0.114
2009-05-20,5.3598,10.9716,2.0205,-1.296
2009-05-21,5.3488,10.9570,2.0332,-0.747
2009-05-22,5.4584,11.0995,2.0274,-0.298
2009-05-26,5.7324,11.5270,2.0221,0.560
2009-05-27,5.6922,11.5781,2.0148,-0.945
2009-05-28,5.8274,11.6914,2.0074,0.056
2009-05-29,5.8640,11.6548,1.9678,-0.993
2009-06-01,6.1709,11.9763,1.9452,0.227
2009-06-02,6.1343,11.8265,1.9402,0.636
2009-06-03,5.8493,11.5452,1.9474,-1.336
2009-06-04,6.0028,11.6914,1.9457,-0.100
2009-06-05,5.8968,11.5927,1.9606,-0.271
2009-06-08,5.9224,11.6183,1.9779,0.823
2009-06-09,5.9188,11.4722,1.9448,0.337
2009-06-10,5.9041,11.5160,1.9494,-0.056
2009-06-12,6.0759,11.6987,1.9214,-0.210
2009-06-15,5.7909,11.2968,1.9480,-0.143
2009-06-16,5.7215,11.2274,1.9475,-0.755
2009-06-17,5.6447,11.1653,1.9855,0.380
2009-06-18,5.5680,11.0118,1.9611,-0.839
2009-06-19,5.7142,11.1799,1.9540,-0.129
2009-06-22,5.4036,11.0995,2.0138,-1.961
2009-06-23,5.4876,10.8693,2.0026,1.106
2009-06-24,5.5497,10.8693,1.9650,0.331
2009-06-25,5.7361,11.1178,1.9632,1.289
2009-06-26,5.8493,11.2931,1.9444,0.711
2009-06-29,5.8566,11.5160,1.9570,-0.474
2009-06-30,5.7836,11.3625,1.9653,0.034
2009-07-01,5.8786,11.3662,1.9299,-0.186
2009-07-02,5.7288,11.3406,1.9565,-1.166
2009-07-06,5.7763,11.3260,1.9727,0.608
2009-07-07,5.5644,11.1470,1.9667,-1.826
2009-07-08,5.5169,11.0885,2.0035,-0.320
2009-07-09,5.5534,11.0885,1.9910,-0.286
2009-07-10,5.4657,10.9607,2.0141,0.436
2009-07-13,5.5644,10.9607,1.9897,1.010
2009-07-14,5.5059,10.8437,1.9721,0.133
2009-07-15,5.8932,11.2968,1.9358,0.985
2009-07-16,5.9407,11.4722,1.9362,0.263
2009-07-17,5.9516,11.4174,1.9278,0.492
2009-07-20,6.2585,11.8996,1.9056,0.224
2009-07-21,6.2549,11.9106,1.9085,0.226
2009-07-22,6.2585,11.9435,1.9046,-0.196
2009-07-23,6.5545,12.4184,1.8870,-0.404
2009-07-24,6.5545,12.4550,1.8958,-0.233
2009-07-27,6.6056,12.4038,1.8857,0.423
2009-07-28,6.5727,12.3855,1.8785,-0.312
2009-07-29,6.4120,12.2211,1.8987,-0.382
2009-07-30,6.5947,12.3344,1.8780,0.408
2009-07-31,6.5362,12.2759,1.8653,-0.684
2009-08-03,6.7591,12.4221,1.8353,-0.138
2009-08-04,6.8504,12.5317,1.8326,0.179
2009-08-05,7.0441,12.7838,1.8291,0.786
2009-08-06,6.8943,12.6778,1.8304,-0.462
2009-08-07,7.1610,13.0468,1.8211,-0.046
2009-08-10,7.1281,13.1820,1.8435,-0.314
2009-08-11,6.8723,12.6413,1.8530,0.737
2009-08-12,6.8212,12.5463,1.8318,-0.409
2009-08-13,6.7591,12.3929,1.8340,0.027
2009-08-14,6.5800,12.2029,1.8440,-0.568
2009-08-17,6.3316,11.9106,1.8665,-0.778
2009-08-18,6.6495,12.3307,1.8683,0.750
2009-08-19,6.7773,12.4952,1.8325,-0.606
2009-08-20,6.8541,12.6596,1.8453,-0.093
2009-08-21,6.8760,12.5682,1.8297,0.102
2009-08-24,6.8614,12.6084,1.8333,-0.234
2009-08-25,6.9089,12.7655,1.8300,-0.958
2009-08-26,6.9819,13.0432,1.8672,-0.050
2009-08-27,6.9783,12.9445,1.8810,1.403
2009-08-28,6.8906,12.9336,1.8730,-0.212
2009-08-31,6.7317,12.8525,1.8700,-2.056
2009-09-01,6.5307,12.4787,1.8936,-0.899
2009-09-02,6.6232,12.4425,1.8936,0.796
2009-09-03,6.6433,12.3823,1.8730,0.489
2009-09-04,6.9085,12.6957,1.8458,0.441
2009-09-08,7.0130,12.8605,1.8245,-0.508
2009-09-09,7.1336,13.0213,1.8295,0.227
2009-09-10,7.1938,13.0976,1.8206,-0.004
2009-09-11,7.2421,13.2383,1.8129,-0.824
2009-09-14,7.3144,13.2624,1.8161,0.161
2009-09-15,7.4591,13.4593,1.8058,0.077
2009-09-16,7.6319,13.6402,1.7983,0.618
2009-09-17,7.5154,13.6442,1.8097,-0.320
2009-09-18,7.5555,13.7246,1.8080,-0.467
2009-09-21,7.5194,13.6241,1.8137,0.101
2009-09-22,7.6440,13.6844,1.8028,0.703
2009-09-23,7.4832,13.4593,1.7877,-0.606
2009-09-24,7.3667,13.3227,1.8025,-0.332
2009-09-25,7.4149,13.3950,1.8002,-0.349
2009-09-28,7.6158,13.6924,1.7886,-0.517
2009-09-29,7.9012,14.1466,1.7905,0.003
2009-09-30,8.0981,14.3475,1.7743,0.146
2009-10-01,8.0459,14.4078,1.7810,-0.542
2009-10-02,8.1061,14.4681,1.7814,-0.192
2009-10-05,8.3674,14.7494,1.7702,0.424
2009-10-06,8.2669,14.5484,1.7493,-0.599
2009-10-07,8.0619,14.0863,1.7613,0.804
2009-10-08,8.2227,14.3274,1.7450,0.148
2009-10-09,8.3392,14.4681,1.7395,0.263
2009-10-13,8.4236,14.5083,1.7310,0.504
2009-10-14,8.7693,14.9101,1.7055,0.307
2009-10-15,8.6929,14.8499,1.7010,-0.426
2009-10-16,8.5764,14.7092,1.7070,-0.472
2009-10-19,8.6768,14.8780,1.7085,-0.361
2009-10-20,8.3915,14.5886,1.7555,0.978
2009-10-21,8.3834,14.4681,1.7335,0.447
2009-10-22,8.6366,14.7494,1.7258,1.056
2009-10-23,8.5482,14.6087,1.7143,0.311
2009-10-26,8.4196,14.5886,1.7166,-0.929
2009-10-27,8.2388,14.2109,1.7308,0.343
2009-10-28,7.5797,13.2624,1.7541,0.249
2009-10-29,8.1503,14.1184,1.7380,0.332
2009-10-30,7.6922,13.4633,1.7445,-0.329
2009-11-03,8.1905,14.1707,1.7530,1.322
2009-11-04,8.4156,14.6288,1.7229,-0.886
2009-11-05,8.6889,14.7494,1.7222,1.455
2009-11-06,8.6728,14.6851,1.7165,1.374
2009-11-09,8.9983,15.0106,1.6995,1.879
2009-11-10,8.9903,15.2035,1.7088,1.046
2009-11-11,8.9180,15.2116,1.7088,0.180
2009-11-12,8.6648,14.7695,1.7350,1.787
2009-11-13,8.9823,15.2638,1.7270,1.628
2009-11-16,9.0707,15.3723,1.7102,0.913
2009-11-17,9.1390,15.4648,1.7205,1.674
2009-11-18,9.0184,15.2719,1.7078,0.850
2009-11-19,8.7853,14.9061,1.7325,2.110
2009-11-23,8.9019,15.2276,1.7255,0.870
2009-11-24,8.9340,15.3080,1.7308,1.013
2009-11-25,9.1390,15.5893,1.7271,1.248
2009-11-27,8.8215,15.1714,1.7369,0.993
2009-11-30,8.9421,15.2518,1.7505,2.631
2009-12-01,9.3801,15.8144,1.7253,2.334
2009-12-02,9.5128,15.9953,1.7195,2.263
2009-12-03,9.3560,15.8144,1.7050,0.870
2009-12-04,9.3600,15.7943,1.7234,2.132
2009-12-07,9.3801,16.0957,1.7265,0.616
2009-12-08,9.2194,16.0153,1.7500,0.740
2009-12-09,9.2957,16.0113,1.7630,2.355
2009-12-10,9.3319,16.0917,1.7723,2.779
2009-12-11,9.2797,16.0756,1.7605,1.625
2009-12-14,9.1832,15.9872,1.7465,0.321
2009-12-15,9.2797,16.1198,1.7510,0.799
2009-12-16,9.2515,15.9149,1.7469,1.550
2009-12-17,8.7050,15.4808,1.7905,0.681
2009-12-18,8.6688,15.4648,1.7890,0.283
2009-12-21,8.6929,15.3321,1.7820,1.034
2009-12-22,8.7210,15.3482,1.7827,1.295
2009-12-23,8.7733,15.2196,1.7605,1.483
2009-12-24,8.7894,15.2196,1.7618,1.744
2009-12-28,8.8778,15.2317,1.7385,1.328
2009-12-29,8.9662,15.2317,1.7380,2.308
2009-12-30,9.0988,15.5492,1.7423,1.953
2010-01-04,9.4886,16.1239,1.7200,1.219
2010-01-05,9.5208,16.2284,1.7296,1.472
2010-01-06,9.4042,16.0877,1.7292,1.082
2010-01-07,9.1953,15.9229,1.7409,0.535
2010-01-08,9.1511,15.6818,1.7342,1.199
2010-01-11,9.0345,15.5451,1.7330,0.718
2010-01-12,8.8416,15.4005,1.7407,-0.064
2010-01-13,8.8336,15.4487,1.7480,-0.049
2010-01-14,8.7009,15.2357,1.7684,0.991
2010-01-15,8.4879,14.9785,1.7681,0.194
2010-01-19,8.5603,15.0709,1.7767,0.917
2010-01-20,8.2548,14.6730,1.7920,0.815
2010-01-21,7.9816,14.4038,1.8021,-0.140
2010-01-22,7.8891,14.5685,1.8210,-1.390
2010-01-26,7.8489,14.6047,1.8466,-0.759
2010-01-27,7.8128,14.3957,1.8529,0.559
2010-01-28,7.8529,14.8258,1.8525,-1.876
2010-01-29,7.7002,14.5203,1.8755,-0.541
2010-02-01,8.0860,14.7936,1.8645,1.912
2010-02-02,8.2388,14.9905,1.8325,0.714
2010-02-03,8.0659,14.9262,1.8507,0.010
2010-02-04,7.6399,14.3515,1.8865,0.427
2010-02-05,7.4631,13.9858,1.8845,0.561
2010-02-08,7.4511,13.9456,1.8648,-0.365
2010-02-09,7.8851,14.5685,1.8450,-0.141
2010-02-10,7.9012,14.6489,1.8575,0.188
2010-02-11,8.0981,14.9061,1.8551,0.783
2010-02-12,8.0579,14.9021,1.8624,0.704
2010-02-17,8.3151,15.2236,1.8355,0.255
2010-02-18,8.3794,15.2719,1.8229,0.020
2010-02-19,8.3473,15.0307,1.8050,0.240
2010-02-22,8.1704,14.7172,1.8080,0.373
2010-02-23,7.9052,14.4721,1.8225,-0.448
2010-02-24,7.8369,14.3113,1.8203,-0.321
2010-02-25,7.8610,14.3073,1.8400,1.097
2010-02-26,8.0217,14.6690,1.8010,-1.512
2010-03-01,8.1946,14.6931,1.7971,0.227
2010-03-02,8.3433,14.9302,1.7822,-0.408
2010-03-03,8.3312,14.9302,1.7763,-0.881
2010-03-04,8.3352,14.9101,1.7895,0.038
2010-03-05,8.4477,14.9905,1.7781,0.203
2010-03-08,8.3915,14.9825,1.7870,0.087
2010-03-09,8.5643,15.1674,1.7894,1.039
2010-03-10,8.5924,15.2317,1.7685,-0.236
2010-03-11,8.6648,15.2719,1.7698,0.413
2010-03-12,8.5563,15.0267,1.7630,0.386
2010-03-15,8.5683,15.1151,1.7660,0.109
2010-03-16,8.6125,15.2116,1.7620,-0.239
2010-03-17,8.4839,15.0709,1.7655,-0.614
2010-03-18,8.3633,14.9503,1.7895,0.106
2010-03-19,8.2347,14.8901,1.7988,-0.520
2010-03-22,8.3915,15.1111,1.8022,0.080
2010-03-23,8.4156,14.9865,1.7815,0.039
2010-03-24,8.1704,14.6690,1.7882,-0.400
2010-03-25,8.1704,14.8458,1.8050,-0.661
2010-03-26,8.2709,15.1111,1.8207,-0.346
2010-03-29,8.5522,15.3362,1.8080,0.823
2010-03-30,8.6246,15.4929,1.7970,0.035
2010-03-31,8.8376,15.6737,1.7821,0.483
2010-04-01,9.0064,15.7541,1.7659,0.954
2010-04-05,9.0626,15.8546,1.7585,0.518
2010-04-06,8.9943,15.6536,1.7593,1.086
2010-04-07,8.8094,15.5130,1.7635,0.145
2010-04-08,9.0787,16.0676,1.7780,0.463
2010-04-09,9.1390,16.1158,1.7709,0.425
2010-04-12,9.0506,15.8948,1.7575,0.073
2010-04-13,9.0345,15.8466,1.7583,0.245
2010-04-14,9.0425,15.9350,1.7445,-1.006
2010-04-15,9.0908,15.9109,1.7428,-0.424
2010-04-16,8.7934,15.4125,1.7610,0.471
2010-04-19,8.6607,15.2357,1.7622,0.173
2010-04-20,8.7371,15.3723,1.7509,-0.485
2010-04-22,8.6607,15.2317,1.7690,0.586
2010-04-23,8.6407,15.2518,1.7633,-0.103
2010-04-26,8.6447,15.0548,1.7450,0.200
2010-04-27,8.2629,14.5525,1.7652,0.228
2010-04-28,8.4638,14.9222,1.7622,-0.049
2010-04-29,8.7250,15.1915,1.7305,-0.611
2010-04-30,8.7130,15.1513,1.7270,-0.686
2010-05-03,8.7652,15.1915,1.7360,0.164
2010-05-04,8.3553,14.7896,1.7515,-1.050
2010-05-05,8.2589,14.7414,1.7819,-0.169
2010-05-06,7.9213,14.5645,1.8365,-0.118
2010-05-07,7.8811,14.5243,1.8360,-0.376
2010-05-10,8.5603,15.1473,1.7783,0.498
2010-05-11,8.3714,14.9383,1.7764,-0.451
2010-05-12,8.3955,14.9101,1.7734,-0.145
2010-05-13,8.2669,14.6891,1.7721,-0.268
2010-05-14,8.0378,14.4480,1.8035,0.334
2010-05-17,7.9333,14.4279,1.8204,0.097
2010-05-18,7.7364,14.0622,1.7980,-1.082
2010-05-19,7.3104,13.3428,1.8498,1.349
2010-05-20,7.0572,13.3307,1.8885,-0.024
2010-05-21,7.3144,13.4633,1.8499,0.502
2010-05-24,7.0130,13.2302,1.8520,-1.830
2010-05-25,6.8723,12.9047,1.8785,0.038
2010-05-26,7.0894,13.3388,1.8560,-1.356
2010-05-27,7.4792,13.5799,1.8274,0.645
2010-05-28,7.3988,13.5799,1.8170,-1.003
2010-06-01,7.4470,13.6643,1.8235,-0.619
2010-06-02,7.7404,14.0501,1.8287,0.746
2010-06-04,7.3345,13.7648,1.8420,-1.850
2010-06-07,7.1014,13.3468,1.8651,-0.764
2010-06-08,7.3546,13.5879,1.8608,0.718
2010-06-09,7.2581,13.4633,1.8380,-0.913
2010-06-10,7.6560,13.8250,1.8140,0.456
2010-06-11,7.7444,14.0300,1.8045,-0.393
2010-06-14,7.6319,13.8049,1.8017,-0.395
2010-06-15,7.9132,14.1425,1.7902,0.168
2010-06-16,7.9213,14.1867,1.7854,-0.311
2010-06-17,7.8851,14.1224,1.7819,-0.510
2010-06-18,7.9213,14.1867,1.7723,-1.042
2010-06-21,8.0097,14.2470,1.7624,-0.918
2010-06-22,7.8851,14.1867,1.7670,-1.789
2010-06-23,7.9253,14.2551,1.7870,-0.649
2010-06-24,7.7123,13.8049,1.7915,0.084
2010-06-25,7.8047,13.9054,1.7820,0.019
2010-06-28,7.7927,13.8693,1.7773,-0.140
2010-06-29,7.3184,13.2986,1.8060,-0.613
2010-06-30,7.2381,13.0615,1.7941,-0.579
2010-07-01,7.5957,13.6603,1.8010,0.144
2010-07-02,7.7203,13.7889,1.7765,-0.535
2010-07-06,7.7163,13.7768,1.7628,-1.267
2010-07-07,8.2508,14.5846,1.7706,0.166
2010-07-08,8.5040,14.9101,1.7595,0.353
2010-07-12,8.4719,14.9624,1.7648,-0.075
2010-07-13,8.5723,15.0106,1.7510,-0.003
2010-07-14,8.4558,14.9021,1.7603,-0.117
2010-07-15,8.4035,14.8700,1.7715,0.114
2010-07-16,8.1222,14.4962,1.7858,0.058
2010-07-19,8.2790,14.8298,1.7857,-0.311
2010-07-20,8.4678,14.9544,1.7789,0.729
2010-07-21,8.3593,14.9061,1.7735,-0.542
2010-07-22,8.7210,15.3120,1.7639,0.464
2010-07-23,8.8135,15.4728,1.7618,0.354
2010-07-26,8.7974,15.5090,1.7680,0.289
2010-07-27,8.7894,15.4728,1.7640,0.204
2010-07-28,9.0104,15.8345,1.7623,0.281
2010-07-29,8.9622,15.8466,1.7678,-0.020
2010-07-30,8.9983,15.9109,1.7585,-0.549
2010-08-02,9.1631,15.9591,1.7460,0.249
2010-08-03,8.8135,15.4728,1.7568,0.069
2010-08-04,8.6929,15.2075,1.7582,0.502
2010-08-05,8.7050,15.2357,1.7565,0.358
2010-08-06,8.7733,15.4125,1.7585,0.099
2010-08-09,8.8255,15.4728,1.7540,0.046
2010-08-10,8.7773,15.4005,1.7613,0.383
2010-08-11,8.4960,15.0588,1.7670,-0.309
2010-08-12,8.5522,15.1312,1.7685,-0.043
2010-08-13,8.5964,15.1553,1.7718,0.501
2010-08-16,8.7090,15.2276,1.7580,0.543
2010-08-17,8.7331,15.3281,1.7513,-0.221
2010-08-18,8.7492,15.2919,1.7513,0.199
2010-08-19,8.5844,15.1111,1.7626,0.131
2010-08-20,8.6005,15.0789,1.7615,0.469
2010-08-23,8.4799,14.9745,1.7640,-0.106
2010-08-24,8.3593,14.7172,1.7622,0.092
2010-08-25,8.3071,14.7092,1.7680,-0.151
2010-08-26,8.1544,14.3435,1.7590,0.000
2010-08-27,8.4920,14.9503,1.7493,-0.638
2010-08-30,8.3593,14.7695,1.7570,-0.556
2010-08-31,8.6688,15.1995,1.7529,-0.026
2010-09-01,8.8014,15.3964,1.7406,-0.498
2010-09-02,8.8094,15.2317,1.7339,0.283
2010-09-03,8.7813,15.2116,1.7238,-0.489
2010-09-08,8.7532,15.0508,1.7230,0.205
2010-09-09,8.6969,14.9785,1.7256,0.193
2010-09-10,8.7090,14.9463,1.7183,0.123
2010-09-13,9.0747,15.4728,1.7165,0.672
2010-09-14,9.2395,15.6938,1.7037,0.302
2010-09-15,9.1953,15.7863,1.7176,0.048
2010-09-16,9.1551,15.6336,1.7198,0.712
2010-09-17,9.1109,15.5532,1.7145,0.433
2010-09-20,9.1350,15.6737,1.7158,0.000
2010-09-21,9.0345,15.4286,1.7276,1.163
2010-09-22,9.1591,15.5331,1.7226,1.573
2010-09-23,9.1792,15.6536,1.7187,0.783
2010-09-24,9.1430,15.5331,1.7119,0.765
2010-09-27,9.1671,15.5532,1.7089,0.724
2010-09-28,9.3600,15.6938,1.7071,1.814
2010-09-29,9.4645,15.9792,1.7039,0.923
2010-09-30,9.7177,16.2645,1.6960,1.333
2010-10-01,9.8785,16.3971,1.6810,1.272
2010-10-04,9.8383,16.4172,1.6887,1.198
2010-10-05,10.1437,16.8272,1.6733,0.870
2010-10-06,10.0392,16.6785,1.6721,0.648
2010-10-07,10.0191,16.7106,1.6798,0.715
2010-10-08,10.2844,17.0763,1.6748,0.866
2010-10-11,10.2763,16.9477,1.6748,1.552
2010-10-13,10.4693,17.1447,1.6574,1.208
2010-10-14,10.2723,17.0201,1.6633,0.387
2010-10-15,10.3849,17.1889,1.6576,0.146
2010-10-18,10.5054,17.2813,1.6632,1.107
2010-10-19,10.1276,16.9357,1.6914,1.147
2010-10-20,10.3165,17.1005,1.6749,1.045
2010-10-21,10.0674,16.8834,1.6930,0.951
2010-10-22,10.1076,17.0362,1.6948,0.553
2010-10-25,10.2321,17.0804,1.7078,2.307
2010-10-26,10.1518,17.0402,1.7053,1.594
2010-10-27,9.7981,16.6945,1.7164,0.736
2010-10-28,9.8061,16.5338,1.7119,1.532
2010-10-29,9.8704,16.6785,1.6982,0.501
2010-11-01,10.0754,16.9919,1.7042,1.051
2010-11-03,10.2000,16.9397,1.6985,2.273
2010-11-04,10.5537,17.3898,1.6790,1.896
2010-11-05,10.5456,17.4782,1.6831,1.551
2010-11-08,10.4813,17.4943,1.6974,1.696
2010-11-09,10.0875,17.0241,1.6987,0.655
2010-11-10,10.1156,17.2210,1.7090,0.386
2010-11-11,10.0111,16.8794,1.7090,1.360
2010-11-12,9.8905,16.8794,1.7200,0.784
2010-11-16,9.5730,16.5378,1.7378,0.594
2010-11-17,9.6655,16.5177,1.7227,0.805
2010-11-18,9.9227,16.6825,1.7137,1.930
2010-11-19,9.9146,16.8513,1.7204,1.222
2010-11-22,9.7780,16.5901,1.7223,1.511
2010-11-23,9.3962,16.1520,1.7378,1.094
2010-11-24,9.6333,16.2927,1.7230,1.875
2010-11-26,9.3922,16.1158,1.7268,0.637
2010-11-29,9.4123,15.9149,1.7282,2.208
2010-11-30,9.3761,15.7742,1.7146,1.915
2010-12-01,9.5650,16.0797,1.7030,1.303
2010-12-02,9.7177,16.1359,1.7015,2.471
2010-12-03,9.5570,15.8867,1.6859,1.418
2010-12-06,9.4605,15.7421,1.6848,1.251
2010-12-07,9.4726,15.7943,1.6809,0.811
2010-12-08,9.3239,15.6456,1.6901,0.720
2010-12-09,9.1511,15.4286,1.7064,1.211
2010-12-10,9.1832,15.4286,1.7183,2.274
2010-12-13,9.2837,15.4728,1.7054,2.324
2010-12-14,9.3078,15.5411,1.6945,1.486
2010-12-15,9.1068,15.4527,1.6979,0.063
2010-12-16,9.1430,15.3281,1.7048,1.689
2010-12-17,9.1993,15.4728,1.7134,1.869
2010-12-20,9.0385,15.1352,1.7081,2.005
2010-12-21,9.2555,15.4849,1.6970,1.432
2010-12-22,9.4605,15.8466,1.6958,1.241
2010-12-23,9.4444,15.8064,1.6938,1.206
2010-12-27,9.3520,15.5331,1.6897,1.732
2010-12-28,9.2636,15.5250,1.6898,0.828
2010-12-29,9.6052,15.8707,1.6810,1.737
2010-12-30,9.6494,15.9912,1.6631,0.354
2011-01-03,9.8584,15.9470,1.6452,1.706
2011-01-04,9.8021,16.0756,1.6687,1.749
2011-01-05,9.8182,16.3168,1.6694,0.452
2011-01-06,9.5288,15.9310,1.6880,0.965
2011-01-07,9.2837,15.5411,1.6850,0.656
2011-01-10,9.3681,15.6657,1.6921,1.187
2011-01-11,9.5288,15.7622,1.6899,2.161
2011-01-12,9.7499,16.1761,1.6761,1.024
2011-01-13,9.6293,16.0997,1.6666,-0.320
2011-01-14,9.5690,15.9189,1.6819,1.101
2011-01-18,9.4284,15.4929,1.6725,1.782
2011-01-19,9.2756,15.3241,1.6704,1.109
2011-01-20,8.9541,14.9503,1.6735,0.230
2011-01-21,8.9863,14.9544,1.6705,0.383
2011-01-24,9.1310,15.0629,1.6695,1.203
2011-01-26,8.9742,14.8499,1.6682,0.814
2011-01-27,8.8778,14.9101,1.6746,-0.291
2011-01-28,8.7492,14.5846,1.6845,1.051
2011-01-31,8.6407,14.3033,1.6739,1.121
2011-02-01,8.8697,14.5083,1.6620,1.608
2011-02-02,8.7170,14.3716,1.6641,0.935
2011-02-03,8.5482,14.2229,1.6676,0.226
2011-02-04,8.3633,13.8291,1.6745,1.268
2011-02-07,8.4317,13.9697,1.6780,1.279
2011-02-08,8.7411,14.3877,1.6679,1.332
2011-02-09,8.5281,14.0501,1.6621,0.886
2011-02-10,8.4839,13.9697,1.6670,1.238
2011-02-11,8.8054,14.5123,1.6655,1.055
2011-02-14,8.8416,14.6208,1.6665,0.778
2011-02-15,9.0104,14.8780,1.6680,1.017
2011-02-16,9.1792,15.2116,1.6724,0.918
2011-02-17,9.2957,15.3562,1.6605,0.517
2011-02-18,9.3198,15.2879,1.6645,1.472
2011-02-22,8.8175,14.7213,1.6660,-0.213
2011-02-23,8.9260,14.7936,1.6737,0.986
2011-02-24,8.8496,14.6570,1.6617,0.331
2011-02-25,8.8617,14.5927,1.6597,0.789
2011-02-28,8.9300,14.8700,1.6598,-0.322
2011-03-01,8.7773,14.5484,1.6600,0.150
2011-03-02,8.8215,14.6007,1.6600,0.295
2011-03-03,9.1631,14.9584,1.6550,1.381
2011-03-04,9.1832,15.0066,1.6432,0.555
2011-03-09,8.8778,14.5525,1.6553,0.982
2011-03-10,8.5321,13.9938,1.6589,1.144
2011-03-11,8.6567,14.3395,1.6612,0.287
2011-03-14,8.8215,14.4078,1.6658,1.992
2011-03-15,8.8215,14.5806,1.6673,0.874
2011-03-16,8.5563,14.2350,1.6685,0.289
2011-03-17,8.4839,14.1586,1.6723,0.205
2011-03-18,8.7331,14.4600,1.6727,1.022
2011-03-21,8.7974,14.4641,1.6638,1.196
2011-03-22,9.1229,14.9383,1.6632,1.573
2011-03-23,9.0265,14.7815,1.6609,1.424
2011-03-24,9.1028,14.8217,1.6565,1.735
2011-03-25,9.0385,14.8298,1.6560,0.931
2011-03-28,9.0546,14.8016,1.6591,1.492
2011-03-29,9.0506,14.6971,1.6559,1.971
2011-03-30,9.3239,15.1151,1.6274,0.387
2011-03-31,9.6655,15.6336,1.6287,0.695
2011-04-01,9.7499,15.6094,1.6156,0.913
2011-04-04,9.7137,15.4728,1.6099,1.068
2011-04-05,9.7177,15.4808,1.6083,0.957
2011-04-06,9.6775,15.4286,1.6021,0.491
2011-04-07,9.8262,15.4527,1.5925,1.266
2011-04-08,9.7298,15.1312,1.5765,1.373
2011-04-11,9.5931,15.0187,1.5790,0.858
2011-04-12,9.4967,14.9423,1.5895,1.022
2011-04-13,9.5168,14.9503,1.5923,1.359
2011-04-14,9.4525,14.8057,1.5825,1.033
2011-04-15,9.4645,14.8619,1.5721,0.116
2011-04-18,9.3279,14.7454,1.5950,0.899
2011-04-19,9.5972,14.9745,1.5800,1.262
2011-04-20,9.7378,15.2317,1.5683,0.264
2011-04-25,9.7860,15.1794,1.5701,1.223
2011-04-26,9.8664,15.3402,1.5636,0.567
2011-04-27,9.7981,15.1312,1.5685,1.567
2011-04-28,9.4324,14.7213,1.5870,1.684
2011-04-29,9.5449,14.9101,1.5670,0.313
2011-05-02,9.4525,14.6891,1.5745,1.319
2011-05-03,9.1229,14.1867,1.5835,1.828
2011-05-04,8.9300,14.2068,1.6030,0.760
2011-05-05,8.9260,14.3676,1.6172,0.470
2011-05-06,9.1671,14.7092,1.6037,-0.054
2011-05-09,9.2113,14.7896,1.6210,0.960
2011-05-10,9.4485,15.0227,1.6069,1.065
2011-05-11,9.2033,14.8016,1.6190,0.666
2011-05-12,9.1591,14.7253,1.6192,0.714
2011-05-13,8.9180,14.3555,1.6382,1.768
2011-05-16,8.8054,14.2149,1.6266,0.760
2011-05-17,8.8858,14.2631,1.6335,1.766
2011-05-18,8.7974,13.9456,1.6115,1.659
2011-05-19,8.7532,13.9215,1.6179,1.726
2011-05-20,8.6648,13.8853,1.6155,0.811
2011-05-23,8.5522,13.8250,1.6345,1.111
2011-05-24,8.7572,14.1144,1.6287,1.052
2011-05-25,8.6728,13.9657,1.6264,1.001
2011-05-26,8.9903,14.4158,1.6232,1.229
2011-05-27,9.0506,14.3475,1.5985,0.835
2011-05-31,9.1752,14.4038,1.5833,0.856
2011-06-01,8.9823,14.2350,1.5831,-0.106
2011-06-02,9.0988,14.3716,1.5813,0.114
2011-06-03,9.1912,14.4078,1.5722,0.296
2011-06-06,8.9622,14.0742,1.5799,0.605
2011-06-07,9.0626,14.2872,1.5748,-0.108
2011-06-08,9.0144,14.2149,1.5810,0.260
2011-06-09,8.9421,14.1064,1.5832,0.360
2011-06-10,8.8496,14.0260,1.5974,0.787
2011-06-13,8.8938,13.9858,1.5892,1.060
2011-06-14,8.9903,14.1707,1.5808,0.291
2011-06-15,9.0667,14.3073,1.5940,1.013
2011-06-16,8.8818,14.2189,1.6106,0.606
2011-06-17,8.8537,14.0622,1.5960,0.486
2011-06-20,8.9300,14.1466,1.5932,0.571
2011-06-21,8.8938,14.0380,1.5882,0.621
2011-06-22,8.9823,14.1466,1.5872,0.778
2011-06-24,8.8416,14.0662,1.5949,0.251
2011-06-27,8.9139,14.0702,1.5941,0.992
2011-06-28,9.2194,14.4882,1.5790,0.478
2011-06-29,9.4123,14.6208,1.5690,1.006
2011-06-30,9.4645,14.6489,1.5595,0.758
2011-07-01,9.5248,14.6610,1.5558,1.076
2011-07-05,9.5128,14.7735,1.5636,0.681
2011-07-06,9.3962,14.5525,1.5655,1.081
2011-07-07,9.2435,14.2470,1.5543,0.843
2011-07-08,9.0667,13.9456,1.5631,1.624
2011-07-11,8.5603,13.4312,1.5776,0.547
2011-07-12,8.3754,13.0815,1.5760,0.903
2011-07-13,8.3955,13.1659,1.5708,0.165
2011-07-14,8.1021,12.7761,1.5733,-0.227
2011-07-15,8.2227,12.7359,1.5740,1.622
2011-07-18,8.0780,12.6194,1.5833,1.351
2011-07-19,8.3031,12.9208,1.5675,0.730
2011-07-20,8.4116,13.0132,1.5655,1.192
2011-07-21,8.5844,13.1901,1.5538,1.125
2011-07-22,8.5764,13.1941,1.5509,0.811
2011-07-25,8.4719,12.9007,1.5402,1.145
2011-07-26,8.3312,12.6917,1.5375,0.926
2011-07-27,8.0579,12.4425,1.5660,1.416
2011-07-28,8.0700,12.4787,1.5620,1.014
2011-07-29,8.1865,12.6596,1.5495,0.201
2011-08-01,8.1745,12.6194,1.5610,1.117
2011-08-02,7.6158,11.8879,1.5651,0.266
2011-08-03,7.5395,11.6347,1.5645,1.382
2011-08-04,7.1215,11.2730,1.5790,-0.250
2011-08-05,7.1898,11.3735,1.5993,1.101
2011-08-08,6.4544,10.2683,1.5990,0.509
2011-08-09,6.8884,10.9716,1.6290,2.275
2011-08-10,6.5669,10.6099,1.6240,0.516
2011-08-11,6.7678,10.9636,1.6277,0.478
2011-08-12,6.9688,11.1685,1.6125,0.614
2011-08-15,7.1577,11.4137,1.5937,-0.057
2011-08-16,7.0612,11.2570,1.5871,-0.445
2011-08-17,7.2662,11.5946,1.5841,-0.726
2011-08-18,6.8804,11.1243,1.6046,-0.756
2011-08-19,6.6714,10.7104,1.5986,-0.425
2011-08-22,6.6191,10.5697,1.6058,0.561
2011-08-23,6.6272,10.6501,1.5991,-0.494
2011-08-24,6.5709,10.5898,1.6051,-0.405
2011-08-25,6.6191,10.6863,1.6115,-0.183
2011-08-26,6.8080,10.9515,1.6055,-0.194
2011-08-29,7.0291,11.1123,1.5957,0.936
2011-08-30,7.1617,11.3333,1.5867,0.266
2011-08-31,7.2983,11.5946,1.5841,-0.287
2011-09-01,7.7203,12.3782,1.6005,-0.177
2011-09-02,7.3546,12.0527,1.6345,-0.262
2011-09-06,7.1175,11.7794,1.6610,0.363
2011-09-08,7.2059,11.9241,1.6545,-0.016
2011-09-09,6.8764,11.5745,1.6798,-0.204
2011-09-12,6.6392,11.3695,1.6964,-0.938
2011-09-13,6.5749,11.2610,1.7132,0.028
2011-09-14,6.6433,11.3655,1.7280,1.004
2011-09-15,6.8201,11.5544,1.7115,1.023
2011-09-16,6.8522,11.7754,1.7097,-0.511
2011-09-19,6.5790,11.6749,1.7866,0.677
2011-09-20,6.5347,11.6428,1.7891,0.417
2011-09-21,6.2454,11.6066,1.8355,-1.234
2011-09-22,5.9038,11.1525,1.8787,-0.547
2011-09-23,6.0364,11.0239,1.8585,1.767
2011-09-26,6.2132,11.2650,1.8452,1.772
2011-09-27,6.5267,11.7312,1.8067,0.517
2011-09-28,6.3740,11.6950,1.8150,-1.079
2011-09-29,6.4704,11.7754,1.8261,0.342
2011-09-30,6.2373,11.6749,1.8485,-1.244
2011-10-03,6.0967,11.5222,1.8815,-0.445
2011-10-04,6.1208,11.3815,1.8810,1.157
2011-10-05,6.3298,11.5745,1.8356,0.384
2011-10-06,6.6794,11.7955,1.8081,2.387
2011-10-07,6.5388,11.6508,1.7662,-0.876
2011-10-10,6.9045,12.1090,1.7662,0.708
2011-10-11,7.0130,12.3380,1.7529,-0.364
2011-10-13,7.1416,12.4787,1.7450,-0.133
2011-10-14,7.2782,12.6194,1.7373,0.199
2011-10-17,7.0612,12.5792,1.7491,-1.816
2011-10-18,7.1898,12.6194,1.7568,0.093
2011-10-19,7.2099,12.8605,1.7655,-1.022
2011-10-20,7.1175,12.6997,1.7983,0.784
2011-10-21,7.2983,12.9449,1.7702,-0.196
2011-10-24,7.5998,13.2383,1.7522,0.589
2011-10-25,7.3104,13.2383,1.7611,-2.749
2011-10-26,7.4792,13.2383,1.7645,-0.312
2011-10-27,7.9052,13.2383,1.7207,2.751
2011-10-28,7.9373,13.3026,1.6916,0.934
2011-10-31,7.6842,13.1539,1.6933,-1.082
2011-11-01,7.4068,12.9128,1.7525,0.525
2011-11-03,7.5475,13.0615,1.7433,0.736
2011-11-04,7.5113,13.1097,1.7545,0.526
2011-11-07,7.4551,13.1016,1.7516,-0.331
2011-11-08,7.5555,13.0815,1.7388,0.428
2011-11-09,7.1014,12.7520,1.7596,-2.010
2011-11-10,7.1456,12.7520,1.7627,-1.227
2011-11-11,7.3425,12.7962,1.7627,1.145
2011-11-14,7.2662,12.8284,1.7623,-0.180
2011-11-16,7.1336,12.9128,1.7723,-2.090
2011-11-17,6.9849,12.4265,1.7671,-0.672
2011-11-18,6.8281,12.2376,1.7817,-0.588
2011-11-21,6.6593,12.0607,1.8064,-0.260
2011-11-22,6.5950,12.0286,1.8141,-0.537
2011-11-23,6.3660,11.8799,1.8606,-0.298
2011-11-25,6.3258,11.8598,1.8865,0.622
2011-11-28,6.6151,12.1934,1.8545,0.610
2011-11-29,6.5629,12.0969,1.8461,0.156
2011-11-30,7.1537,12.8203,1.8072,0.841
2011-12-01,7.3747,13.3227,1.7965,-0.556
2011-12-02,7.4551,13.3709,1.8002,0.372
2011-12-05,7.6560,13.5839,1.7841,0.554
2011-12-06,7.5797,13.6442,1.7940,-0.339
2011-12-07,7.6078,13.6241,1.7908,-0.000
2011-12-08,7.3988,13.5960,1.8137,-1.300
2011-12-09,7.6721,13.7447,1.8072,0.876
2011-12-12,7.3988,13.7447,1.8385,-1.033
2011-12-13,7.2662,13.5638,1.8527,-0.750
2011-12-14,7.1898,13.4633,1.8812,0.462
2011-12-15,7.1014,13.2624,1.8603,-0.389
2011-12-16,7.2099,13.3428,1.8548,0.226
2011-12-19,7.0693,13.2624,1.8662,-0.526
2011-12-20,7.2903,13.5839,1.8459,-0.933
2011-12-21,7.3305,13.5839,1.8574,0.234
2011-12-22,7.5194,13.8250,1.8523,0.746
2011-12-23,7.5033,13.9416,1.8595,0.077
2011-12-27,7.4631,13.7889,1.8591,0.622
2011-12-28,7.2622,13.4754,1.8779,1.204
2011-12-29,7.3667,13.6603,1.8662,0.640
2012-01-03,7.6239,14.0180,1.8338,-0.266
2012-01-04,7.6319,14.0340,1.8205,-0.999
2012-01-05,7.5636,13.9295,1.8399,-0.095
2012-01-06,7.5555,14.0340,1.8487,-0.471
2012-01-09,7.7284,14.1224,1.8411,0.752
2012-01-10,7.9132,14.3073,1.8041,-0.217
2012-01-11,7.9695,14.3274,1.8057,0.440
2012-01-12,8.0378,14.3596,1.7825,-0.224
2012-01-13,7.9695,14.2671,1.7945,0.239
2012-01-17,8.0901,14.3636,1.7778,0.132
2012-01-18,8.3714,14.7655,1.7688,0.283
2012-01-19,8.4357,14.8499,1.7593,-0.060
2012-01-20,8.4799,14.9101,1.7629,0.262
2012-01-23,8.3593,14.6288,1.7534,0.194
2012-01-24,8.1704,14.3636,1.7637,0.325
2012-01-26,8.3513,14.5886,1.7392,-0.439
2012-01-27,8.3633,14.5123,1.7401,0.281
2012-01-30,8.1624,14.2671,1.7507,0.160
2012-01-31,8.0217,14.1144,1.7527,-0.388
2012-02-01,8.2428,14.3475,1.7383,-0.133
2012-02-02,8.3312,14.3475,1.7233,0.067
2012-02-03,8.3754,14.4038,1.7232,0.199
2012-02-06,8.3955,14.4922,1.7154,-0.625
2012-02-07,8.4920,14.6288,1.7214,-0.074
2012-02-08,8.6567,14.9503,1.7185,-0.493
2012-02-09,8.6005,14.8499,1.7200,-0.384
2012-02-10,8.5241,14.5886,1.7260,0.850
2012-02-13,8.7451,14.5886,1.7202,3.117
2012-02-14,8.6366,14.8619,1.7159,-0.285
2012-02-15,8.4357,14.6288,1.7173,-0.972
2012-02-16,8.5402,14.6650,1.7221,0.287
2012-02-17,8.6005,14.7333,1.7135,0.024
2012-02-23,8.4719,14.5083,1.7096,-0.171
2012-02-24,8.4879,14.4681,1.7065,0.115
2012-02-27,8.3754,14.3113,1.7058,-0.172
2012-02-28,8.6286,14.7012,1.6997,-0.239
2012-02-29,8.4598,14.7896,1.7148,-1.912
2012-03-01,8.7210,14.9503,1.7108,-0.203
2012-03-02,8.7130,15.1513,1.7263,-0.726
2012-03-05,8.5402,14.9302,1.7353,-0.740
2012-03-06,8.1865,14.4279,1.7584,-0.227
2012-03-07,8.2910,14.7293,1.7626,-0.785
2012-03-08,8.6447,15.1995,1.7747,0.935
2012-03-09,8.6246,15.4406,1.7865,-0.213
2012-03-12,8.3915,15.1955,1.8202,0.518
2012-03-13,8.5603,15.3723,1.7969,0.063
2012-03-14,8.5241,15.4326,1.8175,0.388
2012-03-15,8.5924,15.4607,1.8052,0.325
2012-03-16,8.6246,15.5130,1.8025,0.212
2012-03-19,8.5522,15.5130,1.8073,-0.364
2012-03-20,8.3674,15.2397,1.8214,0.004
2012-03-21,8.3232,15.1513,1.8265,0.336
2012-03-22,8.0860,14.7293,1.8230,0.078
2012-03-23,8.0780,14.5886,1.8158,0.544
2012-03-26,8.1986,14.8458,1.8155,0.260
2012-03-27,8.1905,14.8579,1.8112,-0.156
2012-03-28,7.9574,14.4681,1.8253,0.392
2012-03-29,7.8369,14.3194,1.8332,0.329
2012-03-30,7.7123,14.0380,1.8205,0.015
2012-04-02,7.7766,14.1867,1.8257,0.077
2012-04-03,7.6922,13.9657,1.8232,0.420
2012-04-04,7.4189,13.5357,1.8293,0.264
2012-04-05,7.2662,13.2624,1.8296,0.240
2012-04-09,7.1738,13.0615,1.8218,0.059
2012-04-10,6.9728,12.7962,1.8340,-0.063
2012-04-11,7.0009,12.7962,1.8311,0.181
2012-04-12,7.2019,13.2463,1.8261,-0.717
2012-04-13,6.9487,12.7319,1.8363,0.220
2012-04-16,6.8924,12.6395,1.8384,0.250
2012-04-17,6.8402,12.6596,1.8503,-0.025
2012-04-18,6.7236,12.5832,1.8703,-0.063
2012-04-19,6.7397,12.6756,1.8846,0.205
2012-04-20,6.9125,12.9529,1.8662,-0.408
2012-04-23,6.7799,12.7761,1.8854,0.053
2012-04-24,6.7196,12.6395,1.8765,-0.238
2012-04-25,6.3378,11.8960,1.8828,0.310
2012-04-26,6.3217,11.9000,1.8865,0.218
2012-04-27,6.3338,11.9362,1.8843,-0.012
2012-04-30,6.3057,12.0567,1.8930,-0.996
2012-05-02,6.1248,11.7513,1.9151,-0.184
2012-05-03,6.1168,11.7352,1.9275,0.468
2012-05-04,5.9681,11.5745,1.9258,-0.701
2012-05-07,6.0284,11.6548,1.9240,-0.483
2012-05-08,6.0284,11.6749,1.9365,-0.009
2012-05-09,5.8716,11.5021,1.9560,-0.150
2012-05-10,5.8917,11.5061,1.9545,0.080
2012-05-11,5.9199,11.6589,1.9404,-1.475
2012-05-14,5.7229,11.4137,1.9884,-0.300
2012-05-15,5.6908,11.4459,1.9935,-0.885
2012-05-16,5.5823,11.4459,2.0000,-2.458
2012-05-17,5.3773,10.8711,1.9940,-1.369
2012-05-18,5.3773,10.9274,2.0190,-0.646
2012-05-21,5.6425,10.9274,2.0455,5.623
2012-05-22,5.5340,11.4780,2.0460,-1.354
2012-05-23,5.5863,11.4619,2.0675,0.765
2012-05-24,5.5501,11.3012,2.0306,-0.275
2012-05-25,5.7350,11.4378,1.9917,-0.135
2012-05-29,5.7390,11.3615,1.9973,0.889
2012-05-30,5.5702,11.3012,2.0095,-0.954
2012-05-31,5.8154,11.7754,2.0160,-0.439
2012-06-01,5.6024,11.4860,2.0325,-0.864
2012-06-04,5.5381,11.3132,2.0439,0.053
2012-06-05,5.5381,11.1404,2.0299,0.909
2012-06-06,5.7310,11.6066,2.0170,-0.407
2012-06-08,5.6908,11.5383,2.0257,-0.091
2012-06-11,5.6546,11.6548,2.0369,-1.175
2012-06-12,5.7269,11.8558,2.0586,-0.559
2012-06-13,5.7068,11.8759,2.0628,-0.874
2012-06-14,5.7390,11.8839,2.0724,0.081
2012-06-15,5.8837,12.1371,2.0397,-1.122
2012-06-18,5.8395,12.1371,2.0660,-0.599
2012-06-19,6.0525,12.2496,2.0352,0.558
2012-06-20,5.9359,12.0768,2.0306,-0.193
2012-06-21,5.6586,11.6026,2.0446,-0.284
2012-06-22,5.4979,11.3615,2.0573,-0.446
2012-06-25,5.2849,10.9314,2.0745,0.293
2012-06-26,5.2648,10.9154,2.0735,0.010
2012-06-27,5.3210,11.0560,2.0791,0.063
2012-06-28,5.2648,10.9515,2.0904,0.493
2012-06-29,5.5943,11.3695,2.0090,-1.148
2012-07-02,5.6988,11.4057,1.9887,-0.635
2012-07-03,5.8636,11.6347,1.9968,0.633
2012-07-05,5.8274,11.8357,2.0271,-0.194
2012-07-06,5.7551,11.7553,2.0369,-0.279
2012-07-10,5.5461,11.2288,2.0343,0.477
2012-07-11,5.5501,11.2771,2.0367,0.238
2012-07-12,5.5461,11.3936,2.0477,-0.324
2012-07-13,5.6586,11.7151,2.0376,-1.580
2012-07-16,5.7310,11.7151,2.0391,-0.248
2012-07-17,5.7551,11.6146,2.0327,0.721
2012-07-18,5.8555,11.8919,2.0214,-0.467
2012-07-19,5.9962,12.1210,2.0212,-0.012
2012-07-20,5.9319,12.0768,2.0217,-0.698
2012-07-23,5.7149,11.7352,2.0393,-0.689
2012-07-24,5.9319,12.1331,2.0428,-0.127
2012-07-25,5.9600,12.2175,2.0381,-0.576
2012-07-26,6.2132,12.5551,2.0268,0.302
2012-07-27,6.4303,13.0213,2.0138,-0.553
2012-07-30,6.5428,13.3789,2.0354,-0.462
2012-07-31,6.3539,13.0494,2.0514,-0.115
2012-08-01,6.3258,12.9529,2.0384,-0.452
2012-08-02,6.1288,12.6194,2.0514,-0.370
2012-08-03,6.4061,13.0012,2.0237,-0.285
2012-08-06,6.5388,13.2945,2.0260,-0.354
2012-08-07,6.6272,13.2945,2.0270,1.044
2012-08-08,6.8000,13.2945,2.0228,3.464
2012-08-09,6.7357,13.5879,2.0175,0.010
2012-08-10,6.8442,13.7366,2.0150,0.396
2012-08-13,6.7839,13.6442,2.0279,0.828
2012-08-14,6.6875,13.6442,2.0256,-0.719
2012-08-15,6.7357,13.6442,2.0230,-0.131
2012-08-16,6.9005,13.6442,2.0203,2.175
2012-08-17,6.9326,13.6442,2.0176,2.514
2012-08-20,6.8844,13.8049,2.0196,0.715
2012-08-21,6.8161,13.7246,2.0171,0.176
2012-08-22,6.8563,13.7768,2.0206,0.558
2012-08-23,6.7638,13.6844,2.0242,0.051
2012-08-24,6.7759,13.6683,2.0213,0.203
2012-08-27,6.6392,13.4633,2.0301,0.111
2012-08-28,6.6031,13.4633,2.0492,0.503
2012-08-29,6.4503,13.1378,2.0480,0.552
2012-08-30,6.4222,13.0615,2.0463,0.615
2012-08-31,6.3539,12.7399,2.0301,1.249
2012-09-04,6.2092,12.6194,2.0420,0.474
2012-09-05,6.2494,12.6596,2.0385,0.631
2012-09-06,6.4544,13.0213,2.0330,0.772
2012-09-10,6.5267,13.0976,2.0225,0.784
2012-09-11,6.5950,13.2383,2.0209,0.677
2012-09-12,6.7277,13.5879,2.0191,-0.030
2012-09-13,6.9527,13.8652,2.0250,1.543
2012-09-14,7.0009,14.0260,2.0172,0.687
2012-09-17,6.8964,13.8652,2.0300,0.970
2012-09-18,6.7920,13.5357,2.0251,1.616
2012-09-19,6.7719,13.5437,2.0218,1.090
2012-09-20,6.7196,13.4432,2.0237,1.155
2012-09-21,6.7076,13.5196,2.0230,0.368
2012-09-24,6.7477,13.5678,2.0245,0.685
2012-09-25,6.3338,12.7520,2.0244,0.550
2012-09-26,6.3258,12.8203,2.0338,0.351
2012-09-27,6.2856,12.6596,2.0307,0.826
2012-09-28,6.1409,12.2858,2.0277,1.352
2012-10-01,6.1851,12.4787,2.0254,0.389
2012-10-02,6.1730,12.4184,2.0260,0.710
2012-10-03,6.1047,12.2577,2.0244,0.822
2012-10-04,6.1369,12.2778,2.0210,1.017
2012-10-05,6.1208,12.3742,2.0273,0.279
2012-10-08,6.1610,12.4024,2.0273,0.708
2012-10-09,5.9761,12.0969,2.0354,0.553
2012-10-10,5.8274,11.8156,2.0399,0.607
2012-10-11,5.8716,11.9161,2.0360,0.324
2012-10-15,5.8837,11.9804,2.0355,-0.034
2012-10-16,5.9279,12.0206,2.0326,0.237
2012-10-17,5.9520,12.0165,2.0323,0.663
2012-10-18,5.9319,11.9844,2.0280,0.380
2012-10-19,5.8395,11.8558,2.0269,-0.167
2012-10-22,5.8555,11.7955,2.0240,0.476
2012-10-23,5.6345,11.4217,2.0284,0.064
2012-10-24,5.8113,11.8879,2.0267,-0.926
2012-10-25,5.9199,12.0567,2.0254,-0.553
2012-10-26,5.8837,11.8919,2.0250,0.189
2012-10-31,5.8596,11.9281,2.0298,-0.288
2012-11-01,6.1047,12.4586,2.0304,-0.510
2012-11-05,6.0886,12.4466,2.0344,-0.481
2012-11-06,6.1650,12.5631,2.0330,-0.236
2012-11-07,6.0163,12.2496,2.0335,-0.126
2012-11-08,5.8756,11.9763,2.0397,0.069
2012-11-09,5.8435,11.9844,2.0475,-0.165
2012-11-12,5.8596,11.9763,2.0475,0.176
2012-11-13,5.8355,12.1974,2.0638,-1.264
2012-11-14,5.7310,12.0286,2.0680,-1.471
2012-11-16,5.7752,12.0728,2.0781,-0.592
2012-11-19,6.0042,12.4466,2.0725,-0.022
2012-11-21,6.0163,12.5993,2.0962,0.096
2012-11-23,6.1288,12.8967,2.0872,-0.811
2012-11-26,6.0886,12.6596,2.0838,0.221
2012-11-27,5.9641,12.4626,2.0750,-0.700
2012-11-28,5.9721,12.5189,2.0900,-0.297
2012-11-29,6.0846,12.8364,2.1028,-0.324
2012-11-30,6.0886,12.9087,2.1118,-0.393
2012-12-03,6.1529,13.2624,2.1141,-1.919
2012-12-04,6.1369,13.1177,2.1133,-1.133
2012-12-05,6.2896,13.1860,2.1005,0.191
2012-12-06,6.3258,13.1418,2.0790,0.072
2012-12-07,6.3217,13.1659,2.0800,-0.127
2012-12-10,6.3418,13.1740,2.0815,0.202
2012-12-11,6.3660,13.2584,2.0785,-0.202
2012-12-12,6.3378,13.2061,2.0791,-0.221
2012-12-13,6.3258,13.2142,2.0790,-0.476
2012-12-14,6.2936,13.1016,2.0827,0.046
2012-12-17,6.2655,13.1418,2.0930,-0.214
2012-12-18,6.3619,13.2182,2.0852,0.361
2012-12-19,6.5629,13.6844,2.0747,-0.500
2012-12-20,6.5870,13.6241,2.0596,-0.422
2012-12-21,6.5950,13.7005,2.0767,-0.033
2012-12-26,6.5508,13.5598,2.0495,-0.987
2012-12-27,6.5428,13.3347,2.0517,0.668
2012-12-28,6.5227,13.4111,2.0445,-0.563
2013-01-02,6.7839,13.8572,2.0425,-0.008
2013-01-03,6.9969,14.2711,2.0360,-0.178
2013-01-04,6.9688,14.1867,2.0350,-0.037
2013-01-07,6.8924,13.9456,2.0260,0.132
2013-01-08,6.8804,14.0019,2.0393,0.209
2013-01-09,6.9728,14.2269,2.0384,-0.095
2013-01-10,6.9206,14.0461,2.0325,0.142
2013-01-11,6.9286,14.0823,2.0375,0.247
2013-01-14,6.9969,14.2671,2.0301,-0.439
2013-01-15,6.9407,14.0782,2.0375,0.450
2013-01-16,6.9407,14.2028,2.0405,-0.285
2013-01-17,7.0492,14.4440,2.0425,-0.319
2013-01-18,7.1255,14.4922,2.0441,0.504
2013-01-22,7.1496,14.3877,2.0478,1.761
2013-01-23,7.0170,14.3475,2.0375,-0.351
2013-01-24,7.0693,14.3636,2.0285,-0.164
2013-01-28,6.9929,13.9858,2.0028,0.140
2013-01-29,7.0451,13.9657,1.9893,0.352
2013-01-30,6.9567,13.7005,1.9860,0.844
2013-01-31,6.9246,13.7969,1.9875,-0.249
2013-02-01,6.8924,13.7246,1.9810,-0.515
2013-02-04,6.6995,13.4031,1.9913,-0.465
2013-02-05,6.9045,13.7406,1.9840,-0.307
2013-02-06,6.7799,13.4553,1.9847,0.006
2013-02-07,6.7920,13.3709,1.9708,0.110
2013-02-08,6.8804,13.6120,1.9725,-0.298
2013-02-13,6.8924,13.5759,1.9663,-0.172
2013-02-14,6.9246,13.5116,1.9590,0.397
2013-02-15,7.1778,14.1385,1.9615,-0.420
2013-02-19,7.1496,14.0099,1.9564,-0.160
2013-02-20,6.9889,13.7648,1.9605,-0.458
2013-02-21,6.9005,13.6643,1.9727,-0.379
2013-02-22,7.1416,14.1064,1.9710,-0.215
2013-02-25,7.0652,14.1345,1.9688,-1.588
2013-02-26,6.9929,13.8773,1.9905,0.303
2013-02-27,7.0291,13.9295,1.9776,-0.207
2013-02-28,7.0974,14.0863,1.9767,-0.404
2013-03-01,7.1336,14.1466,1.9829,-0.010
2013-03-04,7.1416,14.0863,1.9798,0.374
2013-03-05,7.2139,14.0742,1.9654,0.739
2013-03-06,7.2461,14.3113,1.9667,-0.422
2013-03-07,7.3385,14.4038,1.9595,-0.166
2013-03-08,7.6520,14.8298,1.9480,0.515
2013-03-11,7.5355,14.7494,1.9593,0.100
2013-03-12,7.4470,14.5284,1.9620,0.569
2013-03-13,7.3747,14.5083,1.9615,-0.295
2013-03-14,7.2220,14.2872,1.9665,-0.596
2013-03-15,7.2180,14.2993,1.9755,-0.281
2013-03-18,7.2622,14.5685,1.9865,-0.976
2013-03-19,7.2381,14.3957,1.9874,-0.075
2013-03-20,7.2823,14.5203,1.9865,-0.373
2013-03-21,7.1336,14.3596,1.9934,-0.972
2013-03-22,7.0693,14.1827,2.0170,0.536
2013-03-25,6.9607,14.0662,2.0136,-0.356
2013-03-26,7.0813,14.2149,2.0067,-0.034
2013-03-27,7.0693,14.2470,2.0133,-0.102
2013-03-28,7.1537,14.2470,2.0160,1.227
2013-04-01,7.0371,14.2229,2.0180,-0.155
2013-04-02,6.9487,13.9697,2.0175,0.353
2013-04-03,6.8442,13.9938,2.0235,-1.033
2013-04-04,6.7477,13.5960,2.0180,0.154
2013-04-05,6.8683,13.5919,1.9925,0.685
2013-04-08,6.8201,13.5839,1.9890,-0.138
2013-04-09,7.0251,13.9054,1.9865,0.358
2013-04-10,7.1778,14.1144,1.9765,0.513
2013-04-11,7.1456,14.1667,1.9720,-0.533
2013-04-12,7.0492,13.9054,1.9690,-0.184
2013-04-15,6.8442,13.6040,1.9755,-0.612
2013-04-16,7.0009,13.9456,1.9965,0.228
2013-04-17,6.7638,13.6040,2.0000,-0.561
2013-04-18,6.4865,13.1378,2.0180,-0.366
2013-04-19,6.6272,13.4272,2.0075,-0.917
2013-04-22,6.6031,13.3588,2.0138,-0.461
2013-04-23,6.6714,13.4432,2.0145,-0.028
2013-04-24,6.7477,13.5397,2.0225,0.795
2013-04-25,6.8442,13.5317,2.0115,1.740
2013-04-26,6.5548,13.5317,2.0016,-3.041
2013-04-29,6.6392,13.1820,2.0015,0.807
2013-04-30,6.7638,13.5276,1.9990,-0.050
2013-05-02,6.6312,13.3588,2.0128,-0.087
2013-05-03,6.7397,13.5437,2.0098,0.013
2013-05-06,6.6834,13.5236,2.0120,-0.566
2013-05-07,6.9326,13.9215,2.0086,0.024
2013-05-08,7.0451,14.0662,2.0003,0.186
2013-05-09,6.9366,14.0662,2.0010,-1.322
2013-05-10,6.8804,13.9336,2.0275,0.118
2013-05-13,6.8482,13.6683,2.0163,1.023
2013-05-14,6.8522,13.8733,2.0054,-0.950
2013-05-15,6.9648,14.1064,2.0280,0.129
2013-05-16,6.8924,13.9737,2.0244,-0.148
2013-05-17,6.9206,14.1184,2.0364,-0.180
2013-05-20,7.0050,12.9851,2.0357,9.818
2013-05-21,7.0821,14.5135,2.0373,-0.586
2013-05-22,7.1086,14.7036,2.0398,-1.383
2013-05-23,7.0733,14.5798,2.0526,-0.420
2013-05-24,7.0733,14.5356,2.0516,-0.165
2013-05-28,7.0512,14.5223,2.0679,0.405
2013-05-29,6.7152,14.1687,2.0973,-0.599
2013-05-31,6.6489,14.3145,2.1217,-1.450
2013-06-03,6.7064,14.1996,2.1365,0.905
2013-06-04,6.6312,14.2703,2.1409,-0.516
2013-06-05,6.4499,13.7752,2.1261,-0.450
2013-06-06,6.5605,13.9034,2.1270,0.365
2013-06-07,6.5118,13.8150,2.1340,0.588
2013-06-10,6.4367,13.7885,2.1365,-0.265
2013-06-11,6.2599,13.3376,2.1428,0.570
2013-06-12,6.1714,13.3066,2.1470,-0.425
2013-06-13,6.1935,13.2712,2.1459,0.147
2013-06-14,6.0874,12.9883,2.1392,0.261
2013-06-17,6.0609,13.0590,2.1576,0.138
2013-06-18,5.9592,12.9795,2.1640,-0.645
2013-06-19,5.7736,12.8203,2.1743,-2.082
2013-06-20,5.6277,12.9662,2.2655,-1.671
2013-06-21,5.6542,12.6258,2.2680,1.568
2013-06-24,5.4818,12.2014,2.2479,0.993
2013-06-25,5.5393,12.2500,2.2207,0.416
2013-06-26,5.6409,12.3119,2.1994,0.770
2013-06-27,5.7515,12.5595,2.1864,0.123
2013-06-28,5.7117,12.7098,2.2075,-0.797
2013-07-01,5.6321,12.5993,2.2280,-0.404
2013-07-02,5.3359,12.0555,2.2395,-0.877
2013-07-03,5.3094,11.9185,2.2608,0.713
2013-07-05,5.1723,11.8477,2.2635,-1.183
2013-07-08,5.2342,11.8875,2.2605,-0.467
2013-07-10,5.2298,11.9317,2.2732,-0.363
2013-07-11,5.4155,12.2324,2.2670,0.364
2013-07-12,5.3315,12.1041,2.2677,-0.115
2013-07-15,5.5083,12.3252,2.2450,0.333
2013-07-16,5.4729,12.3959,2.2439,-0.929
2013-07-17,5.5746,12.5551,2.2315,-0.918
2013-07-18,5.6100,12.5728,2.2282,-0.577
2013-07-19,5.5569,12.5772,2.2345,-1.274
2013-07-22,5.7249,12.7850,2.2317,-0.067
2013-07-23,5.8576,12.9574,2.2212,0.412
2013-07-24,5.6851,12.8026,2.2388,-0.584
2013-07-25,5.7161,12.8203,2.2586,0.702
2013-07-26,5.6630,12.8203,2.2525,-0.502
2013-07-29,5.6321,12.8159,2.2605,-0.660
2013-07-30,5.6630,12.9176,2.2730,-0.352
2013-07-31,5.6365,12.8734,2.2987,0.647
2013-08-01,5.7912,13.2933,2.2980,0.112
2013-08-02,5.8266,13.2182,2.2875,0.834
2013-08-05,5.6498,13.0104,2.3016,-0.053
2013-08-06,5.5216,12.7098,2.2924,-0.410
2013-08-07,5.4111,12.5639,2.2985,-1.008
2013-08-08,5.6365,12.9264,2.2748,-0.808
2013-08-09,5.7249,12.9883,2.2710,0.100
2013-08-12,5.8487,13.3287,2.2730,-0.259
2013-08-13,5.8355,13.4215,2.3063,0.274
2013-08-14,5.7470,13.2889,2.3130,0.030
2013-08-15,5.6586,13.1784,2.3417,0.549
2013-08-16,5.4022,12.9087,2.3585,-1.298
2013-08-19,5.2784,12.7938,2.4021,-0.895
2013-08-20,5.3182,12.6567,2.3959,0.673
2013-08-21,5.1679,12.5639,2.4226,-0.351
2013-08-22,5.1679,12.5728,2.4464,0.557
2013-08-23,5.5304,13.0016,2.3679,0.722
2013-08-26,5.3978,12.7805,2.3858,0.763
2013-08-27,5.2696,12.4224,2.3925,1.490
2013-08-28,5.3359,12.4667,2.3298,-0.281
2013-08-29,5.3359,12.5683,2.3572,0.075
2013-08-30,5.3801,12.8247,2.3809,-0.119
2013-09-03,5.4199,12.8247,2.3830,0.709
2013-09-04,5.4332,12.8557,2.3536,-0.530
2013-09-05,5.6056,12.9927,2.3232,0.232
2013-09-06,5.7868,13.2580,2.2900,-0.046
2013-09-09,6.0034,13.6293,2.2799,0.425
2013-09-10,6.0255,13.7266,2.2930,0.656
2013-09-11,5.9902,13.6603,2.2884,0.349
2013-09-12,5.9725,13.6293,2.2716,-0.456
2013-09-13,6.0609,13.8283,2.2825,0.042
2013-09-16,6.0167,13.7443,2.2730,-0.497
2013-09-17,6.1714,13.9653,2.2550,-0.349
2013-09-18,6.5781,14.3676,2.2429,2.690
2013-09-19,6.4455,14.2792,2.2067,-0.391
2013-09-20,6.2599,13.8459,2.2047,-0.324
2013-09-23,6.3306,13.9697,2.1997,-0.317
2013-09-24,6.2908,13.9167,2.1978,-0.652
2013-09-25,6.2201,13.9299,2.2221,-0.778
2013-09-26,6.2201,13.9255,2.2380,-0.036
2013-09-27,6.3217,14.2350,2.2577,0.264
2013-09-30,6.2422,13.8990,2.2193,-0.329
2013-10-01,6.3306,14.0360,2.2240,0.308
2013-10-02,6.3571,13.9786,2.2031,0.192
2013-10-03,6.3571,14.0139,2.2086,0.188
2013-10-04,6.3660,14.0360,2.2005,-0.198
2013-10-07,6.3438,13.9741,2.2027,-0.004
2013-10-08,6.2864,13.9255,2.2016,-0.613
2013-10-09,6.3881,14.0758,2.2080,0.206
2013-10-10,6.5826,14.3234,2.1769,0.043
2013-10-11,6.5030,14.1863,2.1846,0.142
2013-10-14,6.5737,14.2880,2.1846,0.511
2013-10-15,6.5472,14.3455,2.1765,-0.666
2013-10-16,6.6666,14.5091,2.1567,-0.905
2013-10-17,6.7948,14.6328,2.1615,0.369
2013-10-18,6.8567,14.9953,2.1630,-1.096
2013-10-21,6.7948,14.8583,2.1728,-0.637
2013-10-22,6.8743,14.9379,2.1673,-0.262
2013-10-23,6.6975,14.7345,2.1805,-0.886
2013-10-24,6.6533,14.6638,2.1948,-0.417
2013-10-25,6.6666,14.5886,2.1870,-0.061
2013-10-28,6.7550,14.7610,2.1828,-0.110
2013-10-29,6.9893,15.3004,2.1785,-0.485
2013-10-30,6.9672,15.2473,2.1860,-0.112
2013-10-31,6.8125,15.2871,2.2235,-0.913
2013-11-01,6.6798,15.1412,2.2585,-0.362
2013-11-04,6.7550,15.2562,2.2425,-0.709
2013-11-05,6.4809,15.0042,2.2850,-1.302
2013-11-06,6.4765,14.8229,2.2865,-0.098
2013-11-07,6.2996,14.6019,2.2995,-0.794
2013-11-08,6.1405,14.2173,2.3201,0.206
2013-11-11,6.1051,14.2792,2.3201,-0.803
2013-11-12,6.0786,14.2571,2.3303,-0.646
2013-11-13,6.2908,14.5444,2.3259,0.600
2013-11-14,6.4632,14.8539,2.3229,1.074
2013-11-18,6.5958,15.0572,2.2705,-0.541
2013-11-19,6.4278,14.6549,2.2673,-0.553
2013-11-21,6.2687,14.5046,2.3080,-0.252
2013-11-22,6.2952,14.2880,2.2908,0.931
2013-11-25,6.1140,14.0758,2.2900,-0.532
2013-11-26,6.1228,14.1466,2.2980,-0.540
2013-11-27,6.2466,14.5223,2.3080,-0.724
2013-11-29,6.2201,14.5621,2.3345,-0.284
2013-12-02,5.9769,14.2438,2.3530,-1.265
2013-12-03,5.9150,13.9255,2.3664,0.516
2013-12-04,5.8310,13.8680,2.3784,0.004
2013-12-05,5.8576,13.7487,2.3620,0.632
2013-12-06,6.0034,13.8946,2.3338,0.837
2013-12-09,6.0477,14.0272,2.3197,0.011
2013-12-10,6.0388,13.9388,2.3106,0.104
2013-12-11,5.8089,13.5674,2.3308,-0.206
2013-12-12,5.8841,13.6824,2.3390,0.588
2013-12-13,5.8885,13.7354,2.3370,0.189
2013-12-16,5.8929,13.7796,2.3215,-0.720
2013-12-17,5.9018,13.7973,2.3181,-0.844
2013-12-18,6.0609,13.8813,2.3462,2.441
2013-12-19,5.9990,14.1908,2.3535,-0.508
2013-12-20,5.8045,13.8548,2.3741,-0.536
2013-12-23,5.8708,13.9123,2.3685,-0.052
2013-12-26,5.9018,14.0095,2.3535,-0.854
2013-12-27,5.9769,13.9697,2.3527,0.660
2013-12-30,5.9239,14.1775,2.3524,-1.708
2014-01-02,5.8045,13.9344,2.4015,0.037
2014-01-03,5.8399,13.9078,2.3831,0.066
2014-01-06,5.8089,13.9299,2.3744,-0.985
2014-01-07,5.8001,13.8238,2.3732,-0.427
2014-01-08,5.8001,14.0405,2.3883,-1.340
2014-01-09,5.7117,13.6028,2.4017,0.845
2014-01-10,5.8134,13.6691,2.3645,0.560
2014-01-13,5.7515,13.6072,2.3540,-0.502
2014-01-14,5.8973,13.8106,2.3557,0.592
2014-01-15,5.8089,13.8150,2.3500,-1.187
2014-01-16,5.6940,13.5276,2.3681,-0.323
2014-01-17,5.6321,13.2624,2.3550,0.009
2014-01-21,5.6630,13.3420,2.3620,0.256
2014-01-22,5.6365,13.3729,2.3739,0.057
2014-01-23,5.5083,13.1077,2.3895,0.415
2014-01-24,5.3359,12.9353,2.4008,-0.965
2014-01-27,5.4641,13.1961,2.4185,0.143
2014-01-28,5.4774,13.2889,2.4262,0.002
2014-01-29,5.2829,13.0369,2.4361,-1.284
2014-01-30,5.4199,13.0502,2.4133,0.227
2014-01-31,5.4111,13.3773,2.4116,-2.452
2014-02-03,5.3226,13.2182,2.4373,-1.856
2014-02-04,5.7294,13.8592,2.4060,-0.537
2014-02-05,5.7205,13.7929,2.3970,-0.586
2014-02-06,5.9637,14.0802,2.3858,1.050
2014-02-07,5.8973,14.0714,2.3820,-0.170
2014-02-10,5.8355,14.0493,2.3925,-0.626
2014-02-11,5.8664,14.0758,2.4083,0.371
2014-02-12,5.7603,13.9255,2.4121,-0.223
2014-02-13,5.7824,13.8636,2.4135,0.665
2014-02-14,5.8089,13.9697,2.3859,-0.789
2014-02-18,5.7249,13.7089,2.3902,-0.184
2014-02-19,5.6851,13.7487,2.3895,-1.193
2014-02-20,5.7647,13.7310,2.3713,-0.445
2014-02-21,5.8089,13.7487,2.3565,-0.436
2014-02-24,5.8531,13.8238,2.3300,-1.346
2014-02-25,5.8355,13.7310,2.3338,-0.817
2014-02-26,5.8001,13.6780,2.3495,-0.370
2014-02-27,5.9813,13.8946,2.3315,0.367
2014-02-28,5.8885,13.7973,2.3321,-0.469
2014-03-05,5.8443,13.5851,2.3281,0.155
2014-03-06,5.9858,13.9609,2.3051,-1.168
2014-03-07,5.8222,13.6824,2.3383,-0.499
2014-03-10,5.7205,13.5055,2.3440,-0.716
2014-03-11,5.7249,13.6514,2.3495,-1.470
2014-03-12,5.7028,13.4834,2.3617,-0.112
2014-03-13,5.6012,13.3022,2.3560,-0.796
2014-03-14,5.4553,12.9485,2.3584,-0.640
2014-03-17,5.5967,13.2182,2.3532,-0.363
2014-03-18,5.7205,13.4658,2.3415,-0.529
2014-03-19,5.7294,13.5276,2.3310,-1.275
2014-03-20,5.9327,13.8106,2.3339,0.259
2014-03-21,5.9106,13.8636,2.3215,-1.025
2014-03-24,6.1316,14.2659,2.3220,-0.198
2014-03-25,6.1980,14.3455,2.3092,-0.231
2014-03-26,6.2599,14.4693,2.3060,-0.235
2014-03-27,6.4765,14.7832,2.2671,-0.679
2014-03-28,6.4632,14.6947,2.2627,-0.479
2014-03-31,6.5693,14.9777,2.2552,-1.085
2014-04-01,6.6268,15.0970,2.2626,-0.684
2014-04-02,6.8346,15.5833,2.2704,-0.424
2014-04-03,6.7064,15.4021,2.2795,-0.746
2014-04-04,6.7285,15.1810,2.2403,-0.707
2014-04-07,6.9849,15.5258,2.2209,-0.085
2014-04-08,6.8832,15.3004,2.1940,-1.299
2014-04-09,6.8390,15.0970,2.2154,0.358
2014-04-10,6.8876,15.2606,2.1954,-0.914
2014-04-11,7.0158,15.6231,2.2075,-0.869
2014-04-14,6.9186,15.4242,2.2096,-0.888
2014-04-15,6.7108,15.0528,2.2355,-0.338
2014-04-16,6.8125,15.3269,2.2355,-0.637
2014-04-17,6.9672,15.7159,2.2488,-0.306
2014-04-22,7.0379,15.8265,2.2425,-0.278
2014-04-23,7.0644,15.7955,2.2372,0.057
2014-04-24,7.2678,16.1359,2.2231,0.131
2014-04-25,7.2413,16.2906,2.2357,-0.622
2014-04-28,7.2766,16.2597,2.2310,-0.157
2014-04-29,7.2545,16.2685,2.2205,-0.983
2014-04-30,7.2324,16.2553,2.2360,-0.514
2014-05-02,7.4314,16.5559,2.2177,-0.455
2014-05-05,7.4358,16.7327,2.2324,-0.795
2014-05-06,7.3872,16.5780,2.2278,-0.729
2014-05-07,7.4933,16.6929,2.2231,-0.208
2014-05-08,7.3872,16.4365,2.2048,-0.909
2014-05-09,7.3297,16.2906,2.2150,-0.340
2014-05-12,7.4667,16.6045,2.2190,-0.216
2014-05-13,7.4048,16.5028,2.2095,-0.860
2014-05-14,7.4667,16.5736,2.2043,-0.692
2014-05-15,7.3783,16.4498,2.2250,-0.201
2014-05-16,7.4933,16.6134,2.2115,-0.253
2014-05-19,7.4535,16.5073,2.2040,-0.484
2014-05-20,7.2943,16.2155,2.2100,-0.586
2014-05-21,7.2855,15.8707,2.2075,1.336
2014-05-22,7.2147,16.0652,2.2180,-0.391
2014-05-23,7.0821,15.8220,2.2154,-0.836
2014-05-27,6.9981,15.7823,2.2371,-0.803
2014-05-28,7.1794,16.0696,2.2388,0.022
2014-05-29,7.0910,15.8265,2.2188,-0.588
2014-05-30,6.8522,15.3844,2.2365,-0.386
2014-06-02,6.7903,15.4816,2.2685,-0.502
2014-06-03,6.8169,15.5745,2.2695,-0.665
2014-06-04,6.6887,15.3976,2.2846,-0.758
2014-06-05,6.7240,15.1943,2.2620,0.102
2014-06-06,7.0025,15.8724,2.2421,-1.084
2014-06-09,7.3478,16.4706,2.2292,-0.551
2014-06-10,7.3332,16.4268,2.2271,-0.578
2014-06-11,7.4888,16.7672,2.2296,-0.418
2014-06-13,7.4256,16.6748,2.2305,-0.672
2014-06-16,7.3575,16.5630,2.2339,-0.767
2014-06-17,7.2262,16.3441,2.2561,-0.251
2014-06-18,7.3867,16.5678,2.2526,0.431
2014-06-20,7.2603,16.3247,2.2360,-0.556
2014-06-23,7.2749,16.2031,2.2175,-0.439
2014-06-24,7.2651,16.2323,2.2202,-0.630
2014-06-25,7.1387,15.7168,2.2073,0.257
2014-06-26,7.0949,15.6633,2.2056,-0.094
2014-06-27,7.0658,15.6147,2.1974,-0.566
2014-06-30,6.9928,15.5369,2.2030,-0.848
2014-07-01,7.0366,15.6001,2.2015,-0.699
2014-07-02,6.8858,15.3472,2.2169,-0.535
2014-07-03,6.9393,15.4591,2.2163,-0.514
2014-07-07,6.9199,15.4640,2.2192,-0.694
2014-07-08,6.8907,15.4299,2.2134,-1.154
2014-07-10,7.2262,16.1448,2.2223,-0.532
2014-07-11,7.2311,16.1204,2.2200,-0.418
2014-07-14,7.4256,16.4997,2.2135,-0.383
2014-07-15,7.4791,16.6991,2.2237,-0.406
2014-07-16,7.2846,16.2663,2.2235,-0.424
2014-07-17,7.1679,16.2906,2.2446,-1.238
2014-07-18,7.6055,17.0882,2.2326,-0.632
2014-07-21,7.7466,17.2340,2.2194,-0.240
2014-07-22,7.7855,17.2000,2.2070,-0.102
2014-07-23,7.7271,17.2049,2.2184,-0.366
2014-07-24,7.8487,17.4577,2.2172,-0.319
2014-07-25,7.7903,17.3848,2.2286,-0.134
2014-07-28,7.7417,17.2681,2.2298,-0.033
2014-07-29,7.7612,17.3459,2.2290,-0.267
2014-07-30,7.7223,17.4286,2.2533,-0.161
2014-07-31,7.4888,17.0590,2.2696,-0.365
2014-08-01,7.4986,17.0347,2.2674,-0.190
2014-08-04,7.6347,17.2486,2.2591,-0.006
2014-08-05,7.6542,17.4820,2.2770,-0.306
2014-08-06,7.6347,17.4091,2.2754,-0.213
2014-08-07,7.4986,17.2535,2.2884,-0.544
2014-08-08,7.4110,17.0201,2.2960,-0.026
2014-08-11,7.5812,17.3313,2.2740,-0.528
2014-08-12,7.5861,17.2827,2.2739,-0.189
2014-08-13,7.4402,16.9860,2.2762,-0.298
2014-08-14,7.5034,17.1319,2.2709,-0.539
2014-08-15,7.6347,17.3848,2.2736,-0.152
2014-08-18,7.7806,17.6377,2.2595,-0.325
2014-08-19,8.0481,18.2407,2.2555,-0.484
2014-08-20,8.0627,18.3282,2.2537,-0.859
2014-08-21,8.1064,18.4352,2.2555,-0.820
2014-08-22,7.9800,18.2261,2.2784,-0.244
2014-08-25,8.1210,18.6783,2.2823,-0.770
2014-08-26,8.2718,18.8048,2.2725,-0.038
2014-08-27,8.5781,19.3737,2.2594,0.040
2014-08-28,8.5198,19.1889,2.2521,-0.008
2014-08-29,8.7532,19.6947,2.2381,-0.529
2014-09-02,8.9088,20.0545,2.2513,0.009
2014-09-03,8.8893,19.9864,2.2308,-0.781
2014-09-04,8.6900,19.5779,2.2399,-0.579
2014-09-05,8.7726,19.7238,2.2440,-0.193
2014-09-08,8.5003,19.2132,2.2498,-0.464
2014-09-09,8.2085,18.9166,2.2825,-0.955
2014-09-10,8.1453,18.7124,2.2956,-0.075
2014-09-11,8.1356,18.6832,2.2882,-0.360
2014-09-12,7.7125,18.0121,2.3301,-0.228
2014-09-15,7.8487,18.4692,2.3451,-0.343
2014-09-16,8.1307,18.9458,2.3227,-0.319
2014-09-17,8.0627,19.0284,2.3458,-0.605
2014-09-18,7.9168,18.8048,2.3602,-0.636
2014-09-19,7.7223,18.3574,2.3747,-0.105
2014-09-22,7.5472,18.1094,2.3862,-0.554
2014-09-23,7.4791,18.0218,2.4100,0.016
2014-09-24,7.5958,18.1629,2.4022,0.461
2014-09-25,7.2360,17.5939,2.4179,-0.557
2014-09-26,7.5569,18.3331,2.4243,-0.070
2014-09-29,6.9247,17.0493,2.4458,-0.661
2014-09-30,6.7497,16.4608,2.4484,0.395
2014-10-01,6.4433,16.0280,2.4746,-0.520
2014-10-02,6.6573,16.5630,2.4881,0.006
2014-10-03,6.8518,16.9520,2.4870,0.522
2014-10-06,7.2992,17.8614,2.4086,-1.571
2014-10-07,7.4159,17.8905,2.3901,-0.927
2014-10-08,7.3916,17.6571,2.4274,1.615
2014-10-09,7.4888,17.8808,2.3922,0.190
2014-10-10,7.0658,17.1416,2.4096,-0.677
2014-10-13,7.6833,18.4789,2.4096,0.189
2014-10-14,7.7806,18.6491,2.3943,-0.107
2014-10-15,7.3040,17.8127,2.4393,0.023
2014-10-16,7.0220,17.3410,2.4742,0.189
2014-10-17,7.3284,17.8468,2.4328,-0.103
2014-10-20,7.0512,17.4091,2.4555,-0.545
2014-10-21,6.6573,16.5338,2.4687,-0.599
2014-10-22,6.5843,16.4268,2.4711,-0.951
2014-10-23,6.3023,15.6828,2.5029,0.582
2014-10-24,6.5600,16.1204,2.4657,0.339
2014-10-27,6.2537,15.7655,2.5429,0.869
2014-10-28,6.6573,16.4852,2.4705,-0.233
2014-10-29,6.5163,16.0086,2.4349,-0.888
2014-10-30,7.1727,17.3021,2.4058,-0.265
2014-10-31,7.1776,17.8614,2.4535,-1.406
2014-11-03,7.0852,17.7981,2.4964,-0.621
2014-11-04,7.2117,18.1385,2.5178,0.104
2014-11-05,7.0949,17.9392,2.5070,-0.848
2014-11-06,6.7302,17.2875,2.5541,-0.566
2014-11-07,6.8567,17.5793,2.5705,0.260
2014-11-10,6.8615,17.5307,2.5402,-0.576
2014-11-11,6.8518,17.5210,2.5402,-0.662
2014-11-12,6.8761,17.6523,2.5496,-0.685
2014-11-13,6.6087,17.0833,2.5922,0.279
2014-11-14,6.6378,17.1660,2.6030,0.654
2014-11-17,6.5065,17.0395,2.6016,-0.658
2014-11-18,6.8080,17.5355,2.5954,0.764
2014-11-19,7.1533,18.2407,2.5744,0.958
2014-11-21,7.8341,19.4418,2.5247,1.733
2014-11-24,7.4937,19.0382,2.5478,0.285
2014-11-25,7.5618,19.2813,2.5300,-0.778
2014-11-26,7.6347,19.1208,2.5006,-0.154
2014-11-28,7.3235,18.8193,2.5720,0.089
2014-12-01,7.0025,17.9392,2.5620,0.008
2014-12-02,6.9004,17.7884,2.5737,-0.162
2014-12-03,6.9247,17.9392,2.5549,-1.378
2014-12-04,6.8323,17.6717,2.5781,-0.324
2014-12-05,6.9053,18.0072,2.6010,-0.259
2014-12-08,6.6330,17.3362,2.6142,0.022
2014-12-09,6.6621,17.4042,2.5941,-0.701
2014-12-10,6.4919,17.1416,2.6106,-1.130
2014-12-11,6.4336,17.3362,2.6445,-1.860
2014-12-12,6.1370,16.4122,2.6720,-0.087
2014-12-15,5.9181,16.0621,2.6917,-0.824
2014-12-16,5.8111,15.9843,2.7306,-0.728
2014-12-17,6.1613,16.7915,2.6910,-1.260
2014-12-18,6.2002,16.6651,2.6454,-1.579
2014-12-19,6.2342,16.9228,2.6538,-2.236
2014-12-22,6.3752,17.0395,2.6532,-0.732
2014-12-23,6.2683,17.1173,2.6996,-1.142
2014-12-26,6.2634,16.8742,2.6950,0.033
2014-12-29,6.2974,16.9228,2.6974,0.377
2014-12-30,6.3412,16.8256,2.6605,0.269
2015-01-02,6.1126,16.4511,2.6967,0.200
2015-01-05,6.0397,16.5338,2.7284,-0.333
2015-01-06,6.2342,16.8012,2.7013,0.233
2015-01-07,6.4093,17.4091,2.7000,-0.598
2015-01-08,6.5552,17.6814,2.6635,-1.254
2015-01-09,6.3947,16.9082,2.6375,-0.250
2015-01-12,6.1856,16.4997,2.6673,-0.006
2015-01-13,6.2585,16.4803,2.6366,0.127
2015-01-14,6.3801,16.5921,2.6145,0.534
2015-01-15,6.1710,16.4463,2.6324,-1.227
2015-01-16,6.4287,16.6991,2.6225,0.959
2015-01-20,6.2099,16.1496,2.6148,0.545
2015-01-21,6.4968,16.6262,2.5982,1.527
2015-01-22,6.5795,16.7089,2.5644,0.979
2015-01-23,6.4044,16.5484,2.5805,-0.132
2015-01-26,6.4433,16.7429,2.5820,-0.635
2015-01-27,6.4822,16.6797,2.5737,0.022
2015-01-28,6.2537,16.3393,2.5825,-1.158
2015-01-29,6.1759,16.2274,2.6113,-0.619
2015-01-30,5.8938,15.9989,2.6843,-1.113
2015-02-02,6.0202,16.2031,2.7086,0.638
2015-02-03,6.1418,16.6554,2.7016,-0.376
2015-02-04,6.2926,17.2681,2.7403,-0.142
2015-02-05,6.2683,17.1222,2.7306,-0.036
2015-02-06,6.0737,17.0833,2.7681,-1.584
2015-02-09,6.1856,17.1903,2.7872,0.292
2015-02-10,5.9619,16.9714,2.8304,-0.571
2015-02-11,5.6896,16.2809,2.8724,0.380
2015-02-12,5.9181,16.7089,2.8225,-0.030
2015-02-13,6.1418,17.2632,2.8273,0.588
2015-02-18,6.1272,17.3653,2.8467,0.444
2015-02-19,6.0591,17.3605,2.8578,-0.257
2015-02-20,6.0640,17.4529,2.8773,-0.028
2015-02-23,6.0980,17.6231,2.8688,-0.732
2015-02-24,6.2974,17.8079,2.8462,0.651
2015-02-25,6.1953,17.8516,2.8656,-0.551
2015-02-26,6.1807,17.9392,2.8806,-0.752
2015-02-27,6.2148,17.7495,2.8618,0.202
2015-03-02,6.0932,17.6620,2.8765,-0.764
2015-03-03,6.0932,17.7981,2.8967,-0.832
2015-03-04,5.9668,17.6425,2.9790,0.751
2015-03-05,5.7771,17.4869,2.9961,-1.019
2015-03-06,5.5145,17.0201,3.0601,-0.853
2015-03-09,5.2762,16.5776,3.1015,-1.287
2015-03-10,5.1060,15.9259,3.1273,0.265
2015-03-11,5.2276,16.4657,3.0881,-1.958
2015-03-12,5.2422,16.5338,3.1247,-0.929
2015-03-13,5.0525,16.4511,3.2605,0.138
2015-03-16,5.0525,16.4511,3.2204,-1.094
2015-03-17,5.1984,16.9228,3.2632,0.240
2015-03-18,5.4124,17.4334,3.2747,1.666
2015-03-19,5.2276,17.3264,3.2931,-0.643
2015-03-20,5.3929,17.4723,3.2206,-0.594
2015-03-23,5.4805,17.3605,3.1596,-0.256
2015-03-24,5.4853,17.2535,3.1534,0.255
2015-03-25,5.3881,17.2389,3.1609,-1.205
2015-03-26,5.2227,16.7526,3.1768,-0.961
2015-03-27,5.0866,16.4608,3.2412,0.156
2015-03-30,5.2422,17.0152,3.2515,0.175
2015-03-31,5.3783,17.1708,3.1843,-0.260
2015-04-01,5.5680,17.7495,3.1547,-1.037
2015-04-02,5.7236,17.9197,3.1373,0.206
2015-04-06,5.8111,18.1385,3.0961,-0.809
2015-04-07,5.7576,18.1483,3.1105,-1.317
2015-04-08,5.9424,18.2358,3.0852,0.536
2015-04-09,5.8063,17.8711,3.0345,-1.410
2015-04-10,5.8500,18.0024,3.0784,0.036
2015-04-13,5.6993,17.8614,3.1157,-0.583
2015-04-14,5.8111,17.8614,3.0779,0.139
2015-04-15,5.9278,18.1191,3.0571,0.016
2015-04-16,5.9668,17.9829,3.0180,0.138
2015-04-17,5.8209,17.7544,3.0639,0.452
2015-04-20,5.7187,17.4577,3.0446,-0.266
2015-04-22,5.9473,17.9440,2.9988,-0.609
2015-04-23,6.1661,18.4303,2.9807,-0.276
2015-04-24,6.4579,19.0284,2.9631,0.562
2015-04-27,6.3606,18.6735,2.9049,-1.052
2015-04-28,6.3995,18.8631,2.9002,-1.607
2015-04-29,6.2926,18.6054,2.9393,-0.589
2015-04-30,6.2342,18.7367,3.0121,0.221
2015-05-04,6.1467,18.9409,3.0720,-0.308
2015-05-05,6.1321,18.7561,3.0585,-0.006
2015-05-06,5.9813,18.2844,3.0485,-0.275
2015-05-07,6.0591,18.3574,3.0390,0.307
2015-05-08,6.1904,18.6005,2.9808,-0.796
2015-05-11,6.0494,18.5130,3.0385,-0.712
2015-05-12,6.0932,18.4303,3.0223,-0.081
2015-05-13,6.0300,18.3039,3.0265,-0.296
2015-05-14,6.1613,18.4838,2.9910,-0.300
2015-05-15,6.2780,18.8291,2.9779,-0.711
2015-05-18,6.0202,18.3282,3.0120,-1.065
2015-05-19,5.9230,18.0705,3.0175,-1.095
2015-05-20,5.8889,17.7495,3.0308,0.556
2015-05-21,5.7333,17.5355,3.0431,-0.504
2015-05-22,5.5340,17.1660,3.0705,-1.013
2015-05-26,5.3832,16.9763,3.1489,-0.148
2015-05-27,5.4756,17.3216,3.1708,0.234
2015-05-28,5.4075,17.1173,3.1755,0.317
2015-05-29,5.2033,16.6943,3.1855,-0.714
2015-06-01,5.1984,16.5727,3.1655,-0.707
2015-06-02,5.3735,16.9423,3.1391,-0.439
2015-06-03,5.2519,16.5143,3.1103,-1.086
2015-06-05,5.0866,16.1204,3.1604,-0.278
2015-06-08,5.1449,16.0524,3.1226,0.082
2015-06-09,5.1255,15.9502,3.0950,-0.545
2015-06-10,5.2179,16.4171,3.1013,-1.431
2015-06-11,5.2276,16.3150,3.1419,0.672
2015-06-12,5.1547,16.1448,3.1011,-0.989
2015-06-15,5.1498,16.2274,3.0958,-1.754
2015-06-16,5.4172,16.8012,3.1052,0.121
2015-06-17,5.3832,16.5046,3.0946,0.935
2015-06-18,5.4951,16.9131,3.0405,-1.214
2015-06-19,5.3492,16.7234,3.0887,-1.205
2015-06-22,5.4124,16.7721,3.0833,-0.501
2015-06-23,5.4853,16.9374,3.0913,0.114
2015-06-24,5.4610,16.9958,3.0884,-0.765
2015-06-25,5.3103,16.7040,3.1144,-0.992
2015-06-26,5.3638,16.8499,3.1223,-0.609
2015-06-29,5.2859,16.6359,3.1403,-0.219
2015-06-30,5.3249,16.6408,3.1106,-0.464
2015-07-01,5.2908,16.7283,3.1269,-1.103
2015-07-02,5.4464,16.9520,3.1110,-0.048
2015-07-06,5.2227,16.4949,3.1454,-0.408
2015-07-07,5.1887,16.5581,3.1905,-0.022
2015-07-08,5.0331,16.3685,3.2319,-0.623
2015-07-10,5.2957,16.8645,3.1834,-0.037
2015-07-13,5.4075,17.0201,3.1507,0.102
2015-07-14,5.4027,17.0317,3.1197,-1.040
2015-07-15,5.3117,16.7375,3.1531,0.065
2015-07-16,5.2850,16.7857,3.1340,-1.326
2015-07-17,5.2101,16.6841,3.1915,-0.336
2015-07-20,5.1459,16.5824,3.2123,-0.315
2015-07-21,5.1512,16.4433,3.1725,-0.614
2015-07-22,5.0015,16.1866,3.2232,-0.407
2015-07-23,4.6966,15.5126,3.2862,-0.507
2015-07-24,4.5949,15.4430,3.3302,-0.913
2015-07-27,4.5361,15.4109,3.3560,-1.219
2015-07-28,4.6484,15.6945,3.3941,0.527
2015-07-29,4.7073,15.8496,3.3308,-1.076
2015-07-30,4.6110,15.6517,3.3696,-0.732
2015-07-31,4.6431,16.0903,3.4078,-1.663
2015-08-03,4.6056,16.0047,3.4487,-0.758
2015-08-04,4.4880,15.6196,3.4693,-0.317
2015-08-05,4.4452,15.5928,3.4884,-0.554
2015-08-06,4.3596,15.5340,3.5684,0.146
2015-08-07,4.2579,15.0793,3.5281,-0.377
2015-08-10,4.4184,15.2772,3.4699,0.355
2015-08-11,4.3168,15.2451,3.5086,-0.651
2015-08-12,4.2312,14.8065,3.4725,-0.768
2015-08-13,4.0226,14.2823,3.5147,-1.009
2015-08-14,4.0761,14.2662,3.4625,-1.071
2015-08-17,4.0386,14.1165,3.4728,-0.646
2015-08-18,4.1349,14.3518,3.4623,-0.248
2015-08-19,4.0012,14.0576,3.5021,-0.321
2015-08-20,4.0547,14.0897,3.4617,-0.381
2015-08-21,3.9958,14.1218,3.4970,-1.051
2015-08-24,3.8567,13.8329,3.5539,-0.914
2015-08-25,3.7872,13.8062,3.5456,-2.740
2015-08-26,4.0333,14.6407,3.6333,0.092
2015-08-27,4.2312,15.1595,3.5499,-0.918
2015-08-28,4.0814,14.7263,3.5938,-0.397
2015-08-31,3.9156,14.2020,3.6206,-0.178
2015-09-01,3.7444,13.8650,3.6715,-0.847
2015-09-02,3.7605,14.1913,3.7389,-0.925
2015-09-03,3.9049,14.7316,3.7546,-0.477
2015-09-04,3.6642,14.1325,3.8094,-1.232
2015-09-08,3.7444,14.2876,3.8081,-0.200
2015-09-09,3.7819,14.4481,3.7900,-0.795
2015-09-10,3.6588,14.1592,3.8587,-0.289
2015-09-11,3.6160,14.1860,3.8757,-1.208
2015-09-14,3.8300,14.7584,3.8391,-0.370
2015-09-15,3.8835,15.1221,3.8655,-0.730
2015-09-16,4.0279,15.3735,3.8255,0.230
2015-09-17,3.9851,15.5072,3.8930,0.044
2015-09-18,3.7177,14.8974,3.9210,-2.151
2015-09-21,3.6321,14.5658,3.9911,-0.479
2015-09-22,3.6053,14.7049,4.0490,-0.727
2015-09-23,3.4074,14.1218,4.1093,-0.848
2015-09-24,3.5411,14.2823,4.1638,3.237
2015-09-25,3.4823,13.9346,3.9489,-1.315
2015-09-28,3.3807,13.9239,4.0070,-2.711
2015-09-29,3.3967,13.8650,4.0921,0.250
2015-09-30,3.5411,14.1806,3.9554,-1.227
2015-10-01,3.5786,14.3786,4.0003,-0.439
2015-10-02,3.7658,14.9616,3.9712,-0.046
2015-10-05,3.9049,15.2772,3.8924,-0.509
2015-10-06,3.9958,15.4163,3.8406,-0.454
2015-10-07,4.0761,15.8549,3.8123,-1.991
2015-10-08,4.1456,15.9138,3.8295,-0.240
2015-10-09,4.1563,15.8068,3.7339,-1.819
2015-10-13,3.8354,14.9616,3.8314,-1.784
2015-10-14,3.8621,14.8225,3.8366,-0.035
2015-10-15,3.8086,14.5765,3.8420,0.385
2015-10-16,3.7872,14.3572,3.8527,1.629
2015-10-19,3.7551,14.6995,3.9005,-0.358
2015-10-20,3.6374,14.4000,3.8845,-1.877
2015-10-21,3.5732,14.2930,3.9514,-1.215
2015-10-22,3.6909,14.5925,3.9249,-0.727
2015-10-23,3.6963,14.4962,3.8964,-0.649
2015-10-26,3.6053,14.2823,3.8788,-2.086
2015-10-27,3.6000,14.2020,3.9002,-1.136
2015-10-28,3.6374,14.2983,3.8594,-1.818
2015-10-29,3.5732,13.9078,3.8971,0.125
2015-10-30,3.6642,14.1592,3.8439,-0.526
2015-11-03,3.9958,15.0633,3.7578,-0.317
2015-11-04,3.9637,15.1007,3.7946,-0.397
2015-11-05,4.0386,15.2826,3.7809,-0.085
2015-11-06,4.0065,15.0526,3.8055,1.291
2015-11-09,3.8621,14.6674,3.7855,-0.323
2015-11-10,3.9209,14.7584,3.7978,0.898
2015-11-11,4.0547,15.1595,3.7978,1.578
2015-11-12,3.9370,15.2023,3.7898,-1.855
2015-11-13,3.8193,14.7797,3.8235,-1.195
2015-11-16,3.9744,15.1970,3.8460,0.584
2015-11-17,3.9691,15.3040,3.8123,-1.128
2015-11-18,4.0975,15.2665,3.7914,1.759
2015-11-19,4.2847,15.6838,3.7365,2.078
2015-11-23,4.1723,15.6784,3.7239,-0.899
2015-11-24,4.2151,15.6998,3.7064,-0.489
2015-11-25,3.9370,14.9295,3.7508,-1.090
2015-11-27,3.8567,14.7477,3.7736,-1.314
2015-11-30,3.7872,14.8653,3.8982,-0.686
2015-12-01,3.8193,14.9723,3.8491,-1.813
2015-12-02,3.8461,14.4962,3.8633,2.499
2015-12-03,4.0493,15.4163,3.7762,-0.813
2015-12-04,3.9905,15.0740,3.7426,-0.923
2015-12-07,3.9263,14.9616,3.7595,-1.342
2015-12-08,3.9584,14.7904,3.8032,1.785
2015-12-09,4.1510,15.5928,3.7264,-0.800
2015-12-10,3.9477,15.4056,3.7787,-3.171
2015-12-11,3.9102,15.4056,3.8791,-1.541
2015-12-14,3.8621,15.0419,3.8972,0.063
2015-12-15,3.8835,15.1381,3.9000,0.049
2015-12-16,3.8995,15.0365,3.9421,2.234
2015-12-17,3.8567,15.2933,3.9053,-1.514
2015-12-18,3.5679,14.4053,3.9336,-2.573
2015-12-21,3.4716,14.1378,4.0231,-1.211
2015-12-22,3.5411,14.2288,3.9980,-0.501
2015-12-23,3.5839,14.1753,3.9672,0.303
2015-12-28,3.6214,14.1218,3.8590,-1.040
2015-12-29,3.6267,14.1325,3.8917,-0.130
2015-12-30,3.5144,14.0844,3.9880,-0.489
2016-01-04,3.3272,13.4425,4.0613,0.522
2016-01-05,3.3539,13.5548,4.0108,-0.759
2016-01-06,3.3272,13.5013,4.0163,-1.025
2016-01-07,3.2255,13.2445,4.0504,-1.357
2016-01-08,3.2255,13.2499,4.0480,-1.456
2016-01-11,3.2202,13.0948,4.0464,-0.493
2016-01-12,3.2683,13.1536,4.0454,0.518
2016-01-13,3.1881,12.9503,3.9893,-1.792
2016-01-14,3.2576,13.1376,4.0032,-0.735
2016-01-15,3.1239,12.7952,4.0480,-1.169
2016-01-19,3.0811,12.5170,4.0420,-0.505
2016-01-20,3.0330,12.3405,4.1103,1.020
2016-01-21,2.9367,12.3673,4.1299,-1.933
2016-01-22,3.0758,12.4850,4.1061,1.157
2016-01-26,3.0811,12.6187,4.0701,-0.620
2016-01-27,3.0865,12.6668,4.0557,-1.177
2016-01-28,3.1132,12.7524,4.0979,0.041
2016-01-29,3.3646,13.3462,4.0364,1.759
2016-02-01,3.4395,13.6243,3.9866,0.643
2016-02-02,3.0865,12.6454,3.9885,-2.650
2016-02-03,3.3218,12.9503,3.9478,1.263
2016-02-04,3.4021,13.1376,3.8785,0.437
2016-02-05,3.3807,13.2659,3.9101,-0.356
2016-02-10,3.3379,13.3301,3.9366,-1.427
2016-02-11,3.2042,12.9343,3.9704,-1.643
2016-02-12,3.2523,13.0359,3.9764,-0.794
2016-02-16,3.2737,13.3087,4.0564,-0.220
2016-02-17,3.3700,13.4532,3.9856,-0.162
2016-02-18,3.2202,13.1803,4.0191,-1.806
2016-02-19,3.2095,12.9824,4.0428,-0.054
2016-02-22,3.4021,13.5066,3.9330,-0.935
2016-02-23,3.3165,13.3141,3.9740,-1.009
2016-02-24,3.3111,13.2017,3.9774,-0.243
2016-02-25,3.3111,13.2124,3.9290,-1.536
2016-02-26,3.2844,13.2124,4.0120,-0.269
2016-02-29,3.3700,13.5869,3.9793,-1.301
2016-03-01,3.5839,14.2181,3.9475,-0.496
2016-03-02,3.7230,14.5497,3.8948,-0.339
2016-03-03,4.1830,15.9887,3.8246,0.061
2016-03-04,4.4986,16.7696,3.7280,0.008
2016-03-07,4.4131,16.6947,3.7745,-0.225
2016-03-08,4.5200,17.0692,3.7721,-0.112
2016-03-09,4.4666,16.5022,3.6902,-0.119
2016-03-10,4.7073,17.1494,3.6698,0.731
2016-03-11,4.7929,17.2939,3.6166,0.231
2016-03-14,4.7019,17.2136,3.6265,-0.942
2016-03-15,4.3435,16.4487,3.7298,-1.509
2016-03-16,4.2258,15.9619,3.7998,0.598
2016-03-17,4.7982,17.7057,3.6201,-1.896
2016-03-18,4.8891,17.7539,3.6050,-0.724
2016-03-21,4.8784,17.7592,3.6064,-0.933
2016-03-22,4.7822,17.3046,3.5921,-0.731
2016-03-23,4.5147,16.7536,3.6735,-1.008
2016-03-24,4.4666,16.5771,3.7043,-0.191
2016-03-28,4.6484,16.9890,3.6390,-0.432
2016-03-29,4.6698,17.0906,3.6726,0.350
2016-03-30,4.7073,17.1869,3.6145,-1.003
2016-03-31,4.5949,16.6947,3.5500,-2.293
2016-04-01,4.6912,16.8017,3.5410,-1.132
2016-04-04,4.4505,16.2133,3.5994,-1.198
2016-04-05,4.4077,16.2454,3.6659,-0.537
2016-04-06,4.3114,15.7800,3.6538,-0.171
2016-04-07,4.2900,15.9512,3.7106,-0.205
2016-04-08,4.6912,16.9569,3.6288,0.393
2016-04-11,4.8570,17.0424,3.5160,0.205
2016-04-12,5.0764,17.8127,3.5520,1.227
2016-04-13,5.1566,18.0320,3.5606,1.822
2016-04-14,4.9854,17.5078,3.5035,-0.236
2016-04-15,4.9694,17.6202,3.5362,-0.269
2016-04-18,4.8410,17.4918,3.5977,-0.431
2016-04-19,4.9694,17.5881,3.5420,0.077
2016-04-20,4.8784,17.2618,3.5444,0.170
2016-04-22,4.7340,16.9462,3.5864,0.188
2016-04-25,4.7019,16.7964,3.5482,-0.673
2016-04-26,4.9212,17.3794,3.5269,-0.131
2016-04-27,5.0924,17.9732,3.5375,0.229
2016-04-28,5.0764,17.8502,3.4824,-0.965
2016-04-29,5.0978,17.5827,3.4547,0.162
2016-05-02,4.8303,17.0906,3.5050,-0.938
2016-05-03,4.5040,16.1063,3.5652,-0.302
2016-05-04,4.6538,16.5022,3.5339,-0.341
2016-05-05,4.5521,16.2561,3.5260,-1.263
2016-05-06,4.6056,16.2615,3.5255,-0.149
2016-05-09,4.6163,16.3631,3.5560,0.321
2016-05-10,4.9801,17.3901,3.4742,-0.508
2016-05-11,5.0175,17.2832,3.4594,0.431
2016-05-12,5.0175,17.4543,3.4942,0.446
2016-05-13,4.7180,16.7964,3.5075,-1.477
2016-05-16,4.7180,16.5396,3.5034,-0.065
2016-05-17,4.6377,16.1866,3.4942,0.115
2016-05-18,4.6110,16.4380,3.5268,-1.071
2016-05-19,4.5468,16.2989,3.6051,0.569
2016-05-20,4.5628,16.0903,3.5386,0.347
2016-05-23,4.4826,16.1438,3.5753,-0.726
2016-05-24,4.4880,16.1277,3.5518,-1.162
2016-05-25,4.4612,16.0528,3.6072,0.247
2016-05-27,4.4077,15.8924,3.6122,0.184
2016-05-31,4.2847,15.5393,3.6074,-0.533
2016-06-01,4.3703,15.7640,3.6030,-0.114
2016-06-02,4.4398,15.9994,3.5978,-0.161
2016-06-03,4.5200,15.9833,3.5332,-0.082
2016-06-06,4.5147,15.8282,3.5094,0.099
2016-06-07,4.6484,16.0849,3.4604,0.003
2016-06-08,4.8356,16.3310,3.3770,-0.006
2016-06-09,4.7768,16.2936,3.3934,-0.515
2016-06-10,4.4880,15.4591,3.4298,-0.429
2016-06-13,4.4612,15.5286,3.4599,-0.601
2016-06-14,4.3756,15.3040,3.4959,-0.047
2016-06-15,4.3863,15.2291,3.4715,-0.013
2016-06-16,4.4773,15.5072,3.4952,0.913
2016-06-17,4.4986,15.4698,3.4301,-0.252
2016-06-20,4.6217,15.7266,3.3937,-0.267
2016-06-21,4.5949,15.7212,3.4038,-0.515
2016-06-22,4.5575,15.4484,3.3794,-0.303
2016-06-23,4.8036,16.0475,3.3440,0.097
2016-06-24,4.5628,15.4858,3.3895,-0.130
2016-06-27,4.3649,14.9670,3.4025,-0.771
2016-06-28,4.6805,15.4912,3.3074,-0.070
2016-06-29,4.8784,15.8389,3.2386,-0.250
2016-06-30,5.0496,16.2080,3.2003,-0.294
2016-07-01,5.1192,16.5343,3.2448,0.462
2016-07-05,4.9640,16.4059,3.2964,-0.259
2016-07-06,4.9480,16.4701,3.3217,-0.209
2016-07-07,4.9319,16.6359,3.3436,-0.875
2016-07-08,5.1940,17.0852,3.2835,-0.179
2016-07-11,5.2101,17.2511,3.3095,-0.048
2016-07-12,5.2208,17.1066,3.2740,-0.081
2016-07-13,5.3278,17.4597,3.2895,0.378
2016-07-14,5.4882,17.9572,3.2350,-1.129
2016-07-15,5.5096,17.8983,3.2731,0.756
2016-07-18,5.5952,18.2032,3.2523,-0.032
2016-07-19,5.5524,18.0962,3.2754,0.499
2016-07-20,5.6701,18.3797,3.2468,0.163
2016-07-21,5.5417,18.1337,3.2692,-0.092
2016-07-22,5.6166,18.2460,3.2856,1.140
2016-07-25,5.5096,18.1069,3.2870,0.018
2016-07-26,5.4829,17.8769,3.2770,0.506
2016-07-27,5.4829,17.9465,3.2867,0.413
2016-07-28,5.3706,17.7485,3.2737,-0.940
2016-07-29,5.5899,18.0748,3.2380,0.139
2016-08-01,5.4829,17.8823,3.2650,0.108
2016-08-02,5.5417,18.0962,3.2521,-0.409
2016-08-03,5.7931,18.8505,3.2595,0.171
2016-08-04,5.9269,18.9574,3.2000,0.045
2016-08-05,5.9429,18.8451,3.1873,0.514
2016-08-08,5.8948,18.7221,3.1841,0.254
2016-08-09,5.9750,18.7595,3.1325,-0.228
2016-08-10,5.9322,18.6044,3.1292,-0.222
2016-08-11,6.0767,19.0805,3.1369,-0.098
2016-08-12,6.0339,19.2249,3.1648,-0.671
2016-08-15,6.0981,19.4282,3.1717,-0.448
2016-08-16,6.0499,19.3479,3.1782,-0.621
2016-08-17,6.1034,19.6047,3.2273,0.473
2016-08-18,6.0660,19.5673,3.2290,0.101
2016-08-19,6.0446,19.4389,3.2219,0.186
2016-08-22,5.9376,19.0644,3.2209,0.314
2016-08-23,5.8787,19.0323,3.2196,-0.553
2016-08-24,5.8734,18.9414,3.2360,0.343
2016-08-25,5.8306,18.8826,3.2291,-0.291
2016-08-26,5.8680,19.1126,3.2085,-1.491
2016-08-29,6.0125,19.4496,3.2436,0.270
2016-08-30,6.0339,19.5779,3.2525,0.241
2016-08-31,5.9269,19.1768,3.2470,0.354
2016-09-01,5.9590,19.3586,3.2460,-0.082
2016-09-02,6.0499,19.6421,3.2480,0.041
2016-09-06,6.1836,19.8347,3.2217,0.439
2016-09-08,6.1034,19.5993,3.1962,-0.468
2016-09-09,5.7183,18.8558,3.2687,-0.873
2016-09-12,5.8841,19.1019,3.2762,0.919
2016-09-13,5.6273,18.7221,3.3144,-0.379
2016-09-14,5.6166,18.7381,3.3196,-0.497
2016-09-15,5.7771,19.1447,3.3274,0.408
2016-09-16,5.6808,18.7114,3.2923,-0.045
2016-09-19,5.7236,18.8451,3.2565,-1.094
2016-09-20,5.7664,18.8879,3.2633,-0.373
2016-09-21,5.9322,19.0698,3.2393,0.768
2016-09-22,6.0018,19.3747,3.2092,-0.587
2016-09-23,5.9322,19.3265,3.2270,-0.948
2016-09-26,5.8841,19.1768,3.2345,-0.755
2016-09-27,6.0018,19.3961,3.2364,0.145
2016-09-28,6.0660,19.5352,3.2468,0.818
2016-09-29,5.8466,19.0377,3.2276,-0.878
2016-09-30,5.8520,19.0002,3.2434,-0.105
2016-10-03,6.0767,19.4442,3.2333,1.046
2016-10-04,6.0071,19.6154,3.2339,-0.963
2016-10-05,6.2157,20.0005,3.2326,0.462
2016-10-06,6.2585,20.1664,3.2309,0.269
2016-10-07,6.3281,20.3536,3.2296,0.410
2016-10-10,6.3441,20.3803,3.2296,0.533
2016-10-11,6.3548,20.3108,3.2111,0.468
2016-10-13,6.4618,20.5408,3.1990,0.635
2016-10-14,6.5260,20.9313,3.1975,-0.308
2016-10-17,6.6223,21.3913,3.1985,-0.982
2016-10-18,6.7961,21.6887,3.1787,-0.396
2016-10-19,6.7079,21.3357,3.1677,-0.409
2016-10-20,6.7961,21.4004,3.1548,0.187
2016-10-21,6.7667,21.3651,3.1590,0.051
2016-10-24,6.7373,21.1827,3.1255,-0.592
2016-10-25,6.7667,21.0709,3.1142,0.009
2016-10-26,6.7314,21.2004,3.1320,-0.555
2016-10-27,6.8138,21.6534,3.1494,-0.897
2016-10-28,6.7961,21.8358,3.1833,-0.924
2016-10-31,7.0197,22.5949,3.1658,-1.646
2016-11-01,6.7667,21.9182,3.2342,-0.152
2016-11-03,6.6314,21.4475,3.2386,0.134
2016-11-04,6.6549,21.6240,3.2411,-0.253
2016-11-07,7.0138,22.4007,3.1978,0.126
2016-11-08,7.0491,22.4537,3.1801,-0.164
2016-11-09,6.7255,21.7358,3.2163,-0.481
2016-11-10,6.1194,20.6531,3.3653,-0.287
2016-11-11,6.0665,20.3883,3.3653,0.133
2016-11-14,5.9312,20.2648,3.4485,0.932
2016-11-16,6.1901,21.2651,3.4198,-0.453
2016-11-17,6.0194,20.6296,3.4134,-0.402
2016-11-18,6.0959,20.8238,3.3894,-0.779
2016-11-21,6.2665,20.9944,3.3585,0.247
2016-11-22,6.2665,21.0650,3.3595,-0.060
2016-11-23,6.1548,20.8708,3.3945,0.103
2016-11-25,6.0076,20.5119,3.4229,0.252
2016-11-28,6.1253,20.9473,3.3871,-0.956
2016-11-29,6.0371,20.4413,3.4011,0.447
2016-11-30,6.0841,20.8414,3.3854,-1.172
2016-12-01,5.7017,19.8882,3.4717,-0.471
2016-12-02,5.7487,19.9706,3.4576,-0.469
2016-12-05,5.8429,19.9000,3.4314,0.750
2016-12-06,5.9194,20.1648,3.4269,0.597
2016-12-07,5.8900,20.0059,3.3977,0.032
2016-12-08,5.8841,19.8882,3.3798,-0.006
2016-12-09,5.9253,19.9470,3.3595,-0.206
2016-12-12,5.6840,19.1233,3.3505,-0.413
2016-12-13,5.8017,19.2115,3.3308,0.587
2016-12-14,5.6664,19.1703,3.3332,-1.477
2016-12-15,5.6605,19.0939,3.3933,0.596
2016-12-16,5.4781,18.7526,3.3860,-1.087
2016-12-19,5.3663,18.2465,3.3725,-0.815
2016-12-20,5.5310,18.7114,3.3631,-0.588
2016-12-21,5.5605,18.7055,3.3335,-0.907
2016-12-22,5.6958,18.8585,3.3153,0.131
2016-12-23,5.8076,19.1056,3.2687,-0.640
2016-12-27,5.8311,19.2468,3.2800,-0.627
2016-12-28,5.9959,19.6999,3.2830,-0.078
2016-12-29,6.0900,19.9176,3.2456,-0.762
2017-01-03,6.2960,20.5649,3.2526,-0.421
2017-01-04,6.3783,20.6531,3.2139,-0.745
2017-01-05,6.5549,20.9356,3.2051,0.351
2017-01-06,6.5313,21.0062,3.2113,-0.153
2017-01-09,6.5725,21.1062,3.1916,-0.613
2017-01-10,6.5666,21.0356,3.1971,-0.197
2017-01-11,6.7314,21.0768,3.2024,2.277
2017-01-12,6.7726,21.6122,3.1821,-0.283
2017-01-13,6.6019,21.1709,3.2077,0.029
2017-01-17,6.7432,21.7593,3.2077,-0.594
2017-01-18,6.6667,21.5887,3.2242,-0.436
2017-01-19,6.6961,21.4710,3.2024,-0.128
2017-01-20,6.7785,21.5357,3.2024,0.797
2017-01-23,7.0609,22.2595,3.1685,0.508
2017-01-24,7.0021,22.2065,3.1695,-0.061
2017-01-26,7.1433,22.5066,3.1892,1.221
2017-01-27,7.1021,22.3889,3.1537,0.040
2017-01-30,7.0138,21.9123,3.1152,-0.287
2017-01-31,6.9491,21.9123,3.1477,-0.176
2017-02-01,7.0374,22.1359,3.1530,0.239
2017-02-02,7.0786,22.0712,3.1245,0.207
2017-02-03,7.1727,22.5302,3.1157,-0.809
2017-02-06,7.1256,22.3654,3.1181,-0.657
2017-02-07,7.2315,22.8008,3.1235,-0.935
2017-02-08,7.5022,23.3892,3.1190,0.043
2017-02-09,7.4728,23.4951,3.1291,-0.477
2017-02-10,7.5846,23.5716,3.1092,0.044
2017-02-13,7.5199,23.4598,3.1106,-0.292
2017-02-14,7.6022,23.5363,3.1074,0.369
2017-02-15,7.9553,24.5249,3.0557,-0.880
2017-02-16,7.7729,24.0482,3.0744,-0.629
2017-02-17,7.7140,24.0365,3.1038,-0.390
2017-02-21,7.7611,24.0365,3.0932,-0.124
2017-02-22,7.8258,24.1071,3.0778,-0.086
2017-02-23,7.7199,23.7423,3.0645,-0.356
2017-02-24,7.5375,23.5540,3.1123,-0.403
2017-03-01,7.5787,23.5069,3.1028,0.035
2017-03-02,7.3728,23.2657,3.1264,-0.926
2017-03-03,7.5610,23.6893,3.1385,0.173
2017-03-06,7.4904,23.5952,3.1218,-0.896
2017-03-07,7.3963,23.2009,3.1222,-0.467
2017-03-08,7.2315,22.9362,3.1527,-0.599
2017-03-09,7.1845,23.0068,3.1684,-1.058
2017-03-10,7.2963,23.0185,3.1552,0.011
2017-03-13,7.4081,23.4363,3.1524,-0.355
2017-03-14,7.2963,23.2068,3.1590,-0.681
2017-03-15,7.4904,23.4304,3.1576,0.945
2017-03-16,7.3786,23.1303,3.1194,-0.490
2017-03-17,7.2021,22.4654,3.1060,-0.426
2017-03-20,7.3492,22.7126,3.0812,-0.300
2017-03-21,7.1727,22.2242,3.0840,-0.466
2017-03-22,7.1786,22.4066,3.0863,-1.122
2017-03-23,7.1080,22.2830,3.1348,-0.004
2017-03-24,7.2080,22.5243,3.1144,-0.336
2017-03-27,7.2257,22.6890,3.1197,-0.649
2017-03-28,7.1845,22.6125,3.1298,-0.560
2017-03-29,7.3492,22.9479,3.1175,-0.160
2017-03-30,7.1550,22.6773,3.1203,-1.549
2017-03-31,7.1021,22.3007,3.1628,0.726
2017-04-03,7.2551,22.6655,3.1183,-0.185
2017-04-04,7.3433,22.7832,3.1147,0.391
2017-04-05,7.1315,22.3654,3.0932,-1.369
2017-04-06,7.0079,22.1889,3.1087,-1.818
2017-04-07,7.0844,22.3595,3.1258,-0.961
2017-04-10,7.0903,22.3183,3.1443,-0.109
2017-04-11,7.0786,22.2771,3.1456,-0.049
2017-04-12,7.0786,22.2477,3.1519,0.284
2017-04-13,6.9315,21.8417,3.1309,-0.641
2017-04-17,7.3492,22.8185,3.1036,-0.041
2017-04-18,7.2610,22.7361,3.0997,-1.009
2017-04-19,7.1492,22.5360,3.1399,-0.392
2017-04-20,6.9962,22.2065,3.1466,-0.866
2017-04-24,7.1845,22.6361,3.1254,-0.803
2017-04-25,7.1845,22.7832,3.1669,-0.135
2017-04-26,7.1433,22.8244,3.1961,0.027
2017-04-27,7.2021,22.9538,3.1867,-0.012
2017-04-28,7.2374,23.1009,3.1896,-0.071
2017-05-02,7.4434,23.5658,3.1685,0.079
2017-05-03,7.3080,23.1774,3.1443,-0.858
2017-05-04,7.0021,22.4184,3.1823,-0.605
2017-05-05,7.1315,22.7714,3.1703,-0.713
2017-05-08,7.1139,22.8244,3.2003,-0.254
2017-05-09,7.1374,22.8832,3.1818,-0.758
2017-05-10,7.2315,22.9950,3.1531,-0.840
2017-05-11,7.3963,23.3892,3.1494,-0.408
2017-05-12,7.5434,23.6128,3.1207,-0.306
2017-05-15,7.5846,23.7129,3.1049,-0.689
2017-05-16,7.6258,23.6834,3.0903,-0.496
2017-05-17,7.3728,23.2009,3.1015,-1.441
2017-05-18,6.0135,20.4060,3.3823,-0.326
2017-05-19,6.4019,20.9356,3.2745,0.131
2017-05-22,6.2077,20.5237,3.2952,-0.332
2017-05-23,6.3430,20.8473,3.2729,-0.418
2017-05-24,6.4137,21.0179,3.2747,-0.072
2017-05-25,6.2489,20.6237,3.2880,-0.375
2017-05-26,6.4313,21.1827,3.2575,-1.099
2017-05-30,6.4431,21.1415,3.2651,-0.493
2017-05-31,6.4195,20.9179,3.2405,-0.552
2017-06-01,6.3430,20.6708,3.2398,-0.583
2017-06-02,6.4019,20.8767,3.2391,-0.672
2017-06-05,6.3136,20.8532,3.2896,-0.402
2017-06-06,6.4431,21.1886,3.2813,-0.221
2017-06-07,6.5490,21.5357,3.2790,-0.286
2017-06-08,6.5019,21.3121,3.2822,0.133
2017-06-09,6.3783,20.9768,3.2793,-0.287
2017-06-12,6.3254,20.9768,3.3097,-0.198
2017-06-13,6.3901,21.2357,3.3125,-0.322
2017-06-14,6.4843,21.4239,3.2762,-0.841
2017-06-15,6.4078,21.4239,3.2740,-2.077
2017-06-16,6.4254,21.2710,3.2898,-0.623
2017-06-19,6.4666,21.3828,3.2908,-0.479
2017-06-20,6.2430,20.9120,3.3292,-0.611
2017-06-21,6.2665,20.9356,3.3283,-0.376
2017-06-22,6.2842,20.9532,3.3301,-0.125
2017-06-23,6.2430,20.8826,3.3281,-0.504
2017-06-26,6.4666,21.4710,3.3106,-0.292
2017-06-27,6.3842,21.2768,3.3195,-0.397
2017-06-28,6.4431,21.2710,3.2977,-0.111
2017-06-29,6.4607,21.4828,3.3062,-0.569
2017-06-30,6.5019,21.6240,3.3057,-0.604
2017-07-03,6.5725,21.8182,3.3000,-0.591
2017-07-05,6.5902,21.7888,3.3162,0.301
2017-07-06,6.4843,21.4828,3.3048,-0.250
2017-07-07,6.4548,21.2768,3.2843,-0.363
2017-07-10,6.5549,21.4475,3.2627,-0.284
2017-07-11,6.6667,21.7711,3.2505,-0.464
2017-07-12,6.8314,22.0065,3.2258,0.138
2017-07-13,6.8432,22.0653,3.2133,-0.345
2017-07-14,6.9079,22.1124,3.1832,-0.557
2017-07-17,6.8491,21.9006,3.1810,-0.519
2017-07-18,6.9079,21.9241,3.1571,-0.525
2017-07-19,6.8491,21.6064,3.1526,-0.065
2017-07-20,6.8785,21.6299,3.1374,-0.228
2017-07-21,6.8491,21.6358,3.1218,-1.176
2017-07-24,6.8903,21.7711,3.1473,-0.392
2017-07-25,6.8726,21.8241,3.1617,-0.435
2017-07-26,6.8961,21.7240,3.1596,0.299
2017-07-27,6.8785,21.7476,3.1527,-0.284
2017-07-28,6.9315,21.8299,3.1424,-0.222
2017-07-31,7.0079,21.9594,3.1338,0.010
2017-08-01,7.2257,22.6537,3.1143,-0.666
2017-08-02,7.3316,22.8891,3.1165,-0.176
2017-08-03,7.3080,22.8361,3.1209,-0.125
2017-08-04,7.2727,22.7773,3.1176,-0.456
2017-08-07,7.3786,23.1362,3.1247,-0.347
2017-08-08,7.4551,23.4187,3.1295,-0.375
2017-08-09,7.3492,23.2715,3.1498,-0.528
2017-08-10,7.2080,22.9773,3.1518,-1.128
2017-08-11,7.2727,23.0950,3.1639,-0.367
2017-08-14,7.3257,23.5128,3.1760,-1.048
2017-08-15,7.3433,23.3775,3.1942,0.336
2017-08-16,7.4081,23.4245,3.1635,0.046
2017-08-17,7.2492,23.2362,3.1585,-1.462
2017-08-18,7.4551,23.4598,3.1548,0.254
2017-08-21,7.3139,23.2892,3.1436,-1.276
2017-08-22,7.4904,23.7835,3.1505,-0.777
2017-08-23,7.6258,24.0424,3.1521,-0.021
2017-08-24,7.6964,24.2424,3.1428,-0.224
2017-08-25,7.6611,24.1718,3.1463,-0.280
2017-08-28,7.5728,23.9600,3.1577,-0.197
2017-08-29,7.6081,24.1777,3.1656,-0.386
2017-08-30,7.5669,24.0482,3.1592,-0.594
2017-08-31,7.5140,23.7423,3.1454,-0.454
2017-09-01,7.6905,24.2307,3.1308,-0.632
2017-09-05,7.7081,24.1189,3.1230,-0.192
2017-09-06,7.9847,24.7661,3.1085,0.219
2017-09-07,7.9612,24.7661,3.0990,-0.381
2017-09-08,7.9553,24.7367,3.0942,-0.491
2017-09-11,8.0730,25.1545,3.0890,-0.863
2017-09-12,8.0082,25.0838,3.1093,-0.733
2017-09-13,8.0377,25.2604,3.1372,-0.177
2017-09-14,8.0847,25.2015,3.1290,0.379
2017-09-15,8.2201,25.6723,3.1263,0.102
2017-09-18,8.2259,25.8547,3.1288,-0.454
2017-09-19,8.1730,25.7605,3.1320,-0.632
2017-09-20,8.1377,25.4898,3.1198,-0.400
2017-09-21,8.1083,25.5252,3.1358,-0.389
2017-09-22,8.1671,25.6134,3.1257,-0.334
2017-09-25,7.9906,25.3604,3.1496,-0.762
2017-09-26,8.0024,25.4075,3.1703,-0.148
2017-09-27,7.9553,25.4251,3.1915,-0.141
2017-09-28,7.9435,25.2898,3.1865,0.088
2017-09-29,8.0612,25.5075,3.1640,-0.007
2017-10-02,8.1024,25.5428,3.1585,0.190
2017-10-03,8.3613,26.4195,3.1428,-0.536
2017-10-04,8.3554,26.1842,3.1237,-0.322
2017-10-05,8.4378,26.6019,3.1359,-0.533
2017-10-06,8.3201,26.2901,3.1566,-0.102
2017-10-09,8.1436,25.9782,3.1566,-1.048
2017-10-10,8.3142,26.5431,3.1747,-0.558
2017-10-11,8.3436,26.4784,3.1649,-0.270
2017-10-12,8.2613,26.4784,3.1699,-1.099
2017-10-13,8.3142,26.2607,3.1542,-0.137
2017-10-16,8.2318,26.1253,3.1642,-0.299
2017-10-17,8.2259,26.0841,3.1803,0.295
2017-10-18,8.2083,26.1312,3.1777,-0.183
2017-10-19,8.1495,25.9429,3.1753,-0.254
2017-10-20,8.0965,25.8900,3.1875,-0.318
2017-10-23,7.9023,25.6487,3.2122,-1.033
2017-10-24,7.9317,25.8370,3.2508,-0.203
2017-10-25,8.0377,26.0135,3.2519,0.477
2017-10-26,7.8141,25.8547,3.2530,-1.684
2017-10-27,7.9141,25.6958,3.2731,0.809
2017-10-30,7.7258,25.3663,3.2599,-0.713
2017-10-31,7.5375,24.7426,3.2705,-0.368
2017-11-01,7.4434,24.3189,3.2697,0.077
2017-11-02,7.4610,24.3189,3.2671,0.234
2017-11-03,7.4434,24.6602,3.3075,-0.167
2017-11-06,7.5964,24.6602,3.2782,0.982
2017-11-07,7.3963,24.1836,3.2776,0.242
2017-11-08,7.6787,25.0662,3.2560,-0.256
2017-11-09,7.5081,24.3895,3.2513,0.088
2017-11-10,7.4669,24.4248,3.2513,-0.605
2017-11-13,7.4669,24.5484,3.2940,0.194
2017-11-14,7.2786,24.0777,3.3031,-0.148
2017-11-15,7.3728,24.0777,3.3132,1.453
2017-11-16,7.5199,24.6837,3.2756,-0.209
2017-11-17,7.6728,25.0250,3.2629,0.043
2017-11-20,7.7493,25.0250,3.2573,0.867
2017-11-21,7.7905,25.5252,3.2447,-0.969
2017-11-22,7.8023,25.2780,3.2347,-0.158
2017-11-24,7.7846,24.9662,3.2227,0.486
2017-11-27,7.7317,25.1192,3.2247,-0.744
2017-11-28,7.8258,25.1603,3.2055,-0.297
2017-11-29,7.6258,24.6425,3.2285,-0.092
2017-11-30,7.3845,24.2836,3.2843,-0.126
2017-12-01,7.4316,24.2601,3.2577,-0.207
2017-12-04,7.5846,24.6190,3.2498,0.119
2017-12-05,7.5316,24.4719,3.2338,-0.475
2017-12-06,7.6140,24.7308,3.2394,-0.267
2017-12-07,7.5375,24.6484,3.2993,0.893
2017-12-08,7.5728,24.8603,3.3075,0.752
2017-12-11,7.5905,24.9250,3.2883,0.139
2017-12-12,7.7788,25.1250,3.3298,3.091
2017-12-13,7.3963,24.5660,3.3049,-0.497
2017-12-14,7.2551,24.1777,3.3396,0.212
2017-12-15,7.2727,24.1777,3.3166,-0.236
2017-12-18,7.3492,24.1718,3.2821,-0.211
2017-12-19,7.3198,24.0365,3.3008,0.519
2017-12-20,7.3257,24.1247,3.2907,-0.075
2017-12-21,7.6022,25.1427,3.3065,-0.023
2017-12-22,7.5552,25.0250,3.3209,0.259
2017-12-26,7.5905,25.1250,3.3173,0.218
2017-12-27,7.5434,24.9897,3.3016,-0.338
2017-12-28,7.6081,25.0544,3.3005,0.224
2017-12-29,7.6493,25.0544,3.3121,1.121
2018-01-02,7.9612,25.8194,3.2620,0.581
2018-01-03,8.0671,25.9959,3.2422,0.612
2018-01-04,8.1671,26.5372,3.2274,-0.673
2018-01-05,8.2671,26.6137,3.2285,0.288
2018-01-08,8.1553,26.5254,3.2308,-0.668
2018-01-09,8.0494,26.2371,3.2491,-0.319
2018-01-10,8.0730,26.1489,3.2363,-0.085
2018-01-11,8.3201,26.6961,3.2254,0.523
2018-01-12,8.3083,26.6726,3.2162,0.183
2018-01-16,8.4142,27.0844,3.2274,0.265
2018-01-17,8.5496,27.5316,3.2215,0.039
2018-01-18,8.5672,27.4669,3.2169,0.339
2018-01-19,8.6967,27.6905,3.2050,0.659
2018-01-22,8.8967,28.3789,3.2024,0.395
2018-01-23,8.7673,28.2730,3.2312,0.197
2018-01-24,9.4734,29.6381,3.1938,2.085
2018-01-25,9.7205,29.6381,3.1470,3.213
2018-01-26,9.9912,31.1268,3.1499,1.106
2018-01-29,9.5616,30.4148,3.1634,-0.551
2018-01-30,9.6205,30.2971,3.1874,1.212
2018-01-31,9.6499,30.7502,3.1782,-0.263
2018-02-01,9.7617,30.8973,3.1718,0.210
2018-02-02,9.4204,30.5090,3.2205,-0.559
2018-02-05,9.0909,29.4381,3.2365,-0.052
2018-02-06,9.4381,30.4972,3.2535,0.687
2018-02-07,9.0262,29.7735,3.2620,-1.109
2018-02-08,8.8908,29.6264,3.2895,-1.282
2018-02-09,9.1027,29.7029,3.3083,1.386
2018-02-14,9.5911,30.9856,3.2551,0.756
2018-02-15,9.5734,30.9915,3.2318,-0.168
2018-02-16,9.2027,29.9088,3.2219,-0.865
2018-02-20,9.3380,30.4031,3.2434,-0.382
2018-02-21,9.4204,30.8032,3.2581,-0.359
2018-02-22,9.5263,30.9738,3.2579,0.200
2018-02-23,9.6205,31.1856,3.2344,-0.222
2018-02-26,9.6499,31.1503,3.2381,0.311
2018-02-27,9.4381,30.6855,3.2472,-0.124
2018-02-28,9.1615,29.6440,3.2428,0.219
2018-03-01,9.2321,30.0736,3.2421,-0.472
2018-03-02,9.2498,30.2324,3.2513,-0.525
2018-03-05,9.4616,30.6620,3.2527,0.371
2018-03-06,9.5204,30.5502,3.2191,0.318
2018-03-07,9.3675,30.5090,3.2364,-0.630
2018-03-08,9.2851,30.2971,3.2620,-0.030
2018-03-09,9.4322,30.7149,3.2469,-0.292
2018-03-12,9.5381,31.0621,3.2609,0.131
2018-03-13,9.4381,30.8091,3.2483,-0.491
2018-03-14,9.2910,30.1206,3.2641,0.684
2018-03-15,9.2204,30.2618,3.2841,0.062
2018-03-16,9.1556,30.1383,3.2897,-0.063
2018-03-19,8.9556,29.4910,3.2873,-0.174
2018-03-20,8.9379,29.5852,3.2950,-0.455
2018-03-21,9.0026,29.4675,3.2865,0.406
2018-03-22,8.8497,29.3733,3.3034,-0.474
2018-03-23,8.9085,29.5146,3.3125,-0.017
2018-03-26,9.0497,29.8794,3.3043,0.079
2018-03-27,8.8555,29.5204,3.3263,-0.218
2018-03-28,8.9556,29.7911,3.3370,0.314
2018-03-29,9.1792,30.1912,3.3229,1.028
2018-04-02,9.0909,30.0382,3.3149,0.324
2018-04-03,8.9379,29.7558,3.3222,-0.209
2018-04-04,8.9968,29.9500,3.3474,0.554
2018-04-05,8.9968,30.0088,3.3212,-0.429
2018-04-06,8.9320,30.1559,3.3702,-0.176
2018-04-09,8.6320,29.4851,3.3950,-0.609
2018-04-10,8.7496,29.6322,3.4146,0.824
2018-04-11,8.8791,30.1206,3.3955,0.094
2018-04-12,8.9320,30.3854,3.3902,-0.342
2018-04-13,8.6790,29.6793,3.4088,-0.318
2018-04-16,8.5849,29.2439,3.4282,0.639
2018-04-17,8.7555,29.7264,3.4022,0.207
2018-04-18,9.0085,30.2913,3.3844,0.651
2018-04-19,8.8908,30.0088,3.4028,0.816
2018-04-20,8.7791,29.9441,3.4121,0.036
2018-04-23,8.6673,29.9971,3.4463,-0.424
2018-04-24,8.6084,29.8500,3.4685,0.028
2018-04-25,8.5319,29.6734,3.5090,0.893
2018-04-26,8.7320,30.3619,3.4992,0.636
2018-04-27,8.7614,30.3030,3.4685,0.283
2018-04-30,8.5496,30.0147,3.4854,-0.720
2018-05-02,8.0965,28.6555,3.5404,0.033
2018-05-03,7.9788,28.0906,3.5496,0.822
2018-05-04,7.9082,27.7611,3.5213,0.310
2018-05-07,7.8376,27.8023,3.5543,0.197
2018-05-08,7.8199,27.8906,3.5850,0.516
2018-05-09,7.7964,27.9788,3.5965,0.218
2018-05-10,8.0906,28.7437,3.5554,0.075
2018-05-11,7.8964,28.2848,3.5879,0.166
2018-05-14,7.7140,27.8611,3.6212,0.262
2018-05-15,7.6317,27.7552,3.6659,0.799
2018-05-16,7.6846,28.2377,3.6800,0.148
2018-05-17,7.2610,26.7608,3.7073,0.589
2018-05-18,7.1080,26.5725,3.7438,0.144
2018-05-21,7.1021,26.2077,3.7096,0.527
2018-05-22,7.3492,26.8432,3.6367,-0.433
2018-05-23,7.2727,26.3372,3.6411,0.545
2018-05-24,7.3198,26.6843,3.6402,-0.145
2018-05-25,7.2021,26.4490,3.6586,-0.375
2018-05-29,6.7608,25.2427,3.7283,-0.144
2018-05-30,6.7726,25.2898,3.7389,0.127
2018-06-01,6.8608,25.7841,3.7550,-0.084
2018-06-04,7.0432,26.3430,3.7446,0.118
2018-06-05,6.7314,25.5252,3.7780,-0.368
2018-06-06,6.5078,24.8779,3.8178,-0.130
2018-06-07,6.1959,24.1542,3.9294,0.796
2018-06-08,6.5019,24.2130,3.7429,0.508
2018-06-11,6.3548,23.5128,3.6839,-0.435
2018-06-12,6.3489,23.4657,3.6745,-0.582
2018-06-13,6.2548,23.2362,3.7116,-0.090
2018-06-14,5.9429,22.4125,3.7018,-1.843
2018-06-15,6.0783,22.6302,3.7511,0.751
2018-06-18,5.9429,22.1712,3.7537,0.617
2018-06-19,6.1901,23.1715,3.7306,-0.341
2018-06-20,6.2312,23.6011,3.7349,-1.390
2018-06-21,6.1194,22.9715,3.7992,1.208
2018-06-22,6.1312,23.1480,3.7708,-0.123
2018-06-25,6.1606,23.1951,3.7776,0.334
2018-06-26,6.0841,23.1186,3.7705,-0.771
2018-06-27,5.8488,22.7008,3.8537,-0.711
2018-06-28,6.0606,23.3304,3.8543,0.124
2018-06-29,6.1077,23.7364,3.8561,-0.778
2018-07-02,6.0841,23.7423,3.9135,0.286
2018-07-03,6.2430,24.3013,3.8789,-0.351
2018-07-05,6.2724,24.5366,3.9242,0.316
2018-07-06,6.4019,24.7602,3.9060,0.992
2018-07-10,6.4960,24.8249,3.8260,0.116
2018-07-11,6.4195,24.9250,3.8624,-0.522
2018-07-12,6.5372,25.3957,3.8478,-0.952
2018-07-13,6.7667,26.0430,3.8659,0.447
2018-07-16,6.7137,25.9488,3.8534,-0.301
2018-07-17,6.8608,26.4372,3.8626,0.240
2018-07-18,6.8079,26.1018,3.8412,0.186
2018-07-19,6.8550,26.4784,3.8808,0.470
2018-07-20,7.1786,27.2315,3.7801,-0.352
2018-07-23,7.0432,26.7079,3.7965,0.119
2018-07-24,7.1433,26.6902,3.7381,0.045
2018-07-25,7.4669,27.5316,3.7075,0.552
2018-07-26,7.2551,27.0962,3.7285,-0.168
2018-07-27,7.3080,27.2433,3.7134,-0.388
2018-07-30,7.4257,27.6375,3.7228,0.025
2018-07-31,7.0550,26.4784,3.7450,-0.217
2018-08-01,7.1197,26.8020,3.7530,-0.304
2018-08-02,7.1433,26.8961,3.7555,-0.259
2018-08-03,7.4257,27.5375,3.7133,0.132
2018-08-06,7.3139,27.3375,3.7208,-0.453
2018-08-07,7.2080,27.1727,3.7128,-1.512
2018-08-08,7.0903,26.5372,3.7442,0.039
2018-08-09,6.9432,26.3960,3.8164,0.387
2018-08-10,6.6255,25.4369,3.8539,0.381
2018-08-13,6.5961,25.6370,3.9123,0.658
2018-08-14,6.7608,26.1665,3.8852,0.384
2018-08-15,6.6490,25.9900,3.9135,0.119
2018-08-16,6.6372,25.9547,3.8985,-0.306
2018-08-17,6.4725,25.2898,3.9385,0.799
2018-08-20,6.3489,25.0250,3.9473,0.144
2018-08-21,6.1548,24.7014,3.9948,-0.463
2018-08-22,6.2430,25.2898,4.0751,0.598
2018-08-23,5.9429,24.3071,4.0898,-0.007
2018-08-24,5.9900,24.4896,4.0944,0.147
2018-08-27,6.1842,25.3016,4.0707,-0.505
2018-08-28,6.0900,25.1250,4.1248,-0.019
2018-08-29,6.1959,25.5428,4.1220,-0.012
2018-08-30,5.9253,24.5366,4.2016,1.463
2018-08-31,6.1312,24.8720,4.1280,1.760
2018-09-04,5.8605,24.3071,4.1560,0.203
2018-09-05,5.9312,24.4484,4.1589,0.895
2018-09-06,6.1018,25.0662,4.1462,0.930
2018-09-10,6.1724,25.2957,4.1094,0.274
2018-09-11,5.8841,24.4248,4.1564,0.130
2018-09-12,5.9312,24.4954,4.1363,0.154
2018-09-13,5.8311,24.3601,4.1752,-0.057
2018-09-14,5.9547,24.7896,4.1852,0.532
2018-09-17,6.1489,25.3781,4.1718,1.079
2018-09-18,6.1253,25.3545,4.1277,-0.280
2018-09-19,6.1842,25.5310,4.1160,-0.302
2018-09-20,6.2607,25.3663,4.0834,0.783
2018-09-21,6.3960,25.7958,4.0536,0.508
2018-09-24,6.1901,25.1545,4.0733,0.237
2018-09-25,6.2077,25.2133,4.1186,1.403
2018-09-26,6.3195,25.4898,4.0425,0.223
2018-09-27,6.5549,26.1901,3.9968,0.032
2018-09-28,6.4607,25.9665,3.9995,-0.488
2018-10-01,6.3960,25.6664,4.0059,-0.174
2018-10-02,6.7549,26.6549,3.9223,-0.600
2018-10-03,7.1374,27.8611,3.8806,-0.588
2018-10-04,7.1433,27.8906,3.9229,0.473
2018-10-05,7.1903,27.7964,3.8808,0.388
2018-10-08,7.7964,29.4498,3.8808,2.738
2018-10-09,7.8376,29.2969,3.7320,-0.160
2018-10-10,7.4963,28.2848,3.7594,-0.365
2018-10-11,7.3669,27.9494,3.7591,-0.918
2018-10-15,7.5257,28.2730,3.7214,-0.943
2018-10-16,7.8258,29.4028,3.7177,-1.050
2018-10-17,7.8317,29.0968,3.6813,-0.914
2018-10-18,7.5846,28.2318,3.7050,-0.464
2018-10-19,7.5964,28.2024,3.7121,-0.014
2018-10-22,7.7552,28.6143,3.6850,-0.127
2018-10-23,7.7140,28.7143,3.7040,-0.493
2018-10-24,7.4434,27.9670,3.7188,-1.025
2018-10-25,7.6375,28.2907,3.6887,-0.417
2018-10-26,7.7964,28.8202,3.6695,-0.733
2018-10-29,7.5905,28.2907,3.6670,-1.613
2018-10-30,7.8964,29.1203,3.7156,0.754
2018-10-31,7.7493,28.9791,3.7129,-0.713
2018-11-01,7.9553,29.3851,3.6990,0.141
2018-11-05,7.9200,29.7029,3.7155,-0.930
2018-11-06,7.9141,29.8911,3.7509,-0.690
2018-11-07,8.0082,29.9206,3.7595,0.623
2018-11-08,7.8729,29.5087,3.7563,0.218
2018-11-09,7.9788,29.8794,3.7510,0.165
2018-11-12,7.9376,29.9618,3.7510,-0.627
2018-11-13,7.8023,29.8500,3.7983,-0.719
2018-11-14,7.9317,30.1089,3.7831,-0.340
2018-11-16,8.2318,31.0385,3.7424,-0.747
2018-11-19,8.2318,31.0209,3.7671,-0.035
2018-11-21,7.9965,30.6178,3.7790,-1.304
2018-11-23,7.9376,30.5119,3.8205,-0.610
2018-11-26,7.6317,30.0088,3.8790,-1.352
2018-11-27,7.9612,31.0238,3.8919,-0.128
2018-11-28,8.2083,31.8005,3.8766,0.062
2018-11-29,8.2436,32.0830,3.8546,-0.957
2018-11-30,8.2348,31.7917,3.8571,-0.092
2018-12-03,8.1377,31.3769,3.8353,-0.530
2018-12-04,8.0671,31.3416,3.8368,-1.244
2018-12-06,8.1200,31.6417,3.9027,0.153
2018-12-07,8.0053,31.3857,3.8768,-1.118
2018-12-10,7.7758,30.5472,3.9298,0.033
2018-12-11,7.8199,30.8208,3.9165,-0.629
2018-12-12,7.9347,31.0327,3.8490,-1.586
2018-12-13,8.0936,31.5799,3.8856,-0.417
2018-12-14,7.9788,31.3504,3.8970,-0.820
2018-12-17,7.7758,30.5119,3.8922,-0.809
2018-12-18,7.8729,30.9974,3.9072,-0.762
2018-12-19,7.7846,30.5825,3.8737,-1.397
2018-12-20,7.9523,30.5737,3.8500,0.140
2018-12-21,7.7317,30.4325,3.8815,-1.386
2018-12-26,7.6258,29.7705,3.9253,0.547
2018-12-27,7.8553,30.2736,3.8895,0.923
2018-12-28,7.9788,31.3327,3.8711,-1.423
2019-01-02,8.5702,32.6567,3.8123,0.047
2019-01-03,8.6849,33.1951,3.7429,-2.074
2019-01-04,8.7996,32.6390,3.7149,0.156
2019-01-07,8.7202,32.7008,3.7100,-1.067
2019-01-08,8.8791,33.1156,3.7204,-0.247
2019-01-09,9.0644,33.6187,3.6832,-0.692
2019-01-10,9.0115,33.3892,3.6915,-0.370
2019-01-11,8.9232,33.1862,3.7073,-0.317
2019-01-14,8.9850,33.4334,3.7073,-0.369
2019-01-15,8.8614,32.9126,3.7162,0.055
2019-01-16,8.7732,32.8155,3.7284,-0.322
2019-01-17,8.7643,32.8155,3.7561,0.318
2019-01-18,8.8261,33.2392,3.7658,-0.005
2019-01-22,8.6231,32.9126,3.7811,-0.935
2019-01-23,8.7732,33.1333,3.7987,0.584
2019-01-24,8.6937,33.0891,3.7486,-1.511
2019-01-28,8.8526,33.6805,3.7628,-1.098
2019-01-29,8.9762,33.4334,3.7288,0.111
2019-01-30,9.1174,33.6452,3.7222,0.867
2019-01-31,9.3910,34.2277,3.6501,0.147
2019-02-01,9.3380,34.2542,3.6552,-0.356
2019-02-04,9.5146,35.0309,3.6676,-0.386
2019-02-05,9.0115,33.5393,3.6798,-1.130
2019-02-06,8.6584,32.1271,3.7015,-0.243
2019-02-07,8.6143,32.2418,3.7232,-0.524
2019-02-08,8.7732,32.9303,3.7363,-0.459
2019-02-11,8.6320,32.5596,3.7650,-0.185
2019-02-12,8.9056,33.3363,3.7131,-0.807
2019-02-13,8.6761,32.5772,3.7485,-0.169
2019-02-14,8.8879,33.4422,3.7462,-0.437
2019-02-15,8.9320,33.0980,3.7100,0.121
2019-02-19,8.9232,33.3186,3.7145,-0.520
2019-02-20,8.7908,32.8950,3.7145,-0.734
2019-02-21,8.8526,33.4951,3.7636,-0.530
2019-02-22,8.5790,32.3566,3.7376,-0.902
2019-02-25,8.4907,31.8623,3.7305,-0.589
2019-02-26,8.4996,31.9771,3.7604,-0.048
2019-02-27,8.4907,31.6946,3.7375,0.125
2019-02-28,8.2966,31.0944,3.7493,0.038
2019-03-01,8.1906,30.7502,3.7852,0.823
2019-03-06,8.0406,30.7590,3.8152,-0.268
2019-03-07,8.0759,31.1827,3.8836,0.580
2019-03-08,8.1200,31.5534,3.8639,-0.565
2019-03-11,8.4819,32.5861,3.8435,0.043
2019-03-12,8.5084,32.6567,3.8090,-0.760
2019-03-13,8.6408,33.0097,3.8249,0.122
2019-03-14,8.4290,32.4890,3.8340,-0.531
2019-03-15,8.4554,32.4801,3.8140,-0.712
2019-03-18,8.5966,32.5331,3.8097,0.669
2019-03-19,8.4201,31.7741,3.7670,-0.175
2019-03-20,8.2789,31.0591,3.7856,0.906
2019-03-21,8.0583,30.5119,3.8176,0.824
2019-03-22,7.5993,29.6117,3.8942,-0.062
2019-03-25,7.6611,29.6558,3.8640,-0.180
2019-03-26,7.7582,29.9647,3.8760,0.354
2019-03-27,7.3610,28.9497,3.9602,0.695
2019-03-28,7.6699,30.0971,3.9689,1.143
2019-03-29,7.7758,30.3883,3.8892,-0.483
2019-04-01,7.7846,30.1500,3.8699,-0.080
2019-04-02,7.7405,29.6734,3.8647,0.813
2019-04-03,7.5905,29.4086,3.8437,-0.793
2019-04-04,7.7758,29.8500,3.8703,0.820
2019-04-05,7.8817,30.4943,3.8627,-0.162
2019-04-08,7.8817,30.3089,3.8569,0.297
2019-04-09,7.8111,30.1412,3.8531,-0.147
2019-04-10,7.8553,30.0883,3.8269,-0.090
2019-04-11,7.6699,29.3910,3.8509,0.493
2019-04-12,7.4934,29.0821,3.8711,-0.256
2019-04-15,7.5199,29.0644,3.8717,0.173
2019-04-16,7.4669,29.0380,3.8972,0.214
2019-04-17,7.2992,28.5878,3.9381,0.550
2019-04-18,7.4051,28.9762,3.9302,0.440
2019-04-22,7.3610,28.8967,3.9281,0.062
2019-04-23,7.4846,29.2674,3.9418,0.804
2019-04-24,7.3522,29.3116,3.9758,-0.276
2019-04-25,7.5022,29.7617,3.9635,-0.090
2019-04-26,7.5816,29.8323,3.9227,-0.308
2019-04-29,7.5287,29.5940,3.9362,0.137
2019-04-30,7.6346,29.8588,3.9367,0.658
2019-05-02,7.5905,30.0441,3.9644,0.158
2019-05-03,7.5816,29.7529,3.9366,0.313
2019-05-06,7.3610,29.0997,3.9534,0.004
2019-05-07,7.2727,28.7732,3.9847,0.718
2019-05-08,7.3875,29.0997,3.9290,-0.256
2019-05-09,7.2639,28.7379,3.9646,0.211
2019-05-10,7.2639,28.6055,3.9614,0.593
2019-05-13,7.0609,28.1553,3.9778,-0.243
2019-05-14,7.0697,28.0229,3.9737,0.250
2019-05-15,6.9991,28.1112,3.9845,-0.794
2019-05-16,6.8756,27.7493,4.0061,-0.739
2019-05-17,6.7696,27.8023,4.0909,-0.390
2019-05-20,6.9638,28.5260,4.1133,0.414
2019-05-21,7.2639,29.6293,4.0678,-0.274
2019-05-22,7.3433,29.6558,4.0245,-0.346
2019-05-23,7.3345,29.5940,4.0329,-0.050
2019-05-24,7.3080,29.1527,4.0251,0.902
2019-05-28,7.4228,30.0794,4.0215,-0.761
2019-05-29,7.6611,30.6443,3.9937,-0.158
2019-05-30,7.7582,30.9620,3.9658,-0.629
2019-05-31,7.8553,30.8914,3.9216,-0.279
2019-06-03,7.9082,30.9620,3.8918,-0.597
2019-06-04,7.9876,30.9091,3.8593,-0.267
2019-06-05,7.8111,30.3089,3.8655,-0.380
2019-06-06,7.8641,30.6267,3.8740,-0.526
2019-06-07,7.9876,30.9532,3.8616,-0.349
2019-06-10,7.9170,30.5649,3.8708,0.263
2019-06-11,7.9788,30.7149,3.8593,0.253
2019-06-12,7.9082,30.5384,3.8360,-0.663
2019-06-13,7.8111,29.9912,3.8456,0.158
2019-06-14,7.6964,30.0000,3.8936,-0.111
2019-06-17,7.6964,29.9647,3.8858,-0.194
2019-06-18,7.9170,30.7414,3.8549,-0.722
2019-06-19,8.0671,31.2268,3.8731,0.057
2019-06-21,8.2701,31.9329,3.8212,-1.037
2019-06-24,8.3142,31.8623,3.8265,-0.151
2019-06-25,8.1642,31.4651,3.8312,-0.593
2019-06-26,8.3319,32.2154,3.8355,-0.802
2019-06-27,8.2966,31.9947,3.8604,0.104
2019-06-28,8.3142,32.0035,3.8290,-0.526
2019-07-01,8.2966,31.8447,3.8217,-0.432
2019-07-02,8.2436,31.7299,3.8613,0.319
2019-07-03,8.2877,32.2771,3.8421,-1.347
2019-07-05,8.5790,33.0097,3.8178,-0.778
2019-07-08,8.5966,32.9214,3.8045,-0.655
2019-07-10,8.6849,32.8332,3.7646,-0.420
2019-07-11,8.7026,32.7891,3.7577,-0.267
2019-07-12,8.6055,32.1801,3.7429,0.091
2019-07-15,8.4819,32.0918,3.7490,-0.913
2019-07-16,8.4907,32.2154,3.7607,-0.882
2019-07-17,8.5349,32.1271,3.7611,-0.083
2019-07-18,8.7732,32.9832,3.7443,-0.406
2019-07-19,8.5437,32.1271,3.7406,-0.525
2019-07-22,8.6937,32.6743,3.7350,-0.622
2019-07-23,8.7026,32.9921,3.7680,-0.609
2019-07-24,8.6849,32.9656,3.7610,-0.915
2019-07-25,8.3760,31.9506,3.7880,-0.696
2019-07-26,8.5613,32.5243,3.7714,-0.726
2019-07-29,8.5613,32.6567,3.7873,-0.711
2019-07-30,8.2613,31.5711,3.7867,-0.913
2019-07-31,8.0759,30.7326,3.7571,-1.271
2019-08-01,8.0229,30.7855,3.8366,-0.015
2019-08-02,7.9259,30.8297,3.8789,-0.279
2019-08-05,7.7052,30.4060,3.9423,-0.098
2019-08-06,7.8641,31.3239,3.9740,-0.230
2019-08-07,8.1377,32.4801,3.9863,-0.126
2019-08-08,8.2524,32.6567,3.9349,-0.564
2019-08-09,8.1818,32.4095,3.9385,-0.572
2019-08-12,7.8199,31.0680,3.9862,0.334
2019-08-13,7.9435,31.6770,3.9531,-0.870
2019-08-14,7.6699,30.9797,4.0143,-0.615
2019-08-15,7.7317,30.8914,4.0100,0.365
2019-08-16,7.5728,30.3177,3.9926,-0.272
2019-08-19,7.4051,30.1853,4.0344,-1.027
2019-08-20,7.3963,29.8500,4.0409,0.126
2019-08-21,7.4934,30.0794,4.0188,0.116
2019-08-22,7.2992,29.6028,4.0558,0.004
2019-08-23,7.1050,29.2586,4.1114,-0.161
2019-08-26,7.0609,29.2498,4.1528,0.249
2019-08-27,7.1139,29.5940,4.1813,0.511
2019-08-28,7.2021,29.9294,4.1553,-0.008
2019-08-29,7.2727,30.0883,4.1595,0.541
2019-08-30,7.2727,29.9559,4.1254,0.157
2019-09-03,6.9903,29.0026,4.1726,0.569
2019-09-04,7.1227,29.2056,4.1140,0.332
2019-09-05,7.3080,30.0353,4.0908,-0.465
2019-09-06,7.5728,31.0415,4.0643,-0.848
2019-09-09,7.7493,31.8005,4.0819,-0.530
2019-09-10,7.5993,31.1827,4.1010,-0.058
2019-09-11,7.6346,31.0415,4.0592,-0.165
2019-09-12,7.6258,31.2357,4.0606,-0.866
2019-09-13,7.7052,31.6593,4.0610,-1.164
2019-09-16,7.5375,31.0944,4.0831,-1.023
2019-09-17,7.6258,31.2092,4.0970,0.108
2019-09-18,7.5552,31.1121,4.0964,-0.524
2019-09-19,7.3345,30.5914,4.1389,-0.767
2019-09-20,7.3610,30.6708,4.1698,0.075
2019-09-23,7.2816,30.5737,4.1771,-0.517
2019-09-24,7.2286,30.2560,4.1737,-0.284
2019-09-25,7.3433,30.6090,4.1764,0.195
2019-09-26,7.5199,31.4916,4.1517,-0.862
2019-09-27,7.5199,31.3592,4.1576,-0.302
2019-09-30,7.4228,30.9179,4.1629,-0.057
2019-10-01,7.2639,30.2030,4.1624,0.107
2019-10-02,7.0962,29.3733,4.1434,0.099
2019-10-03,7.0874,29.3822,4.0876,-1.402
2019-10-04,7.2639,29.5234,4.0601,-0.106
2019-10-07,7.0521,28.9762,4.0831,-0.628
2019-10-08,7.0079,28.8526,4.0846,-0.790
2019-10-09,7.1227,29.3116,4.1043,-0.266
2019-10-10,7.1227,29.5234,4.1075,-0.904
2019-10-11,7.2904,29.9029,4.0945,-0.175
2019-10-14,7.2992,30.4060,4.0945,-1.708
2019-10-15,7.2816,30.3354,4.1506,-0.371
2019-10-16,7.3786,30.7679,4.1610,-0.212
2019-10-17,7.2904,30.5825,4.1600,-0.832
2019-10-18,7.2992,30.2207,4.1312,-0.219
2019-10-21,7.3786,30.7149,4.1360,-0.641
2019-10-22,7.6699,31.6681,4.0713,-1.395
2019-10-23,7.8994,32.1183,4.0674,0.036
2019-10-24,7.9435,32.2683,4.0100,-1.286
2019-10-25,8.0229,32.4801,4.0018,-1.151
2019-10-28,8.1818,32.9214,3.9769,-1.164
2019-10-29,8.0494,32.3389,3.9923,-0.628
2019-10-30,8.1024,32.5419,4.0170,0.016
2019-10-31,7.9700,31.9771,4.0130,0.020
2019-11-01,7.9965,32.0830,3.9756,-0.911
2019-11-04,7.9612,32.1889,4.0007,-1.052
2019-11-05,8.1112,32.7449,3.9865,-1.251
2019-11-06,7.9082,32.3036,4.0582,-0.652
2019-11-07,7.8729,32.4978,4.0884,-0.955
2019-11-08,7.6611,32.0124,4.1545,-0.576
2019-11-11,7.6876,32.1536,4.1545,-0.671
2019-11-12,7.5375,31.6064,4.1742,-0.453
2019-11-13,7.4669,31.2886,4.1772,-0.313
2019-11-14,7.4493,31.4916,4.1912,-0.858
2019-11-18,7.4228,31.3504,4.1932,-0.718
2019-11-19,7.3257,31.0062,4.2032,-0.693
2019-11-21,7.4228,31.3239,4.2213,0.031
2019-11-22,7.4846,31.5357,4.1859,-0.654
2019-11-25,7.3522,31.0856,4.2153,-0.303
2019-11-26,7.1580,30.4501,4.2594,0.127
2019-11-27,7.2021,30.6267,4.2569,0.105
2019-11-29,7.1845,30.7149,4.2272,-1.122
2019-12-02,7.3698,31.1386,4.2200,-0.122
2019-12-03,7.3786,31.1474,4.1928,-0.675
2019-12-04,7.5993,32.2683,4.1886,-1.357
2019-12-05,7.6611,32.2242,4.1912,-0.357
2019-12-06,7.6169,31.6417,4.1749,0.500
2019-12-09,7.7670,32.2595,4.1299,-0.566
2019-12-10,7.6346,31.7917,4.1412,-0.551
2019-12-11,7.5816,31.4210,4.1179,-0.638
2019-12-12,7.6611,31.4122,4.0990,-0.030
2019-12-13,7.7670,32.0477,4.1065,-0.476
2019-12-16,7.7317,31.3151,4.0681,0.441
2019-12-17,7.7670,31.7917,4.0673,-0.632
2019-12-18,7.9259,32.1977,4.0624,0.001
2019-12-19,7.9347,32.3566,4.0580,-0.487
2019-12-20,7.7935,32.2154,4.0859,-1.155
2019-12-23,7.8994,32.5154,4.0621,-1.314
2019-12-26,8.0759,33.0097,4.0602,-0.666
2019-12-27,8.0406,32.9214,4.0507,-1.067
2019-12-30,8.0759,32.7449,4.0152,-0.973
2020-01-02,8.2789,33.5658,4.0384,-0.394
2020-01-03,8.2083,33.2127,4.0378,-0.208
2020-01-06,8.0318,32.7184,4.0548,-0.462
2020-01-07,7.8376,31.9594,4.0813,0.088
2020-01-08,7.7229,31.4387,4.0463,-0.603
2020-01-09,7.5552,30.8120,4.0747,-0.088
2020-01-10,7.4581,30.5384,4.0771,-0.429
2020-01-13,7.4757,30.9444,4.1351,-0.102
2020-01-14,7.4669,30.9444,4.1409,-0.080
2020-01-15,7.3080,30.5649,4.1773,-0.121
2020-01-16,7.3080,30.6267,4.1903,-0.012
2020-01-17,7.3786,30.8385,4.1857,0.150
2020-01-21,7.0256,29.5675,4.2000,-0.203
2020-01-22,7.0697,29.7440,4.1852,-0.524
2020-01-23,7.2462,30.4501,4.1689,-0.792
2020-01-24,7.1756,30.2207,4.1879,-0.562
2020-01-27,6.9991,29.5675,4.2268,0.055
2020-01-28,7.0256,29.5587,4.2094,0.050
2020-01-29,6.8756,29.0997,4.2162,-0.382
2020-01-30,6.8932,29.5234,4.2602,-0.532
2020-01-31,6.7167,28.9673,4.2801,-0.757
2020-02-03,6.7961,29.0380,4.2411,-0.740
2020-02-04,6.8402,29.2674,4.2405,-0.893
2020-02-05,6.9020,29.4440,4.2567,-0.218
2020-02-06,6.8579,29.3733,4.2694,-0.321
2020-02-07,6.8491,29.7529,4.3126,-0.724
2020-02-10,6.9638,30.2560,4.3155,-0.673
2020-02-11,7.1139,30.9532,4.3346,-0.380
2020-02-12,7.0168,30.8297,4.3428,-1.159
2020-02-13,6.9638,30.3530,4.3302,-0.653
2020-02-14,6.9285,29.8411,4.3104,0.079
2020-02-18,6.7785,29.6911,4.3507,-0.674
2020-02-19,6.8402,30.1147,4.3660,-0.831
2020-02-20,6.8049,30.0088,4.3845,-0.575
2020-02-21,6.7255,28.8438,4.3830,2.198
2020-02-26,6.1695,27.4051,4.4304,-0.262
2020-02-27,6.1342,27.4228,4.4587,-0.264
2020-02-28,6.2401,28.2436,4.4906,-0.786
2020-03-02,6.2930,28.1377,4.4782,0.155
2020-03-03,6.1342,27.6258,4.4908,-0.284
2020-03-04,6.1430,27.8906,4.5497,0.209
2020-03-05,5.8782,26.9373,4.6533,1.543
2020-03-06,5.6487,26.3636,4.6380,-0.625
2020-03-09,5.0044,24.5366,4.7304,-3.520
2020-03-10,5.4281,25.1456,4.6745,0.906
2020-03-11,4.8808,23.0980,4.6844,-1.014
2020-03-12,4.2101,20.8297,4.8563,-1.845
2020-03-13,4.8455,23.1333,4.7622,-0.250
2020-03-16,4.1748,21.0062,4.9813,-1.002
2020-03-17,4.3248,22.2418,5.0185,-2.418
2020-03-18,3.9100,20.6973,5.1136,-3.398
2020-03-19,3.9629,20.1677,5.1503,1.203
2020-03-20,3.8658,19.4616,5.0010,-0.660
2020-03-23,3.5481,18.1112,5.1286,0.473
2020-03-24,3.9365,19.8588,5.0731,0.560
2020-03-25,4.1659,20.8297,5.0589,1.178
2020-03-26,4.3248,21.4034,4.9972,0.974
2020-03-27,4.0335,20.2736,5.1113,1.692
2020-03-30,4.1395,21.2798,5.1593,0.361
2020-03-31,3.9629,20.3795,5.1855,0.835
2020-04-01,3.6011,18.8879,5.2494,0.082
2020-04-02,3.6187,18.9762,5.2649,0.400
2020-04-03,3.4422,18.2348,5.3129,0.292
2020-04-06,3.6805,19.5763,5.2342,-1.593
2020-04-07,3.8658,20.3001,5.2319,-0.366
2020-04-08,4.1306,21.3416,5.1701,0.066
2020-04-09,4.0953,20.7414,5.0708,0.121
2020-04-13,4.0777,21.1827,5.1871,-0.148
2020-04-14,4.1395,21.4475,5.2074,0.505
2020-04-15,3.9718,20.6531,5.2559,1.075
2020-04-16,3.8041,20.1324,5.2318,-1.144
2020-04-17,3.9011,20.4943,5.2550,0.031
2020-04-20,3.7511,19.9823,5.2911,-0.675
2020-04-22,3.6364,19.7440,5.3955,-0.628
2020-04-23,3.5304,19.4616,5.4498,-1.137
2020-04-24,3.2304,18.4289,5.6858,-0.335
2020-04-27,3.3539,19.0380,5.6741,-0.039
2020-04-28,3.7511,20.6090,5.5646,1.283
2020-04-29,3.9453,20.8826,5.3923,1.875
2020-04-30,3.7158,20.0971,5.4296,0.389
2020-05-04,3.5569,19.3204,5.5714,2.571
2020-05-05,3.6011,20.0353,5.5623,-0.026
2020-05-06,3.4510,19.6293,5.6798,-0.144
2020-05-07,3.3010,18.9232,5.8027,1.222
2020-05-08,3.5128,19.6999,5.7455,2.451
2020-05-11,3.4245,19.7529,5.7958,0.481
2020-05-12,3.2745,19.0733,5.7922,-0.560
2020-05-13,3.2568,19.0644,5.9204,1.140
2020-05-14,3.4245,19.9029,5.9181,1.828
2020-05-15,3.3098,19.0909,5.8235,0.962
2020-05-18,3.5128,20.0088,5.7080,0.211
2020-05-19,3.3274,19.1439,5.7101,-0.751
2020-05-20,3.3628,19.0644,5.6909,0.381
2020-05-21,3.5922,20.1589,5.5989,-0.230
2020-05-22,3.6011,20.2648,5.5663,-1.087
2020-05-26,3.7246,20.3089,5.3760,-1.405
2020-05-27,3.9629,20.9444,5.2818,-0.062
2020-05-28,3.8217,20.5737,5.3346,-0.906
2020-05-29,3.7511,20.3354,5.4248,0.067
2020-06-01,3.8747,20.8826,5.3727,-0.312
2020-06-02,4.2630,22.2860,5.2331,0.102
2020-06-03,4.4925,22.8773,5.0417,-0.994
2020-06-04,4.6337,23.5393,5.0927,0.250
2020-06-05,4.8808,24.0600,4.9542,0.502
2020-06-08,5.1633,25.0309,4.8858,0.783
2020-06-09,4.9956,24.5366,4.8990,-0.258
2020-06-10,4.7308,23.4687,4.8979,-1.268
2020-06-12,4.5455,23.0009,5.0241,-0.713
2020-06-15,4.4131,22.4625,5.2082,2.322
2020-06-16,4.4307,23.1068,5.1563,-1.128
2020-06-17,4.4660,23.3981,5.2640,0.475
2020-06-18,4.4925,24.3160,5.3540,-1.082
2020-06-19,4.6514,24.7926,5.3388,0.162
2020-06-22,4.5455,24.0247,5.2235,-1.172
2020-06-23,4.6161,23.7070,5.1578,0.429
2020-06-24,4.2718,22.8067,5.3020,-0.690
2020-06-25,4.3160,23.0803,5.3541,0.121
2020-06-26,4.1395,22.6920,5.4661,-0.288
2020-06-29,4.2895,23.3716,5.4587,0.186
2020-06-30,4.1395,22.4625,5.4844,1.068
2020-07-01,4.3248,23.0362,5.3492,0.426
2020-07-02,4.3513,23.4334,5.3146,-1.315
2020-07-06,4.5455,24.4748,5.3140,-1.309
2020-07-07,4.2895,23.2745,5.3580,-1.252
2020-07-08,4.4307,23.7776,5.3581,-0.157
2020-07-09,4.4572,23.7864,5.3182,-0.345
2020-07-10,4.4925,24.0071,5.3334,-0.195
2020-07-13,4.3954,23.6540,5.3439,-0.699
2020-07-14,4.5101,24.0512,5.4290,1.806
2020-07-15,4.4837,24.2189,5.3620,-0.733
2020-07-16,4.4307,23.8129,5.3430,-0.586
2020-07-17,4.4307,24.0247,5.3520,-1.297
2020-07-20,4.4925,24.0953,5.3365,-0.503
2020-07-21,4.6867,24.5190,5.1936,-0.727
2020-07-22,4.6955,23.8923,5.0973,0.176
2020-07-23,4.4837,23.3892,5.1405,-1.458
2020-07-24,4.4925,23.3628,5.1948,-0.108
2020-07-27,4.7308,24.5366,5.1835,-0.059
2020-07-28,4.7132,24.3954,5.1684,-0.147
2020-07-29,4.8102,24.9691,5.1483,-0.819
2020-07-30,4.7485,24.5455,5.1824,0.256
2020-07-31,4.5013,23.7335,5.1967,-1.439
2020-08-03,4.4219,24.0777,5.3200,-2.298
2020-08-04,4.2983,22.6743,5.3259,0.962
2020-08-05,4.2630,22.6567,5.2928,-0.412
2020-08-06,4.2718,22.9744,5.3537,-0.454
2020-08-07,4.1395,22.4890,5.4343,0.027
2020-08-10,4.1836,22.7802,5.4230,-0.407
2020-08-11,4.1571,22.5154,5.4230,0.127
2020-08-12,4.0688,22.2595,5.4745,0.069
2020-08-13,4.0247,21.6240,5.3835,0.199
2020-08-14,4.0071,21.8270,5.3881,-1.084
2020-08-17,3.8482,21.3063,5.4734,-1.143
2020-08-18,3.8835,21.3945,5.4845,-0.446
2020-08-19,3.8394,21.2886,5.5045,-0.727
2020-08-20,3.8041,21.2886,5.6370,0.727
2020-08-21,3.7599,21.2533,5.5949,-1.020
2020-08-24,3.8394,21.6064,5.6010,-0.472
2020-08-25,3.8482,21.4475,5.6046,0.560
2020-08-26,3.7246,20.9974,5.6073,-0.535
2020-08-27,3.7952,21.3416,5.5965,-0.476
2020-08-28,3.9541,21.5622,5.4469,-0.114
2020-08-31,3.7599,20.7855,5.4698,-1.056
2020-09-01,3.9453,21.4828,5.3578,-1.605
2020-09-02,3.9541,21.4387,5.3550,-1.233
2020-09-03,4.1130,21.9594,5.3078,-0.585
2020-09-04,4.1041,22.0300,5.2873,-1.499
2020-09-08,3.9718,21.5357,5.3510,-1.314
2020-09-09,4.0335,21.5622,5.2849,-1.138
2020-09-10,3.9365,21.1033,5.3023,-1.095
2020-09-11,3.8923,20.8561,5.3040,-1.013
2020-09-14,3.9894,21.2268,5.2892,-0.594
2020-09-15,3.9541,20.9444,5.2852,-0.220
2020-09-16,3.9453,20.8826,5.2410,-0.984
2020-09-17,3.9806,20.9091,5.2584,0.107
2020-09-18,3.7423,20.3883,5.3056,-2.616
2020-09-21,3.6805,20.2118,5.4397,-0.945
2020-09-22,3.7246,20.3883,5.4700,-0.072
2020-09-23,3.5216,19.8411,5.5490,-1.510
2020-09-24,3.6364,20.3266,5.5308,-1.056
2020-09-25,3.6099,20.2207,5.5644,-0.662
2020-09-28,3.5393,20.2118,5.6155,-1.667
2020-09-29,3.4334,19.7705,5.6679,-1.571
2020-09-30,3.5128,19.8588,5.6326,-0.366
2020-10-01,3.4863,19.8764,5.6463,-0.964
2020-10-02,3.5128,19.9382,5.6822,0.111
2020-10-05,3.6099,20.1500,5.6173,0.634
2020-10-06,3.5922,20.1853,5.5402,-1.405
2020-10-07,3.5216,20.0353,5.6125,-1.349
2020-10-08,3.7688,21.2445,5.5948,-0.749
2020-10-09,3.8041,21.1827,5.5220,-0.834
2020-10-13,3.7511,20.9797,5.5944,0.026
2020-10-14,3.7335,20.9179,5.5804,-0.400
2020-10-15,3.6805,20.7326,5.6160,-0.303
2020-10-16,3.6011,20.3972,5.6228,-0.731
2020-10-19,3.6364,20.6178,5.5780,-1.621
2020-10-20,3.8041,21.4387,5.5773,-1.037
2020-10-21,3.8305,21.6328,5.6084,-0.692
2020-10-22,4.0424,22.7449,5.5843,-0.752
2020-10-23,3.9629,22.4537,5.6135,-0.925
2020-10-26,3.9894,22.6125,5.6141,-0.953
2020-10-27,3.8570,21.9682,5.6484,-0.830
2020-10-28,3.5834,20.9885,5.7406,-1.990
2020-10-29,3.6540,21.0944,5.7790,0.105
2020-10-30,3.6099,20.7237,5.7588,0.313
2020-11-03,3.6805,21.2180,5.7328,-0.558
2020-11-04,3.8570,22.0653,5.6540,-1.168
2020-11-05,4.0865,22.5861,5.5682,0.745
2020-11-06,4.1836,22.5596,5.4577,1.211
2020-11-09,4.5278,24.3866,5.3696,-0.304
2020-11-10,4.7573,25.4898,5.3715,0.251
2020-11-11,4.6778,25.2780,5.3715,-0.597
2020-11-12,4.5013,24.6602,5.4141,-1.174
2020-11-13,4.5984,25.1280,5.5006,0.661
2020-11-16,4.7749,26.0106,5.3999,-0.871
2020-11-17,4.8720,26.0282,5.3401,-0.043
2020-11-18,4.7573,25.3928,5.3069,-0.576
2020-11-19,4.7661,25.4281,5.3149,-0.380
2020-11-23,4.7220,25.5075,5.4360,0.632
2020-11-24,4.9162,26.2224,5.3910,1.070
2020-11-25,4.8985,25.9135,5.3224,0.611
2020-11-27,4.8544,25.5605,5.3224,1.082
2020-11-30,4.7220,25.2074,5.3785,0.753
2020-12-01,5.0574,26.2577,5.2630,1.368
2020-12-02,5.0927,26.4607,5.2384,0.819
2020-12-03,5.1633,26.4431,5.1243,0.057
2020-12-04,5.2427,26.7079,5.1610,1.310
2020-12-07,5.2957,26.8667,5.0713,-0.040
2020-12-08,5.2515,26.7961,5.0824,-0.394
2020-12-09,5.2692,26.9550,5.1504,0.681
2020-12-10,5.5605,27.8464,5.0699,1.237
2020-12-11,5.5075,27.6258,5.0538,0.753
2020-12-14,5.3398,27.2551,5.1103,0.121
2020-12-15,5.4545,27.5022,5.1105,1.357
2020-12-16,5.5428,28.0229,5.1282,1.433
2020-12-17,5.5516,27.9876,5.0591,0.352
2020-12-18,5.5252,27.9435,5.0810,0.465
2020-12-21,5.3663,27.4492,5.1280,0.252
2020-12-22,5.3486,27.5816,5.1593,0.049
2020-12-23,5.4369,28.1906,5.2087,0.456
2020-12-28,5.4104,28.3936,5.3016,1.022
2020-12-29,5.4369,28.3319,5.1679,-0.828
2020-12-30,5.4104,27.9170,5.1760,0.313
2021-01-04,5.1986,27.2727,5.2466,0.008
2021-01-05,5.1633,27.0962,5.3035,1.060
2021-01-06,5.2957,27.8906,5.3368,1.332
2021-01-07,5.3928,28.9762,5.4024,0.544
2021-01-08,5.3575,28.9673,5.3855,-0.396
2021-01-11,5.2074,28.3142,5.4809,0.802
2021-01-12,5.3222,28.4025,5.4166,1.498
2021-01-13,5.2604,27.9347,5.2938,-0.313
2021-01-14,5.5605,28.7643,5.2304,1.109
2021-01-15,5.2604,27.6787,5.2589,-0.054
2021-01-19,5.1192,27.2109,5.3330,0.329
2021-01-20,5.0574,26.7608,5.3330,0.785
2021-01-21,4.9250,26.3989,5.3753,0.281
2021-01-22,4.7661,25.8341,5.4518,0.580
2021-01-26,4.6690,24.9338,5.3682,0.523
2021-01-27,4.6425,24.9338,5.4139,0.804
2021-01-28,4.7749,25.9400,5.3992,-0.614
2021-01-29,4.6072,25.0132,5.4479,0.346
2021-02-01,4.7220,25.6664,5.4746,0.719
2021-02-02,4.6955,25.1192,5.3704,0.388
2021-02-03,4.6514,24.9956,5.3624,-0.212
2021-02-04,4.6161,24.8897,5.4236,0.587
2021-02-05,4.6161,24.7838,5.3522,-0.313
2021-02-08,4.5278,24.3248,5.3153,-1.061
2021-02-09,4.5631,24.6161,5.4261,0.584
2021-02-10,4.5543,24.4395,5.3601,-0.115
2021-02-11,4.5631,24.4395,5.3876,0.592
2021-02-12,4.5631,24.5013,5.3699,0.009
2021-02-17,4.6161,24.8102,5.4059,0.579
2021-02-18,4.5455,24.6337,5.4391,0.363
2021-02-19,4.5278,24.3778,5.3938,0.182
2021-02-22,4.1041,22.6037,5.4781,-0.534
2021-02-23,4.4131,24.0512,5.4267,-0.428
2021-02-24,4.3689,23.6981,5.4249,0.012
2021-02-25,4.1483,22.9568,5.4903,-0.790
2021-02-26,3.9982,22.5508,5.5724,-1.202
2021-03-01,3.9100,21.8623,5.5704,-0.376
2021-03-02,4.0159,22.7449,5.7110,0.835
2021-03-03,4.0071,22.7979,5.7591,1.225
2021-03-04,4.1218,23.5128,5.5666,-2.417
2021-03-05,4.2718,24.3866,5.6912,-0.306
2021-03-08,4.0600,23.6099,5.7341,-1.395
2021-03-09,4.1483,23.9365,5.8084,0.662
2021-03-10,4.2189,24.1130,5.6720,-0.761
2021-03-11,4.3425,24.1483,5.5530,-0.143
2021-03-12,4.2895,23.9894,5.5530,-0.708
2021-03-15,4.2807,24.2718,5.6539,-0.286
2021-03-16,4.2012,23.7776,5.5756,-1.485
2021-03-17,4.3778,24.7043,5.6550,0.210
2021-03-18,4.4219,24.8455,5.5366,-1.462
2021-03-19,4.4748,24.8985,5.4750,-1.601
2021-03-22,4.4925,25.0397,5.5316,-0.755
2021-03-23,4.3954,24.4042,5.4771,-1.353
2021-03-24,4.2542,23.9806,5.5550,-1.453
2021-03-25,4.2807,24.4042,5.6352,-1.155
2021-03-26,4.2983,24.7749,5.7132,-0.879
2021-03-29,4.2542,24.7661,5.7778,-0.752
2021-03-30,4.3425,25.1721,5.7439,-0.912
2021-03-31,4.3778,24.6867,5.6590,0.353
2021-04-01,4.2101,23.9188,5.6887,0.130
2021-04-05,4.2630,24.2277,5.6584,-0.437
2021-04-06,4.2542,23.9453,5.6143,-0.255
2021-04-07,4.2189,23.7335,5.6062,-0.343
2021-04-08,4.1836,23.5481,5.5743,-0.966
2021-04-09,4.1571,23.5128,5.6522,-0.068
2021-04-12,4.1659,24.0953,5.6974,-1.496
2021-04-13,4.2101,24.0865,5.6898,-0.548
2021-04-14,4.2983,24.3954,5.6806,0.089
2021-04-15,4.3071,24.3954,5.6110,-0.935
2021-04-16,4.3778,24.6690,5.6107,-0.433
2021-04-19,4.3778,24.2983,5.5687,0.330
2021-04-20,4.3248,24.1748,5.5185,-1.275
2021-04-22,4.4042,24.1836,5.4971,0.111
2021-04-23,4.3778,24.2983,5.5011,-0.888
2021-04-26,4.4219,24.2807,5.4508,-0.732
2021-04-27,4.3513,23.9100,5.4342,-1.105
2021-04-28,4.5984,24.8985,5.3964,-0.336
2021-04-29,4.4660,24.1130,5.3624,-0.682
2021-04-30,4.4131,24.2983,5.4194,-1.573
2021-05-03,4.4748,24.6249,5.3857,-2.131
2021-05-04,4.3248,23.5746,5.4490,-0.037
2021-05-05,4.4837,24.2454,5.3648,-0.789
2021-05-06,4.5278,24.0953,5.2804,-0.775
2021-05-07,4.6425,24.3866,5.2140,-0.740
2021-05-10,4.7043,24.7485,5.2244,-0.692
2021-05-11,4.6955,24.6955,5.2124,-0.894
2021-05-12,4.5366,24.3336,5.2529,-2.068
2021-05-13,4.6778,25.0397,5.2793,-1.374
2021-05-14,4.8279,25.5958,5.2574,-0.835
2021-05-17,4.8191,25.5781,5.2594,-0.910
2021-05-18,4.8191,25.5252,5.2359,-1.148
2021-05-19,4.8014,25.7105,5.2650,-1.677
2021-05-20,4.8720,25.8517,5.2831,-0.435
2021-05-21,4.8191,25.9753,5.3235,-1.236
2021-05-24,4.8279,25.9047,5.3223,-0.808
2021-05-25,4.7396,25.5958,5.3060,-1.748
2021-05-26,4.8720,25.9488,5.3062,-0.373
2021-05-27,4.9073,25.7282,5.2642,0.408
2021-05-28,5.0309,26.1518,5.2187,0.393
2021-06-01,5.1809,27.0079,5.1631,-0.956
2021-06-02,5.4192,27.9082,5.0743,-1.467
2021-06-04,5.5958,28.4907,5.0670,-0.481
2021-06-07,5.7370,29.1615,5.0190,-1.261
2021-06-08,5.7635,28.9585,5.0383,0.275
2021-06-09,5.7635,29.3557,5.0651,-0.556
2021-06-10,5.7282,29.2498,5.0672,-0.766
2021-06-11,5.6222,28.9056,5.1299,-0.221
2021-06-14,5.6222,28.8085,5.0567,-1.314
2021-06-15,5.6929,28.8085,5.0911,0.605
2021-06-16,5.7723,29.3822,4.9991,-1.790
2021-06-17,5.7546,29.0380,5.0244,-0.428
2021-06-18,5.6046,28.5084,5.0405,-0.907
2021-06-21,5.6664,28.6408,5.0306,-0.473
2021-06-22,5.6664,28.2701,4.9994,0.207
2021-06-23,5.6046,28.0671,4.9518,-1.120
2021-06-24,5.7105,28.0759,4.9169,0.007
2021-06-25,5.4810,27.1845,4.9245,-0.711
2021-06-28,5.4369,26.8756,4.9451,0.039
2021-06-29,5.3575,26.6108,4.9378,-0.589
2021-06-30,5.3045,26.3019,5.0083,1.006
2021-07-01,5.1633,26.2048,5.0339,-0.814
2021-07-02,5.2251,26.4872,5.0431,-0.516
2021-07-06,4.9162,26.0812,5.1803,-2.354
2021-07-07,4.9426,26.1959,5.2678,-0.608
2021-07-08,4.9073,25.8517,5.2336,-0.653
2021-07-12,5.0221,26.2048,5.1939,-0.460
2021-07-13,5.0397,26.3636,5.1544,-1.468
2021-07-14,5.1368,26.3989,5.0861,-1.033
2021-07-15,5.0574,26.0812,5.1180,-0.758
2021-07-16,4.9779,25.6575,5.0922,-1.204
2021-07-19,4.8102,25.5075,5.2100,-1.749
2021-07-20,4.8985,25.8429,5.2190,-1.074
2021-07-21,4.9779,25.9488,5.2313,0.356
2021-07-22,4.8985,25.6840,5.2071,-0.689
2021-07-23,4.8720,25.6134,5.1766,-1.534
2021-07-26,5.0221,26.0635,5.1720,-0.343
2021-07-27,5.0662,26.3195,5.1603,-0.670
2021-07-28,5.2780,27.1756,5.1547,0.114
2021-07-29,5.3222,27.0344,5.0497,-0.589
2021-07-30,5.0927,26.7432,5.1411,-2.099
2021-08-02,5.1898,26.8932,5.1251,-1.098
2021-08-03,5.2074,27.1580,5.2362,0.402
2021-08-04,5.0485,26.3989,5.2362,0.137
2021-08-05,5.0662,26.4784,5.1750,-0.985
2021-08-06,5.1545,27.2198,5.2236,-1.084
2021-08-09,5.1986,27.5375,5.2861,-0.208
2021-08-10,5.1809,27.0168,5.1931,-0.413
2021-08-11,5.2427,27.3169,5.2030,-0.143
2021-08-12,5.1015,26.8049,5.2352,-0.364
2021-08-13,5.1545,27.1668,5.2345,-0.684
2021-08-16,5.0221,26.7785,5.2466,-1.605
2021-08-17,5.0309,26.6814,5.2538,-0.937
2021-08-18,4.9338,26.7343,5.3421,-1.412
2021-08-19,4.8367,26.3901,5.4027,-0.981
2021-08-20,4.8632,26.2930,5.3990,-0.139
2021-08-23,4.9250,26.5755,5.3840,-0.223
2021-08-24,5.1545,27.3169,5.2771,-0.426
2021-08-25,5.2251,27.3522,5.2470,0.233
2021-08-26,5.0574,26.6902,5.2428,-0.657
2021-08-27,5.2074,27.1492,5.1956,-0.344
2021-08-30,5.1545,26.9550,5.1921,-0.714
2021-08-31,5.2339,27.3080,5.1405,-1.477
2021-09-01,5.2427,27.4139,5.1809,-0.919
2021-09-02,5.0750,26.4254,5.1640,-0.825
2021-09-03,5.0044,26.2754,5.1692,-1.547
2021-09-08,4.7220,25.3486,5.2843,-1.563
2021-09-09,4.8014,25.6840,5.2764,-1.362
2021-09-10,4.7749,25.4281,5.2169,-2.036
2021-09-13,4.8897,25.7458,5.2073,-1.102
2021-09-14,4.8455,25.5869,5.2235,-1.080
2021-09-15,4.7838,25.1721,5.2550,-0.133
2021-09-16,4.7396,25.1545,5.2535,-1.013
2021-09-17,4.6249,24.5543,5.2950,-0.267
2021-09-20,4.4572,23.9982,5.3266,-1.069
2021-09-21,4.5013,23.9365,5.2895,-0.529
2021-09-22,4.5719,24.4925,5.2715,-1.599
2021-09-23,4.7573,25.3398,5.2917,-0.654
2021-09-24,4.6602,24.9868,5.3404,-0.398
2021-09-27,4.7661,25.6399,5.3571,-0.419
2021-09-28,4.5631,25.0574,5.4279,-1.154
2021-09-29,4.6690,25.5075,5.4062,-1.042
2021-09-30,4.6514,25.5340,5.4528,-0.670
2021-10-01,4.8632,26.1871,5.3674,-0.322
2021-10-04,3.9276,21.4828,5.4333,-0.665
2021-10-05,3.9982,22.0035,5.4633,-0.727
2021-10-06,4.0247,22.0741,5.5130,0.517
2021-10-07,3.9100,21.6064,5.5073,-0.338
2021-10-08,3.9188,21.7652,5.5178,-0.653
2021-10-11,3.8305,21.3857,5.5178,-1.167
2021-10-13,3.8570,21.4122,5.5525,0.018
2021-10-14,3.8129,21.3063,5.5048,-1.488
2021-10-15,3.9806,21.8535,5.4457,-0.807
2021-10-18,3.9541,22.0035,5.5211,-0.784
2021-10-19,3.7776,21.4828,5.5525,-2.364
2021-10-20,3.9276,22.0565,5.5476,-1.213
2021-10-21,3.7952,21.6064,5.6455,-0.835
2021-10-22,3.6452,20.7767,5.7223,0.395
2021-10-25,3.7864,21.1827,5.6009,0.116
2021-10-26,3.7158,20.9532,5.5833,-0.987
2021-10-27,3.7335,21.1121,5.5812,-1.302
2021-10-28,3.7158,21.0680,5.6120,-1.020
2021-10-29,3.5922,20.5737,5.6291,-1.714
2021-11-01,3.7335,21.3769,5.6795,-0.808
2021-11-03,3.7952,21.5799,5.6188,-1.183
2021-11-04,3.5834,20.4413,5.5877,-2.046
2021-11-05,3.6187,20.1942,5.5335,-0.842
2021-11-08,3.5746,20.0883,5.5455,-1.321
2021-11-09,3.5746,19.8853,5.5020,-1.096
2021-11-10,3.6717,20.3883,5.4709,-1.476
2021-11-11,3.7335,20.3442,5.4709,0.399
2021-11-12,3.6981,20.3001,5.4341,-1.005
2021-11-16,3.6099,20.0883,5.4980,-1.200
2021-11-17,3.6187,20.1677,5.5082,-1.166
2021-11-18,3.5128,19.8323,5.5485,-1.722
2021-11-19,3.4687,19.6646,5.5728,-1.701
2021-11-22,3.4422,19.4793,5.5860,-1.290
2021-11-23,3.4598,19.8058,5.6485,-1.327
2021-11-24,3.5922,20.3354,5.5937,-1.188
2021-11-26,3.5569,20.1324,5.5903,-1.232
2021-11-29,3.5393,20.0000,5.6233,-0.488
2021-11-30,3.4598,19.7529,5.6569,-0.916
2021-12-01,3.3892,19.6117,5.6355,-2.609
2021-12-02,3.5834,20.3530,5.6272,-0.926
2021-12-03,3.5128,20.2824,5.6773,-1.673
2021-12-06,3.5658,20.5207,5.6820,-1.268
2021-12-07,3.5658,20.2648,5.6294,-0.946
2021-12-08,3.5569,20.0706,5.5395,-1.829
2021-12-09,3.4245,19.5322,5.5838,-2.101
2021-12-10,3.4245,19.5587,5.5991,-1.965
2021-12-13,3.3010,19.0380,5.6598,-1.865
2021-12-14,3.3098,19.2233,5.6713,-2.354
2021-12-15,3.3098,19.1615,5.7099,-1.372
2021-12-16,3.3804,19.3557,5.6652,-1.059
2021-12-17,3.2657,18.9320,5.6754,-2.103
2021-12-20,3.1862,18.6408,5.7220,-2.195
2021-12-21,3.1951,18.6673,5.7475,-1.627
2021-12-22,3.2833,18.7379,5.7017,-0.093
2021-12-23,3.3010,18.8350,5.6821,-0.417
2021-12-27,3.3451,19.0291,5.6401,-0.854
2021-12-28,3.3274,18.9585,5.6372,-1.060
2021-12-29,3.2833,18.7996,5.6915,-0.599
2021-12-30,3.3010,18.4907,5.5749,-0.477
2022-01-03,3.3363,18.9850,5.6597,-0.541
2022-01-04,3.3716,19.5234,5.6770,-1.961
2022-01-05,3.3010,19.1527,5.6876,-1.974
2022-01-06,3.3981,19.5410,5.7027,-0.834
2022-01-07,3.5128,19.9735,5.6253,-1.066
2022-01-10,3.5216,20.1589,5.6788,-0.795
2022-01-11,3.6364,20.6090,5.5980,-1.226
2022-01-12,3.6628,20.5207,5.5541,-0.862
2022-01-13,3.7335,20.9003,5.5122,-1.535
2022-01-14,3.7511,20.7414,5.5393,0.179
2022-01-18,3.7070,20.8650,5.5329,-1.700
2022-01-19,3.7511,20.7237,5.4668,-1.048
2022-01-20,3.7246,20.5560,5.4052,-2.061
2022-01-21,3.7246,20.5649,5.4225,-1.790
2022-01-24,3.7070,20.5384,5.5116,-0.521
2022-01-25,3.8747,21.2798,5.4818,-0.186
2022-01-26,3.9276,21.5093,5.4366,-0.727
2022-01-27,3.9365,21.6152,5.4252,-1.199
2022-01-28,4.0247,21.8800,5.3943,-0.774
2022-01-31,4.1659,22.3566,5.2893,-1.439
2022-02-01,4.2277,22.4978,5.2812,-0.757
2022-02-02,4.1659,22.1447,5.2787,-0.696
2022-02-03,4.1836,22.4007,5.3047,-0.929
2022-02-04,4.1924,22.4713,5.3266,-0.623
2022-02-07,4.2012,22.3477,5.2922,-0.510
2022-02-08,4.2454,22.5949,5.2712,-0.959
2022-02-09,4.0865,21.6946,5.2641,-0.843
2022-02-10,4.1483,22.1094,5.1978,-2.476
2022-02-11,4.4131,23.4157,5.2015,-1.969
2022-02-14,4.4660,23.3628,5.2153,-0.304
2022-02-15,4.5366,23.5834,5.1807,-0.341
2022-02-16,4.5101,23.3363,5.1584,-0.305
2022-02-17,4.4219,23.0097,5.1599,-0.840
2022-02-18,4.4660,23.0980,5.1219,-0.967
2022-02-22,4.4484,22.7273,5.0611,-0.940
2022-02-23,4.4307,22.4095,5.0181,-0.784
2022-02-24,4.2983,22.0300,5.1248,-0.009
2022-02-25,4.2983,22.4801,5.1515,-1.501
2022-03-02,4.2895,22.0918,5.1511,0.017
2022-03-03,4.3513,22.1094,5.0551,-0.512
2022-03-04,4.2718,21.7741,5.0867,-0.204
2022-03-07,4.1218,21.3063,5.0841,-1.646
2022-03-08,4.1483,21.1033,5.0874,0.003
2022-03-09,4.3689,22.1536,4.9932,-1.529
2022-03-10,4.3866,22.1712,5.0424,-0.236
2022-03-11,4.2807,21.9241,5.0513,-1.374
2022-03-14,4.2807,22.2330,5.0834,-2.126
2022-03-15,4.2718,22.1536,5.1424,-0.840
2022-03-16,4.3866,22.5861,5.1083,-0.788
2022-03-17,4.5366,23.0803,5.0427,-0.882
2022-03-18,4.6072,23.2480,5.0165,-0.584
2022-03-21,4.7838,23.8217,4.9477,-0.643
2022-03-22,4.8720,24.1483,4.9365,-0.404
2022-03-23,4.9250,24.0424,4.8479,-0.693
2022-03-24,4.9779,24.2012,4.8202,-0.854
2022-03-25,5.0485,24.2454,4.7577,-0.932
2022-03-28,5.0132,24.2277,4.7917,-0.849
2022-03-29,5.1192,24.5102,4.7554,-0.679
2022-03-30,5.1015,24.5631,4.7695,-0.942
2022-03-31,5.0397,24.2542,4.7264,-1.791
2022-04-01,5.1633,24.3071,4.6944,-0.282
2022-04-04,5.1721,24.0865,4.6195,-0.805
2022-04-05,4.9956,23.6011,4.6592,-1.380
2022-04-06,4.9515,23.5922,4.6892,-1.585
2022-04-07,4.9250,23.5746,4.7619,-0.519
2022-04-08,4.9250,23.5305,4.7495,-0.592
2022-04-11,4.9691,23.4422,4.7031,-0.307
2022-04-12,4.8632,23.0274,4.6705,-1.363
2022-04-13,4.9073,23.0891,4.6840,-0.447
2022-04-14,4.8897,23.2392,4.7070,-0.962
2022-04-18,4.9515,23.3716,4.6772,-0.910
2022-04-19,4.8808,22.9568,4.6689,-0.734
2022-04-20,4.9426,23.1068,4.6171,-1.239
2022-04-22,4.6514,22.6567,4.7675,-2.124
2022-04-25,4.5719,22.5684,4.9410,0.095
2022-04-26,4.3336,21.8005,4.9850,-0.905
2022-04-27,4.3071,21.6240,5.0058,-0.293
2022-04-28,4.3071,21.4475,4.9973,0.357
2022-04-29,4.2277,21.0680,4.9325,-1.019
2022-05-02,4.0953,20.9620,5.0275,-1.779
2022-05-03,4.2012,21.0680,4.9999,-0.295
2022-05-04,4.2189,21.0415,4.9962,0.175
2022-05-05,4.0600,20.5560,5.0481,-0.295
2022-05-06,4.1041,20.9974,5.0626,-1.046
2022-05-09,3.9453,20.6973,5.1235,-2.337
2022-05-10,3.9806,20.5914,5.1510,-0.424
2022-05-11,4.0777,21.2798,5.1042,-2.192
2022-05-12,4.1748,21.6152,5.1368,-0.788
2022-05-13,4.2807,21.8711,5.0801,-0.571
2022-05-16,4.3513,22.1006,5.0645,-0.288
2022-05-17,4.4484,22.2948,4.9546,-1.143
2022-05-18,4.3689,21.9771,4.9720,-1.159
2022-05-19,4.4219,21.9064,4.9035,-1.021
2022-05-20,4.4925,22.1801,4.8618,-1.526
2022-05-23,4.6778,22.7538,4.7934,-1.455
2022-05-24,4.7573,23.0980,4.8275,-0.572
2022-05-25,4.6690,22.6831,4.8498,-0.173
2022-05-26,4.7749,22.9656,4.7824,-0.566
2022-05-27,4.8191,23.0891,4.7255,-1.371
2022-05-31,4.8367,23.0891,4.7264,-0.991
2022-06-01,4.7132,22.7538,4.8003,-0.568
2022-06-02,4.7396,22.8508,4.7790,-0.876
2022-06-03,4.7043,22.6390,4.7973,-0.313
2022-06-06,4.6602,22.5596,4.7974,-0.899
2022-06-07,4.6161,22.5596,4.8848,-0.049
2022-06-08,4.5013,22.1271,4.8714,-0.901
2022-06-09,4.3689,21.7476,4.8880,-1.804
2022-06-10,4.2101,21.2710,4.9947,-1.142
2022-06-13,4.0335,21.0150,5.0988,-2.136
2022-06-14,4.0071,20.8738,5.1353,-1.420
2022-06-15,4.0953,20.9620,5.1117,-0.134
2022-06-17,3.9629,20.6973,5.1420,-1.546
2022-06-21,4.1041,21.3680,5.1333,-1.405
2022-06-22,4.0335,21.2092,5.1563,-1.938
2022-06-23,3.9011,20.7237,5.2021,-2.073
2022-06-24,3.8747,20.6884,5.2363,-1.931
2022-06-27,3.9453,20.8120,5.2078,-1.277
2022-06-28,3.8570,20.5825,5.2531,-1.561
2022-06-29,3.8658,20.3707,5.2386,-0.585
2022-06-30,3.7776,20.0088,5.2196,-1.456
2022-07-01,3.7511,20.1677,5.3083,-1.268
2022-07-05,3.6981,20.1147,5.3903,-0.898
2022-07-06,3.6452,19.9294,5.4558,-0.211
2022-07-07,3.7423,20.2118,5.3520,-0.906
2022-07-08,3.7864,20.2207,5.2961,-0.828
2022-07-11,3.6540,19.8941,5.3432,-1.860
2022-07-12,3.6011,19.8500,5.4192,-1.688
2022-07-13,3.6187,19.7705,5.3764,-1.593
2022-07-14,3.5305,19.5499,5.4237,-2.055
2022-07-15,3.6452,19.9029,5.3840,-1.393
2022-07-18,3.6981,20.1677,5.3730,-1.475
2022-07-19,3.8041,20.8473,5.3940,-1.574
2022-07-20,3.7599,20.5825,5.4325,-0.761
2022-07-21,3.7599,20.7502,5.4970,-0.395
2022-07-22,3.6981,20.5296,5.4558,-1.721
2022-07-25,3.8394,20.8297,5.4015,-0.438
2022-07-26,3.8305,20.7149,5.3699,-0.701
2022-07-27,3.9188,20.7855,5.2962,-0.148
2022-07-28,4.0247,20.9179,5.2150,0.339
2022-07-29,3.9718,20.8473,5.1810,-1.293
2022-08-01,3.9629,20.7149,5.1508,-1.461
2022-08-02,3.9188,20.9356,5.2420,-1.878
2022-08-03,3.9541,21.0856,5.2693,-1.187
2022-08-04,4.1041,21.5975,5.2165,-0.872
2022-08-05,4.2277,22.0035,5.1987,-0.113
2022-08-08,4.3160,22.2771,5.1331,-0.551
2022-08-09,4.4131,22.8597,5.1302,-0.961
2022-08-10,4.5366,23.2833,5.0530,-1.545
2022-08-11,4.4748,23.3186,5.1396,-1.371
2022-08-12,4.5984,23.6011,5.0860,-0.905
2022-08-15,4.6337,23.8041,5.0818,-1.077
2022-08-16,4.6337,24.0777,5.1443,-0.999
2022-08-17,4.6337,24.1395,5.1705,-0.749
2022-08-18,4.5984,24.0688,5.1873,-0.895
2022-08-19,4.5013,23.5128,5.1947,-0.552
2022-08-22,4.4660,23.2480,5.1669,-0.742
2022-08-23,4.5190,23.3098,5.0810,-1.497
2022-08-24,4.5366,23.4069,5.0939,-1.272
2022-08-25,4.5984,23.6981,5.1160,-0.729
2022-08-26,4.5808,23.5569,5.0826,-1.166
2022-08-29,4.6337,23.4775,5.0273,-0.777
2022-08-30,4.5278,23.3716,5.0770,-1.643
2022-08-31,4.3601,22.7802,5.1870,-0.722
2022-09-01,4.3866,23.1156,5.2238,-0.869
2022-09-02,4.4748,23.4334,5.1720,-1.235
2022-09-06,4.4660,23.5922,5.2305,-0.986
2022-09-08,4.4572,23.4245,5.2196,-0.682
2022-09-09,4.5631,23.6099,5.1541,-0.386
2022-09-12,4.6514,23.9011,5.1562,0.344
2022-09-13,4.5190,23.6540,5.1860,-0.924
2022-09-14,4.5278,23.5658,5.1755,-0.561
2022-09-15,4.4837,23.6275,5.2330,-0.696
2022-09-16,4.4572,23.5481,5.2870,0.073
2022-09-19,4.6867,24.4307,5.1762,-0.702
2022-09-20,4.8367,25.2427,5.1516,-1.291
2022-09-21,4.7661,24.9779,5.1806,-1.148
2022-09-22,4.9426,25.4810,5.1742,0.365
2022-09-23,4.7396,24.9779,5.2370,-0.627
2022-09-26,4.5366,24.4395,5.3914,0.079
2022-09-27,4.5190,24.2983,5.3595,-0.325
2022-09-28,4.5101,24.2895,5.3636,-0.407
2022-09-29,4.5896,24.6514,5.3943,0.431
2022-09-30,4.5631,24.7661,5.4008,-0.491
2022-10-03,5.0574,26.2577,5.1823,-0.186
2022-10-04,5.0574,26.3019,5.1523,-0.931
2022-10-05,5.0662,26.3019,5.2205,0.556
2022-10-06,4.9250,25.8252,5.2052,-0.735
2022-10-07,4.9073,25.8782,5.2151,-1.105
2022-10-10,4.8808,25.6046,5.2151,-0.588
2022-10-11,4.8014,25.4281,5.2105,-1.614
2022-10-13,4.7573,25.2780,5.2779,-0.671
2022-10-14,4.7132,25.2868,5.2980,-1.252
2022-10-17,4.7838,25.4898,5.2606,-1.273
2022-10-18,4.9250,26.1165,5.2905,-0.233
2022-10-19,4.9250,26.1253,5.2816,-0.435
2022-10-20,5.0485,26.5313,5.2053,-0.950
2022-10-21,5.2868,27.4139,5.1750,-0.199
2022-10-24,4.9073,26.1695,5.2768,-1.049
2022-10-25,4.8544,25.9576,5.2898,-1.075
2022-10-26,4.7043,25.4016,5.3228,-1.423
2022-10-27,4.8544,25.8694,5.2839,-0.848
2022-10-28,4.8720,26.0724,5.3547,0.061
2022-10-31,5.1368,26.8314,5.2464,0.441
2022-11-01,5.2339,26.8844,5.1073,-0.570
2022-11-03,5.1986,26.6902,5.1005,-0.655
2022-11-04,5.2692,26.7873,5.0443,-0.776
2022-11-07,5.0309,26.1783,5.1222,-1.563
2022-11-08,5.0485,26.0989,5.1422,-0.530
2022-11-09,4.7396,24.8455,5.1499,-1.759
2022-11-10,4.4572,24.3778,5.3287,-2.571
2022-11-11,4.3866,23.5922,5.3287,-0.922
2022-11-14,4.3689,23.5216,5.3173,-1.236
2022-11-16,4.2718,23.1862,5.3542,-1.354
2022-11-17,4.2718,23.3274,5.4584,-0.043
2022-11-18,4.3601,23.5128,5.3757,-0.315
2022-11-21,4.4042,23.5834,5.3335,-0.396
2022-11-22,4.2895,23.1951,5.3571,-0.930
2022-11-23,4.2630,22.9568,5.3905,0.100
2022-11-25,4.2895,22.9391,5.3838,0.674
2022-11-28,4.1836,22.5243,5.3680,-0.297
2022-11-29,4.2454,22.7184,5.2945,-1.062
2022-11-30,4.3954,22.9479,5.2563,0.678
2022-12-01,4.3866,22.9303,5.1868,-0.776
2022-12-02,4.4484,23.2392,5.2100,-0.272
2022-12-05,4.2365,22.5596,5.2611,-1.200
2022-12-06,4.3601,23.0803,5.2415,-0.983
2022-12-07,4.3601,22.9126,5.2187,-0.692
2022-12-08,4.1748,22.1094,5.2003,-1.807
2022-12-09,4.0424,21.4740,5.2365,-1.426
2022-12-12,4.0071,21.2710,5.3344,0.490
2022-12-13,3.8217,20.4678,5.2690,-1.618
2022-12-14,3.8482,20.5560,5.2997,-0.787
2022-12-15,3.8482,20.6708,5.3285,-0.802
2022-12-16,3.9100,20.9003,5.2725,-1.363
2022-12-19,4.0424,21.5269,5.3097,-0.293
2022-12-20,4.1659,21.7564,5.2006,-0.419
2022-12-21,4.2012,21.8447,5.1955,-0.078
2022-12-22,4.2101,21.8888,5.1655,-0.647
2022-12-23,4.2983,22.2330,5.1368,-0.690
2022-12-27,4.0512,21.6681,5.2790,-1.301
2022-12-28,4.1924,22.1094,5.2675,-0.117
2022-12-29,4.1659,22.0653,5.2547,-0.791
2023-01-03,3.8305,21.1650,5.4257,-1.803
2023-01-04,3.8570,21.2268,5.4430,-1.098
2023-01-05,4.0600,21.8888,5.3840,-0.135
2023-01-06,4.2189,22.2683,5.2533,-0.473
2023-01-09,4.2542,22.4272,5.2648,-0.132
2023-01-10,4.3866,22.8597,5.2159,0.089
2023-01-11,4.4748,23.2568,5.1950,-0.043
2023-01-12,4.4660,22.9303,5.1120,-0.436
2023-01-13,4.4395,22.8155,5.0968,-0.824
2023-01-17,4.5013,23.0362,5.0974,-0.396
2023-01-18,4.5101,23.4510,5.1288,-1.362
2023-01-19,4.5013,23.4510,5.2233,0.259
2023-01-20,4.3778,23.0362,5.2109,-0.973
2023-01-23,4.2895,22.3301,5.1884,-0.334
2023-01-24,4.3336,22.5331,5.1405,-1.136
2023-01-25,4.4307,22.6125,5.0902,-0.262
2023-01-26,4.4042,22.4801,5.0875,-0.327
2023-01-27,4.2807,22.0035,5.0902,-0.973
2023-01-30,4.2630,22.0124,5.1024,-1.184
2023-01-31,4.3954,22.3566,5.0934,0.139
2023-02-01,4.3336,22.0477,5.0746,-0.255
2023-02-02,4.3954,22.2507,5.0138,-0.957
2023-02-03,4.2983,22.1712,5.1339,-0.469
2023-02-06,4.2983,22.1801,5.2025,0.820
2023-02-07,4.1218,21.6681,5.1868,-1.335
2023-02-08,4.4925,23.4598,5.2183,-0.071
2023-02-09,4.2983,22.8773,5.2528,-1.307
2023-02-10,4.3425,22.7714,5.2528,0.170
2023-02-13,4.5455,23.5746,5.1822,-0.081
2023-02-14,4.4572,23.2833,5.1738,-0.956
2023-02-15,4.5278,23.6275,5.2172,-0.022
2023-02-16,4.5278,23.8041,5.2313,-0.495
2023-02-17,4.5455,23.7246,5.1776,-0.801
2023-02-22,4.4572,23.2833,5.1940,-0.570
2023-02-23,4.5190,23.3716,5.1386,-0.643
2023-02-24,4.3160,22.6567,5.1865,-1.200
2023-02-27,4.2630,22.3654,5.2031,-0.825
2023-02-28,4.2454,22.4448,5.2283,-1.108
2023-03-01,4.3071,22.0653,5.1965,1.436
2023-03-02,4.0424,21.3416,5.2033,-1.443
2023-03-03,4.0600,21.3680,5.2067,-1.071
2023-03-06,4.2101,21.8535,5.1680,-0.439
2023-03-07,4.1924,21.9153,5.1933,-0.652
2023-03-08,4.2895,22.1889,5.1251,-0.923
2023-03-09,4.2012,21.7652,5.1542,-0.511
2023-03-10,4.0247,21.2445,5.1838,-1.794
2023-03-13,3.9541,20.9885,5.2382,-1.316
2023-03-14,3.9541,20.9179,5.2565,-0.637
2023-03-15,3.8923,20.8650,5.3062,-1.014
2023-03-16,4.0071,21.2092,5.2800,-0.245
2023-03-17,3.8923,20.6002,5.2813,-0.212
2023-03-20,3.8835,20.6531,5.2475,-1.329
2023-03-21,3.9806,21.0768,5.2458,-0.927
2023-03-22,3.9541,20.9532,5.2594,-0.749
2023-03-23,3.8217,20.4325,5.2692,-1.444
2023-03-24,3.8570,20.4943,5.2506,-1.184
2023-03-27,3.9894,20.8473,5.2340,0.160
2023-03-28,4.0247,20.9444,5.1678,-0.695
2023-03-29,4.0953,21.1474,5.1405,-0.451
2023-03-30,4.2365,21.7299,5.1203,-0.173
2023-03-31,4.2983,21.8358,5.0702,-0.195
2023-04-03,4.1571,21.2092,5.0683,-0.659
2023-04-04,4.2542,21.6328,5.0919,0.134
2023-04-05,4.2542,21.6152,5.0380,-0.845
2023-04-06,4.2365,21.5446,5.0644,-0.413
2023-04-10,4.2630,21.7741,5.0832,-0.479
2023-04-11,4.4748,22.4801,5.0078,-0.316
2023-04-12,4.5896,22.6302,4.9370,0.126
2023-04-13,4.5543,22.6302,4.9020,-1.348
2023-04-14,4.6425,22.9568,4.9385,-0.129
2023-04-17,4.5984,22.9126,4.9450,-0.757
2023-04-18,4.5543,22.8950,4.9735,-1.067
2023-04-19,4.4131,22.5331,5.0511,-1.075
2023-04-20,4.4307,22.5949,5.0422,-1.126
2023-04-24,4.4131,22.3919,5.0554,-0.367
2023-04-25,4.4307,22.5949,5.0618,-0.741
2023-04-26,4.4042,22.3654,5.0487,-0.580
2023-04-27,4.5366,22.7626,5.0116,-0.118
2023-04-28,4.5455,22.8773,5.0049,-0.558
2023-05-02,4.3336,21.9771,5.0410,-0.597
2023-05-03,4.3513,21.9417,5.0133,-0.581
2023-05-04,4.3689,22.1183,5.0196,-0.850
2023-05-05,4.6072,22.9391,4.9534,-0.513
2023-05-08,4.5808,23.2568,4.9925,-1.666
2023-05-09,4.6690,23.3981,4.9838,-0.550
2023-05-10,4.7926,23.7423,4.9559,0.039
2023-05-11,4.8102,23.9718,4.9580,-0.511
2023-05-12,4.7838,23.7511,4.9250,-0.805
2023-05-15,4.8455,23.8394,4.9056,-0.290
2023-05-16,4.7749,23.7599,4.9139,-1.247
2023-05-17,4.8455,23.9982,4.9416,-0.223
2023-05-18,4.7926,23.9100,4.9641,-0.498
2023-05-19,4.7132,23.7158,4.9842,-0.947
2023-05-22,4.6425,23.2657,4.9627,-0.972
2023-05-23,4.6514,23.4510,4.9535,-1.750
2023-05-24,4.6778,23.3186,4.9427,-0.847
2023-05-25,4.7661,24.0512,5.0147,-0.626
2023-05-26,4.7485,23.8658,5.0035,-0.448
2023-05-30,4.6161,23.4245,5.0614,-0.260
2023-05-31,4.5366,23.2392,5.1087,-0.271
2023-06-01,4.6690,23.5658,5.0201,-0.538
2023-06-02,4.7749,23.9100,4.9592,-0.962
2023-06-05,4.8191,23.9629,4.9171,-1.115
2023-06-06,4.8632,24.1306,4.9108,-1.030
2023-06-07,4.8632,24.2012,4.9082,-1.371
2023-06-09,5.0044,24.5366,4.8846,-0.375
2023-06-12,4.9603,24.2718,4.8773,-0.326
2023-06-13,5.0132,24.5455,4.8567,-0.805
2023-06-14,5.1192,24.8808,4.8424,-0.369
2023-06-15,5.2074,25.2074,4.8111,-0.611
2023-06-16,5.2074,25.2868,4.8309,-0.515
2023-06-20,5.2780,25.3839,4.7959,-0.280
2023-06-21,5.3486,25.6311,4.7640,-0.586
2023-06-22,5.2868,25.3839,4.7764,-0.519
2023-06-23,5.2427,25.3045,4.7734,-1.102
2023-06-26,5.2604,25.2692,4.7700,-0.701
2023-06-27,5.1721,24.9868,4.8042,-0.556
2023-06-28,5.0662,24.8455,4.8433,-1.241
2023-06-29,5.1368,25.1456,4.8491,-0.942
2023-06-30,5.2074,25.0838,4.8102,-0.140
2023-07-03,5.2604,25.5605,4.7900,-1.421
2023-07-05,5.2427,25.6222,4.8574,-0.610
2023-07-06,5.1103,25.2427,4.9250,-0.295
2023-07-07,5.2957,25.7193,4.8622,0.114
2023-07-10,5.1898,25.5516,4.8652,-1.183
2023-07-11,5.1456,25.1015,4.8823,0.084
2023-07-12,5.1368,24.9515,4.8148,-0.877
2023-07-13,5.2339,25.2251,4.8131,-0.134
2023-07-14,5.1545,24.9603,4.7988,-0.902
2023-07-17,5.2427,25.4457,4.8249,-0.590
2023-07-18,5.1456,24.9515,4.7985,-1.043
2023-07-19,5.1103,24.6867,4.8022,-0.591
2023-07-20,5.1986,25.1456,4.8074,-0.612
2023-07-21,5.3222,25.5958,4.7680,-0.858
2023-07-24,5.2780,25.1898,4.7309,-0.873
2023-07-25,5.2957,25.2427,4.7442,-0.471
2023-07-26,5.3398,25.3839,4.7355,-0.383
2023-07-27,5.2074,24.8191,4.7179,-1.011
2023-07-28,5.2957,25.1898,4.7306,-0.548
2023-07-31,5.3045,25.2780,4.7407,-0.518
2023-08-01,5.2427,25.3398,4.7824,-1.054
2023-08-02,5.2251,25.2604,4.8140,-0.423
2023-08-03,5.0750,25.0662,4.8820,-1.157
2023-08-04,5.0132,24.6072,4.8548,-1.093
2023-08-07,4.9603,24.4131,4.8971,-0.500
2023-08-08,4.9162,24.3601,4.9083,-0.945
2023-08-09,4.8985,24.2718,4.9020,-1.069
2023-08-10,4.9515,24.3513,4.8453,-1.478
2023-08-11,4.9250,24.3954,4.8944,-1.191
2023-08-14,4.8102,24.0424,4.9555,-0.854
2023-08-15,4.7749,23.9100,4.9753,-0.641
2023-08-16,4.7661,23.8923,4.9660,-0.937
2023-08-17,4.7132,23.6099,4.9836,-0.514
2023-08-18,4.7749,23.7952,4.9649,-0.371
2023-08-21,4.7308,23.6981,4.9864,-0.458
2023-08-22,4.8367,24.0688,4.9370,-0.789
2023-08-23,5.0044,24.3689,4.8789,0.193
2023-08-24,4.8985,24.0865,4.8825,-0.704
2023-08-25,4.8455,23.7070,4.8765,-0.328
2023-08-28,5.0044,24.5102,4.8931,-0.094
2023-08-29,5.1280,24.8985,4.8566,0.024
2023-08-30,4.9779,24.4219,4.8592,-0.955
2023-08-31,4.8544,24.2101,4.9324,-1.100
2023-09-01,4.9250,24.4042,4.9425,-0.256
2023-09-05,4.7573,23.8217,4.9643,-0.861
2023-09-06,4.7043,23.5922,4.9690,-0.917
2023-09-08,4.7132,23.6275,4.9762,-0.736
2023-09-11,4.8720,24.2277,4.9346,-0.769
2023-09-12,4.8720,24.3689,4.9423,-1.190
2023-09-13,4.9515,24.4925,4.9053,-0.833
2023-09-14,4.9779,24.3954,4.8669,-0.690
2023-09-15,4.9691,24.3425,4.8674,-0.640
2023-09-18,4.9603,24.2807,4.8469,-0.983
2023-09-19,4.8808,23.9718,4.8586,-1.075
2023-09-20,4.9603,24.3778,4.8471,-1.373
2023-09-21,4.8014,23.8217,4.9212,-0.810
2023-09-22,4.8102,23.7599,4.9128,-0.540
2023-09-25,4.7661,23.8305,4.9637,-0.726
2023-09-26,4.6778,23.4775,4.9835,-0.705
2023-09-27,4.6072,23.4334,5.0565,-0.584
2023-09-28,4.7220,24.0512,5.0357,-1.134
2023-09-29,4.7396,24.0159,5.0021,-1.282
2023-10-02,4.6778,23.7776,5.0770,-0.118
2023-10-03,4.5366,23.4775,5.1348,-0.779
2023-10-04,4.6602,24.0159,5.1362,-0.334
2023-10-05,4.7220,24.3954,5.1809,0.282
2023-10-06,4.7573,24.6249,5.1530,-0.449
2023-10-09,4.7132,24.4131,5.1530,-0.517
2023-10-10,4.7749,24.3866,5.0668,-0.791
2023-10-11,4.8632,24.6955,5.0501,-0.550
2023-10-13,4.7749,24.4395,5.0740,-0.866
2023-10-16,4.8191,24.4748,5.0571,-0.426
2023-10-17,4.7838,24.1130,5.0157,-0.494
2023-10-18,4.6514,23.6099,5.0635,-0.244
2023-10-19,4.7132,23.8835,5.0435,-0.472
2023-10-20,4.7132,23.7952,5.0346,-0.279
2023-10-23,4.7308,23.8217,5.0066,-0.573
2023-10-24,4.7573,23.8217,4.9998,-0.152
2023-10-25,4.7485,23.8658,4.9987,-0.544
2023-10-26,4.8985,24.4572,5.0051,0.247
2023-10-27,4.7926,24.0953,4.9464,-1.616
2023-10-30,4.7661,23.9011,5.0390,0.482
2023-10-31,4.6867,23.6717,5.0433,-0.149
2023-11-01,4.7926,23.9894,5.0154,0.197
2023-11-03,5.0309,24.6514,4.8879,-0.247
2023-11-06,5.0485,24.8808,4.8921,-0.735
2023-11-07,5.2339,25.5781,4.8677,-0.395
2023-11-08,5.2074,25.6929,4.8905,-0.880
2023-11-09,5.2251,25.8076,4.9037,-0.719
2023-11-10,5.3310,26.1165,4.9037,0.096
2023-11-13,5.2515,25.9400,4.9090,-0.617
2023-11-14,5.3928,26.3283,4.8658,-0.335
2023-11-16,5.4722,26.7520,4.8790,-0.199
2023-11-17,5.4810,26.8756,4.8964,-0.142
2023-11-20,5.5869,27.1403,4.8652,0.152
2023-11-21,5.5075,27.0962,4.8933,-0.540
2023-11-22,5.5605,27.2639,4.8885,-0.299
2023-11-24,5.4810,27.0786,4.8990,-0.838
2023-11-27,5.4899,27.0079,4.9058,-0.281
2023-11-28,5.6311,27.2727,4.8614,0.375
2023-11-29,5.6222,27.4581,4.8962,0.253
2023-11-30,5.6487,27.8817,4.9297,-0.126
2023-12-01,5.6752,27.8023,4.8860,-0.264
2023-12-04,5.6134,27.8376,4.9293,-0.601
2023-12-05,5.7017,28.0671,4.9483,0.522
2023-12-06,5.6487,27.8199,4.8987,-0.534
2023-12-07,5.7017,27.9082,4.9042,0.193
2023-12-08,5.7458,28.2613,4.9324,0.281
2023-12-11,5.6664,28.0671,4.9404,-0.260
2023-12-12,5.6134,27.9259,4.9635,-0.228
2023-12-13,5.8429,28.7732,4.9721,0.967
2023-12-14,5.8782,29.0115,4.8976,-0.767
2023-12-15,5.8076,28.8879,4.9391,-0.705
2023-12-18,5.9312,29.0291,4.9363,0.857
2023-12-19,5.9665,29.0468,4.8638,-0.093
2023-12-20,5.8517,28.7467,4.8906,-0.446
2023-12-21,5.9312,28.9409,4.8742,-0.108
2023-12-22,6.0194,29.3998,4.8579,-0.538
2023-12-26,6.1695,29.6999,4.8260,0.249
2023-12-27,6.2136,29.9029,4.8321,0.407
2023-12-28,6.1695,29.9823,4.8514,-0.173
2024-01-02,6.0106,29.5852,4.8943,-0.566
2024-01-03,5.9576,29.2586,4.9239,0.260
2024-01-04,5.9223,29.0644,4.9143,0.137
2024-01-05,6.0812,29.7440,4.8744,-0.342
2024-01-08,6.0547,29.4263,4.8745,0.297
2024-01-09,5.9665,29.4086,4.8956,-0.677
2024-01-10,6.0106,29.3822,4.8929,0.092
2024-01-11,6.0282,29.4351,4.8838,0.019
2024-01-12,6.0459,29.4704,4.8536,-0.428
2024-01-16,5.9047,29.1086,4.9163,-0.273
2024-01-17,5.8870,29.1262,4.9280,-0.395
2024-01-18,5.8782,29.0026,4.9440,0.204
2024-01-19,5.8782,29.0733,4.9280,-0.363
2024-01-22,5.7017,28.5966,4.9815,-0.677
2024-01-23,5.7635,28.7290,4.9744,-0.206
2024-01-24,5.7635,28.5966,4.9190,-0.861
2024-01-25,5.7723,28.5349,4.9272,-0.328
2024-01-26,5.8605,28.9585,4.9135,-0.562
2024-01-29,5.8076,28.8085,4.9422,-0.369
2024-01-30,5.7458,28.6231,4.9627,-0.379
2024-01-31,5.8252,28.9320,4.9390,-0.557
2024-02-01,5.8517,28.8526,4.9195,-0.226
2024-02-02,5.7899,28.8967,4.9700,-0.418
2024-02-05,5.8429,29.4440,5.0018,-0.744
2024-02-06,6.2224,30.7061,4.9539,0.388
2024-02-07,6.1342,30.4854,4.9628,-0.141
2024-02-08,5.9841,29.8853,4.9940,-0.002
2024-02-09,6.0989,30.2648,4.9678,0.109
2024-02-14,6.0547,30.2648,4.9653,-0.665
2024-02-15,6.1165,30.5207,4.9739,-0.321
2024-02-16,6.1342,30.4854,4.9702,0.008
2024-02-20,6.3813,31.4916,4.9324,-0.053
2024-02-21,6.3283,31.3151,4.9276,-0.420
2024-02-22,6.0989,30.1500,4.9408,-0.056
2024-02-23,6.0459,30.2383,4.9760,-0.509
2024-02-26,6.0989,30.3266,4.9890,0.332
2024-02-27,6.2136,30.6973,4.9423,0.040
2024-02-28,6.1871,30.7149,4.9520,-0.249
2024-02-29,6.0194,29.9559,4.9710,-0.111
2024-03-01,6.0900,30.0706,4.9483,0.215
2024-03-04,6.0547,29.8411,4.9428,0.289
2024-03-05,6.0018,29.8147,4.9565,-0.224
2024-03-06,6.0900,30.1412,4.9351,-0.286
2024-03-07,6.0459,29.8235,4.9319,-0.019
2024-03-08,6.0371,30.0971,4.9766,-0.176
2024-03-11,6.0459,30.2471,4.9678,-0.702
2024-03-12,6.1165,30.3707,4.9820,0.335
2024-03-13,6.2048,30.6708,4.9763,0.672
2024-03-14,6.1342,30.6531,4.9812,-0.319
2024-03-15,6.0724,30.4854,4.9948,-0.509
2024-03-18,6.0900,30.6090,5.0194,-0.133
2024-03-19,6.0812,30.6531,5.0214,-0.382
2024-03-20,6.1783,30.7149,5.0041,0.657
2024-03-21,6.0635,30.3972,4.9785,-0.690
2024-03-22,5.9576,29.7617,4.9872,-0.167
2024-03-25,5.9488,29.7617,4.9859,-0.341
2024-03-26,6.0724,30.3530,4.9910,-0.151
2024-03-27,6.1253,30.5207,4.9756,-0.143
2024-03-28,6.1165,30.5737,5.0042,0.113
2024-04-01,5.8517,29.5146,5.0670,0.461
2024-04-02,5.8429,29.5499,5.0528,-0.091
2024-04-03,5.8076,29.3292,5.0621,0.237
2024-04-04,5.7282,28.9409,5.0086,-0.867
2024-04-05,5.7193,28.8879,5.0638,0.255
2024-04-08,5.8252,29.3204,5.0292,-0.082
2024-04-09,5.9488,29.6293,5.0049,0.486
2024-04-10,5.7017,29.0026,5.0736,-0.257
2024-04-11,5.6929,28.9497,5.0763,-0.176
2024-04-12,5.6046,28.6496,5.1374,0.501
2024-04-15,5.4192,28.1642,5.1791,-0.346
2024-04-16,5.2957,27.9523,5.2679,-0.198
2024-04-17,5.3398,27.9700,5.2401,0.040
2024-04-18,5.3222,28.0053,5.2567,-0.101
2024-04-19,5.3398,27.8464,5.2103,-0.088
2024-04-22,5.3839,27.8288,5.2090,0.777
2024-04-23,5.5163,28.2436,5.1919,1.404
2024-04-24,5.4810,28.1200,5.1570,0.518
2024-04-25,5.3928,27.9612,5.1643,-0.398
2024-04-26,5.5605,28.4289,5.1143,0.031
2024-04-29,5.4987,28.2083,5.1169,-0.256
2024-04-30,5.3398,27.6787,5.1764,-0.136
2024-05-02,5.5163,28.0671,5.1131,0.493
2024-05-03,5.5958,28.4201,5.0720,-0.135
2024-05-06,5.6311,28.5966,5.0648,-0.267
2024-05-07,5.7635,29.1880,5.0656,0.025
2024-05-08,5.7723,29.3733,5.0645,-0.475
2024-05-09,5.5516,28.4907,5.1568,0.484
2024-05-10,5.5958,28.8173,5.1545,0.090
2024-05-13,5.6664,29.1703,5.1605,0.243
2024-05-14,5.7458,29.4881,5.1348,0.053
2024-05-15,5.7193,29.4086,5.1298,-0.237
2024-05-16,5.7105,29.3204,5.1277,-0.132
2024-05-17,5.7635,29.3292,5.1155,0.524
2024-05-20,5.7370,29.2410,5.0970,0.001
2024-05-21,5.6929,29.0909,5.1123,0.043
2024-05-22,5.5428,28.6408,5.1460,-0.410
2024-05-23,5.5075,28.3848,5.1500,-0.075
2024-05-24,5.4457,28.1112,5.1491,-0.251
2024-05-28,5.4281,27.8641,5.1541,0.405
2024-05-29,5.3398,27.6699,5.2030,0.409
2024-05-31,5.2868,27.3875,5.2413,1.178
2024-06-03,5.3486,27.7582,5.2345,0.862
2024-06-04,5.2957,27.8553,5.2887,0.546
2024-06-05,5.2780,27.8023,5.2824,0.282
2024-06-06,5.3839,28.1553,5.2549,0.486
2024-06-07,5.2427,27.7582,5.2731,-0.406
2024-06-10,5.1368,27.5375,5.3645,0.069
2024-06-11,5.1898,27.8464,5.3529,-0.238
2024-06-12,5.1809,27.8023,5.3920,0.480
2024-06-13,5.1368,27.5110,5.3777,0.411
2024-06-14,5.1192,27.4846,5.3559,-0.243
2024-06-17,5.2339,28.1553,5.4173,0.704
2024-06-18,5.1898,28.1377,5.4054,-0.302
2024-06-20,5.1986,28.1642,5.4471,0.543
2024-06-21,5.2604,28.1377,5.4539,1.961
2024-06-24,5.3222,28.5437,5.4025,0.733
2024-06-25,5.2604,28.6320,5.4358,-0.131
2024-06-26,5.1898,28.5790,5.5081,0.024
2024-06-27,5.2074,28.6320,5.5295,0.567
2024-06-28,5.1545,28.6055,5.5596,0.179
2024-07-01,5.0574,28.4554,5.5887,-0.672
2024-07-02,5.1103,28.8261,5.6768,0.639
2024-07-03,5.2957,29.0026,5.5724,1.748
2024-07-05,5.3222,29.0644,5.4802,0.351
2024-07-08,5.2780,29.0115,5.4587,-0.691
2024-07-09,5.3928,29.2145,5.4316,0.263
2024-07-10,5.4722,29.5234,5.4030,0.145
2024-07-11,5.4634,29.6999,5.4265,-0.178
2024-07-12,5.4634,29.5322,5.4559,0.933
2024-07-15,5.4369,29.6470,5.4383,-0.268
2024-07-16,5.4987,29.8235,5.4566,0.606
2024-07-17,5.5075,30.1500,5.4769,0.046
2024-07-18,5.3575,30.0088,5.5395,-1.104
2024-07-19,5.4192,30.2383,5.5569,-0.410
2024-07-22,5.4369,30.2207,5.5485,-0.179
2024-07-23,5.4104,30.1765,5.5685,-0.161
2024-07-24,5.3398,30.1324,5.6352,-0.138
2024-07-25,5.3222,30.0000,5.6254,-0.203
2024-07-26,5.3486,30.2207,5.6551,0.087
2024-07-29,5.3928,30.4413,5.6514,0.116
2024-07-30,5.4104,30.3266,5.6543,0.876
2024-07-31,5.3133,29.9029,5.6628,0.620
2024-08-01,5.1368,29.4528,5.6935,-0.701
2024-08-02,5.0838,29.0821,5.7359,0.269
2024-08-05,5.0662,29.0821,5.7496,0.160
2024-08-06,5.2515,29.7264,5.6409,-0.346
2024-08-07,5.3133,29.8058,5.6000,-0.172
2024-08-08,5.3310,29.6999,5.6012,0.539
2024-08-09,5.5340,30.5031,5.5099,-0.037
2024-08-12,5.5516,30.5472,5.5058,0.062
2024-08-13,5.7811,31.4122,5.4867,0.977
2024-08-14,5.9223,32.1889,5.4577,0.414
2024-08-15,5.9753,32.7008,5.4610,-0.213
2024-08-16,5.9488,32.4272,5.4751,0.441
2024-08-19,6.0635,32.6214,5.4048,0.463
2024-08-20,6.0282,32.8597,5.4727,0.399
2024-08-21,6.0018,32.7273,5.4737,0.381
2024-08-22,5.8076,32.4272,5.5675,-0.288
2024-08-23,5.9135,32.1801,5.5102,1.257
2024-08-26,5.8959,32.2507,5.4980,0.511
2024-08-27,5.8870,32.2860,5.5043,0.365
2024-08-28,5.9488,32.9832,5.5351,-0.170
2024-08-29,5.8164,32.6214,5.6355,0.481
2024-08-30,5.7546,32.3919,5.6193,-0.169
2024-09-03,5.7811,32.6390,5.6490,0.057
2024-09-04,5.8517,32.8685,5.6403,0.417
2024-09-05,5.9488,33.0803,5.5924,0.568
2024-09-06,5.8341,32.6125,5.5884,-0.029
2024-09-09,5.9135,32.9303,5.6042,0.638
2024-09-10,5.8517,32.9303,5.6483,0.370
2024-09-11,5.8429,32.9921,5.6481,0.028
2024-09-12,5.8429,32.6302,5.6499,1.169
2024-09-13,5.8870,32.6655,5.5495,0.014
2024-09-16,5.9400,32.6567,5.5104,0.230
2024-09-17,5.9312,32.5772,5.5013,0.159
2024-09-18,5.9400,32.3919,5.4825,0.537
2024-09-19,5.9312,32.3036,5.4048,-0.764
2024-09-20,5.7458,31.7123,5.4895,-0.538
2024-09-23,5.7282,31.5269,5.5353,0.571
2024-09-24,5.7811,31.5181,5.4660,0.258
2024-09-25,5.8252,31.9153,5.4809,0.039
2024-09-26,5.9576,32.3213,5.4332,0.148
2024-09-27,5.9841,32.4448,5.4318,0.184
2024-09-30,5.8694,31.8711,5.4509,0.384
2024-10-01,5.7546,31.3327,5.4451,0.006
2024-10-02,5.7988,31.5269,5.4363,-0.010
2024-10-03,5.6311,30.7502,5.4916,0.564
2024-10-04,5.6840,30.8120,5.4585,0.695
2024-10-07,5.6840,31.0150,5.4859,0.538
2024-10-08,5.6664,31.2004,5.5297,0.426
2024-10-09,5.4987,30.6267,5.5823,0.224
2024-10-10,5.5340,30.7944,5.5824,0.320
2024-10-11,5.4634,30.5649,5.6346,0.717
2024-10-14,5.5340,30.7590,5.6346,1.374
2024-10-15,5.4899,31.1121,5.6446,-0.399
2024-10-16,5.4722,30.9267,5.6602,0.152
2024-10-17,5.4810,30.9885,5.6764,0.400
2024-10-18,5.4545,31.1386,5.6787,-0.526
2024-10-21,5.4369,30.9797,5.7026,0.080
2024-10-22,5.4722,31.0327,5.6914,0.360
2024-10-23,5.4987,31.2268,5.7045,0.450
2024-10-24,5.5605,31.5093,5.7068,0.708
2024-10-25,5.4634,31.1562,5.7018,-0.017
2024-10-28,5.5516,31.5357,5.7063,0.455
2024-10-29,5.4192,31.2004,5.7248,-0.565
2024-10-30,5.4192,31.1121,5.7780,0.644
2024-10-31,5.3398,30.9091,5.7887,0.005
2024-11-01,5.2427,30.7237,5.8292,-0.530
2024-11-04,5.3663,31.1386,5.7707,-0.550
2024-11-05,5.5516,32.0741,5.7720,-0.094
2024-11-06,5.6134,31.9241,5.7043,0.302
2024-11-07,5.5163,31.4563,5.7028,0.007
2024-11-08,5.3928,30.9620,5.7813,0.695
2024-11-11,5.3663,30.9974,5.7813,0.086
2024-11-12,5.3222,30.6267,5.7779,0.406
2024-11-13,5.2339,30.4678,5.8127,-0.147
2024-11-14,5.2162,30.3795,5.7771,-0.806
2024-11-18,5.2604,30.2736,5.7453,-0.169
2024-11-19,5.2780,30.5472,5.7645,-0.400
2024-11-21,5.1721,30.0177,5.8279,0.416
2024-11-22,5.1633,30.1059,5.8040,-0.459
2024-11-25,5.1633,30.0971,5.8115,-0.301
2024-11-26,5.2868,30.6708,5.8089,0.130
2024-11-27,5.0662,29.9206,5.8721,-0.573
2024-11-29,4.7308,28.7732,5.9956,-1.422
2024-12-02,4.6867,28.3495,6.0741,0.416
2024-12-03,4.7220,28.6673,6.0650,-0.099
2024-12-04,4.7485,28.8438,6.0330,-0.681
2024-12-05,4.8808,29.4616,5.9745,-1.022
2024-12-06,4.7396,28.8614,6.0739,-0.254
2024-12-09,4.7396,29.0026,6.0648,-0.889
2024-12-10,4.8544,29.1174,6.0549,0.946
2024-12-11,4.9073,29.3998,6.0090,0.300
2024-12-12,4.7485,28.6673,6.0097,-0.455
2024-12-13,4.6514,28.2966,6.0645,-0.312
2024-12-16,4.5984,27.9876,6.0579,-0.468
2024-12-17,4.6161,28.1377,6.1122,0.272
2024-12-18,4.3778,27.3345,6.1906,-0.854
2024-12-19,4.4307,27.4846,6.1414,-0.996
2024-12-20,4.4748,27.8023,6.0815,-2.117
2024-12-23,4.3866,27.2639,6.1784,-0.594
2024-12-26,4.4131,27.4404,6.1570,-0.981
2024-12-27,4.3954,27.1668,6.2021,0.346
2024-12-30,4.4131,27.1227,6.2013,0.900
2025-01-02,4.3689,26.9815,6.1556,-0.326
2025-01-03,4.2983,26.3195,6.1759,0.861
2025-01-06,4.4748,27.5022,6.1086,-0.608
2025-01-07,4.5631,27.8023,6.0641,-0.472
2025-01-08,4.5013,27.3522,6.1280,0.848
2025-01-10,4.4484,27.0432,6.1123,0.542
2025-01-13,4.4925,27.2374,6.1089,0.759
2025-01-14,4.5013,27.2551,6.0506,-0.071
2025-01-15,4.7308,28.4378,6.0466,0.589
2025-01-16,4.6867,28.3495,6.0448,-0.069
2025-01-17,4.6955,28.5525,6.0368,-0.724
2025-01-21,4.7749,28.8879,6.0275,-0.370
2025-01-22,4.8279,28.7820,5.9234,-0.641
2025-01-23,4.8191,28.7202,5.9060,-0.901
2025-01-24,4.8279,28.6496,5.8811,-0.895
2025-01-27,4.9603,29.3380,5.9156,0.017
2025-01-28,5.0221,29.3910,5.8596,0.123
2025-01-29,4.9956,29.3204,5.8810,0.200
2025-01-30,5.1192,30.0353,5.8960,0.490
2025-01-31,5.1192,29.8411,5.8370,0.132
2025-02-03,5.0838,29.5499,5.8322,0.339
2025-02-04,5.1633,29.6558,5.7598,0.282
2025-02-05,5.2339,30.1059,5.7986,0.808
2025-02-06,5.2604,30.1589,5.7735,0.703
2025-02-07,5.1633,29.9382,5.7849,-0.231
2025-02-10,5.2339,30.2648,5.7754,-0.122
2025-02-11,5.3310,30.5825,5.7621,0.442
2025-02-12,5.1721,29.7352,5.7600,0.189
2025-02-13,5.1898,29.8941,5.7623,0.036
2025-02-14,5.3751,30.6884,5.7152,0.102
2025-02-18,5.3310,29.3027,5.6880,3.480
2025-02-19,5.0838,29.0291,5.7143,0.074
2025-02-20,5.0838,28.9497,5.6970,0.045
2025-02-21,5.0574,28.8614,5.6976,-0.161
2025-02-24,4.9868,28.7026,5.7325,-0.404
2025-02-25,5.0397,28.9938,5.7677,0.254
2025-02-26,4.9779,28.9232,5.7800,-0.521
2025-02-27,4.9779,28.8967,5.8282,0.400
2025-02-28,4.8455,28.1906,5.8835,1.128
2025-03-05,4.9779,28.5966,5.8077,1.097
2025-03-06,5.0044,28.6496,5.7785,0.937
2025-03-07,5.0132,28.7732,5.7872,0.832
2025-03-10,4.9691,29.0291,5.7964,-0.779
2025-03-11,4.9868,28.7732,5.8247,0.950
2025-03-12,4.9868,28.8614,5.8208,0.573
2025-03-13,5.0485,29.3292,5.8032,-0.107
2025-03-14,5.2868,30.2824,5.7299,0.035
2025-03-17,5.5252,31.1915,5.6874,0.745
2025-03-18,5.5428,31.3592,5.6714,0.243
2025-03-19,5.5631,31.4369,5.6494,-0.028
2025-03-20,5.4951,31.1456,5.6730,0.091
2025-03-21,5.4951,31.2136,5.7242,0.774
2025-03-24,5.4272,31.2427,5.7295,-0.473
2025-03-25,5.5146,31.4951,5.6837,-0.483
2025-03-26,5.4563,31.1553,5.7386,0.502
2025-03-27,5.4369,31.1942,5.7339,-0.063
2025-03-28,5.3592,30.7670,5.7672,0.457
2025-03-31,5.3398,30.4951,5.7405,0.518
2025-04-01,5.3592,30.4854,5.6874,-0.018
2025-04-02,5.3689,30.4951,5.7004,0.360
2025-04-03,5.5243,31.0388,5.6022,-0.292
2025-04-04,5.1748,30.2330,5.8039,-0.659
2025-04-07,5.1456,30.2913,5.9242,0.635
2025-04-08,5.0874,30.3010,5.9878,0.532
2025-04-09,5.3495,30.8544,6.0542,4.967
2025-04-10,5.2136,30.7282,5.9429,0.832
2025-04-11,5.3107,30.8835,5.8781,1.079
2025-04-14,5.3981,31.3883,5.8649,0.862
2025-04-15,5.4272,31.7864,5.8809,0.410
2025-04-16,5.4272,31.7379,5.8610,0.223
2025-04-17,5.4951,31.7961,5.8308,0.770
2025-04-22,5.6796,32.4175,5.7392,0.552
2025-04-23,5.8058,33.0971,5.6969,-0.066
2025-04-24,5.9612,33.7379,5.6709,0.199
2025-04-25,5.9612,33.6116,5.6810,0.755
2025-04-28,6.0291,33.9709,5.6777,0.767
2025-04-29,6.1262,34.2427,5.6330,0.778
2025-04-30,6.1262,34.5437,5.6612,0.400
2025-05-02,6.0194,34.4369,5.6485,-1.267
2025-05-05,5.9709,33.8252,5.6663,0.022
2025-05-06,5.9320,33.6505,5.7206,0.845
2025-05-07,5.9223,34.0194,5.7438,-0.008
2025-05-08,6.0388,34.2913,5.6798,0.024
2025-05-09,6.4175,36.1456,5.6435,0.198
2025-05-12,6.2621,35.4175,5.6843,0.504
2025-05-13,6.4272,35.8544,5.6023,0.426
2025-05-14,6.4466,36.0971,5.6131,0.245
2025-05-15,6.4466,36.5825,5.6370,-0.664
2025-05-16,6.5243,36.7961,5.6775,0.667
2025-05-19,6.6116,37.2330,5.6424,0.195
2025-05-20,6.5631,37.1845,5.6687,0.053
2025-05-21,6.4563,36.4369,5.6591,0.274
2025-05-22,6.4175,36.1845,5.6205,-0.318
2025-05-23,6.4563,36.6214,5.6887,0.291
2025-05-27,6.5340,36.9903,5.6518,-0.166
2025-05-28,6.4466,36.6893,5.7053,0.247
2025-05-29,6.4369,36.3981,5.6505,-0.073
2025-05-30,6.3981,36.3398,5.7184,0.679
2025-06-02,6.3495,36.0680,5.7061,0.452
2025-06-03,6.3981,35.9515,5.6444,0.450
2025-06-04,6.3398,35.8641,5.6396,-0.307
2025-06-05,6.3301,35.4272,5.5911,-0.099
2025-06-06,6.3689,35.5146,5.5980,0.391
2025-06-09,6.3689,35.3301,5.5755,0.509
2025-06-10,6.3495,34.9515,5.5646,1.090
2025-06-11,6.3884,35.2718,5.5288,0.136
2025-06-12,6.4175,35.5437,5.5456,0.127
2025-06-13,6.3689,35.1165,5.5450,0.567
2025-06-16,6.5437,35.7573,5.5165,0.954
2025-06-17,6.5437,35.9709,5.4772,-0.361
2025-06-18,6.4854,35.7573,5.4921,-0.388
2025-06-20,6.4369,35.5728,5.5035,-0.414
2025-06-23,6.4563,35.4951,5.5163,0.338
2025-06-24,6.5922,36.1650,5.4985,0.228
2025-06-25,6.3981,35.5146,5.5589,0.145
2025-06-26,6.4078,35.2524,5.5043,0.051
2025-06-27,6.4272,35.2136,5.4801,0.023
2025-06-30,6.5922,35.8738,5.4294,-0.228
2025-07-01,6.5922,36.0194,5.4589,-0.092
2025-07-02,6.6116,35.7282,5.4286,0.459
2025-07-03,6.7184,36.6116,5.4178,-0.580
2025-07-07,6.6408,36.1456,5.4638,0.382
2025-07-08,6.6116,36.0583,5.4600,0.115
2025-07-09,6.4563,35.3107,5.4552,-0.255
2025-07-10,6.1845,34.2233,5.5355,0.032
2025-07-11,6.1165,33.9417,5.5723,0.416
2025-07-14,6.0874,33.8835,5.5748,0.155
2025-07-15,6.1068,34.0000,5.5661,-0.026
2025-07-16,6.1456,34.1650,5.5650,0.104
2025-07-17,6.2621,34.6796,5.5644,0.477
2025-07-18,6.1165,34.0485,5.5628,-0.069
2025-07-21,6.2039,34.4466,5.5512,-0.022
2025-07-22,6.1262,33.9806,5.5543,0.136
2025-07-23,6.2621,34.3592,5.5456,1.071
2025-07-24,6.1650,34.0388,5.5209,-0.007
2025-07-25,6.1845,34.1845,5.5669,0.713
2025-07-28,6.0000,33.4660,5.5936,0.286
2025-07-29,6.0680,33.6602,5.5687,0.388
2025-07-30,6.0971,34.0485,5.6193,0.625
2025-07-31,6.0874,34.1359,5.5848,-0.408
2025-08-01,6.1068,33.9126,5.5422,-0.199
2025-08-04,6.2427,34.2718,5.5151,0.459
2025-08-05,6.2913,34.6505,5.5062,-0.028
2025-08-06,6.4563,35.0874,5.4757,0.757
2025-08-07,6.6311,35.7087,5.4548,1.295
2025-08-08,6.6602,35.9515,5.4208,0.423
2025-08-11,6.6602,36.1748,5.4414,0.183
2025-08-12,6.8932,36.9223,5.3915,0.656
2025-08-13,6.8058,36.5728,5.4049,0.580
2025-08-14,6.7670,36.5243,5.4137,0.302
2025-08-15,6.7670,36.3981,5.3964,0.328
2025-08-18,6.7670,36.6602,5.4206,0.057
2025-08-19,6.4563,35.2524,5.4764,0.298
2025-08-20,6.4369,35.2718,5.4742,-0.099
2025-08-21,6.4466,35.3107,5.4868,0.171
2025-08-22,6.6796,36.3010,5.4196,-0.276
2025-08-25,6.6699,36.1165,5.4086,-0.115
2025-08-26,6.6019,35.8738,5.4335,-0.006
2025-08-27,6.7573,36.4757,5.4332,0.652
2025-08-28,6.9029,37.2330,5.4093,0.287
2025-08-29,6.9320,37.3689,5.4299,0.726
2025-09-02,6.8058,37.0097,5.4633,0.466
2025-09-03,6.7379,36.6893,5.4571,0.218
2025-09-04,6.7864,36.8349,5.4641,0.670
2025-09-05,6.8932,37.2427,5.3983,-0.084
2025-09-08,6.8447,37.0680,5.4275,0.220
2025-09-09,6.7864,36.7476,5.4280,0.242
2025-09-10,6.8350,36.7767,5.4089,0.524
2025-09-11,6.8738,36.8447,5.3828,0.422
2025-09-12,6.7670,36.2913,5.3541,-0.166
2025-09-15,6.9320,36.8932,5.3088,-0.250
2025-09-16,6.9320,36.7961,5.3006,-0.142
2025-09-17,7.0583,37.3204,5.3069,0.367
2025-09-18,7.0194,37.3689,5.3020,-0.407
2025-09-19,7.1165,37.8641,5.3257,0.096
2025-09-22,7.0291,37.3204,5.3505,0.774
2025-09-23,7.1942,37.9126,5.2890,0.362
2025-09-24,7.0777,37.6602,5.3180,-0.056
2025-09-25,6.9903,37.3592,5.3435,-0.018
2025-09-26,7.0291,37.5437,5.3413,0.003
2025-09-29,7.1165,37.7573,5.3254,0.373
2025-09-30,7.1262,37.9320,5.3269,0.075
2025-10-01,6.9806,37.2330,5.3343,0.009
2025-10-02,6.9126,36.8252,5.3658,0.724
2025-10-03,6.9612,37.0971,5.3492,0.376
2025-10-06,6.9223,36.6699,5.3150,0.333
2025-10-07,6.7379,36.0874,5.3420,-0.260
2025-10-08,6.7573,36.1553,5.3450,-0.104
2025-10-09,6.7282,36.0971,5.3639,-0.022
2025-10-10,6.5631,36.0583,5.4845,-0.174
2025-10-13,6.6699,36.2039,5.4845,1.042
2025-10-14,6.6602,36.3592,5.4795,0.372
2025-10-15,6.6699,36.3592,5.4426,-0.158
2025-10-16,6.6602,36.2718,5.4348,-0.207
2025-10-17,6.7282,36.3981,5.4178,0.148
2025-10-20,6.9126,37.0485,5.3708,0.210
2025-10-21,6.8252,36.6990,5.3722,-0.088
2025-10-22,6.8641,37.0000,5.3919,0.028
2025-10-23,6.8932,36.9709,5.3837,0.379
2025-10-24,6.8641,36.9223,5.3822,0.058
2025-10-27,6.9320,37.2330,5.3763,0.096
2025-10-28,6.9612,37.3592,5.3629,-0.073
2025-10-29,7.1359,38.1942,5.3452,-0.134
2025-10-30,7.1165,38.1456,5.3840,0.445
2025-10-31,7.1456,38.2913,5.3858,0.506
2025-11-03,7.2524,38.9126,5.3608,-0.087
2025-11-04,7.1650,38.7961,5.3840,-0.566
2025-11-05,7.2621,38.9612,5.3578,-0.134
2025-11-06,7.2718,38.9612,5.3580,0.004
2025-11-07,7.3495,39.0000,5.3432,0.692
2025-11-10,7.4078,39.2621,5.3184,0.345
2025-11-11,7.6019,40.0194,5.3184,1.026
2025-11-12,7.4175,39.1068,5.2955,0.441
2025-11-13,7.3689,39.2621,5.2858,-0.793
2025-11-14,7.4175,39.4175,5.2865,-0.520
2025-11-17,7.3398,39.1262,5.3066,-0.452
2025-11-18,7.3010,38.9320,5.3203,-0.228
2025-11-19,7.2427,38.6893,5.3366,-0.098
2025-11-21,7.1650,38.8058,5.3890,-0.498
2025-11-24,7.1650,38.6602,5.3950,-0.012
2025-11-25,7.2039,38.7476,5.3900,0.210
2025-11-26,7.4369,39.6602,5.3496,0.313
2025-11-28,7.5728,40.4272,5.3399,0.027
2025-12-01,7.4660,40.0971,5.3543,-0.304
2025-12-02,7.6602,40.9903,5.3424,-0.162
2025-12-03,7.6893,40.9903,5.3115,-0.362
2025-12-04,7.8350,42.0000,5.3018,-1.097
2025-12-05,7.3301,40.0583,5.4108,-0.990
2025-12-08,7.3495,40.2524,5.4431,-0.617
2025-12-09,7.3786,40.1650,5.4359,-0.138
2025-12-10,7.2913,38.2913,5.4728,4.211
2025-12-11,7.0583,38.2621,5.4037,-0.317
2025-12-12,7.1068,38.6019,5.4072,-0.451
2025-12-15,7.2330,39.1845,5.4063,-0.206
2025-12-16,6.9806,38.1748,5.4603,-0.154
2025-12-17,6.8350,37.8349,5.5234,-0.219
2025-12-18,6.9029,38.0291,5.5162,0.128
2025-12-19,6.9126,38.3786,5.5107,-0.743
2025-12-22,6.9029,38.4563,5.5747,0.066
2025-12-23,7.0583,39.0874,5.5384,0.010
2025-12-26,7.0971,39.1000,5.5384,0.528
2025-12-29,7.0200,38.9800,5.5789,0.472
2025-12-30,7.2000,39.2300,5.4978,0.903
2026-01-02,7.2300,39.1500,5.4224,0.138
2026-01-05,7.3700,39.7200,5.4090,0.363
2026-01-06,7.4500,39.9600,5.3702,0.120
2026-01-07,7.3000,39.3200,5.3898,0.065
2026-01-08,7.4100,39.9300,5.3849,-0.070
2026-01-09,7.4700,39.8500,5.3543,0.368
2026-01-12,7.3900,39.4900,5.3680,0.455
2026-01-13,7.3000,39.1700,5.3843,0.346
2026-01-14,7.3600,39.6000,5.3796,-0.016
2026-01-15,7.4400,39.9400,5.3629,-0.100
2026-01-16,7.3800,39.6100,5.3719,0.087
2026-01-20,7.4500,39.9200,5.3618,0.064
2026-01-21,7.8600,41.6700,5.3235,0.414
2026-01-22,8.2100,43.0800,5.2965,0.938
2026-01-23,8.2900,43.5700,5.2951,0.749
2026-01-26,8.3900,44.1500,5.2734,0.213
2026-01-27,8.7800,45.3200,5.2130,0.993
2026-01-28,8.8800,46.3400,5.2114,-0.135
2026-01-29,8.9300,46.1500,5.2145,0.900
2026-01-30,8.5900,45.5000,5.2459,-0.962
2026-02-02,8.7000,45.8800,5.2595,-0.267
2026-02-03,8.7900,46.1400,5.2238,-0.483
2026-02-04,8.4900,44.6200,5.2466,-0.171
2026-02-05,8.6800,45.5200,5.2612,0.323
2026-02-06,8.9900,46.7500,5.2183,0.348
2026-02-09,9.3200,48.3100,5.1906,0.137
2026-02-10,9.3000,48.4200,5.1993,-0.137
2026-02-11,9.5700,49.3700,5.1756,0.325
2026-02-12,9.2800,48.2400,5.1967,-0.030
2026-02-13,9.1600,47.7700,5.2297,0.281
2026-02-18,9.1700,47.9900,5.2150,-0.351
2026-02-19,9.2700,48.5500,5.2244,-0.247
2026-02-20,9.5100,49.2300,5.1860,0.181
2026-02-23,9.1700,47.4500,5.1540,-0.396
2026-02-24,9.3300,48.1700,5.1471,-0.306
2026-02-25,9.2600,47.7900,5.1374,-0.455
2026-02-26,9.2600,47.6700,5.1524,0.086
2026-02-27,9.0500,46.7800,5.1369,-0.622
2026-03-02,8.8600,45.9200,5.1901,0.140
2026-03-03,8.4000,44.3800,5.2732,-0.192
2026-03-04,8.6100,45.0100,5.2125,-0.290
2026-03-05,8.2600,43.5100,5.2585,-0.172
2026-03-06,8.1400,42.9300,5.2698,-0.079
2026-03-09,8.2900,43.1600,5.2099,0.070
2026-03-10,8.4800,43.8000,5.1405,-0.476
2026-03-11,8.4500,43.8900,5.1570,-0.714
2026-03-12,8.1000,42.6900,5.2140,-1.070
2026-03-13,7.9800,42.4000,5.2914,-0.412
2026-03-16,8.2000,43.0000,5.2661,0.423
2026-03-17,8.1400,42.7100,5.1971,-0.950
2026-03-18,8.0600,42.2800,5.2013,-0.846
2026-03-19,8.1200,42.5800,5.2449,0.020
2026-03-20,7.8400,41.5500,5.2896,-0.191
2026-03-23,8.1400,42.7800,5.2460,-0.181
2026-03-24,8.0500,42.5400,5.2617,-0.431
2026-03-25,8.2100,43.1000,5.2195,-0.575
2026-03-26,7.9600,41.9400,5.2296,-0.745
2026-03-27,7.8700,41.4500,5.2312,-0.677
2026-03-30,7.8700,41.6000,5.2367,-0.931
2026-03-31,8.3800,43.4800,5.2115,0.442
2026-04-01,8.4900,43.8300,5.1510,-0.224
2026-04-02,8.3400,43.3000,5.1597,-0.619
2026-04-06,8.4300,43.4900,5.1525,-0.125
2026-04-07,8.3900,43.4600,5.1598,-0.389
2026-04-08,8.8200,44.9800,5.0935,-0.123
2026-04-09,9.0100,45.7500,5.0704,-0.144
2026-04-10,9.1600,46.0700,5.0254,-0.081
2026-04-13,9.1700,45.8300,5.0219,0.482
2026-04-14,9.3100,46.5300,4.9867,-0.223
2026-04-15,9.3900,47.0400,4.9974,-0.243
2026-04-16,9.3300,46.9800,5.0012,-0.679
2026-04-17,9.3800,46.8000,4.9810,-0.167
2026-04-20,9.2800,46.3700,4.9825,-0.286
2026-04-22,9.0200,45.0300,4.9671,-0.504
2026-04-23,8.8100,44.1800,4.9536,-1.220
2026-04-24,8.8500,44.3700,4.9997,-0.276
2026-04-27,8.8000,43.9900,4.9691,-0.595
2026-04-28,8.8500,44.1000,4.9864,0.067
2026-04-29,8.5300,42.8700,4.9984,-0.545
2026-04-30,8.7000,43.1900,4.9792,0.299
2026-05-04,8.4700,42.4000,4.9669,-0.779
2026-05-05,8.5700,42.4600,4.9103,-0.892
2026-05-06,8.4500,41.7800,4.9264,-0.364
2026-05-07,8.1800,40.7900,4.9277,-1.180
2026-05-08,8.3700,41.2600,4.8976,-0.647
2026-05-11,8.1800,40.3300,4.8975,-0.666
2026-05-12,8.1000,39.8700,4.9005,-0.441
2026-05-13,7.8500,39.6300,4.9068,-2.805
2026-05-14,8.1000,40.4000,4.9786,-0.182
2026-05-15,7.8400,39.7000,5.0739,0.200
2026-05-18,7.8900,39.6200,5.0060,-0.310
2026-05-19,7.6800,38.7800,5.0437,-0.114
2026-05-20,7.9400,39.6700,5.0154,0.384
2026-05-21,8.0000,40.1200,5.0032,-0.235
2026-05-22,7.8200,39.4300,5.0240,-0.361
2026-05-26,7.9400,40.0600,5.0288,-0.328
2026-05-27,7.9600,40.3200,5.0620,-0.066
2026-05-28,7.8800,40.0000,5.0474,-0.566
2026-05-29,7.8800,40.0400,5.0585,-0.447
2026-06-01,7.7900,39.3600,5.0323,-0.402
2026-06-02,7.8600,39.5600,5.0126,-0.407
2026-06-03,7.5900,38.7200,5.0461,-1.085
2026-06-05,7.5400,38.8300,5.1444,-0.106
2026-06-08,7.4300,38.5200,5.1690,-0.297
2026-06-09,7.5300,39.2200,5.1774,-0.597
2026-06-10,7.6200,39.3600,5.1760,0.206
2026-06-11,7.9100,40.5000,5.1463,0.512
2026-06-12,7.9900,40.6000,5.0729,-0.166
2026-06-15,7.9500,40.4000,5.0567,-0.493
2026-06-16,7.9500,40.4500,5.0777,-0.203
2026-06-17,7.9700,40.8000,5.0597,-1.162
2026-06-18,7.7900,40.4900,5.1689,-0.554
2026-06-22,7.9300,40.9400,5.1308,-0.617
2026-06-23,7.9400,41.0500,5.1812,0.216
2026-06-24,7.8800,40.9700,5.2101,0.209
2026-06-25,8.0300,41.7000,5.1728,-0.389
2026-06-26,8.2300,42.2400,5.1586,0.510
2026-06-29,8.2200,42.4100,5.1812,0.423
2026-06-30,8.1700,42.1800,5.1665,0.072
2026-07-01,8.1300,42.4400,5.2008,-0.371
2026-07-02,8.1200,42.4700,5.2004,-0.572
2026-07-06,8.2900,42.5600,5.1472,0.259
2026-07-07,8.2300,42.4300,5.1515,-0.078
2026-07-08,8.1600,41.8900,5.1621,0.556
2026-07-09,8.2800,42.5900,5.1204,-0.453
2026-07-10,8.6200,44.3000,5.1046,-0.673
2026-07-13,8.4700,43.5200,5.1201,-0.351
2026-07-14,8.5500,43.6300,5.0768,-0.512
2026-07-15,8.4500,43.1400,5.0796,-0.504
2026-07-16,8.3000,42.5500,5.0927,-0.659
2026-07-17,8.2000,41.9600,5.1080,-0.177
2026-07-20,8.3200,42.3000,5.0847,0.011
2026-07-21,8.4000,42.5300,5.0752,0.239
2026-07-22,8.4800,42.9000,5.0577,-0.025
2026-07-23,8.3500,42.5600,5.0841,-0.253
2026-07-24,8.2800,42.1000,5.0592,-0.498
2026-07-27,8.3700,42.6900,5.1041,0.073
2026-07-28,8.3100,42.8600,5.1115,-0.895
2026-07-29,8.1500,41.8200,5.1270,-0.084
2026-07-30,8.4400,42.7400,5.0673,0.066
2026-07-31,8.4600,42.8900,5.0709,0.023
2026-08-03,8.4900,43.1700,5.0769,-0.155
2026-08-04,8.1900,42.1000,5.1101,-0.590
2026-08-05,8.2100,42.3800,5.1173,-0.866
2026-08-06,8.1800,41.8300,5.1064,-0.143
2026-08-07,7.9400,40.7500,5.0882,-0.858
2026-08-11,7.5000,39.0000,5.1590,-0.788
2026-08-12,7.4000,38.4300,5.1630,-0.582
2026-08-13,7.3400,38.3100,5.1879,-0.602
2026-08-14,7.4000,39.0000,5.2388,-0.597
2026-08-17,7.3600,38.3800,5.1874,-0.523
2026-08-18,7.2700,38.1900,5.2043,-0.929
2026-08-19,7.3700,38.3700,5.1688,-0.719
2026-08-20,7.1700,37.5100,5.1825,-0.937
2026-08-21,7.4800,38.6000,5.1469,-0.262
2026-08-24,7.5200,38.7300,5.1471,-0.061
2026-08-25,7.6600,39.4400,5.1454,-0.067
2026-08-26,7.6100,39.4500,5.1622,-0.420
2026-08-27,7.5300,39.1000,5.1700,-0.435
2026-08-28,7.5000,39.1900,5.2168,-0.163
2026-08-31,7.6100,39.5200,5.1817,-0.221
2026-09-01,7.6800,39.8800,5.1522,-0.780
2026-09-02,8.0800,41.4100,5.0927,-0.630
2026-09-03,8.2200,41.9200,5.1010,0.024
2026-09-04,8.1500,41.9200,5.1010,-0.827
