date,adr_usd,local_px,fx,premium_pct
2000-08-10,7.1562,6.3125,1.7980,1.916
2000-08-11,7.1406,6.4375,1.7960,-0.392
2000-08-14,7.1094,6.4125,1.8040,0.002
2000-08-15,7.1406,6.4250,1.8050,0.302
2000-08-16,7.3281,6.6625,1.8080,-0.568
2000-08-17,7.6875,6.9625,1.8090,-0.132
2000-08-18,7.2500,6.6000,1.8170,-0.203
2000-08-21,7.2812,6.5075,1.8210,1.876
2000-08-22,7.3594,6.6625,1.8180,0.408
2000-08-23,7.5312,6.8125,1.8180,0.490
2000-08-24,7.3750,6.6250,1.8220,1.413
2000-08-25,7.5625,6.8625,1.8230,0.448
2000-08-28,7.5312,6.8738,1.8290,0.198
2000-08-29,7.7812,7.0637,1.8320,0.904
2000-08-30,8.0625,7.3375,1.8241,0.217
2000-08-31,7.9531,7.2125,1.8200,0.344
2000-09-01,7.7969,7.1000,1.8240,0.151
2000-09-05,7.8438,7.1438,1.8278,0.345
2000-09-06,8.2500,7.4812,1.8210,0.406
2000-09-07,8.3438,7.4812,1.8221,1.608
2000-09-08,8.1875,7.4575,1.8220,0.018
2000-09-11,8.3281,7.5437,1.8187,0.390
2000-09-12,8.0469,7.3625,1.8270,-0.159
2000-09-13,7.7188,7.1125,1.8350,-0.429
2000-09-14,7.5938,6.9738,1.8330,-0.202
2000-09-15,7.5625,6.9400,1.8445,0.497
2000-09-18,7.3438,6.8500,1.8590,-0.350
2000-09-19,7.3906,6.8000,1.8550,0.806
2000-09-20,7.5312,7.0500,1.8570,-0.812
2000-09-21,7.3281,6.8000,1.8540,-0.100
2000-09-22,7.2500,6.7250,1.8575,0.125
2000-09-25,7.3594,6.7500,1.8440,0.524
2000-09-26,7.5781,6.9250,1.8517,1.317
2000-09-27,7.5469,6.9750,1.8490,0.030
2000-09-28,7.5000,6.9000,1.8482,0.446
2000-09-29,7.5156,6.9000,1.8440,0.426
2000-10-02,7.5312,6.9250,1.8470,0.435
2000-10-03,7.5781,6.9875,1.8480,0.210
2000-10-04,7.5781,6.9900,1.8520,0.391
2000-10-05,7.6094,6.9900,1.8520,0.805
2000-10-06,7.4375,6.8750,1.8550,0.339
2000-10-09,7.5000,6.8500,1.8550,1.551
2000-10-10,7.6250,7.0500,1.8550,0.315
2000-10-11,7.6250,7.0637,1.8600,0.389
2000-10-12,7.9531,7.0637,1.8620,4.822
2000-10-13,7.7344,7.2125,1.8770,0.641
2000-10-16,7.5000,7.0012,1.8710,0.214
2000-10-17,7.2656,6.7463,1.8735,0.887
2000-10-18,7.3438,6.7375,1.8760,2.240
2000-10-19,7.4375,6.9625,1.8750,0.146
2000-10-20,7.2812,6.8250,1.8820,0.391
2000-10-23,7.0000,6.6250,1.8930,0.008
2000-10-24,6.7500,6.6250,1.9010,-3.157
2000-10-25,6.5781,6.3125,1.9250,0.300
2000-10-26,7.0000,6.7475,1.9460,0.941
2000-10-27,7.0938,6.7500,1.9310,1.467
2000-10-30,7.1875,6.9763,1.9185,-1.170
2000-10-31,7.2656,6.9113,1.9080,0.292
2000-11-01,7.3438,7.0000,1.9090,0.137
2000-11-02,7.2656,7.0000,1.9190,-0.409
2000-11-03,7.0625,6.8488,1.9370,-0.127
2000-11-06,7.1406,6.9262,1.9410,0.054
2000-11-07,7.2656,7.0988,1.9545,0.022
2000-11-08,7.1250,7.0125,1.9550,-0.682
2000-11-09,7.0000,6.9000,1.9630,-0.428
2000-11-10,6.9375,6.8263,1.9510,-0.860
2000-11-13,6.9844,6.8500,1.9590,-0.129
2000-11-14,7.0625,6.8500,1.9450,0.267
2000-11-15,7.1094,6.8500,1.9490,1.140
2000-11-16,7.3438,6.9250,1.9475,3.263
2000-11-17,7.0781,6.9363,1.9680,0.413
2000-11-20,7.2031,6.8375,1.9290,1.608
2000-11-21,7.3438,6.9138,1.9260,2.289
2000-11-22,7.1875,6.9125,1.9290,0.287
2000-11-24,6.9062,6.7125,1.9590,0.777
2000-11-27,6.7188,6.5938,1.9625,-0.015
2000-11-28,6.6562,6.5250,1.9800,0.991
2000-11-29,6.6406,6.4375,1.9580,0.989
2000-11-30,6.4375,6.3738,1.9722,-0.404
2000-12-01,6.5000,6.3375,1.9810,1.590
2000-12-04,6.4688,6.3375,1.9840,1.254
2000-12-05,6.5938,6.4375,1.9600,0.379
2000-12-06,6.0781,6.0100,1.9670,-0.535
2000-12-07,6.1562,6.0000,1.9740,1.270
2000-12-08,6.1719,6.0850,1.9690,-0.144
2000-12-11,6.1719,5.9625,1.9620,1.545
2000-12-12,6.0938,5.9625,1.9680,0.566
2000-12-13,6.2812,6.1875,1.9650,-0.261
2000-12-14,6.5156,6.3000,1.9650,1.613
2000-12-15,6.4375,6.3125,1.9650,0.196
2000-12-18,6.4219,6.2737,1.9530,-0.044
2000-12-19,6.3438,6.1500,1.9550,0.830
2000-12-20,6.2188,6.2075,1.9580,-1.923
2000-12-21,6.1562,5.9275,1.9530,1.418
2000-12-22,6.2188,6.0375,1.9580,0.839
2000-12-26,6.1250,5.9688,1.9610,0.617
2000-12-27,6.1406,5.9513,1.9600,1.118
2000-12-28,6.2969,6.0625,1.9550,1.529
2000-12-29,6.3125,6.0625,1.9510,1.573
2001-01-02,6.4375,6.2013,1.9380,0.592
2001-01-03,6.9062,6.6363,1.9460,1.259
2001-01-04,6.8281,6.6262,1.9380,-0.148
2001-01-05,6.7031,6.5375,1.9530,0.124
2001-01-08,6.7344,6.5000,1.9540,1.223
2001-01-09,6.8125,6.6625,1.9410,-0.765
2001-01-10,6.8594,6.6250,1.9410,0.483
2001-01-11,6.8750,6.5738,1.9490,1.916
2001-01-12,6.9844,6.7600,1.9490,0.685
2001-01-16,7.2969,7.0237,1.9540,1.499
2001-01-17,7.3125,7.1725,1.9540,-0.393
2001-01-18,7.4688,7.2500,1.9530,0.596
2001-01-19,7.3438,7.1625,1.9600,0.480
2001-01-22,7.2500,7.0375,1.9580,0.856
2001-01-23,7.2812,7.0637,1.9590,0.966
2001-01-24,6.9688,6.9750,1.9620,-1.988
2001-01-25,6.9375,6.9750,1.9740,-1.831
2001-01-26,6.9375,6.8375,1.9770,0.296
2001-01-29,6.9300,6.8625,1.9770,-0.178
2001-01-30,7.0800,6.9125,1.9695,0.861
2001-01-31,7.0700,6.8500,1.9720,1.767
2001-02-01,6.8900,6.8500,1.9825,-0.296
2001-02-02,6.8550,6.8250,1.9940,0.138
2001-02-05,6.8500,6.8500,1.9960,-0.200
2001-02-06,6.8950,6.9375,1.9970,-0.762
2001-02-07,6.9325,6.9125,2.0060,0.590
2001-02-08,7.0925,7.0375,1.9920,0.378
2001-02-09,7.2250,7.1125,1.9860,0.871
2001-02-12,7.2025,7.0750,1.9830,0.937
2001-02-13,7.3400,7.2875,1.9820,-0.186
2001-02-14,7.5150,7.3888,1.9890,1.149
2001-02-15,7.4125,7.3562,1.9840,-0.041
2001-02-16,7.3975,7.2500,1.9930,1.677
2001-02-20,7.2375,7.2000,2.0090,0.973
2001-02-21,7.0000,7.0875,2.0190,-0.296
2001-02-22,7.0450,7.1500,2.0440,0.699
2001-02-23,7.1800,7.1262,2.0470,3.122
2001-02-26,7.4250,7.1262,2.0300,5.755
2001-02-27,7.3800,7.1262,2.0340,5.321
2001-02-28,7.1325,7.1887,2.0465,1.524
2001-03-01,7.1875,7.2500,2.0430,1.269
2001-03-02,7.2950,7.3125,2.0320,1.357
2001-03-05,7.2575,7.3125,2.0250,0.488
2001-03-06,7.2550,7.3375,2.0220,-0.037
2001-03-07,7.2625,7.3812,2.0470,0.703
2001-03-08,7.2875,7.4250,2.0430,0.258
2001-03-09,7.2875,7.3888,2.0570,1.441
2001-03-12,7.0000,7.1750,2.0650,0.732
2001-03-13,7.0375,7.1250,2.0620,1.834
2001-03-14,6.8750,7.1250,2.0750,0.110
2001-03-15,6.4000,6.7112,2.1025,0.250
2001-03-16,6.5600,6.9125,2.1290,1.022
2001-03-19,6.4775,6.8125,2.1710,3.212
2001-03-20,6.5300,6.7638,2.1000,1.371
2001-03-21,6.2625,6.8400,2.1070,-3.545
2001-03-22,5.9250,6.5375,2.1460,-2.753
2001-03-23,5.8000,6.5487,2.1720,-3.817
2001-03-26,6.1050,6.3762,2.1360,2.257
2001-03-27,6.2750,6.5963,2.1240,1.028
2001-03-28,6.1275,6.5000,2.1250,0.161
2001-03-29,5.8875,6.3212,2.1430,-0.202
2001-03-30,5.9500,6.4375,2.1750,0.515
2001-04-02,5.7250,6.1625,2.1580,0.240
2001-04-03,5.7000,6.1875,2.1730,0.090
2001-04-04,5.8250,6.3250,2.1650,-0.307
2001-04-05,6.2750,6.7188,2.1680,1.241
2001-04-06,6.4050,6.9000,2.1510,-0.166
2001-04-09,6.4350,6.9375,2.1670,0.502
2001-04-10,6.4525,6.9500,2.1460,-0.381
2001-04-11,6.3125,6.8250,2.1560,-0.295
2001-04-12,6.1625,6.6250,2.1622,0.563
2001-04-16,6.0200,6.5750,2.1830,-0.063
2001-04-17,6.0850,6.6750,2.1930,-0.042
2001-04-18,6.3875,7.0000,2.1700,-0.994
2001-04-19,6.2275,6.7625,2.1950,1.067
2001-04-20,5.8725,6.5625,2.2280,-0.313
2001-04-23,6.1700,6.9250,2.2580,0.591
2001-04-24,6.4025,7.1950,2.2600,0.554
2001-04-25,6.4750,7.3750,2.2950,0.747
2001-04-26,6.7375,7.3750,2.2670,3.552
2001-04-27,6.7125,7.3875,2.2220,0.949
2001-04-30,6.7500,7.3625,2.1890,0.345
2001-05-01,6.7400,7.3625,2.2030,0.837
2001-05-02,6.7125,7.3625,2.2330,1.793
2001-05-03,6.9125,7.6125,2.2375,1.588
2001-05-04,6.8375,7.6000,2.2145,-0.384
2001-05-07,6.6225,7.3625,2.2010,-1.011
2001-05-08,6.5275,7.3375,2.2315,-0.742
2001-05-09,6.6225,7.3375,2.2605,2.011
2001-05-10,6.8500,7.7250,2.2785,1.021
2001-05-11,6.7500,7.6262,2.2860,1.167
2001-05-14,6.6750,7.6500,2.3090,0.736
2001-05-15,6.5500,7.5000,2.3370,2.049
2001-05-16,6.7000,7.6875,2.3235,1.252
2001-05-17,6.8000,7.8000,2.3060,0.518
2001-05-18,6.9100,7.9875,2.2950,-0.730
2001-05-21,6.9350,8.0250,2.3270,0.547
2001-05-22,6.9875,8.1000,2.3020,-0.708
2001-05-23,7.0000,8.1875,2.3450,0.244
2001-05-24,6.9250,8.1000,2.3550,0.669
2001-05-25,6.8475,7.8975,2.3400,1.444
2001-05-29,6.8875,8.0375,2.3350,0.045
2001-05-30,6.9250,8.0375,2.3575,1.559
2001-05-31,7.0750,8.3750,2.3590,-0.359
2001-06-01,7.1000,8.3875,2.3850,0.945
2001-06-04,7.3625,8.7688,2.3595,-0.945
2001-06-05,7.2125,8.5500,2.3900,0.806
2001-06-06,6.9500,8.2638,2.3820,0.166
2001-06-07,6.8250,8.0625,2.3900,1.158
2001-06-08,6.7200,8.0000,2.3740,-0.292
2001-06-11,6.7575,8.0262,2.3740,-0.064
2001-06-12,6.6900,8.0000,2.3900,-0.068
2001-06-13,6.8000,8.1250,2.4100,0.849
2001-06-14,6.7425,8.1250,2.4235,0.557
2001-06-15,6.6375,7.9750,2.4035,0.020
2001-06-18,6.5125,7.9525,2.4700,1.137
2001-06-19,6.4925,8.0437,2.4710,-0.277
2001-06-20,6.6650,8.2950,2.4760,-0.527
2001-06-21,6.9000,8.2500,2.3880,-0.138
2001-06-22,6.8350,7.9363,2.3180,-0.183
2001-06-25,6.7500,7.7250,2.3120,1.010
2001-06-26,6.7300,7.8250,2.3140,-0.491
2001-06-27,6.5250,7.5000,2.3320,1.442
2001-06-28,6.4625,7.4375,2.2870,-0.640
2001-06-29,6.5000,7.5188,2.3050,-0.366
2001-07-02,6.3250,7.2750,2.3260,1.113
2001-07-03,6.2000,7.1038,2.3440,2.290
2001-07-05,5.9250,7.1250,2.4250,0.829
2001-07-06,6.0100,7.2737,2.4910,2.911
2001-07-09,6.0000,7.2737,2.4500,1.048
2001-07-10,5.9075,7.3250,2.4980,0.730
2001-07-11,6.0475,7.6000,2.5600,1.853
2001-07-12,5.9025,7.5000,2.5700,1.130
2001-07-13,5.8000,7.4125,2.5590,0.116
2001-07-16,5.5375,7.1500,2.6010,0.721
2001-07-17,5.6600,7.0750,2.5090,0.360
2001-07-18,5.3875,6.9125,2.4710,-3.707
2001-07-19,5.4625,6.8750,2.5000,-0.682
2001-07-20,5.7250,7.0388,2.4580,-0.039
2001-07-23,5.9525,7.2125,2.4050,-0.757
2001-07-24,5.8000,7.1750,2.4380,-1.461
2001-07-25,5.8200,7.2863,2.4760,-1.113
2001-07-26,5.8750,7.3000,2.4870,0.076
2001-07-27,5.9800,7.3250,2.4950,1.844
2001-07-30,6.0600,7.2875,2.4350,1.243
2001-07-31,5.8925,7.3113,2.4370,-1.795
2001-08-01,5.7750,7.1875,2.5020,0.515
2001-08-02,5.6300,7.0250,2.4820,-0.543
2001-08-03,5.7900,7.2500,2.5000,-0.172
2001-08-06,5.8725,7.1750,2.4670,0.958
2001-08-07,5.8525,7.2188,2.4480,-0.766
2001-08-08,5.8500,7.1875,2.4660,0.355
2001-08-09,5.7750,7.0875,2.4660,0.467
2001-08-10,5.8125,7.1250,2.4890,1.525
2001-08-13,5.6900,7.0813,2.5000,0.441
2001-08-14,5.7000,7.2000,2.5150,-0.448
2001-08-15,5.8125,7.2337,2.4900,0.039
2001-08-16,5.7450,7.1512,2.4940,0.178
2001-08-17,5.3800,6.7375,2.5240,0.773
2001-08-20,5.3500,6.7500,2.5345,0.441
2001-08-21,5.3000,6.7875,2.5330,-1.106
2001-08-22,5.4625,6.8525,2.5250,0.641
2001-08-23,5.4750,6.9250,2.5320,0.092
2001-08-24,5.7000,7.2125,2.5490,0.723
2001-08-27,5.7250,7.3012,2.5600,0.366
2001-08-28,5.6900,7.2500,2.5600,0.458
2001-08-29,5.6775,7.2762,2.5490,-0.554
2001-08-30,5.6950,7.2375,2.5440,0.090
2001-08-31,5.6250,7.2000,2.5520,-0.312
2001-09-04,5.7275,7.3875,2.5630,-0.646
2001-09-05,5.8625,7.5625,2.5640,-0.619
2001-09-06,5.5875,7.2000,2.5850,0.303
2001-09-07,5.6875,7.2000,2.5840,2.059
2001-09-10,5.5025,7.1250,2.5980,0.319
2001-09-17,5.3750,7.2125,2.6650,-0.698
2001-09-18,5.4625,7.3375,2.6810,-0.205
2001-09-19,5.2500,7.1487,2.7080,-0.563
2001-09-20,4.9375,6.8000,2.7340,-0.742
2001-09-21,4.8625,6.8612,2.7880,-1.209
2001-09-24,4.7250,6.8612,2.7710,-4.588
2001-09-25,4.6575,6.3125,2.7150,0.159
2001-09-26,4.5350,6.2188,2.7220,-0.750
2001-09-27,4.7475,6.2188,2.7120,3.519
2001-09-28,4.9375,6.6125,2.6730,-0.205
2001-10-01,4.8125,6.3750,2.6870,1.421
2001-10-02,4.6775,6.2875,2.7000,0.431
2001-10-03,4.7100,6.4012,2.7290,0.399
2001-10-04,4.7875,6.5000,2.7290,0.501
2001-10-05,4.7000,6.5125,2.7540,-0.623
2001-10-08,4.7000,6.4788,2.7540,-0.106
2001-10-09,4.7250,6.5625,2.7760,-0.064
2001-10-10,4.9375,6.8238,2.7730,0.324
2001-10-11,5.0050,6.9125,2.7850,0.824
2001-10-12,5.1250,6.9125,2.7820,3.130
2001-10-15,5.1750,7.1250,2.7750,0.776
2001-10-16,5.1550,6.9500,2.7590,2.321
2001-10-17,5.1250,6.9763,2.7225,0.002
2001-10-18,4.8950,6.7500,2.7480,-0.360
2001-10-19,4.9625,6.7125,2.7622,2.104
2001-10-22,5.0625,6.8625,2.7190,0.291
2001-10-23,5.0500,6.8625,2.7330,0.558
2001-10-24,4.9700,6.8750,2.7430,-0.853
2001-10-25,5.0125,6.7500,2.7318,1.431
2001-10-26,4.9875,6.7875,2.7322,0.382
2001-10-29,4.8700,6.6250,2.7270,0.230
2001-10-30,4.7775,6.4763,2.7290,0.659
2001-10-31,5.0000,6.6863,2.7010,0.991
2001-11-01,5.0500,6.6625,2.6850,1.758
2001-11-02,5.0275,6.6625,2.6750,0.927
2001-11-05,5.0575,6.5988,2.5950,-0.555
2001-11-06,5.0050,6.4625,2.5940,0.449
2001-11-07,5.1150,6.5375,2.6000,1.713
2001-11-08,5.3000,6.6500,2.5550,1.816
2001-11-09,5.5325,7.0012,2.5270,-0.156
2001-11-12,5.3375,6.7263,2.5270,0.263
2001-11-13,5.3850,6.6838,2.5140,1.275
2001-11-14,5.0800,6.4375,2.5380,0.140
2001-11-15,4.6750,6.4375,2.5460,-7.553
2001-11-16,4.7625,5.9375,2.5340,1.627
2001-11-19,4.8300,6.0487,2.5190,0.573
2001-11-20,4.8925,6.1613,2.5470,1.126
2001-11-21,4.9950,6.3125,2.5355,0.315
2001-11-23,5.1925,6.3375,2.5125,2.928
2001-11-26,5.2500,6.3562,2.4930,2.956
2001-11-27,5.1875,6.2562,2.4720,2.486
2001-11-28,5.0150,6.3375,2.4890,-1.520
2001-11-29,4.9475,6.2500,2.5170,-0.377
2001-11-30,5.0625,6.3750,2.5140,-0.179
2001-12-03,5.4150,6.6125,2.4630,0.848
2001-12-04,5.4250,6.6125,2.4270,-0.443
2001-12-05,5.5875,6.7500,2.4238,0.318
2001-12-06,5.4250,6.6000,2.4270,-0.254
2001-12-07,5.3625,6.3375,2.4000,1.538
2001-12-10,5.4000,6.2875,2.3425,0.592
2001-12-11,5.2325,6.2387,2.3425,-1.766
2001-12-12,5.2625,6.2238,2.3740,0.367
2001-12-13,5.0900,6.0750,2.3890,0.082
2001-12-14,5.1875,6.0250,2.3870,2.760
2001-12-17,5.1750,6.0500,2.3610,0.977
2001-12-18,5.4600,6.2238,2.3450,2.862
2001-12-19,5.5500,6.2238,2.2890,2.060
2001-12-20,5.3200,6.1562,2.3165,0.092
2001-12-21,5.4100,6.2375,2.3525,2.020
2001-12-24,5.5650,6.2375,2.3380,4.296
2001-12-26,5.4975,6.3250,2.3200,0.824
2001-12-27,5.6225,6.4875,2.3350,1.183
2001-12-28,5.7275,6.5613,2.3260,1.522
2001-12-31,5.8250,6.5613,2.3120,2.628
2002-01-02,5.7975,6.6375,2.3100,0.883
2002-01-03,5.8425,6.7425,2.2930,-0.654
2002-01-04,5.7650,6.6312,2.3140,0.586
2002-01-07,5.8000,6.7250,2.3480,1.252
2002-01-08,5.6375,6.6750,2.3610,-0.299
2002-01-09,5.5500,6.6125,2.3830,0.005
2002-01-10,5.4250,6.6000,2.3930,-1.651
2002-01-11,5.3900,6.4500,2.4095,0.676
2002-01-14,5.1225,6.1875,2.4060,-0.406
2002-01-15,5.2150,6.1312,2.3600,0.366
2002-01-16,5.1550,6.1600,2.3710,-0.791
2002-01-17,5.3025,6.2500,2.3570,-0.016
2002-01-18,5.3125,6.2562,2.3760,0.879
2002-01-22,5.1125,6.1250,2.3770,-0.797
2002-01-23,5.1625,6.0988,2.3920,1.240
2002-01-24,5.1225,6.0500,2.4000,1.603
2002-01-25,5.1650,6.0500,2.4150,3.087
2002-01-28,5.2050,6.2625,2.4295,0.962
2002-01-29,5.0500,6.1250,2.4300,0.176
2002-01-30,5.0750,6.1800,2.4440,0.350
2002-01-31,5.2375,6.2500,2.4090,0.937
2002-02-01,5.1875,6.1875,2.4140,1.193
2002-02-04,5.0875,6.1750,2.4245,-0.124
2002-02-05,5.0625,6.1375,2.4250,0.013
2002-02-06,5.1150,6.2250,2.4300,-0.165
2002-02-07,5.0800,6.1813,2.4540,0.840
2002-02-08,5.0575,6.1125,2.4656,2.002
2002-02-11,5.0000,6.1125,2.4580,0.532
2002-02-12,5.1700,6.1125,2.4570,3.907
2002-02-13,5.2450,6.3000,2.4220,0.821
2002-02-14,5.3000,6.3762,2.4275,0.888
2002-02-15,5.3075,6.4125,2.4340,0.729
2002-02-19,5.2825,6.3750,2.4265,0.533
2002-02-20,5.2825,6.4375,2.4280,-0.381
2002-02-21,5.3975,6.5375,2.4220,-0.017
2002-02-22,5.5675,6.6875,2.4240,0.902
2002-02-25,5.7700,6.7875,2.4000,2.011
2002-02-26,5.8125,6.9625,2.4065,0.451
2002-02-27,6.0475,7.1500,2.3800,0.651
2002-02-28,6.1250,7.1500,2.3610,1.127
2002-03-01,6.4125,7.5375,2.3510,0.005
2002-03-04,6.5300,7.6250,2.3410,0.241
2002-03-05,6.4250,7.4750,2.3360,0.393
2002-03-06,6.2650,7.2500,2.3520,1.623
2002-03-07,6.2875,7.4250,2.3650,0.134
2002-03-08,6.2250,7.3125,2.3500,0.026
2002-03-11,6.3075,7.3750,2.3545,0.685
2002-03-12,6.3750,7.4625,2.3420,0.035
2002-03-13,6.3950,7.5050,2.3475,0.015
2002-03-14,6.5400,7.6500,2.3445,0.216
2002-03-15,6.7700,7.8750,2.3480,0.927
2002-03-18,6.7750,7.8762,2.3450,0.856
2002-03-19,6.7425,7.8888,2.3400,-0.000
2002-03-20,6.4375,7.7863,2.3370,-3.391
2002-03-21,6.4125,7.6750,2.3490,-1.870
2002-03-22,6.3000,7.6125,2.3570,-2.469
2002-03-25,6.2975,7.4125,2.3630,0.378
2002-03-26,6.4875,7.5388,2.3430,0.814
2002-03-27,6.6350,7.6312,2.3290,1.248
2002-03-28,6.6175,7.6625,2.3250,0.396
2002-04-01,6.8250,7.8000,2.3250,1.719
2002-04-02,6.7625,7.7137,2.2990,0.775
2002-04-03,6.6125,7.6125,2.3100,0.328
2002-04-04,6.7125,7.6250,2.3060,1.502
2002-04-05,6.6025,7.5250,2.2970,0.770
2002-04-08,6.6625,7.5875,2.2910,0.585
2002-04-09,6.4750,7.3562,2.2900,0.783
2002-04-10,6.5625,7.3637,2.2745,1.351
2002-04-11,6.4100,7.3125,2.2730,-0.377
2002-04-12,6.3025,7.2250,2.2970,0.186
2002-04-15,6.3500,7.3500,2.3240,0.390
2002-04-16,6.4275,7.3875,2.3150,0.708
2002-04-17,6.5025,7.5312,2.3190,0.112
2002-04-18,6.4450,7.4375,2.3340,1.127
2002-04-19,6.3850,7.4000,2.3235,0.240
2002-04-22,6.4125,7.3875,2.3420,1.645
2002-04-23,6.3575,7.4750,2.3490,-0.109
2002-04-24,6.3450,7.4563,2.3580,0.329
2002-04-25,6.2500,7.3438,2.3750,1.064
2002-04-26,6.1500,7.1875,2.3700,1.395
2002-04-29,6.1525,7.2500,2.3670,0.434
2002-04-30,6.1500,7.2688,2.3600,-0.162
2002-05-01,6.1850,7.2688,2.3610,0.449
2002-05-02,5.9375,7.1250,2.3820,-0.750
2002-05-03,5.9625,7.1312,2.4150,0.960
2002-05-06,5.8125,7.0012,2.4360,1.119
2002-05-07,5.7750,7.0125,2.4115,-0.703
2002-05-08,5.9000,7.2250,2.4275,-0.884
2002-05-09,5.6950,7.0500,2.4560,-0.802
2002-05-10,5.6425,6.8750,2.4820,1.852
2002-05-13,5.4450,6.8162,2.4910,-0.506
2002-05-14,5.5000,6.8850,2.5160,0.494
2002-05-15,5.4475,6.8250,2.5030,-0.109
2002-05-16,5.7250,7.1000,2.4930,0.510
2002-05-17,5.7700,7.1125,2.4770,0.473
2002-05-20,5.8750,7.2362,2.4720,0.349
2002-05-21,5.9200,7.3125,2.4745,0.164
2002-05-22,5.9075,7.3762,2.5070,0.390
2002-05-23,5.9625,7.4750,2.5380,1.223
2002-05-24,5.9825,7.5000,2.5340,1.064
2002-05-28,5.9500,7.4750,2.5250,0.493
2002-05-29,5.9300,7.4000,2.5200,0.970
2002-05-30,5.9125,7.4000,2.5120,0.353
2002-05-31,5.9525,7.2950,2.5220,2.894
2002-06-03,5.8000,7.3750,2.5500,0.271
2002-06-04,5.8000,7.5000,2.5720,-0.549
2002-06-05,5.7700,7.4875,2.6060,0.411
2002-06-06,5.5375,7.2937,2.6560,0.823
2002-06-07,5.4500,7.1687,2.6480,0.656
2002-06-10,5.4875,7.2125,2.6390,0.392
2002-06-11,5.2625,7.0000,2.6700,0.363
2002-06-12,5.1250,7.1500,2.7520,-1.371
2002-06-13,5.1000,6.8650,2.6350,-2.123
2002-06-14,4.9475,6.7000,2.7190,0.390
2002-06-17,5.0400,6.7250,2.6810,0.463
2002-06-18,4.9500,6.7325,2.6990,-0.779
2002-06-19,4.8575,6.6262,2.6920,-1.329
2002-06-20,4.4750,6.3750,2.7590,-3.165
2002-06-21,4.0450,5.8125,2.8090,-2.259
2002-06-24,4.3700,6.0625,2.8290,1.961
2002-06-25,4.5025,6.5000,2.8135,-2.556
2002-06-26,4.6850,6.7125,2.8570,-0.298
2002-06-27,4.7225,6.7375,2.8710,0.618
2002-06-28,4.7150,6.6250,2.8300,0.705
2002-07-01,4.5225,6.5938,2.8575,-2.005
2002-07-02,4.4275,6.4500,2.9080,-0.192
2002-07-03,4.4875,6.3750,2.8680,0.942
2002-07-05,4.3675,6.2688,2.8800,0.326
2002-07-08,4.3050,6.1762,2.8590,-0.360
2002-07-09,4.4625,6.1762,2.8455,2.797
2002-07-10,4.3550,6.2000,2.8540,0.235
2002-07-11,4.3375,6.2125,2.8320,-1.136
2002-07-12,4.3300,6.1250,2.8215,-0.269
2002-07-15,4.2275,6.0125,2.8600,0.546
2002-07-16,4.2375,6.1250,2.8690,-0.756
2002-07-17,4.3000,6.2525,2.8980,-0.349
2002-07-18,4.2675,6.1000,2.8620,0.111
2002-07-19,4.0500,5.9000,2.8710,-1.461
2002-07-22,3.7100,5.3750,2.8790,-0.641
2002-07-23,3.5625,5.2875,2.9050,-2.137
2002-07-24,3.7625,5.5750,2.9350,-0.960
2002-07-25,3.6250,5.4975,3.0000,-1.091
2002-07-26,3.4375,5.2125,3.0200,-0.420
2002-07-29,3.2100,5.0000,3.1365,0.682
2002-07-30,3.1375,5.2625,3.2650,-2.670
2002-07-31,3.3000,5.5625,3.4850,3.375
2002-08-01,3.4625,5.6262,3.2700,0.621
2002-08-02,3.8475,5.8562,3.0700,0.848
2002-08-05,3.5250,5.7500,3.0900,-5.285
2002-08-06,3.5625,5.6375,3.2200,1.741
2002-08-07,3.6800,5.6038,3.0700,0.804
2002-08-08,4.2225,6.0963,2.9245,1.281
2002-08-09,4.1625,6.2500,2.9850,-0.600
2002-08-12,3.8475,6.0625,3.1150,-1.155
2002-08-13,3.5425,5.6438,3.1750,-0.355
2002-08-14,3.4825,5.5500,3.1950,0.240
2002-08-15,3.5500,5.6625,3.2000,0.309
2002-08-16,3.5575,5.6188,3.1550,-0.121
2002-08-19,3.5625,5.5000,3.0825,-0.169
2002-08-20,3.4750,5.3750,3.0885,-0.162
2002-08-21,3.5875,5.5363,3.0800,-0.208
2002-08-22,3.6225,5.6500,3.1730,1.719
2002-08-23,3.6125,5.6438,3.0950,-0.946
2002-08-26,3.7700,5.7375,3.0760,1.059
2002-08-27,3.8375,6.0125,3.0720,-1.964
2002-08-28,3.7950,5.9262,3.1300,0.218
2002-08-29,3.8800,5.9938,3.1100,0.662
2002-08-30,3.9875,6.0375,3.0030,-0.833
2002-09-03,3.9750,6.1875,3.1020,-0.360
2002-09-04,4.0700,6.2000,3.1340,2.866
2002-09-05,3.9650,6.2750,3.1425,-0.717
2002-09-06,4.0100,6.3375,3.1750,0.448
2002-09-09,4.1175,6.4125,3.1225,0.249
2002-09-10,4.2125,6.5375,3.1510,1.519
2002-09-11,4.2750,6.6250,3.1100,0.342
2002-09-12,4.2325,6.5875,3.1110,-0.058
2002-09-13,4.2275,6.7063,3.1450,-0.872
2002-09-16,4.1375,6.6125,3.1900,-0.199
2002-09-17,3.8350,6.2625,3.2245,-1.270
2002-09-18,3.7100,6.2250,3.3450,-0.322
2002-09-19,3.4475,5.9338,3.4110,-0.911
2002-09-20,3.5550,6.0512,3.4350,0.900
2002-09-23,3.3000,5.9075,3.5690,-0.316
2002-09-24,3.0500,5.6875,3.6100,-3.204
2002-09-25,2.9425,5.4862,3.7100,-0.509
2002-09-26,2.8600,5.4250,3.7700,-0.625
2002-09-27,2.5000,4.9313,3.8350,-2.788
2002-09-30,2.6825,5.0000,3.8030,2.015
2002-10-01,3.1000,5.5363,3.6920,3.366
2002-10-02,2.9925,5.4563,3.5810,-1.799
2002-10-03,3.1000,5.6250,3.6650,0.991
2002-10-04,3.1300,5.6013,3.6350,1.563
2002-10-07,2.8850,5.4025,3.6790,-1.768
2002-10-08,2.9225,5.4000,3.7260,0.826
2002-10-09,2.7500,5.4000,3.8495,-1.980
2002-10-10,2.6550,5.2500,3.9450,-0.248
2002-10-11,2.6650,5.1112,3.9300,2.455
2002-10-14,2.4500,4.7500,3.9300,1.353
2002-10-15,2.4500,4.7525,3.8550,-0.634
2002-10-16,2.3875,4.6875,3.8800,-1.189
2002-10-17,2.6575,5.1875,3.8800,-0.616
2002-10-18,2.7400,5.2500,3.8800,1.250
2002-10-21,2.7500,5.3625,3.9130,0.333
2002-10-22,2.7650,5.3888,3.9310,0.851
2002-10-23,2.9650,5.7750,3.9010,0.143
2002-10-24,3.1450,5.9387,3.8570,2.128
2002-10-25,3.2750,5.9750,3.7860,3.759
2002-10-28,3.1125,5.9750,3.7510,-2.301
2002-10-29,2.9300,5.6875,3.8350,-1.217
2002-10-30,3.2000,5.9563,3.7300,0.197
2002-10-31,3.3075,5.9875,3.6240,0.095
2002-11-01,3.3625,5.9875,3.5950,0.945
2002-11-04,3.2600,5.8750,3.5240,-2.228
2002-11-05,3.2075,5.7000,3.5530,-0.033
2002-11-06,3.1425,5.6250,3.6120,0.895
2002-11-07,3.2025,5.8625,3.6260,-0.961
2002-11-08,3.1925,5.8137,3.5250,-3.216
2002-11-11,3.2950,5.9563,3.5250,-2.498
2002-11-12,3.2025,5.8750,3.5930,-2.072
2002-11-13,3.1875,5.8063,3.6510,0.216
2002-11-14,3.2900,5.9437,3.7050,2.540
2002-11-15,3.3800,5.9437,3.6900,4.919
2002-11-18,3.4475,6.1250,3.5635,0.287
2002-11-19,3.4000,6.0375,3.5720,0.578
2002-11-20,3.5000,6.1500,3.5130,-0.037
2002-11-21,3.5575,6.2512,3.5420,0.785
2002-11-22,3.4825,6.1875,3.5758,0.628
2002-11-25,3.3750,5.9713,3.5540,0.438
2002-11-26,3.2175,5.8313,3.6010,-0.654
2002-11-27,3.2600,5.8088,3.5900,0.739
2002-11-29,3.2750,6.0000,3.6710,0.188
2002-12-02,3.4000,6.1125,3.6225,0.748
2002-12-03,3.3500,6.1250,3.6760,0.527
2002-12-04,3.2775,6.1125,3.7160,-0.375
2002-12-05,3.1775,6.0000,3.7530,-0.624
2002-12-06,3.3100,6.0925,3.7180,0.998
2002-12-09,3.2100,6.0525,3.7950,0.636
2002-12-10,3.1900,5.9875,3.7860,0.855
2002-12-11,3.2625,6.1500,3.7830,0.342
2002-12-12,3.3125,6.2450,3.7790,0.224
2002-12-13,3.3125,6.2075,3.7200,-0.745
2002-12-16,3.4625,6.2500,3.5980,-0.335
2002-12-17,3.4775,6.2375,3.5800,-0.205
2002-12-18,3.5825,6.2500,3.5325,1.241
2002-12-19,3.8325,6.5875,3.4650,0.794
2002-12-20,4.0075,6.9000,3.4390,-0.132
2002-12-23,3.9100,6.7750,3.5100,1.285
2002-12-24,3.8900,6.7750,3.5100,0.767
2002-12-26,3.7625,6.6250,3.5410,0.551
2002-12-27,3.6975,6.5000,3.5540,1.084
2002-12-30,3.6800,6.6000,3.5450,-1.170
2002-12-31,3.7350,6.6000,3.5400,0.166
2003-01-02,3.7750,6.5687,3.5425,1.792
2003-01-03,3.7750,6.5100,3.4306,-0.534
2003-01-06,4.0875,6.8000,3.3390,0.354
2003-01-07,4.0925,6.6625,3.3130,1.752
2003-01-08,4.0150,6.6325,3.2950,-0.268
2003-01-09,4.1975,7.0000,3.3090,-0.789
2003-01-10,4.3875,7.2488,3.2940,-0.311
2003-01-13,4.3925,7.1875,3.3070,1.050
2003-01-14,4.4850,7.2750,3.2650,0.643
2003-01-15,4.3575,7.3125,3.3200,-1.081
2003-01-16,4.3825,7.2625,3.2890,-0.764
2003-01-17,4.0300,6.9062,3.3730,-1.588
2003-01-21,3.9175,6.7750,3.4610,0.062
2003-01-22,3.7000,6.5250,3.5120,-0.426
2003-01-23,3.7000,6.5363,3.5305,-0.074
2003-01-24,3.4675,6.2125,3.6160,0.913
2003-01-27,3.4300,6.2013,3.6590,1.192
2003-01-28,3.4250,6.2188,3.6380,0.182
2003-01-29,3.6150,6.4875,3.6170,0.774
2003-01-30,3.6125,6.4750,3.5630,-0.607
2003-01-31,3.7075,6.4750,3.5130,0.575
2003-02-03,3.7525,6.5750,3.5350,0.875
2003-02-04,3.6325,6.4375,3.5580,0.384
2003-02-05,3.5850,6.4513,3.5740,-0.695
2003-02-06,3.4675,6.2188,3.6060,0.533
2003-02-07,3.4500,6.1625,3.5860,0.379
2003-02-10,3.5500,6.4000,3.6050,-0.018
2003-02-11,3.5750,6.3375,3.5810,1.003
2003-02-12,3.5800,6.4488,3.5950,-0.212
2003-02-13,3.4450,6.2750,3.6400,-0.081
2003-02-14,3.4500,6.2512,3.6640,1.106
2003-02-18,3.5700,6.3750,3.5975,0.730
2003-02-19,3.5075,6.2875,3.6100,0.692
2003-02-20,3.4525,6.2000,3.6260,0.958
2003-02-21,3.4825,6.2625,3.6130,0.457
2003-02-24,3.4175,6.0625,3.5970,1.383
2003-02-25,3.2925,5.9000,3.6080,0.672
2003-02-26,3.2350,5.7688,3.5885,0.618
2003-02-27,3.2525,5.7875,3.5660,0.202
2003-02-28,3.3425,5.9763,3.5650,-0.305
2003-03-03,3.3725,5.9763,3.5700,0.731
2003-03-04,3.3050,5.9763,3.5700,-1.286
2003-03-05,3.2500,5.7500,3.5700,0.891
2003-03-06,3.3525,5.8375,3.5300,1.365
2003-03-07,3.4525,6.0625,3.5100,-0.055
2003-03-10,3.3750,5.8875,3.5250,1.035
2003-03-11,3.5350,6.1500,3.4890,0.273
2003-03-12,3.6875,6.3500,3.4800,1.043
2003-03-13,3.7550,6.3375,3.4225,1.392
2003-03-14,3.7475,6.3938,3.3880,-0.711
2003-03-17,3.7125,6.3500,3.4050,-0.464
2003-03-18,3.8275,6.5750,3.4450,0.272
2003-03-19,3.8500,6.6250,3.4760,1.001
2003-03-20,3.9000,6.6875,3.4860,1.648
2003-03-21,3.9550,6.6250,3.4250,2.233
2003-03-24,3.8625,6.4500,3.4070,2.012
2003-03-25,3.8375,6.6000,3.3950,-1.301
2003-03-26,3.7400,6.4625,3.3930,-1.820
2003-03-27,3.7450,6.4750,3.4020,-1.618
2003-03-28,3.8200,6.4187,3.3710,0.309
2003-03-31,3.7875,6.3488,3.3320,-0.611
2003-04-01,3.9750,6.5375,3.3290,1.207
2003-04-02,4.0650,6.6625,3.2850,0.214
2003-04-03,4.1325,6.7125,3.2400,-0.266
2003-04-04,4.1875,6.7188,3.2330,0.749
2003-04-07,4.1250,6.5000,3.1750,0.745
2003-04-08,3.9050,6.2737,3.1750,-1.188
2003-04-09,3.9100,6.2950,3.1750,-1.396
2003-04-10,3.8575,6.3125,3.2200,-1.615
2003-04-11,3.9300,6.3500,3.2230,-0.265
2003-04-14,3.9725,6.3337,3.1825,-0.197
2003-04-15,4.1000,6.3888,3.1150,-0.047
2003-04-16,4.1275,6.3500,3.0640,-0.420
2003-04-17,4.2625,6.4750,3.0350,-0.103
2003-04-21,4.2575,6.4750,3.0400,-0.056
2003-04-22,4.2725,6.5625,3.0570,-0.487
2003-04-23,4.3825,6.6250,3.0070,-0.542
2003-04-24,4.3375,6.5375,3.0030,-0.378
2003-04-25,4.3125,6.4688,3.0140,0.467
2003-04-28,4.3800,6.5188,2.9910,0.484
2003-04-29,4.4825,6.6500,2.9085,-1.975
2003-04-30,4.6375,6.7750,2.8870,-1.192
2003-05-01,4.5900,6.7750,2.9125,-1.340
2003-05-02,4.6550,6.8750,2.9100,-1.483
2003-05-05,4.6375,7.0375,2.9950,-1.319
2003-05-06,4.6375,7.0250,2.9980,-1.045
2003-05-07,4.7550,7.0363,2.9650,0.185
2003-05-08,4.6850,6.8987,2.9050,-1.359
2003-05-09,4.8825,7.1250,2.8780,-1.391
2003-05-12,4.9800,7.2488,2.8750,-1.242
2003-05-13,5.0250,7.3750,2.8800,-1.885
2003-05-14,5.0375,7.3500,2.9000,-0.621
2003-05-15,4.9350,7.3750,2.9260,-2.103
2003-05-16,4.9375,7.3562,2.9630,-0.562
2003-05-19,4.7350,7.0625,2.9825,-0.020
2003-05-20,4.7475,7.1500,3.0100,-0.070
2003-05-21,4.7800,7.2500,3.0025,-1.021
2003-05-22,4.8725,7.3000,2.9900,-0.214
2003-05-23,4.8600,7.1875,2.9270,-1.042
2003-05-27,4.7400,7.2000,3.0340,-0.131
2003-05-28,4.8325,7.2650,3.0200,0.442
2003-05-29,4.8325,7.1250,2.9330,-0.535
2003-05-30,4.7875,7.2500,2.9790,-1.642
2003-06-02,4.8250,7.1500,2.9770,0.448
2003-06-03,4.8100,7.1000,2.9620,0.333
2003-06-04,5.0100,7.3375,2.9250,-0.141
2003-06-05,5.0925,7.3000,2.8970,1.048
2003-06-06,5.1525,7.4000,2.8850,0.439
2003-06-09,5.0950,7.2500,2.8750,1.022
2003-06-10,5.0000,7.1625,2.8710,0.209
2003-06-11,5.1025,7.2512,2.8770,1.223
2003-06-12,5.1250,7.3488,2.8650,-0.098
2003-06-13,5.2250,7.3625,2.8560,1.342
2003-06-16,5.1975,7.3750,2.8550,0.602
2003-06-17,5.1900,7.3750,2.8860,1.548
2003-06-18,5.0725,7.2500,2.9070,1.695
2003-06-19,5.0200,7.2500,2.8890,0.019
2003-06-20,4.8025,6.9000,2.8830,0.330
2003-06-23,4.7375,6.7863,2.8870,0.771
2003-06-24,4.8075,6.8875,2.8610,-0.151
2003-06-25,4.8375,6.9000,2.8600,0.255
2003-06-26,4.7375,6.8438,2.9000,0.374
2003-06-27,4.7875,6.9250,2.8820,-0.379
2003-06-30,4.9400,6.9500,2.8620,1.714
2003-07-01,4.9525,7.0250,2.8490,0.425
2003-07-02,4.9775,7.0487,2.8230,-0.326
2003-07-03,5.0250,7.0687,2.8330,0.695
2003-07-07,5.1125,7.3125,2.8775,0.590
2003-07-08,5.1675,7.4625,2.8900,0.061
2003-07-09,5.2175,7.4625,2.8600,-0.020
2003-07-10,5.1025,7.4375,2.8950,-0.694
2003-07-11,5.0875,7.3625,2.9070,0.437
2003-07-14,5.2000,7.4375,2.8790,0.644
2003-07-15,5.3250,7.5625,2.8400,-0.013
2003-07-16,5.2800,7.5613,2.8640,-0.004
2003-07-17,5.2400,7.5363,2.8600,-0.571
2003-07-18,5.2825,7.6500,2.8700,-0.910
2003-07-21,5.2800,7.6562,2.8845,-0.538
2003-07-22,5.3350,7.6988,2.8810,-0.178
2003-07-23,5.3000,7.6425,2.8980,0.487
2003-07-24,5.2250,7.5250,2.8850,0.160
2003-07-25,5.1625,7.4750,2.8935,-0.082
2003-07-28,5.1775,7.5250,2.8985,-0.286
2003-07-29,5.2050,7.6375,2.9290,-0.193
2003-07-30,5.1275,7.6125,2.9500,-0.649
2003-07-31,5.0725,7.5875,2.9650,-0.890
2003-08-01,4.7925,7.1875,3.0050,0.184
2003-08-04,4.6875,7.1625,3.1130,1.865
2003-08-05,4.8775,7.3125,3.0370,1.285
2003-08-06,4.7650,7.2250,3.0390,0.213
2003-08-07,5.0250,7.5000,2.9975,0.416
2003-08-08,5.1675,7.7463,2.9900,-0.269
2003-08-11,5.1575,7.7188,2.9960,0.093
2003-08-12,5.1375,7.7812,3.0250,-0.139
2003-08-13,5.1500,7.7312,3.0300,0.918
2003-08-14,5.3350,7.9625,3.0000,0.502
2003-08-15,5.2050,7.7900,3.0000,0.225
2003-08-18,5.2625,7.9250,2.9940,-0.594
2003-08-19,5.1925,7.7250,2.9920,0.556
2003-08-20,5.1700,7.7750,3.0040,-0.124
2003-08-21,5.1750,7.7962,3.0125,-0.018
2003-08-22,5.2350,7.8000,2.9950,0.505
2003-08-25,5.1600,7.7000,2.9920,0.251
2003-08-26,5.2000,7.7750,2.9910,0.021
2003-08-27,5.3700,7.9488,2.9815,0.712
2003-08-28,5.4750,8.0625,2.9520,0.231
2003-08-29,5.5250,8.2125,2.9650,-0.264
2003-09-02,5.4875,8.0875,2.9750,0.929
2003-09-03,5.6825,8.3750,2.9570,0.317
2003-09-04,5.9350,8.6512,2.9420,0.915
2003-09-05,6.0200,8.7625,2.9100,-0.039
2003-09-08,6.0050,8.7500,2.9230,0.301
2003-09-09,5.8225,8.5000,2.9300,0.353
2003-09-10,5.9225,8.6237,2.9060,-0.213
2003-09-11,5.9750,8.5875,2.9050,1.062
2003-09-12,5.9025,8.6012,2.9000,-0.496
2003-09-15,5.7875,8.3750,2.8860,-0.282
2003-09-16,5.8000,8.4062,2.8970,-0.059
2003-09-17,5.7375,8.3625,2.9225,0.256
2003-09-18,5.7750,8.3500,2.8990,0.250
2003-09-19,5.7475,8.3125,2.9100,0.603
2003-09-22,5.6225,8.1875,2.9030,-0.323
2003-09-23,5.4975,8.0875,2.9220,-0.688
2003-09-24,5.6100,8.2000,2.9130,-0.354
2003-09-25,5.5575,8.1250,2.9320,0.274
2003-09-26,5.5875,8.1375,2.9325,0.678
2003-09-29,5.6350,8.2500,2.9360,0.269
2003-09-30,5.7325,8.2312,2.9280,1.958
2003-10-01,5.8025,8.3938,2.9060,0.444
2003-10-02,6.0750,8.7625,2.8960,0.389
2003-10-03,6.1775,8.8938,2.8860,0.229
2003-10-06,6.2400,8.9362,2.8760,0.413
2003-10-07,6.2075,8.8125,2.8640,0.870
2003-10-08,6.3275,8.9625,2.8525,0.693
2003-10-09,6.3550,8.9987,2.8350,0.105
2003-10-10,6.3375,8.9375,2.8415,0.744
2003-10-13,6.4750,9.1750,2.8415,0.265
2003-10-14,6.3350,9.0025,2.8350,-0.251
2003-10-15,6.3000,8.8175,2.8270,0.993
2003-10-16,6.1525,8.7500,2.8450,0.022
2003-10-17,6.1000,8.7500,2.8660,-0.099
2003-10-20,6.0825,8.7437,2.8780,0.103
2003-10-21,6.1250,8.7000,2.8700,1.027
2003-10-22,6.0000,8.5250,2.8620,0.716
2003-10-23,5.9000,8.4125,2.8700,0.642
2003-10-24,5.9150,8.5125,2.8670,-0.392
2003-10-27,5.8875,8.5225,2.8710,-0.833
2003-10-28,6.0975,8.6500,2.8625,0.891
2003-10-29,6.0425,8.5662,2.8540,0.658
2003-10-30,5.9825,8.5000,2.8530,0.400
2003-10-31,5.8750,8.4000,2.8645,0.172
2003-11-03,6.0050,8.6112,2.8550,-0.454
2003-11-04,5.9800,8.5625,2.8570,-0.234
2003-11-05,5.8850,8.4312,2.8610,-0.151
2003-11-06,6.0825,8.6812,2.8830,0.998
2003-11-07,6.0800,8.7300,2.8670,-0.164
2003-11-10,6.0000,8.6625,2.8850,-0.087
2003-11-11,5.9000,8.6875,2.8850,-2.035
2003-11-12,6.0625,8.8125,2.9190,0.405
2003-11-13,6.1750,8.9375,2.9375,1.477
2003-11-14,6.1175,9.1000,2.9480,-0.910
2003-11-17,6.0375,8.9375,2.9485,-0.411
2003-11-18,6.1275,9.0312,2.9480,0.008
2003-11-19,6.2250,9.1237,2.9450,0.467
2003-11-20,6.1325,9.1125,2.9465,-0.854
2003-11-21,6.0625,9.0875,2.9240,-2.466
2003-11-24,6.1250,9.1750,2.9190,-2.567
2003-11-25,6.0650,9.2250,2.9370,-3.453
2003-11-26,6.0025,8.8375,2.9450,0.013
2003-11-28,6.0175,8.9000,2.9450,-0.441
2003-12-01,6.3575,9.1250,2.9315,2.121
2003-12-02,6.3450,9.2250,2.9300,0.763
2003-12-03,6.2775,9.1763,2.9310,0.255
2003-12-04,6.2875,9.2312,2.9430,0.225
2003-12-05,6.3375,9.2638,2.9400,0.565
2003-12-08,6.3375,9.2688,2.9450,0.682
2003-12-09,6.6050,9.7750,2.9355,-0.824
2003-12-10,6.6400,9.7650,2.9450,0.127
2003-12-11,6.7875,9.9375,2.9450,0.575
2003-12-12,6.7900,9.8625,2.9440,1.342
2003-12-15,6.7150,9.7000,2.9220,1.140
2003-12-16,6.7625,9.8062,2.9375,1.287
2003-12-17,6.8950,10.0513,2.9360,0.702
2003-12-18,7.0625,10.3125,2.9330,0.433
2003-12-19,7.0800,10.3125,2.9300,0.579
2003-12-22,7.2625,10.5625,2.9250,0.558
2003-12-23,7.1425,10.2812,2.9100,1.080
2003-12-24,7.1250,10.2812,2.9140,0.971
2003-12-26,7.0200,10.1263,2.9000,0.521
2003-12-29,7.3175,10.4000,2.8700,0.967
2003-12-30,7.2675,10.5125,2.8990,0.207
2003-12-31,7.3100,10.5125,2.8950,0.654
2004-01-02,7.5500,10.9125,2.8840,-0.233
2004-01-05,8.1000,11.5000,2.8580,0.651
2004-01-06,8.4575,12.0750,2.8575,0.072
2004-01-07,8.3500,11.8125,2.8690,1.402
2004-01-08,8.2275,11.7250,2.8500,-0.007
2004-01-09,8.2400,11.6375,2.8450,0.721
2004-01-12,8.4975,11.8488,2.8070,0.654
2004-01-13,8.4475,11.8750,2.8100,-0.053
2004-01-14,8.2175,11.5150,2.8215,0.676
2004-01-15,7.9075,11.2900,2.8100,-1.594
2004-01-16,8.0850,11.3750,2.8250,0.396
2004-01-20,8.5275,12.0312,2.8380,0.576
2004-01-21,8.3125,11.8313,2.8460,-0.022
2004-01-22,8.2125,11.6250,2.8440,0.457
2004-01-23,8.2625,11.6250,2.8440,1.069
2004-01-26,8.2625,11.8250,2.8430,-0.675
2004-01-27,8.2400,11.7375,2.8650,0.565
2004-01-28,8.0525,11.7375,2.8800,-1.209
2004-01-29,7.5325,11.1000,2.9450,-0.076
2004-01-30,7.3500,10.6250,2.9240,1.136
2004-02-02,7.5075,10.7500,2.9525,3.097
2004-02-03,7.5875,11.0000,2.9280,0.983
2004-02-04,7.4725,10.8425,2.9100,0.277
2004-02-05,7.3200,10.6250,2.9320,0.999
2004-02-06,7.5250,11.0500,2.9420,0.174
2004-02-09,7.6575,11.2000,2.9320,0.231
2004-02-10,7.8200,11.4375,2.9170,-0.280
2004-02-11,8.1550,11.8625,2.9190,0.335
2004-02-12,8.2225,11.9137,2.9040,0.213
2004-02-13,8.0650,11.7863,2.9200,-0.096
2004-02-17,8.0025,11.6862,2.9120,-0.296
2004-02-18,7.8175,11.4875,2.9360,-0.099
2004-02-19,7.5875,11.1562,2.9490,0.283
2004-02-20,7.5900,11.1250,2.9720,1.382
2004-02-23,7.6850,11.1250,2.9620,2.305
2004-02-24,7.5250,11.1250,2.9625,0.192
2004-02-25,7.7725,11.3263,2.9430,0.980
2004-02-26,7.7150,11.1438,2.9425,1.857
2004-02-27,7.8000,11.2875,2.9150,0.718
2004-03-01,8.2550,11.8512,2.8905,0.669
2004-03-02,8.2875,11.8687,2.9070,1.492
2004-03-03,8.3975,12.0625,2.8820,0.317
2004-03-04,8.2000,11.7937,2.8925,0.555
2004-03-05,8.2275,11.7625,2.8770,0.619
2004-03-08,8.2875,11.8438,2.8825,0.849
2004-03-09,8.4250,12.0625,2.8680,0.157
2004-03-10,7.9925,11.6000,2.8900,-0.438
2004-03-11,7.8150,11.2500,2.9100,1.074
2004-03-12,8.0900,11.6500,2.9060,0.899
2004-03-15,7.8375,11.4012,2.9075,-0.066
2004-03-16,7.9225,11.3450,2.9020,1.327
2004-03-17,8.0525,11.7037,2.9130,0.211
2004-03-18,8.4725,12.1500,2.9200,1.809
2004-03-19,8.1625,11.8375,2.9010,0.019
2004-03-22,8.0800,11.6750,2.9120,0.766
2004-03-23,7.9600,11.5500,2.9210,0.654
2004-03-24,7.9350,11.6125,2.9290,0.072
2004-03-25,7.7500,11.5625,2.9400,-1.470
2004-03-26,7.6950,11.6000,2.9380,-2.552
2004-03-29,7.7600,11.5688,2.9390,-1.430
2004-03-30,8.0750,11.7000,2.9190,0.730
2004-03-31,8.3750,12.1438,2.9070,0.241
2004-04-01,8.4200,12.0375,2.8925,1.162
2004-04-02,8.4750,12.1875,2.8985,0.779
2004-04-05,8.4600,12.0625,2.8820,1.064
2004-04-06,8.4850,12.1388,2.8740,0.446
2004-04-07,8.4300,12.1250,2.8760,-0.022
2004-04-08,8.6000,12.3188,2.8770,0.425
2004-04-12,8.7850,12.6625,2.8880,0.182
2004-04-13,8.6250,12.4375,2.8880,0.137
2004-04-14,8.4525,12.1938,2.8955,0.356
2004-04-15,8.2950,12.0000,2.9160,0.784
2004-04-16,8.2250,11.9000,2.9150,0.739
2004-04-19,8.2100,11.8275,2.9150,1.172
2004-04-20,7.9500,11.4762,2.9210,1.174
2004-04-21,7.8000,11.4762,2.9325,-0.344
2004-04-22,7.9625,11.5400,2.9270,0.980
2004-04-23,8.0125,11.5400,2.9135,1.146
2004-04-26,7.8750,11.3500,2.9130,1.057
2004-04-27,7.9200,11.4625,2.9185,0.827
2004-04-28,7.5875,11.1875,2.9395,-0.320
2004-04-29,7.2300,10.6250,2.9590,0.676
2004-04-30,7.2250,10.5625,2.9440,0.688
2004-05-03,7.2725,10.8125,2.9620,-0.388
2004-05-04,7.5200,11.1000,2.9680,0.538
2004-05-05,7.7500,11.4625,2.9640,0.201
2004-05-06,7.2000,10.7250,2.9950,0.531
2004-05-07,6.8625,10.3438,3.0840,2.303
2004-05-10,6.3875,9.9450,3.1050,-0.286
2004-05-11,6.9875,10.7000,3.0850,0.731
2004-05-12,6.9000,10.6875,3.1265,0.926
2004-05-13,6.9175,10.8013,3.1200,-0.092
2004-05-14,6.7200,10.2662,3.0920,1.197
2004-05-17,6.4675,9.9750,3.1260,1.340
2004-05-18,6.4025,10.0125,3.1220,-0.182
2004-05-19,6.4025,10.0000,3.1140,-0.313
2004-05-20,6.1625,9.9125,3.2085,-0.265
2004-05-21,6.0875,9.5688,3.1870,1.376
2004-05-24,6.5000,10.2900,3.2015,1.116
2004-05-25,6.4875,10.1250,3.1475,0.837
2004-05-26,6.3850,10.0763,3.1800,0.753
2004-05-27,6.5825,10.2375,3.1475,1.189
2004-05-28,6.5250,10.0125,3.1110,1.370
2004-06-01,6.5600,10.3750,3.1550,-0.256
2004-06-02,6.5975,10.3138,3.1300,0.110
2004-06-03,6.4875,10.2500,3.1440,-0.504
2004-06-04,6.5525,10.1875,3.1300,0.659
2004-06-07,6.7150,10.4513,3.1160,0.103
2004-06-08,6.5775,10.2500,3.1195,0.090
2004-06-09,6.4775,10.0500,3.1130,0.321
2004-06-10,6.5125,10.0500,3.1130,0.863
2004-06-14,6.3875,10.1263,3.1620,-0.273
2004-06-15,6.7600,10.5375,3.1280,0.333
2004-06-16,6.7375,10.5850,3.1495,0.235
2004-06-17,6.7500,10.5875,3.1240,-0.416
2004-06-18,6.7125,10.5375,3.1425,0.090
2004-06-21,6.6825,10.4350,3.1290,0.189
2004-06-22,6.6925,10.4125,3.1350,0.749
2004-06-23,7.0300,10.9250,3.1285,0.656
2004-06-24,7.0750,10.8750,3.1030,0.937
2004-06-25,6.8875,10.6888,3.1100,0.199
2004-06-28,6.7875,10.5413,3.1375,1.012
2004-06-29,6.9450,10.6875,3.1200,1.373
2004-06-30,7.0175,10.7125,3.1050,1.701
2004-07-01,6.9400,10.6625,3.0830,0.333
2004-07-02,7.0125,10.6125,3.0410,0.471
2004-07-06,6.8500,10.3750,3.0435,0.472
2004-07-07,6.8300,10.3125,3.0300,0.339
2004-07-08,6.7300,10.2500,3.0430,-0.101
2004-07-09,6.8425,10.2500,3.0440,1.603
2004-07-12,6.8425,10.3000,3.0425,1.060
2004-07-13,6.7875,10.3500,3.0460,-0.122
2004-07-14,6.8600,10.3000,3.0270,0.802
2004-07-15,7.0000,10.7487,3.0250,-1.500
2004-07-16,7.3000,10.9000,3.0000,0.459
2004-07-19,7.1800,10.7375,2.9980,0.236
2004-07-20,7.0975,10.6625,3.0025,-0.069
2004-07-21,7.0400,10.6375,3.0435,0.711
2004-07-22,6.8225,10.3013,3.0430,0.769
2004-07-23,6.7950,10.3313,3.0455,0.153
2004-07-26,6.7150,10.2500,3.0720,0.627
2004-07-27,6.8975,10.5387,3.0630,0.235
2004-07-28,6.9875,10.6625,3.0540,0.070
2004-07-29,7.1025,10.7937,3.0330,-0.211
2004-07-30,7.0700,10.7125,3.0275,-0.096
2004-08-02,6.9975,10.6687,3.0505,0.039
2004-08-03,7.0050,10.6625,3.0540,0.320
2004-08-04,7.1000,10.7887,3.0580,0.622
2004-08-05,6.9150,10.7487,3.0580,-1.635
2004-08-06,7.1250,10.8500,3.0400,-0.184
2004-08-09,7.1675,10.9375,3.0395,-0.409
2004-08-10,7.2900,11.0250,3.0220,-0.089
2004-08-11,7.2125,10.9625,3.0380,-0.061
2004-08-12,7.2925,11.0125,3.0345,0.473
2004-08-13,7.2075,10.9187,3.0200,-0.324
2004-08-16,7.4375,11.1500,3.0155,0.573
2004-08-17,7.4650,11.1875,2.9960,-0.044
2004-08-18,7.5750,11.2500,2.9890,0.630
2004-08-19,7.5950,11.3375,2.9780,-0.252
2004-08-20,7.8500,11.7000,2.9780,-0.097
2004-08-23,7.7875,11.5625,2.9680,-0.051
2004-08-24,7.7375,11.4750,2.9540,-0.407
2004-08-25,7.8125,11.5487,2.9490,-0.253
2004-08-26,7.6125,11.2500,2.9560,0.011
2004-08-27,7.6125,11.3375,2.9585,-0.677
2004-08-30,7.5775,11.3125,2.9440,-1.400
2004-08-31,7.6875,11.3000,2.9400,0.006
2004-09-01,7.7625,11.3750,2.9280,-0.094
2004-09-02,7.8550,11.5750,2.9370,-0.345
2004-09-03,7.8400,11.4375,2.9285,0.369
2004-09-07,7.8775,11.5737,2.9120,-0.900
2004-09-08,8.0275,11.6375,2.9020,0.089
2004-09-09,8.1375,11.8125,2.9070,0.130
2004-09-10,8.0275,11.7000,2.9020,-0.445
2004-09-13,8.1025,11.7638,2.9070,0.112
2004-09-14,8.2300,11.9750,2.9150,0.169
2004-09-15,8.1700,11.8875,2.9075,-0.087
2004-09-16,8.2900,11.9987,2.8910,-0.130
2004-09-17,8.4500,12.1438,2.8755,0.043
2004-09-20,8.4950,12.2137,2.8640,-0.400
2004-09-21,8.6625,12.4000,2.8755,0.440
2004-09-22,8.5125,12.2937,2.8710,-0.602
2004-09-23,8.7550,12.6613,2.8725,-0.686
2004-09-24,8.9575,12.7875,2.8670,0.415
2004-09-27,9.0125,12.9250,2.8720,0.131
2004-09-28,8.8050,13.0013,2.8650,-2.985
2004-09-29,8.8675,12.9563,2.8560,-2.265
2004-09-30,8.8125,12.9625,2.8640,-2.646
2004-10-01,9.1800,13.0750,2.8400,-0.301
2004-10-04,9.2700,13.0875,2.8240,0.013
2004-10-05,9.3075,13.3013,2.8230,-1.231
2004-10-06,9.3925,13.3625,2.8370,-0.294
2004-10-07,9.4025,13.4125,2.8545,0.054
2004-10-08,9.3825,13.3125,2.8175,-0.713
2004-10-11,9.3250,13.1875,2.8175,-0.386
2004-10-12,9.1150,13.1875,2.8260,-2.336
2004-10-13,8.7575,12.4525,2.8410,-0.100
2004-10-14,8.6075,12.3750,2.8675,-0.275
2004-10-15,8.8300,12.6250,2.8570,-0.090
2004-10-18,8.9425,12.8475,2.8575,-0.552
2004-10-19,8.7050,12.5625,2.8760,-0.356
2004-10-20,8.6875,12.5188,2.8870,0.173
2004-10-21,8.9500,12.8125,2.8510,-0.424
2004-10-22,8.9225,12.8737,2.8520,-1.167
2004-10-25,8.8625,12.8125,2.8820,-0.325
2004-10-26,8.9300,12.8062,2.8710,0.100
2004-10-27,8.9900,12.8450,2.8600,0.083
2004-10-28,8.8100,12.7075,2.8640,-0.721
2004-10-29,8.8775,12.8125,2.8520,-1.196
2004-11-01,8.9025,12.7375,2.8630,0.050
2004-11-03,8.9725,12.7475,2.8250,-0.579
2004-11-04,9.1025,12.8462,2.8120,-0.375
2004-11-05,9.3050,13.0875,2.8150,0.071
2004-11-08,9.1400,12.9500,2.8330,-0.025
2004-11-09,9.0875,12.8375,2.8260,0.024
2004-11-10,9.1750,12.9250,2.8180,0.020
2004-11-11,9.2025,12.9375,2.8180,0.223
2004-11-12,9.4000,13.0413,2.7920,0.622
2004-11-15,9.1925,13.0413,2.7910,-1.634
2004-11-16,8.9425,12.4563,2.7780,-0.282
2004-11-17,9.0250,12.4937,2.7600,-0.314
2004-11-18,8.9750,12.4062,2.7675,0.104
2004-11-19,8.9225,12.4250,2.7753,-0.352
2004-11-22,9.0275,12.4875,2.7595,-0.255
2004-11-23,8.9375,12.3138,2.7490,-0.237
2004-11-24,8.9375,12.3125,2.7425,-0.463
2004-11-26,9.2500,12.7125,2.7277,-0.762
2004-11-29,9.1675,12.5938,2.7440,-0.127
2004-11-30,9.5400,12.7688,2.7310,2.021
2004-12-01,9.6675,13.1500,2.7030,-0.642
2004-12-02,9.3600,12.8250,2.7285,-0.434
2004-12-03,9.4150,12.7863,2.6965,-0.723
2004-12-06,9.4300,12.9625,2.7170,-1.171
2004-12-07,9.1250,12.6875,2.7370,-1.576
2004-12-08,9.1800,12.6263,2.7610,0.370
2004-12-09,8.9200,12.3750,2.7800,0.192
2004-12-10,9.0100,12.5262,2.7780,-0.091
2004-12-13,9.1625,12.5562,2.7600,0.701
2004-12-14,9.1600,12.6875,2.7678,-0.087
2004-12-15,9.4550,12.8000,2.7350,1.013
2004-12-16,9.4500,13.0000,2.7350,-0.593
2004-12-17,9.4600,12.8025,2.7130,0.234
2004-12-20,9.6625,12.9125,2.6840,0.423
2004-12-21,9.7900,13.2500,2.6890,-0.659
2004-12-22,9.8225,13.1125,2.7040,1.278
2004-12-23,9.8900,13.2875,2.6930,0.221
2004-12-27,9.8500,13.2500,2.6940,0.135
2004-12-28,9.9000,13.3438,2.6900,-0.212
2004-12-29,10.0925,13.4625,2.6825,0.550
2004-12-30,10.0050,13.3125,2.6510,-0.382
2004-12-31,9.9450,13.3125,2.6550,-0.830
2005-01-03,9.6750,12.8125,2.6695,0.790
2005-01-04,9.4350,12.7825,2.7020,-0.280
2005-01-05,9.3525,12.7000,2.6970,-0.694
2005-01-06,9.4125,12.8250,2.7190,-0.224
2005-01-07,9.4875,12.8813,2.7095,-0.218
2005-01-10,9.5150,12.8375,2.6955,-0.106
2005-01-11,9.4875,12.9187,2.7120,-0.416
2005-01-12,9.5525,12.8850,2.6961,-0.060
2005-01-13,9.6700,13.0875,2.6990,-0.289
2005-01-14,9.7775,13.1525,2.7040,0.507
2005-01-18,9.6400,13.0037,2.7130,0.561
2005-01-19,9.6400,13.0825,2.7040,-0.376
2005-01-20,9.4425,12.8250,2.7227,0.230
2005-01-21,9.6000,12.9012,2.6902,0.091
2005-01-24,9.8000,13.0625,2.6795,0.513
2005-01-26,10.0250,13.3013,2.6673,0.516
2005-01-27,9.9825,13.2875,2.6635,0.050
2005-01-28,9.9500,13.0887,2.6477,0.638
2005-01-31,10.1625,13.1875,2.6115,0.623
2005-02-01,10.2750,13.3625,2.6050,0.155
2005-02-02,10.3350,13.4875,2.6175,0.285
2005-02-03,10.5975,13.6987,2.6042,0.732
2005-02-04,10.6350,13.8625,2.6000,-0.267
2005-02-09,11.2250,14.8000,2.6075,-1.118
2005-02-10,11.2125,14.5200,2.6110,0.812
2005-02-11,11.1375,14.4888,2.6065,0.181
2005-02-14,11.1625,14.3775,2.5820,0.232
2005-02-15,11.0650,14.2863,2.5728,-0.366
2005-02-16,11.2700,14.4012,2.5910,1.382
2005-02-17,11.2125,14.4375,2.5640,-0.437
2005-02-18,11.3000,14.5125,2.5660,-0.101
2005-02-22,11.5875,15.0625,2.5922,-0.292
2005-02-23,11.7875,15.2500,2.5800,-0.289
2005-02-24,12.0525,15.8337,2.6025,-0.950
2005-02-25,12.4525,16.2437,2.6265,0.674
2005-02-28,12.2000,15.8750,2.5846,-0.686
2005-03-01,11.6225,15.1375,2.6103,0.209
2005-03-02,11.9200,15.7125,2.6270,-0.354
2005-03-03,12.0000,16.0875,2.6980,0.625
2005-03-04,12.3875,16.3813,2.6513,0.246
2005-03-07,12.3000,16.5375,2.6539,-1.306
2005-03-08,12.1100,16.3188,2.6925,-0.096
2005-03-09,11.7475,15.9500,2.7186,0.115
2005-03-10,11.4625,15.5625,2.7290,0.502
2005-03-11,11.3350,15.3512,2.6975,-0.411
2005-03-14,11.1125,15.2750,2.7530,0.140
2005-03-15,10.8425,14.9750,2.7755,0.479
2005-03-16,10.8950,15.1062,2.7440,-1.048
2005-03-17,11.3000,15.3700,2.7345,0.520
2005-03-18,11.1925,15.1875,2.7090,-0.179
2005-03-21,11.1425,15.1500,2.7220,0.099
2005-03-22,10.8125,14.6375,2.7080,0.018
2005-03-23,10.5525,14.4875,2.7455,-0.011
2005-03-24,10.6600,14.5500,2.7415,0.427
2005-03-28,10.5350,14.3750,2.7439,0.546
2005-03-29,10.4175,14.0625,2.7053,0.204
2005-03-30,10.7475,14.3500,2.6755,0.191
2005-03-31,11.0450,14.6875,2.6660,0.242
2005-04-01,11.2025,14.8750,2.6572,0.058
2005-04-04,11.1575,14.7750,2.6570,0.323
2005-04-05,11.0600,14.5037,2.6248,0.079
2005-04-06,11.1425,14.5000,2.6023,-0.013
2005-04-07,11.2000,14.4987,2.5950,0.229
2005-04-08,11.0875,14.3125,2.5910,0.359
2005-04-11,11.0700,14.3125,2.5753,-0.407
2005-04-12,11.0525,14.1875,2.5980,1.196
2005-04-13,10.8675,13.8875,2.5550,-0.031
2005-04-14,10.6175,13.5625,2.5710,0.636
2005-04-15,10.2825,13.4375,2.5875,-1.001
2005-04-18,10.2500,13.3000,2.6190,0.920
2005-04-19,10.6475,13.6637,2.5840,0.679
2005-04-20,10.5625,13.5013,2.5600,0.139
2005-04-22,10.6575,13.3138,2.5339,1.418
2005-04-25,10.9375,13.8138,2.5260,0.002
2005-04-26,10.9650,13.9137,2.5420,0.164
2005-04-27,10.6200,13.4250,2.5135,-0.583
2005-04-28,10.3525,13.1875,2.5230,-0.969
2005-04-29,10.4825,13.4375,2.5330,-1.201
2005-05-02,10.7025,13.3750,2.5147,0.612
2005-05-03,10.6825,13.3337,2.5020,0.225
2005-05-04,10.9650,13.5125,2.4750,0.420
2005-05-05,11.1675,13.7250,2.4700,0.487
2005-05-06,11.3550,14.0000,2.4668,0.038
2005-05-09,11.4950,14.0125,2.4528,0.606
2005-05-10,11.1725,13.7625,2.4742,0.429
2005-05-11,11.2750,13.8000,2.4800,1.312
2005-05-12,10.8500,13.4375,2.4610,-0.644
2005-05-13,10.5700,13.0375,2.4630,-0.158
2005-05-16,10.6700,13.2250,2.4780,-0.037
2005-05-17,10.9375,13.6000,2.4775,-0.376
2005-05-18,11.1250,13.6875,2.4625,0.074
2005-05-19,11.3575,13.8938,2.4455,-0.046
2005-05-20,11.4000,13.9375,2.4525,0.300
2005-05-23,11.2750,13.6750,2.4300,0.176
2005-05-24,11.4050,13.8375,2.4339,0.302
2005-05-25,11.5850,13.9312,2.4075,0.102
2005-05-27,11.8275,14.2312,2.3960,-0.435
2005-05-31,11.8000,14.0138,2.4110,1.507
2005-06-01,11.9625,14.5500,2.4420,0.386
2005-06-02,12.1575,14.6875,2.4166,0.016
2005-06-03,12.0850,14.6512,2.4081,-0.685
2005-06-06,11.8800,14.6250,2.4760,0.564
2005-06-07,11.5725,14.2500,2.4560,-0.273
2005-06-08,11.6000,14.3125,2.4398,-1.129
2005-06-09,11.6500,14.4537,2.4887,0.297
2005-06-10,11.8125,14.4500,2.4670,0.835
2005-06-13,11.8475,14.4650,2.4588,0.694
2005-06-14,12.0500,14.7350,2.4610,0.628
2005-06-15,12.0900,14.7500,2.4443,0.175
2005-06-16,12.4075,14.8813,2.4095,0.448
2005-06-17,12.7850,15.2863,2.3920,0.030
2005-06-20,13.0325,15.6225,2.3825,-0.624
2005-06-21,12.9625,15.4375,2.3790,-0.121
2005-06-22,13.0525,15.6375,2.3760,-0.839
2005-06-23,12.8400,15.4675,2.3925,-0.696
2005-06-24,12.6700,15.1250,2.3800,-0.315
2005-06-27,13.2425,15.7500,2.3812,0.105
2005-06-28,13.1825,15.5750,2.3693,0.267
2005-06-29,13.1100,15.4250,2.3493,-0.164
2005-06-30,13.0325,15.1637,2.3570,1.286
2005-07-01,13.0375,15.3062,2.3480,-0.001
2005-07-05,13.2125,15.6875,2.3623,-0.520
2005-07-06,13.0575,15.6562,2.3867,-0.473
2005-07-07,13.0000,15.4050,2.3854,0.650
2005-07-08,13.2250,15.6500,2.3693,0.109
2005-07-11,13.2250,15.4375,2.3455,0.467
2005-07-12,13.3475,15.6125,2.3353,-0.175
2005-07-13,13.2775,15.6000,2.3455,-0.185
2005-07-14,13.0250,15.2812,2.3370,-0.403
2005-07-15,12.7525,14.9137,2.3384,-0.024
2005-07-18,12.7350,14.8188,2.3265,-0.032
2005-07-19,12.6050,14.7875,2.3420,-0.183
2005-07-20,12.7650,14.9000,2.3575,0.985
2005-07-21,12.8100,15.2125,2.3500,-1.057
2005-07-22,12.9650,15.4625,2.3773,-0.334
2005-07-25,12.3850,15.3112,2.4190,-2.166
2005-07-26,12.5350,15.2500,2.4365,0.136
2005-07-27,12.7800,15.5875,2.4430,0.149
2005-07-28,13.1825,15.8763,2.4140,0.221
2005-07-29,13.1425,15.6625,2.3855,0.084
2005-08-01,13.5450,16.0187,2.3770,0.496
2005-08-02,13.9675,16.3750,2.3497,0.212
2005-08-03,14.2550,16.4500,2.3090,0.045
2005-08-04,14.1000,16.2125,2.2965,-0.137
2005-08-05,14.1675,16.3750,2.3005,-0.481
2005-08-08,14.3400,16.6250,2.3095,-0.396
2005-08-09,14.7475,16.9000,2.3120,0.876
2005-08-10,14.9875,17.0375,2.2745,0.041
2005-08-11,14.8125,17.3750,2.3305,-0.660
2005-08-12,14.9200,17.8288,2.3735,-0.687
2005-08-15,15.0800,17.5750,2.3420,0.476
2005-08-16,14.6050,17.2250,2.3450,-0.584
2005-08-17,14.3750,16.9000,2.3510,-0.013
2005-08-18,14.2225,16.9375,2.3690,-0.537
2005-08-19,14.1375,17.1875,2.4500,0.762
2005-08-22,14.6325,17.4375,2.3971,0.575
2005-08-23,14.2700,17.1262,2.4020,0.070
2005-08-24,14.4750,17.7500,2.4205,-1.305
2005-08-25,14.7250,17.6750,2.4186,0.746
2005-08-26,14.3725,17.3125,2.4200,0.452
2005-08-29,14.7225,17.6362,2.4106,0.617
2005-08-30,15.0400,18.1250,2.3884,-0.906
2005-08-31,15.6400,18.5875,2.3540,-0.964
2005-09-01,15.5900,18.3750,2.3645,0.306
2005-09-02,15.6275,18.2450,2.3405,0.236
2005-09-06,15.9700,18.6900,2.3281,-0.536
2005-09-08,15.9600,18.5850,2.3153,-0.586
2005-09-09,16.5975,19.2500,2.3209,0.055
2005-09-12,16.6125,19.2750,2.3193,-0.054
2005-09-13,16.3500,19.0150,2.3288,0.121
2005-09-14,16.6000,19.2500,2.3345,0.656
2005-09-15,16.9425,19.5000,2.3010,-0.039
2005-09-16,17.1675,19.7500,2.2920,-0.385
2005-09-19,17.5000,20.1450,2.2875,-0.642
2005-09-20,17.4825,20.2500,2.2963,-0.876
2005-09-21,18.3175,20.9000,2.2823,0.014
2005-09-22,17.8575,20.3000,2.2870,0.591
2005-09-23,17.7050,20.0500,2.2725,0.336
2005-09-26,17.7450,19.9250,2.2628,0.761
2005-09-27,17.8125,20.2500,2.2555,-0.800
2005-09-28,18.3425,20.5000,2.2417,0.289
2005-09-29,18.1250,20.0500,2.2215,0.411
2005-09-30,17.8725,20.1250,2.2125,-1.757
2005-10-03,18.0450,20.1750,2.2350,-0.048
2005-10-04,17.0250,19.2500,2.2440,-0.769
2005-10-05,16.0925,18.4750,2.2630,-1.442
2005-10-06,15.3400,17.7000,2.2755,-1.395
2005-10-07,15.9700,17.9000,2.2530,0.504
2005-10-10,15.7800,17.6750,2.2530,0.572
2005-10-11,16.1175,18.0050,2.2350,0.035
2005-10-13,15.6500,17.6500,2.2625,0.306
2005-10-14,15.5500,17.5000,2.2475,-0.147
2005-10-17,15.8500,18.0000,2.2295,-1.840
2005-10-18,15.2625,17.1500,2.2405,-0.304
2005-10-19,15.7000,16.7500,2.2513,5.509
2005-10-20,14.7375,16.6550,2.2360,-1.072
2005-10-21,15.1700,17.1750,2.2760,0.515
2005-10-24,15.7850,18.1500,2.2630,-1.594
2005-10-25,15.8100,17.9650,2.2582,-0.634
2005-10-26,15.8125,18.0000,2.2686,-0.355
2005-10-27,15.1850,17.3750,2.2868,-0.072
2005-10-28,15.5750,17.5500,2.2665,0.572
2005-10-31,15.9750,17.8250,2.2478,0.725
2005-11-01,16.0500,18.0750,2.2515,-0.037
2005-11-03,16.7500,18.6750,2.2200,-0.442
2005-11-04,16.2500,17.9450,2.2220,0.606
2005-11-07,15.9500,17.7100,2.1979,-1.026
2005-11-08,16.3375,18.0700,2.2025,-0.433
2005-11-09,16.3950,18.0000,2.1698,-1.184
2005-11-10,15.8475,17.3200,2.1714,-0.660
2005-11-11,15.6025,16.8850,2.1714,0.324
2005-11-14,15.5150,17.1500,2.2025,-0.374
2005-11-16,16.0700,17.6700,2.1980,-0.051
2005-11-17,16.3150,17.8500,2.1840,-0.191
2005-11-18,16.2400,18.0350,2.2259,0.218
2005-11-21,16.3550,18.1650,2.2130,-0.375
2005-11-22,16.8025,18.7550,2.2545,0.990
2005-11-23,16.9475,19.0700,2.2335,-0.754
2005-11-25,16.9175,18.9200,2.2304,-0.283
2005-11-28,16.3775,18.0850,2.2040,-0.205
2005-11-29,16.8100,18.5000,2.1908,-0.467
2005-11-30,16.9000,18.8000,2.2010,-1.072
2005-12-01,17.5400,19.2750,2.2090,0.508
2005-12-02,18.0000,19.8000,2.2040,0.182
2005-12-05,18.0300,19.7800,2.1945,0.017
2005-12-06,18.3500,19.9750,2.1695,-0.350
2005-12-07,17.9450,19.6300,2.1870,-0.036
2005-12-08,17.9250,19.8550,2.2120,-0.151
2005-12-09,17.7825,19.9500,2.2420,-0.079
2005-12-12,17.7925,20.0700,2.2590,0.133
2005-12-13,17.7925,20.2350,2.2550,-0.860
2005-12-14,17.8925,20.4400,2.2848,0.002
2005-12-15,17.5650,20.0750,2.2965,0.468
2005-12-16,17.2900,20.1500,2.3365,0.243
2005-12-19,16.7900,20.0500,2.3755,-0.537
2005-12-20,17.0725,20.0750,2.3523,0.024
2005-12-21,17.6300,20.3200,2.3085,0.145
2005-12-22,17.4450,20.4500,2.3230,-0.918
2005-12-23,17.5375,20.3000,2.3115,-0.153
2005-12-27,17.1925,20.1250,2.3640,0.977
2005-12-28,17.2600,20.3750,2.3500,-0.464
2005-12-29,17.7050,20.6500,2.3297,-0.128
2006-01-03,18.6800,21.6000,2.3320,0.837
2006-01-04,19.0200,21.8950,2.3020,-0.014
2006-01-05,18.9925,21.8000,2.2810,-0.638
2006-01-06,19.5750,22.5000,2.2875,-0.494
2006-01-09,20.1425,22.4500,2.2600,1.385
2006-01-10,20.0000,22.6000,2.2564,-0.159
2006-01-11,20.6125,23.5450,2.2720,-0.549
2006-01-12,20.9625,23.7500,2.2616,-0.192
2006-01-13,20.9300,23.6900,2.2652,0.065
2006-01-17,20.7450,24.0050,2.2945,-0.855
2006-01-18,20.5850,23.8000,2.3230,0.460
2006-01-19,21.1875,24.4400,2.3310,1.039
2006-01-20,21.4875,24.6000,2.2780,-0.511
2006-01-23,22.1575,24.8900,2.2570,0.461
2006-01-24,22.5425,25.1750,2.2360,0.109
2006-01-25,21.7300,25.1750,2.2430,-3.197
2006-01-26,22.6075,25.1250,2.2304,0.346
2006-01-27,22.5125,24.8950,2.2045,-0.324
2006-01-30,23.1250,25.5400,2.2075,-0.062
2006-01-31,23.6250,25.8450,2.2094,0.981
2006-02-01,22.9125,25.6500,2.2170,-0.980
2006-02-02,22.2500,24.6450,2.2250,0.439
2006-02-03,22.1875,24.4750,2.2184,0.553
2006-02-06,22.8900,24.9300,2.1845,0.287
2006-02-07,21.7500,23.9250,2.1901,-0.450
2006-02-08,21.5775,23.5500,2.1952,0.567
2006-02-09,21.5000,23.4450,2.1700,-0.501
2006-02-10,21.0250,22.8000,2.1632,-0.260
2006-02-13,20.7775,22.4000,2.1519,-0.198
2006-02-14,21.0425,22.3850,2.1375,0.465
2006-02-15,21.1625,22.4800,2.1295,0.235
2006-02-16,22.4950,23.5400,2.1160,1.103
2006-02-17,22.8025,23.9550,2.1170,0.757
2006-02-21,22.5125,24.2500,2.1240,-1.409
2006-02-22,22.1750,23.8400,2.1430,-0.333
2006-02-23,22.4100,24.1750,2.1375,-0.928
2006-02-24,22.8875,24.4500,2.1293,-0.339
2006-02-27,22.1475,24.4500,2.1485,-2.691
2006-02-28,21.8850,24.4500,2.1180,-5.210
2006-03-01,23.0500,24.4500,2.1200,-0.070
2006-03-02,23.1825,24.4750,2.1141,0.123
2006-03-03,23.2075,24.6950,2.1220,-0.291
2006-03-06,22.3875,24.0000,2.1190,-1.169
2006-03-07,21.5125,23.1500,2.1667,0.672
2006-03-08,21.4025,23.1000,2.1933,1.606
2006-03-09,20.8300,22.5500,2.1650,-0.007
2006-03-10,21.1575,22.5000,2.1485,1.015
2006-03-13,21.3225,22.7950,2.1320,-0.286
2006-03-14,22.0875,23.5500,2.1231,-0.437
2006-03-15,22.6325,23.8500,2.1256,0.855
2006-03-16,22.5950,23.9000,2.1030,-0.591
2006-03-17,22.0975,23.7000,2.1207,-1.135
2006-03-20,21.9375,23.6950,2.1349,-1.172
2006-03-21,21.5975,23.4650,2.1557,-0.793
2006-03-22,21.2775,23.1000,2.1594,-0.548
2006-03-23,21.3250,23.0500,2.1540,-0.360
2006-03-24,21.4375,23.1950,2.1520,-0.553
2006-03-27,21.3175,23.2250,2.2010,1.011
2006-03-28,20.6725,23.0000,2.2233,-0.084
2006-03-29,21.2800,23.4700,2.2175,0.529
2006-03-30,21.5900,23.5950,2.1910,0.241
2006-03-31,21.6675,23.3000,2.1720,0.991
2006-04-03,22.3500,24.1050,2.1430,-0.651
2006-04-04,22.1100,23.6650,2.1300,-0.498
2006-04-05,22.5275,24.0450,2.1290,-0.268
2006-04-06,22.8025,24.2200,2.1355,0.526
2006-04-07,22.4375,24.2000,2.1390,-0.839
2006-04-10,22.2350,24.0950,2.1483,-0.877
2006-04-11,22.2450,23.7750,2.1485,0.512
2006-04-12,22.2300,23.7000,2.1385,0.293
2006-04-13,22.2100,23.6100,2.1380,0.561
2006-04-17,22.6500,24.1500,2.1339,0.068
2006-04-18,24.0175,25.5250,2.1280,0.116
2006-04-19,24.5925,25.8900,2.1200,0.688
2006-04-20,24.2200,25.7950,2.1235,-0.308
2006-04-21,24.8825,25.7950,2.1199,2.245
2006-04-24,24.2725,25.4250,2.1154,0.976
2006-04-25,23.8600,25.5000,2.1195,-0.841
2006-04-26,24.2550,25.7250,2.1190,-0.104
2006-04-27,24.0175,25.1800,2.1040,0.343
2006-04-28,24.7075,25.5050,2.0900,1.232
2006-05-01,24.9600,25.5050,2.0785,1.704
2006-05-02,25.5425,26.3750,2.0680,0.136
2006-05-03,25.3925,26.4000,2.0685,-0.522
2006-05-04,25.3325,26.1500,2.0635,-0.050
2006-05-05,26.3000,27.2200,2.0549,-0.728
2006-05-08,26.2075,27.0950,2.0605,-0.350
2006-05-09,26.7300,27.7000,2.0600,-0.607
2006-05-10,26.7150,27.4750,2.0555,-0.068
2006-05-11,25.9975,27.3000,2.0925,-0.367
2006-05-12,25.1600,26.9950,2.1340,-0.553
2006-05-15,24.3200,26.5500,2.1680,-0.705
2006-05-16,24.6825,26.3050,2.1446,0.616
2006-05-17,23.3575,25.6450,2.1870,-0.404
2006-05-18,22.7750,24.8500,2.2045,1.021
2006-05-19,22.4375,24.6550,2.2000,0.106
2006-05-22,21.2275,24.8700,2.2973,-1.958
2006-05-23,21.2250,24.4000,2.2535,-1.987
2006-05-24,20.5975,24.6450,2.3580,-1.463
2006-05-25,21.5000,24.6650,2.3105,0.701
2006-05-26,22.6625,25.6450,2.2580,-0.230
2006-05-30,21.4300,24.7550,2.3150,0.203
2006-05-31,21.7125,24.7150,2.3007,1.060
2006-06-01,22.0650,24.7500,2.2697,1.174
2006-06-02,22.3300,25.2500,2.2855,1.060
2006-06-05,21.4875,24.4500,2.2510,-1.087
2006-06-06,21.3325,23.9250,2.2695,1.179
2006-06-07,20.4500,22.6050,2.2585,2.160
2006-06-08,20.1625,22.4500,2.2865,2.676
2006-06-09,19.6775,22.2550,2.2645,0.112
2006-06-12,18.5200,21.2800,2.2625,-1.547
2006-06-13,17.5450,20.3250,2.2920,-1.075
2006-06-14,18.2750,20.8750,2.2825,-0.089
2006-06-15,19.6175,20.8750,2.2610,6.240
2006-06-16,19.7675,22.1450,2.2510,0.467
2006-06-19,19.1325,21.6100,2.2320,-1.194
2006-06-20,19.1900,21.5500,2.2416,-0.194
2006-06-21,19.9450,22.3700,2.2415,-0.074
2006-06-22,19.9525,22.2000,2.2335,0.369
2006-06-23,20.4850,22.9500,2.2470,0.283
2006-06-26,20.4875,22.8500,2.2277,-0.131
2006-06-27,20.2150,22.6300,2.2300,-0.399
2006-06-28,20.7425,23.0750,2.2275,0.117
2006-06-29,21.9725,23.8000,2.2055,1.807
2006-06-30,22.3275,24.2000,2.1640,-0.172
2006-07-03,22.4025,24.4850,2.1595,-1.208
2006-07-05,21.9200,24.1450,2.1910,-0.545
2006-07-06,22.1300,24.1000,2.1815,0.159
2006-07-07,21.8025,24.1000,2.1683,-1.920
2006-07-10,21.8275,23.8500,2.1712,-0.646
2006-07-11,22.3950,24.4900,2.1835,-0.164
2006-07-12,22.2075,24.5000,2.1890,-0.791
2006-07-13,21.8000,24.2500,2.2053,-0.875
2006-07-14,22.3975,24.7500,2.2130,0.133
2006-07-17,21.5000,23.6000,2.2117,0.745
2006-07-18,21.4900,23.5500,2.1963,0.209
2006-07-19,22.0150,24.2450,2.1853,-0.785
2006-07-20,21.4125,23.5600,2.1847,-0.722
2006-07-21,21.1550,23.3750,2.1909,-0.859
2006-07-24,22.1000,24.2500,2.1886,-0.272
2006-07-25,22.2750,24.4550,2.2018,0.276
2006-07-26,22.5075,24.7250,2.2054,0.380
2006-07-27,22.6450,24.9950,2.1870,-0.931
2006-07-28,23.1800,25.1700,2.1776,0.272
2006-07-31,22.9700,24.9750,2.1745,-0.003
2006-08-01,22.9700,25.0600,2.1875,0.253
2006-08-02,23.5050,25.6100,2.1769,-0.101
2006-08-03,23.6125,25.6800,2.1812,0.280
2006-08-04,23.4150,25.6450,2.1720,-0.843
2006-08-07,23.6000,25.8950,2.1775,-0.774
2006-08-08,23.6725,25.7750,2.1849,0.334
2006-08-09,23.6550,25.7450,2.1670,-0.446
2006-08-10,23.7350,25.6700,2.1655,0.113
2006-08-11,23.5650,25.4000,2.1615,0.267
2006-08-14,22.9625,24.8500,2.1555,-0.411
2006-08-15,23.3225,25.1700,2.1458,-0.585
2006-08-16,23.3500,25.1000,2.1290,-0.972
2006-08-17,22.9450,24.5050,2.1315,-0.210
2006-08-18,23.1425,24.8500,2.1490,0.067
2006-08-21,23.1600,24.6450,2.1364,0.383
2006-08-22,23.1525,24.6700,2.1303,-0.037
2006-08-23,22.3325,23.8050,2.1346,0.128
2006-08-24,22.5225,24.2450,2.1633,0.480
2006-08-25,22.6850,24.5000,2.1593,-0.033
2006-08-28,22.5050,24.2050,2.1468,-0.199
2006-08-29,22.4500,24.0800,2.1431,-0.098
2006-08-30,22.3750,24.0050,2.1325,-0.615
2006-08-31,22.4150,23.7600,2.1410,0.990
2006-09-01,22.6700,24.2350,2.1397,0.076
2006-09-05,22.6175,24.0400,2.1250,-0.037
2006-09-06,21.5950,23.2200,2.1452,-0.246
2006-09-07,21.4750,23.2200,2.1530,-0.440
2006-09-08,20.9375,22.6600,2.1545,-0.464
2006-09-11,19.9600,21.8450,2.1756,-0.607
2006-09-12,19.9125,21.6550,2.1696,-0.249
2006-09-13,20.5975,22.4850,2.1630,-0.929
2006-09-14,20.0575,21.7100,2.1550,-0.452
2006-09-15,19.8125,21.4000,2.1535,-0.313
2006-09-18,20.6025,22.1750,2.1405,-0.564
2006-09-19,20.0475,21.7450,2.1560,-0.615
2006-09-20,19.2775,21.0750,2.1729,-0.621
2006-09-21,19.2500,21.3250,2.1805,-1.584
2006-09-22,19.1675,21.1500,2.2126,0.260
2006-09-25,19.2050,21.2500,2.2308,0.806
2006-09-26,19.7625,21.7000,2.2050,0.406
2006-09-27,20.4250,22.3500,2.1851,-0.155
2006-09-28,20.8525,22.6500,2.1740,0.074
2006-09-29,20.9575,22.6750,2.1664,0.115
2006-10-02,20.7025,22.4000,2.1570,-0.323
2006-10-03,19.6275,21.3450,2.1713,-0.171
2006-10-04,20.2025,21.9500,2.1670,-0.276
2006-10-05,20.3125,21.9250,2.1656,0.316
2006-10-06,20.3725,22.0550,2.1660,0.038
2006-10-09,20.5125,22.2950,2.1660,-0.359
2006-10-10,20.7125,22.3450,2.1451,-0.581
2006-10-11,20.7000,22.2850,2.1500,-0.146
2006-10-12,21.1575,22.2850,2.1490,2.014
2006-10-13,21.5050,23.0000,2.1410,0.092
2006-10-16,21.8275,23.2950,2.1320,-0.115
2006-10-17,21.2925,22.6750,2.1360,0.288
2006-10-18,21.1950,22.6250,2.1310,-0.184
2006-10-19,21.5950,23.1450,2.1355,-0.376
2006-10-20,21.4050,22.8450,2.1425,0.373
2006-10-23,21.2200,22.7450,2.1375,-0.291
2006-10-24,21.7400,23.3300,2.1435,-0.129
2006-10-25,22.5275,24.1900,2.1463,-0.060
2006-10-26,22.4675,24.0000,2.1340,-0.113
2006-10-27,22.2525,23.8450,2.1350,-0.379
2006-10-30,21.7800,23.4000,2.1405,-0.384
2006-10-31,22.1900,23.7000,2.1350,-0.051
2006-11-01,21.8125,23.3750,2.1388,-0.208
2006-11-02,21.7450,23.3750,2.1425,-0.345
2006-11-03,22.2350,23.9000,2.1432,-0.305
2006-11-06,22.5875,24.3450,2.1337,-1.017
2006-11-07,22.5275,24.0500,2.1350,-0.008
2006-11-08,22.9900,24.7200,2.1428,-0.358
2006-11-09,23.0675,24.6750,2.1410,0.076
2006-11-10,23.2200,24.9750,2.1490,-0.101
2006-11-13,22.3600,24.2150,2.1635,-0.112
2006-11-14,22.7200,24.4950,2.1555,-0.035
2006-11-15,22.8725,24.4950,2.1475,0.263
2006-11-16,22.3100,24.1000,2.1490,-0.531
2006-11-17,22.3250,24.1500,2.1640,0.023
2006-11-20,22.1925,24.1500,2.1580,-0.846
2006-11-21,22.7975,24.6450,2.1640,0.089
2006-11-22,22.7950,24.6900,2.1620,-0.197
2006-11-24,22.6250,24.5750,2.1659,-0.298
2006-11-27,22.2700,24.5000,2.1805,-0.898
2006-11-28,22.6525,24.6500,2.1850,0.397
2006-11-29,23.4850,25.4250,2.1775,0.568
2006-11-30,23.5375,25.5000,2.1665,-0.012
2006-12-01,23.4750,25.2500,2.1610,0.454
2006-12-04,23.8950,25.7450,2.1675,0.587
2006-12-05,24.3025,26.0950,2.1550,0.349
2006-12-06,24.0700,26.0650,2.1474,-0.848
2006-12-07,24.3350,26.1500,2.1410,-0.380
2006-12-08,24.5550,26.2500,2.1382,0.007
2006-12-11,24.5475,26.2400,2.1360,-0.089
2006-12-12,24.1950,25.9900,2.1490,0.029
2006-12-13,24.1475,26.0250,2.1427,-0.594
2006-12-14,24.3550,26.1750,2.1410,-0.393
2006-12-15,24.4100,26.2200,2.1450,-0.154
2006-12-18,24.0200,26.0500,2.1460,-1.062
2006-12-19,24.3100,26.1750,2.1575,0.189
2006-12-20,24.5750,26.6500,2.1565,-0.570
2006-12-21,24.5550,26.4950,2.1580,-0.001
2006-12-22,24.5325,26.2750,2.1500,0.371
2006-12-26,24.8150,26.6050,2.1430,-0.059
2006-12-27,25.4175,27.1500,2.1472,0.509
2006-12-28,25.4350,27.2450,2.1360,-0.295
2007-01-03,24.9150,26.8000,2.1390,-0.572
2007-01-04,24.2175,26.0000,2.1420,-0.243
2007-01-05,23.8525,25.5000,2.1505,0.578
2007-01-08,24.0025,25.6500,2.1500,0.595
2007-01-09,23.3725,25.1500,2.1520,-0.005
2007-01-10,23.2850,25.1000,2.1516,-0.199
2007-01-11,23.3275,25.1750,2.1450,-0.621
2007-01-12,23.6000,25.2600,2.1410,0.015
2007-01-16,23.0600,24.5750,2.1426,0.526
2007-01-17,23.0925,24.5750,2.1317,0.155
2007-01-18,22.7325,24.1250,2.1300,0.353
2007-01-19,23.6475,25.2000,2.1280,-0.155
2007-01-22,23.5950,25.2750,2.1320,-0.486
2007-01-23,24.5475,26.1300,2.1340,0.238
2007-01-24,24.7100,26.3200,2.1280,-0.109
2007-01-26,24.3425,26.0000,2.1350,-0.055
2007-01-29,23.6875,25.3500,2.1370,-0.157
2007-01-30,24.2200,25.8300,2.1330,0.002
2007-01-31,24.5700,26.0000,2.1225,0.288
2007-02-01,24.8250,25.9200,2.1052,0.813
2007-02-02,24.8650,26.2250,2.0960,-0.635
2007-02-05,24.8475,26.0000,2.0925,-0.013
2007-02-06,24.6500,25.6450,2.0852,0.215
2007-02-07,24.0525,25.0100,2.0850,0.259
2007-02-08,24.1450,25.4950,2.0970,-0.702
2007-02-09,23.8375,25.0500,2.0993,-0.116
2007-02-12,23.6050,24.7200,2.1135,0.909
2007-02-13,24.0600,25.1500,2.1080,0.832
2007-02-14,23.5925,24.7250,2.0980,0.095
2007-02-15,23.3875,24.5000,2.0870,-0.388
2007-02-16,23.5125,24.4950,2.0898,0.299
2007-02-21,23.5100,24.5500,2.0791,-0.449
2007-02-22,23.9125,24.9000,2.0740,-0.413
2007-02-23,23.9025,25.0000,2.0870,-0.231
2007-02-26,24.1750,25.1200,2.0828,0.222
2007-02-27,22.4200,24.0000,2.1045,-1.702
2007-02-28,22.6400,23.9250,2.1200,0.307
2007-03-01,22.2925,23.6700,2.1230,-0.028
2007-03-02,21.6175,22.9950,2.1210,-0.303
2007-03-05,21.1300,22.5100,2.1385,0.370
2007-03-06,21.9525,23.2500,2.1235,0.250
2007-03-07,21.9075,22.7400,2.1140,1.830
2007-03-08,22.3250,23.5600,2.1034,-0.343
2007-03-09,22.5675,23.6500,2.0955,-0.021
2007-03-12,22.4400,23.4000,2.0915,0.285
2007-03-13,21.8000,22.9900,2.0885,-0.980
2007-03-14,22.0400,23.0950,2.1060,0.490
2007-03-15,21.8900,22.8500,2.0900,0.110
2007-03-16,21.5450,22.4250,2.0900,0.399
2007-03-19,21.9600,22.7750,2.0790,0.230
2007-03-20,22.2725,23.1750,2.0753,-0.276
2007-03-21,23.3300,23.9500,2.0720,0.918
2007-03-22,23.6425,24.3600,2.0555,-0.252
2007-03-23,23.7625,24.5000,2.0670,0.239
2007-03-26,23.9400,24.6750,2.0610,-0.020
2007-03-27,23.7475,24.4000,2.0612,0.304
2007-03-28,23.6000,24.4000,2.0740,0.300
2007-03-29,25.3300,25.7550,2.0540,1.005
2007-03-30,24.8775,25.8700,2.0580,-1.048
2007-04-02,25.2100,25.7250,2.0465,0.277
2007-04-03,24.9675,25.3750,2.0370,0.214
2007-04-04,25.3250,25.7650,2.0308,-0.194
2007-04-05,25.5375,25.9500,2.0304,-0.094
2007-04-09,25.6550,25.9000,2.0215,0.119
2007-04-10,25.9500,26.2500,2.0310,0.389
2007-04-11,25.5450,25.9500,2.0305,-0.059
2007-04-12,26.1125,26.4500,2.0367,0.536
2007-04-13,26.4775,26.8000,2.0192,-0.255
2007-04-16,26.8950,27.2450,2.0316,0.275
2007-04-17,26.2950,26.8500,2.0317,-0.515
2007-04-18,26.1825,26.5000,2.0380,0.679
2007-04-19,25.7425,26.1400,2.0310,0.006
2007-04-20,26.0200,26.2500,2.0240,0.313
2007-04-23,25.7375,26.2050,2.0231,-0.650
2007-04-24,25.6525,26.0500,2.0359,0.242
2007-04-25,26.4075,26.6500,2.0221,0.185
2007-04-26,25.9025,26.2000,2.0210,-0.097
2007-04-27,25.6000,26.0000,2.0305,-0.037
2007-04-30,25.3075,25.6000,2.0308,0.380
2007-05-02,25.5175,25.7500,2.0243,0.301
2007-05-03,25.6625,26.2050,2.0220,-0.993
2007-05-04,25.5100,25.9000,2.0283,-0.112
2007-05-07,25.0875,25.3500,2.0235,0.127
2007-05-08,25.2050,25.4900,2.0245,0.093
2007-05-09,25.4100,25.5050,2.0220,0.723
2007-05-10,24.8250,25.1500,2.0167,-0.468
2007-05-11,25.5500,25.6300,2.0173,0.550
2007-05-14,25.4550,25.4250,2.0103,0.634
2007-05-15,25.7700,25.4000,1.9888,0.889
2007-05-16,26.6225,26.0450,1.9636,0.357
2007-05-17,26.6600,26.0300,1.9541,0.070
2007-05-18,26.8475,26.2500,1.9631,0.389
2007-05-21,27.2100,26.4400,1.9426,-0.041
2007-05-22,27.1675,26.4750,1.9376,-0.586
2007-05-23,27.3050,26.7000,1.9415,-0.725
2007-05-24,26.5050,26.0650,1.9650,-0.091
2007-05-25,26.9450,26.2500,1.9456,-0.144
2007-05-29,26.7150,25.8900,1.9420,0.194
2007-05-30,27.0450,26.3500,1.9498,0.061
2007-05-31,27.0400,25.8800,1.9225,0.434
2007-06-01,27.8025,26.5950,1.9010,-0.634
2007-06-04,27.9850,26.9500,1.9182,-0.407
2007-06-05,27.9275,27.2000,1.9401,-0.400
2007-06-06,27.3725,26.5450,1.9680,1.467
2007-06-08,27.3850,26.6800,1.9666,0.928
2007-06-11,27.9700,27.2450,1.9430,-0.265
2007-06-12,27.9050,27.2500,1.9390,-0.720
2007-06-13,28.7925,27.9400,1.9467,0.305
2007-06-14,29.5850,28.4800,1.9310,0.296
2007-06-15,30.3650,28.9000,1.9098,0.331
2007-06-18,30.5850,29.1000,1.9029,0.000
2007-06-19,30.8575,29.3750,1.9017,-0.116
2007-06-20,30.2075,29.0500,1.9175,-0.305
2007-06-21,30.7975,29.2500,1.9190,1.026
2007-06-22,30.3750,29.3350,1.9230,-0.441
2007-06-25,29.9900,29.3050,1.9362,-0.927
2007-06-26,29.7800,29.0450,1.9430,-0.392
2007-06-27,30.1300,29.1750,1.9500,0.692
2007-06-28,30.2925,29.0750,1.9239,0.223
2007-06-29,30.3175,29.3900,1.9301,-0.449
2007-07-02,31.4500,30.0750,1.9160,0.180
2007-07-03,32.1850,30.7000,1.9142,0.340
2007-07-05,32.5250,31.1000,1.9134,0.054
2007-07-06,32.8800,31.4250,1.9015,-0.523
2007-07-10,32.4300,30.8500,1.8910,-0.608
2007-07-11,32.8950,31.0250,1.8890,0.143
2007-07-12,34.1700,31.8500,1.8758,0.622
2007-07-13,34.5500,32.1650,1.8713,0.503
2007-07-16,34.2850,31.8500,1.8694,0.616
2007-07-17,34.6200,32.1950,1.8639,0.215
2007-07-18,34.7500,32.3100,1.8573,-0.122
2007-07-19,35.1200,32.6750,1.8538,-0.374
2007-07-20,34.9350,32.3700,1.8619,0.472
2007-07-23,35.7850,33.1000,1.8413,-0.467
2007-07-24,33.6850,31.3300,1.8490,-0.601
2007-07-25,34.4600,31.9050,1.8705,1.015
2007-07-26,32.2450,30.5150,1.8953,0.138
2007-07-27,31.7700,29.4650,1.9170,3.348
2007-07-30,32.9300,30.9950,1.8865,0.214
2007-07-31,32.4500,30.5050,1.8690,-0.592
2007-08-01,31.8950,30.1000,1.8810,-0.341
2007-08-02,32.6000,30.3500,1.8692,0.389
2007-08-03,30.8850,29.2250,1.8781,-0.761
2007-08-06,31.2550,29.4050,1.8985,0.897
2007-08-07,31.2750,29.6500,1.9070,0.576
2007-08-08,32.1900,30.5800,1.8851,-0.783
2007-08-09,30.9550,29.5000,1.9144,0.441
2007-08-10,30.1500,28.9800,1.9423,1.036
2007-08-13,30.0750,29.0800,1.9380,0.216
2007-08-14,29.2450,28.9500,1.9752,-0.234
2007-08-15,27.7050,28.2600,1.9963,-2.145
2007-08-16,26.7800,27.8500,2.1050,1.206
2007-08-17,27.0400,27.1300,2.0320,1.263
2007-08-20,26.8600,27.2000,2.0370,0.577
2007-08-21,26.9500,27.2600,2.0286,0.277
2007-08-22,28.5800,28.4800,2.0131,1.008
2007-08-23,28.6850,28.6750,1.9992,-0.005
2007-08-24,29.6400,29.0700,1.9745,0.661
2007-08-27,29.8300,29.0000,1.9550,0.548
2007-08-28,28.3900,28.4750,1.9876,-0.917
2007-08-29,29.4450,28.8500,1.9741,0.741
2007-08-30,29.6450,29.2550,1.9665,-0.364
2007-08-31,30.9200,30.5000,1.9672,-0.286
2007-09-04,32.2600,31.2500,1.9465,0.471
2007-09-05,31.8400,31.1250,1.9678,0.650
2007-09-06,32.6650,31.6000,1.9490,0.734
2007-09-10,31.8900,30.8550,1.9600,1.287
2007-09-11,33.1600,31.8050,1.9305,0.637
2007-09-12,33.4250,31.9000,1.9095,0.039
2007-09-13,34.1500,32.2750,1.8979,0.408
2007-09-14,33.5550,31.6250,1.8945,0.506
2007-09-17,33.2050,31.7400,1.9129,0.060
2007-09-18,35.3000,33.0000,1.9005,1.648
2007-09-19,35.5500,33.1500,1.8700,0.269
2007-09-20,35.3150,33.0050,1.8560,-0.705
2007-09-21,36.5500,34.2750,1.8620,-0.721
2007-09-24,37.3650,35.0000,1.8700,-0.182
2007-09-25,37.1750,34.4000,1.8650,0.772
2007-09-26,37.7200,34.6650,1.8530,0.815
2007-09-27,38.4550,35.3900,1.8380,-0.141
2007-09-28,37.7500,34.6500,1.8360,0.013
2007-10-01,39.0650,35.2300,1.8179,0.789
2007-10-02,38.8050,35.3800,1.8220,-0.081
2007-10-03,37.3700,34.2800,1.8270,-0.416
2007-10-04,38.0750,34.6000,1.8288,0.624
2007-10-05,39.4100,35.9350,1.8057,-0.984
2007-10-08,39.4500,36.0950,1.8057,-1.323
2007-10-09,40.5650,36.7300,1.8010,-0.548
2007-10-10,41.6900,37.7950,1.8015,-0.642
2007-10-11,41.2150,37.4750,1.7897,-1.584
2007-10-15,42.5350,38.7500,1.8068,-0.836
2007-10-16,42.0150,38.2500,1.8229,0.117
2007-10-17,42.5850,38.8500,1.8060,-1.019
2007-10-18,43.2250,38.5000,1.8048,1.315
2007-10-19,40.3550,36.5000,1.7963,-0.699
2007-10-22,39.8900,36.1450,1.8187,0.357
2007-10-23,41.4850,37.3450,1.7970,-0.189
2007-10-24,42.8800,38.6500,1.8033,0.033
2007-10-25,43.8650,39.0500,1.7931,0.710
2007-10-26,45.7900,40.6300,1.7779,0.185
2007-10-29,47.2400,41.7400,1.7555,-0.659
2007-10-30,45.7250,40.0750,1.7502,-0.152
2007-10-31,47.8150,41.3900,1.7386,0.424
2007-11-01,46.8500,40.8300,1.7473,0.246
2007-11-05,45.1300,39.0850,1.7540,1.264
2007-11-06,47.5150,40.7400,1.7298,0.873
2007-11-07,46.3700,40.7600,1.7304,-1.572
2007-11-08,58.3850,46.6500,1.7352,8.585
2007-11-09,53.8800,47.9550,1.7505,-1.661
2007-11-12,47.4500,44.5050,1.7505,-6.683
2007-11-13,52.7550,45.3100,1.7682,2.937
2007-11-14,51.6100,46.2550,1.7335,-3.291
2007-11-16,52.8850,46.0250,1.7422,0.094
2007-11-19,50.4800,45.1500,1.7610,-1.556
2007-11-21,49.5200,44.3500,1.7859,-0.296
2007-11-23,50.3900,44.7000,1.8020,1.569
2007-11-26,47.2500,44.0000,1.8302,-1.731
2007-11-27,47.3500,43.4050,1.8380,0.253
2007-11-28,49.3700,43.2550,1.7976,2.586
2007-11-29,48.2750,43.2550,1.7760,-0.894
2007-11-30,48.1500,42.3000,1.7800,1.309
2007-12-03,48.4950,43.0000,1.7840,0.599
2007-12-04,48.1250,43.7450,1.8204,0.133
2007-12-05,51.3200,46.1500,1.7928,-0.318
2007-12-06,53.3400,47.1250,1.7868,1.122
2007-12-07,53.3550,46.9500,1.7620,0.119
2007-12-10,52.5300,46.4000,1.7625,-0.233
2007-12-11,51.6400,47.2450,1.7580,-3.923
2007-12-12,55.9850,49.5100,1.7583,-0.587
2007-12-13,55.2950,48.1550,1.7760,1.966
2007-12-14,53.6650,47.8500,1.7959,0.707
2007-12-17,49.9100,45.4250,1.8158,-0.246
2007-12-18,52.1700,46.5500,1.8092,1.381
2007-12-19,52.6100,47.9000,1.8025,-1.013
2007-12-20,54.0000,48.9500,1.8021,-0.599
2007-12-21,56.6000,50.3050,1.7906,0.733
2007-12-26,58.4550,51.7500,1.7735,0.164
2007-12-27,57.9850,51.6750,1.7655,-0.946
2007-12-28,58.8100,52.5000,1.7771,-0.465
2008-01-02,59.4050,52.1550,1.7681,0.694
2008-01-03,58.3800,51.4000,1.7496,-0.640
2008-01-04,54.9450,48.3500,1.7607,0.043
2008-01-07,53.8050,46.6900,1.7679,1.865
2008-01-08,55.1750,49.5000,1.7565,-2.106
2008-01-09,57.1050,50.3400,1.7725,0.535
2008-01-10,57.0400,49.3000,1.7640,2.047
2008-01-11,55.6050,48.5000,1.7490,0.261
2008-01-14,55.6300,48.2500,1.7346,-0.004
2008-01-15,52.7500,45.9000,1.7481,0.449
2008-01-16,49.0450,43.9000,1.7685,-1.212
2008-01-17,46.2800,41.5550,1.7769,-1.053
2008-01-18,47.1850,42.2000,1.7930,0.240
2008-01-22,48.2900,43.1300,1.8013,0.840
2008-01-23,49.1700,42.3000,1.8175,5.634
2008-01-24,51.2150,45.6000,1.7848,0.229
2008-01-28,55.0100,48.5600,1.7828,0.980
2008-01-29,54.2650,48.5000,1.7728,-0.824
2008-01-30,54.6250,49.7250,1.7778,-2.351
2008-01-31,55.4800,48.2000,1.7578,1.165
2008-02-01,56.5300,49.0500,1.7438,0.486
2008-02-06,53.0050,47.1200,1.7508,-1.527
2008-02-07,55.8000,48.6800,1.7610,0.928
2008-02-08,55.7850,48.8200,1.7655,0.869
2008-02-11,57.5500,49.7600,1.7605,1.805
2008-02-12,56.8750,49.8100,1.7450,-0.375
2008-02-13,58.5750,50.8000,1.7458,0.650
2008-02-14,57.6150,50.4650,1.7463,-0.314
2008-02-15,57.2250,49.9400,1.7513,0.339
2008-02-19,58.8300,50.9500,1.7315,-0.035
2008-02-20,60.2700,51.5250,1.7340,1.415
2008-02-21,59.1000,50.7300,1.7070,-0.568
2008-02-22,59.2750,50.5800,1.7086,0.116
2008-02-25,59.9500,50.9950,1.7052,0.232
2008-02-26,60.8750,51.1050,1.6860,0.416
2008-02-27,62.5050,51.9450,1.6671,0.300
2008-02-28,62.4300,52.0250,1.6800,0.800
2008-02-29,58.6700,48.8500,1.6845,1.156
2008-03-03,58.7700,49.1000,1.6779,0.418
2008-03-04,56.2750,47.1500,1.6818,0.364
2008-03-05,58.3800,48.5000,1.6673,0.347
2008-03-06,56.7650,47.6900,1.6690,-0.670
2008-03-07,55.8350,47.0400,1.6873,0.139
2008-03-10,54.3000,46.2900,1.7037,-0.075
2008-03-11,57.2900,48.1000,1.7011,1.306
2008-03-12,57.1900,47.9500,1.6802,0.199
2008-03-13,55.9350,47.2600,1.6994,0.567
2008-03-14,54.1100,46.9950,1.7040,-1.901
2008-03-17,51.7850,44.5000,1.7221,0.201
2008-03-18,53.3300,45.0050,1.7060,1.079
2008-03-19,48.7250,41.9000,1.6996,-1.178
2008-03-20,47.9200,41.6250,1.7392,0.111
2008-03-24,48.8000,42.3400,1.7303,-0.285
2008-03-25,51.2200,44.7850,1.7403,-0.482
2008-03-26,52.4000,45.2500,1.7353,0.475
2008-03-27,50.9250,44.1750,1.7313,-0.208
2008-03-28,50.4500,44.0700,1.7393,-0.445
2008-03-31,51.0550,44.8350,1.7441,-0.697
2008-04-01,52.2750,45.6550,1.7410,-0.328
2008-04-02,54.2350,46.7500,1.7241,0.007
2008-04-03,54.9800,47.4300,1.7211,-0.247
2008-04-04,55.4000,47.4400,1.7100,-0.154
2008-04-07,55.5500,47.2750,1.6985,-0.210
2008-04-08,56.9500,48.3400,1.6983,0.039
2008-04-09,57.3200,48.3000,1.6914,0.363
2008-04-10,57.5850,48.5150,1.6775,-0.444
2008-04-11,56.4250,47.5550,1.6810,-0.273
2008-04-14,61.0900,51.2050,1.6795,0.186
2008-04-15,61.5500,51.5550,1.6845,0.554
2008-04-16,61.4200,50.8250,1.6720,1.027
2008-04-17,62.7450,51.8000,1.6625,0.689
2008-04-18,62.7450,52.2000,1.6640,0.007
2008-04-22,63.8150,52.8050,1.6547,-0.015
2008-04-23,63.0900,52.1050,1.6571,0.323
2008-04-24,61.0250,51.0000,1.6690,-0.146
2008-04-25,61.6650,51.5000,1.6686,-0.103
2008-04-28,61.3800,51.8500,1.6778,-0.691
2008-04-29,58.3950,49.7400,1.7060,0.143
2008-04-30,60.7100,50.6000,1.6950,1.683
2008-05-02,62.2100,51.5100,1.6463,-0.586
2008-05-05,63.2700,52.8000,1.6599,-0.547
2008-05-06,65.1450,54.2900,1.6605,-0.375
2008-05-07,63.3750,53.8100,1.6743,-1.404
2008-05-08,63.7800,53.9000,1.6790,-0.662
2008-05-09,64.6000,54.7400,1.6880,-0.398
2008-05-12,65.7000,54.9200,1.6670,-0.290
2008-05-13,67.3500,56.2400,1.6600,-0.604
2008-05-14,66.2700,55.3600,1.6618,-0.535
2008-05-15,68.2700,56.4000,1.6518,-0.028
2008-05-16,70.6500,57.9000,1.6430,0.240
2008-05-19,72.1900,59.6900,1.6470,-0.405
2008-05-20,74.1100,61.5000,1.6539,-0.349
2008-05-21,75.1900,62.3000,1.6500,-0.431
2008-05-23,72.3800,59.9500,1.6550,-0.093
2008-05-27,70.3200,59.2000,1.6709,-0.762
2008-05-28,73.3700,60.4900,1.6684,1.182
2008-05-29,70.7800,58.0100,1.6476,0.515
2008-05-30,70.5000,57.4000,1.6252,-0.195
2008-06-02,71.3500,58.4400,1.6305,-0.465
2008-06-03,68.0700,55.4900,1.6227,-0.471
2008-06-04,65.4000,53.5000,1.6293,-0.415
2008-06-05,68.5300,56.0600,1.6345,-0.096
2008-06-06,68.0700,56.1500,1.6261,-1.435
2008-06-09,69.0000,55.9600,1.6226,0.035
2008-06-10,66.2900,54.3000,1.6403,0.125
2008-06-11,66.1800,54.4000,1.6405,-0.213
2008-06-12,66.5100,54.5400,1.6392,-0.052
2008-06-13,67.9400,55.6100,1.6316,-0.332
2008-06-16,68.5200,55.7900,1.6249,-0.217
2008-06-17,69.6200,56.0200,1.6128,0.217
2008-06-18,68.6500,55.3000,1.6088,-0.141
2008-06-19,66.6500,53.3900,1.6036,0.094
2008-06-20,65.2700,52.4000,1.6018,-0.239
2008-06-23,66.3200,53.4100,1.6137,0.188
2008-06-24,66.1400,53.2000,1.6030,-0.355
2008-06-25,68.8300,54.6900,1.5996,0.659
2008-06-26,68.3200,54.8000,1.5925,-0.730
2008-06-27,69.2300,55.0000,1.6038,0.937
2008-06-30,70.8300,56.4500,1.5945,0.034
2008-07-01,70.2400,56.3000,1.6090,0.370
2008-07-02,67.1000,54.0000,1.6003,-0.574
2008-07-03,65.7200,51.8500,1.6061,1.787
2008-07-07,64.4900,51.2600,1.5999,0.641
2008-07-08,62.3100,49.7300,1.6110,0.926
2008-07-10,61.7400,49.0300,1.6082,1.255
2008-07-11,61.7100,49.4600,1.6030,0.001
2008-07-14,62.3600,49.6000,1.5928,0.128
2008-07-15,61.2300,48.7900,1.5935,-0.010
2008-07-16,60.1800,48.0300,1.5954,-0.051
2008-07-17,58.0200,46.0000,1.5877,0.129
2008-07-18,58.0600,46.0100,1.5898,0.308
2008-07-21,59.6600,47.0300,1.5842,0.482
2008-07-22,57.7300,45.5200,1.5841,0.450
2008-07-23,55.8100,44.0100,1.5838,0.422
2008-07-24,53.3400,41.8700,1.5775,0.482
2008-07-25,53.1000,41.7100,1.5728,0.115
2008-07-28,53.6100,42.0800,1.5752,0.340
2008-07-29,54.0000,42.5400,1.5715,-0.257
2008-07-30,56.9800,44.6100,1.5605,-0.339
2008-07-31,55.9100,43.9400,1.5660,-0.370
2008-08-01,54.4600,42.2800,1.5580,0.341
2008-08-04,51.6900,40.1100,1.5683,1.054
2008-08-05,50.2300,39.6500,1.5734,-0.338
2008-08-06,51.7900,40.7100,1.5801,0.508
2008-08-07,52.1100,41.3200,1.5897,0.241
2008-08-08,51.0600,41.0000,1.6107,0.296
2008-08-11,49.4400,39.8600,1.6089,-0.221
2008-08-12,49.4300,40.2000,1.6223,-0.261
2008-08-13,51.5900,41.2500,1.6240,1.554
2008-08-14,50.6800,40.9000,1.6225,0.524
2008-08-15,48.7200,40.0500,1.6361,-0.486
2008-08-18,47.7700,38.9000,1.6303,0.102
2008-08-19,49.7000,40.0400,1.6380,1.659
2008-08-20,51.6600,42.0000,1.6240,-0.124
2008-08-21,54.0600,43.3100,1.6135,0.699
2008-08-22,52.8300,43.1100,1.6184,-0.835
2008-08-25,51.4800,41.6500,1.6269,0.544
2008-08-26,51.5400,42.0100,1.6390,0.540
2008-08-27,53.2000,43.2000,1.6220,-0.127
2008-08-28,53.0600,43.3000,1.6265,-0.344
2008-08-29,52.7400,42.6600,1.6349,1.060
2008-09-02,49.1500,40.8100,1.6573,-0.201
2008-09-03,48.0400,40.0900,1.6741,0.304
2008-09-04,45.4200,38.6200,1.6968,-0.222
2008-09-05,44.8100,38.7000,1.7339,0.383
2008-09-08,43.1900,36.9000,1.7429,2.000
2008-09-09,38.4400,34.3200,1.7569,-1.610
2008-09-10,39.6100,35.1100,1.7823,0.537
2008-09-11,42.1800,38.7000,1.8163,-1.019
2008-09-12,45.7000,40.4200,1.7810,0.682
2008-09-15,40.3500,36.4000,1.8050,0.044
2008-09-16,42.2100,38.4900,1.8281,0.239
2008-09-17,39.2900,36.7100,1.8785,0.526
2008-09-18,39.5000,39.3000,1.9095,-4.039
2008-09-19,47.3200,42.8800,1.8230,0.588
2008-09-22,48.0400,42.9800,1.7985,0.512
2008-09-23,44.4400,40.9900,1.8167,-1.520
2008-09-24,45.3000,42.1200,1.8432,-0.882
2008-09-25,48.3200,44.0500,1.8327,0.518
2008-09-26,46.5600,43.0100,1.8540,0.351
2008-09-29,39.3100,39.5000,1.9115,-4.885
2008-09-30,43.9500,42.2200,1.9225,0.064
2008-10-01,43.4800,41.6000,1.9350,1.122
2008-10-02,38.0800,38.9000,1.9958,-2.314
2008-10-03,36.7200,38.2000,2.0080,-3.490
2008-10-06,34.2000,37.1500,2.1646,-0.364
2008-10-07,29.8900,34.9500,2.2310,-4.600
2008-10-08,29.7800,33.3100,2.4060,7.551
2008-10-09,27.5900,31.0400,2.2000,-2.226
2008-10-10,26.1000,30.1000,2.2972,-0.404
2008-10-13,34.0000,33.6100,2.2972,16.193
2008-10-14,32.5900,34.0000,2.0855,-0.049
2008-10-15,25.0700,29.2900,2.1650,-7.346
2008-10-16,25.5500,26.7500,2.1925,4.707
2008-10-17,26.2100,27.4200,2.1200,1.322
2008-10-20,29.1000,30.6500,2.1060,-0.025
2008-10-21,26.8400,30.3500,2.2130,-2.147
2008-10-22,23.1500,27.9500,2.3760,-1.602
2008-10-23,24.0900,27.0000,2.2770,1.580
2008-10-24,21.0500,24.2500,2.3881,3.648
2008-10-27,19.6400,22.0000,2.2550,0.655
2008-10-28,22.5000,24.1900,2.1862,1.673
2008-10-29,24.2100,26.0000,2.1260,-1.018
2008-10-30,27.0200,28.1100,2.1310,2.418
2008-10-31,26.8900,28.6100,2.1230,-0.232
2008-11-03,26.3700,28.1900,2.1736,1.663
2008-11-04,30.5800,31.0000,2.0995,3.553
2008-11-05,27.0600,29.8100,2.1210,-3.733
2008-11-06,24.8400,27.7700,2.1865,-2.210
2008-11-07,26.7700,28.2100,2.1523,2.122
2008-11-10,27.2100,29.2900,2.1700,0.795
2008-11-11,25.6400,28.7500,2.1700,-3.237
2008-11-12,21.9100,24.9400,2.2785,0.084
2008-11-13,23.9600,25.6300,2.3325,9.026
2008-11-14,21.4500,25.1000,2.2756,-2.766
2008-11-17,21.3200,25.0600,2.3035,-2.014
2008-11-18,20.4500,23.3000,2.2985,0.868
2008-11-19,17.8600,22.3000,2.3894,-4.317
2008-11-21,17.4000,20.2100,2.4560,5.726
2008-11-24,19.3100,22.7100,2.3213,-1.312
2008-11-25,19.5000,23.1000,2.3012,-2.871
2008-11-26,22.1200,24.2200,2.3060,5.303
2008-11-28,20.9400,23.7500,2.3074,1.720
2008-12-01,17.8800,21.7600,2.3625,-2.938
2008-12-02,18.4300,21.6400,2.3780,1.263
2008-12-03,18.6600,22.8400,2.3955,-2.145
2008-12-04,17.1600,21.7900,2.4790,-2.387
2008-12-05,17.9400,21.5000,2.6187,9.255
2008-12-08,19.3400,24.4600,2.4625,-2.648
2008-12-09,19.4500,24.2000,2.4835,-0.198
2008-12-10,22.0800,26.6600,2.4330,0.751
2008-12-11,22.8900,26.9300,2.2905,-2.656
2008-12-12,23.0600,27.6000,2.3990,0.219
2008-12-15,23.3600,27.7500,2.3585,-0.731
2008-12-16,25.8600,28.8500,2.3670,6.084
2008-12-17,24.7100,29.6400,2.3690,-1.252
2008-12-18,23.0700,28.1000,2.3560,-3.287
2008-12-19,23.4000,27.8900,2.3785,-0.221
2008-12-22,21.8700,26.1200,2.4050,0.684
2008-12-23,21.7100,25.8900,2.3752,-0.414
2008-12-26,22.5500,26.8500,2.3727,-0.364
2008-12-29,22.4000,27.0900,2.3975,-0.879
2008-12-30,23.7300,27.4900,2.3291,0.527
2009-01-02,25.9600,29.8600,2.3230,0.980
2009-01-05,26.9400,30.5200,2.2640,-0.078
2009-01-06,28.1900,31.0200,2.1895,-0.513
2009-01-07,25.9300,29.4000,2.2209,-2.061
2009-01-08,27.0800,30.9500,2.2650,-0.911
2009-01-09,26.9500,30.9000,2.2888,-0.189
2009-01-12,24.7500,28.6400,2.3194,0.218
2009-01-13,25.1500,28.7400,2.2945,0.394
2009-01-14,23.2700,27.6800,2.3537,-1.065
2009-01-15,24.4200,28.5900,2.3698,1.208
2009-01-16,24.9900,29.0000,2.3380,0.736
2009-01-20,23.0100,27.4500,2.3617,-1.015
2009-01-21,25.1500,29.0100,2.3525,1.974
2009-01-22,24.2900,28.3100,2.3515,0.879
2009-01-23,24.5800,28.2400,2.3467,2.128
2009-01-26,24.4500,28.5900,2.3123,-1.127
2009-01-27,24.4200,28.3500,2.3183,-0.154
2009-01-28,26.6800,30.4500,2.2890,0.280
2009-01-29,26.2300,30.0200,2.2871,-0.082
2009-01-30,26.2000,30.3700,2.3130,-0.230
2009-02-02,25.9200,29.7600,2.3262,1.302
2009-02-03,26.8800,30.9100,2.3151,0.663
2009-02-04,27.2500,31.1600,2.2910,0.176
2009-02-05,28.0900,31.5000,2.2966,2.399
2009-02-06,29.7900,33.2000,2.2620,1.483
2009-02-09,30.2300,33.6100,2.2375,0.624
2009-02-10,28.6900,33.3800,2.2663,-2.606
2009-02-11,29.2200,33.0000,2.2649,0.273
2009-02-12,29.4700,32.7500,2.2940,3.212
2009-02-13,29.9700,33.9200,2.2765,0.570
2009-02-17,27.7500,32.3100,2.3192,-0.406
2009-02-18,26.8200,31.5700,2.3572,0.127
2009-02-19,27.3000,32.2000,2.3554,-0.152
2009-02-20,26.5600,31.5000,2.3898,0.751
2009-02-25,27.2300,32.2500,2.3880,0.814
2009-02-26,27.8000,32.5000,2.3508,0.542
2009-02-27,27.7300,32.7000,2.3750,0.701
2009-03-02,25.3100,30.6800,2.4365,0.502
2009-03-03,25.4600,30.5000,2.4420,1.923
2009-03-04,27.5500,32.5100,2.3738,0.582
2009-03-05,26.9000,32.1000,2.3860,-0.026
2009-03-06,26.7200,31.5100,2.3735,0.635
2009-03-09,26.5900,31.5900,2.3698,-0.264
2009-03-10,28.7300,33.3200,2.3472,1.193
2009-03-11,28.7200,33.5300,2.3357,0.032
2009-03-12,29.8700,34.3000,2.3265,1.301
2009-03-13,30.0600,34.4000,2.3125,1.037
2009-03-16,29.3900,33.6000,2.2635,-1.006
2009-03-17,30.4700,34.6000,2.2792,0.357
2009-03-18,31.0100,35.0000,2.3033,2.036
2009-03-19,32.3000,36.3200,2.2516,0.119
2009-03-20,32.2700,36.3200,2.2500,-0.045
2009-03-23,34.9900,38.9700,2.2709,1.949
2009-03-24,33.9000,38.1500,2.2548,0.180
2009-03-25,34.4000,38.3300,2.2383,0.440
2009-03-26,34.2000,38.1800,2.2371,0.195
2009-03-27,32.4000,37.0500,2.2761,-0.478
2009-03-30,30.8400,35.7800,2.3251,0.204
2009-03-31,30.4700,35.3800,2.3007,-0.929
2009-04-01,32.1900,36.6000,2.2860,0.528
2009-04-02,34.4700,38.4000,2.2400,0.537
2009-04-03,35.1000,38.5000,2.2024,0.395
2009-04-06,34.3000,38.0700,2.2274,0.341
2009-04-07,34.1200,37.7200,2.2255,0.655
2009-04-08,34.3000,37.6000,2.1950,0.118
2009-04-09,35.9900,38.8000,2.1774,0.985
2009-04-13,35.9000,38.9000,2.1745,0.340
2009-04-14,35.0800,38.5800,2.1778,-0.989
2009-04-15,34.4000,37.6000,2.1955,0.432
2009-04-16,34.6600,37.8000,2.1756,-0.256
2009-04-17,34.1200,37.3500,2.1856,-0.170
2009-04-20,32.1600,36.2000,2.2322,-0.846
2009-04-22,32.2800,35.7900,2.2045,-0.585
2009-04-23,32.9900,36.5100,2.2185,0.231
2009-04-24,33.5100,36.6000,2.1960,0.530
2009-04-27,32.2500,35.7100,2.1963,-0.825
2009-04-28,32.4300,35.8000,2.2060,-0.083
2009-04-29,33.7700,36.9100,2.1617,-1.110
2009-04-30,33.5700,36.8400,2.1724,-1.021
2009-05-04,37.6700,40.0000,2.1363,0.593
2009-05-05,37.8400,40.5000,2.1495,0.416
2009-05-06,39.0400,41.0500,2.1199,0.805
2009-05-07,38.3200,40.2600,2.1052,0.188
2009-05-08,40.0000,41.6600,2.0742,-0.422
2009-05-11,39.9800,41.3000,2.0528,-0.641
2009-05-12,39.1600,40.4500,2.0687,0.136
2009-05-13,37.3500,39.3500,2.1010,-0.289
2009-05-14,37.9200,39.5200,2.0939,0.456
2009-05-15,37.0100,38.9800,2.0815,-1.185
2009-05-18,39.4000,40.8500,2.0798,0.299
2009-05-19,40.1900,41.0000,2.0489,0.421
2009-05-20,40.9500,41.5000,2.0205,-0.314
2009-05-21,39.8700,40.7000,2.0332,-0.413
2009-05-22,40.5800,41.2000,2.0274,-0.155
2009-05-26,41.9300,42.3500,2.0221,0.102
2009-05-27,41.8800,42.4900,2.0148,-0.706
2009-05-28,43.5100,43.5000,2.0074,0.393
2009-05-29,44.0300,43.1600,1.9678,0.373
2009-06-01,45.6400,44.4000,1.9452,-0.024
2009-06-02,44.8900,43.1000,1.9402,1.039
2009-06-03,41.9700,41.1900,1.9474,-0.786
2009-06-04,43.6500,42.4800,1.9457,-0.036
2009-06-05,43.2600,42.3400,1.9606,0.160
2009-06-08,43.2200,42.4000,1.9779,0.808
2009-06-09,43.2000,42.0000,1.9448,0.018
2009-06-10,43.4300,42.3500,1.9494,-0.044
2009-06-12,43.9500,42.2400,1.9214,-0.041
2009-06-15,42.1500,41.4000,1.9480,-0.836
2009-06-16,41.1000,40.5000,1.9475,-1.182
2009-06-17,40.2800,39.6700,1.9855,0.802
2009-06-18,39.7900,39.3500,1.9611,-0.849
2009-06-19,40.2900,39.8400,1.9540,-1.196
2009-06-22,37.3500,38.2000,2.0138,-1.550
2009-06-23,38.6300,38.7200,2.0026,-0.103
2009-06-24,38.8800,38.2100,1.9650,-0.027
2009-06-25,40.3600,39.7500,1.9632,-0.334
2009-06-26,40.8500,39.8100,1.9444,-0.240
2009-06-29,41.3700,40.7500,1.9570,-0.661
2009-06-30,40.9800,40.0900,1.9653,0.446
2009-07-01,40.4800,39.0600,1.9299,0.003
2009-07-02,39.0000,38.2300,1.9565,-0.205
2009-07-06,37.4300,36.5100,1.9727,1.120
2009-07-07,36.1300,36.1500,1.9667,-1.719
2009-07-08,35.4400,35.6400,2.0035,-0.387
2009-07-09,36.2600,35.6400,1.9910,1.282
2009-07-10,36.2500,36.4700,2.0141,0.098
2009-07-13,36.9900,36.4000,1.9897,1.098
2009-07-14,36.9000,36.2500,1.9721,0.373
2009-07-15,38.9600,37.6000,1.9358,0.291
2009-07-16,39.4100,38.0000,1.9362,0.402
2009-07-17,40.0200,38.8000,1.9278,-0.579
2009-07-20,41.5000,39.6000,1.9056,-0.148
2009-07-21,41.5800,39.5400,1.9085,0.348
2009-07-22,41.1600,39.1800,1.9046,0.043
2009-07-23,42.5700,40.2000,1.8870,-0.088
2009-07-24,42.4600,40.1500,1.8958,0.244
2009-07-27,42.7200,40.1000,1.8857,0.445
2009-07-28,41.6300,39.2900,1.8785,-0.481
2009-07-29,39.8600,37.8500,1.8987,-0.024
2009-07-30,40.9000,38.2200,1.8780,0.484
2009-07-31,41.2400,38.5500,1.8653,-0.227
2009-08-03,43.2500,39.7500,1.8353,-0.155
2009-08-04,42.9100,39.0900,1.8326,0.584
2009-08-05,43.2400,39.3500,1.8291,0.496
2009-08-06,42.3800,38.8000,1.8304,-0.036
2009-08-07,42.5400,39.0400,1.8211,-0.782
2009-08-10,42.1900,39.1000,1.8435,-0.541
2009-08-11,41.4300,37.8600,1.8530,1.386
2009-08-12,41.9500,38.7000,1.8318,-0.718
2009-08-13,42.8600,39.3000,1.8340,0.007
2009-08-14,42.2100,39.1000,1.8440,-0.466
2009-08-17,40.8700,38.7000,1.8665,-1.442
2009-08-18,41.9100,38.9000,1.8683,0.643
2009-08-19,42.5900,39.4000,1.8325,-0.957
2009-08-20,43.0200,39.8000,1.8453,-0.270
2009-08-21,44.3300,40.6100,1.8297,-0.135
2009-08-24,43.9300,40.3400,1.8333,-0.177
2009-08-25,43.3200,40.1100,1.8300,-1.177
2009-08-26,42.6700,39.8700,1.8672,-0.083
2009-08-27,42.1500,39.3000,1.8810,0.870
2009-08-28,41.4700,39.2900,1.8730,-1.154
2009-08-31,39.6400,37.5300,1.8700,-1.243
2009-09-01,38.9500,37.3300,1.8936,-1.211
2009-09-02,40.0700,37.8600,1.8936,0.207
2009-09-03,40.2600,37.7700,1.8730,-0.176
2009-09-04,41.8600,38.4500,1.8458,0.475
2009-09-08,42.9300,39.2800,1.8245,-0.298
2009-09-09,43.2300,39.8000,1.8295,-0.642
2009-09-10,44.1700,40.1700,1.8206,0.094
2009-09-11,43.7300,39.7500,1.8129,-0.279
2009-09-14,44.0800,39.8600,1.8161,0.419
2009-09-15,44.4800,40.2800,1.8058,-0.295
2009-09-16,45.4200,41.0000,1.7983,-0.392
2009-09-17,45.2100,41.0500,1.8097,-0.345
2009-09-18,45.1300,41.0900,1.8080,-0.712
2009-09-21,45.1900,41.1500,1.8137,-0.412
2009-09-22,46.1600,41.3300,1.8028,0.674
2009-09-23,45.0700,40.4600,1.7877,-0.430
2009-09-24,43.9400,39.6500,1.8025,-0.124
2009-09-25,44.2700,39.7500,1.8002,0.245
2009-09-28,45.3800,40.8000,1.7886,-0.531
2009-09-29,45.4900,40.8400,1.7905,-0.282
2009-09-30,45.9000,40.8500,1.7743,-0.318
2009-10-01,44.4300,39.9900,1.7810,-1.063
2009-10-02,44.7200,39.8200,1.7814,0.030
2009-10-05,45.3000,39.9700,1.7702,0.313
2009-10-06,45.9200,40.3200,1.7493,-0.387
2009-10-07,46.1900,40.5000,1.7613,0.438
2009-10-08,47.4400,41.5500,1.7450,-0.382
2009-10-09,47.9600,41.6000,1.7395,0.272
2009-10-13,48.4800,41.8300,1.7310,0.309
2009-10-14,49.8600,42.4500,1.7055,0.160
2009-10-15,50.5300,43.0500,1.7010,-0.172
2009-10-16,50.3700,42.8000,1.7070,0.446
2009-10-19,51.4100,43.9800,1.7085,-0.143
2009-10-20,49.6400,43.2000,1.7555,0.860
2009-10-21,50.2100,43.0000,1.7335,1.208
2009-10-22,50.3400,43.1600,1.7258,0.645
2009-10-23,49.5900,42.4100,1.7143,0.227
2009-10-26,49.0600,42.6000,1.7166,-1.154
2009-10-27,48.2500,41.5300,1.7308,0.543
2009-10-28,45.4300,40.2500,1.7541,-1.008
2009-10-29,48.4400,41.8000,1.7380,0.704
2009-10-30,46.2200,40.5000,1.7445,-0.456
2009-11-03,47.3000,41.0500,1.7530,0.995
2009-11-04,47.6100,41.2000,1.7229,-0.452
2009-11-05,49.2600,42.1800,1.7222,0.564
2009-11-06,49.0100,41.6000,1.7165,1.113
2009-11-09,50.8900,42.7000,1.6995,1.273
2009-11-10,51.1200,43.3000,1.7088,0.871
2009-11-11,50.9100,43.6000,1.7088,-0.235
2009-11-12,49.2800,42.4000,1.7350,0.826
2009-11-13,50.1800,42.8000,1.7270,1.239
2009-11-16,50.9500,43.0000,1.7102,1.319
2009-11-17,51.9200,44.1500,1.7205,1.165
2009-11-18,51.1400,43.7800,1.7078,-0.255
2009-11-19,51.0400,43.9000,1.7325,0.714
2009-11-23,51.1300,44.0000,1.7255,0.255
2009-11-24,51.4300,44.2800,1.7308,0.514
2009-11-25,53.0100,44.8500,1.7271,2.066
2009-11-27,51.3300,44.2300,1.7369,0.786
2009-11-30,51.2800,44.1100,1.7505,1.752
2009-12-01,52.8600,45.1000,1.7253,1.108
2009-12-02,52.8000,44.6000,1.7195,1.782
2009-12-03,52.1200,44.0200,1.7050,0.937
2009-12-04,50.8000,43.1300,1.7234,1.494
2009-12-07,50.1200,43.2700,1.7265,-0.009
2009-12-08,48.4000,42.1000,1.7500,0.594
2009-12-09,48.4800,42.1900,1.7630,1.292
2009-12-10,48.6800,42.4000,1.7723,1.740
2009-12-11,48.1700,42.1000,1.7605,0.716
2009-12-14,48.3000,41.7200,1.7465,1.098
2009-12-15,48.3500,42.1300,1.7510,0.476
2009-12-16,48.5300,42.4000,1.7469,-0.027
2009-12-17,47.1700,41.4100,1.7905,1.978
2009-12-18,46.5600,41.3400,1.7890,0.745
2009-12-21,46.2900,40.2000,1.7820,2.598
2009-12-22,46.1000,41.0000,1.7827,0.223
2009-12-23,47.0500,41.1500,1.7605,0.646
2009-12-24,47.3300,41.1500,1.7618,1.320
2009-12-28,47.9700,41.1500,1.7385,1.332
2009-12-29,47.7200,41.5600,1.7380,-0.220
2009-12-30,47.6800,41.5600,1.7423,-0.057
2010-01-04,48.7000,41.6500,1.7200,0.557
2010-01-05,48.2000,41.4000,1.7296,0.684
2010-01-06,48.9100,41.8100,1.7292,1.142
2010-01-07,48.2000,41.5600,1.7409,0.952
2010-01-08,48.4600,41.2500,1.7342,1.866
2010-01-11,48.1000,41.2900,1.7330,0.941
2010-01-12,47.0700,40.7700,1.7407,0.484
2010-01-13,46.4000,40.4000,1.7480,0.380
2010-01-14,45.1400,39.7500,1.7684,0.410
2010-01-15,45.3700,39.9900,1.7681,0.298
2010-01-19,46.1300,40.6700,1.7767,0.761
2010-01-20,44.6300,39.5500,1.7920,1.109
2010-01-21,42.5800,38.4400,1.8021,-0.191
2010-01-22,42.0400,38.5300,1.8210,-0.656
2010-01-26,40.7300,37.8400,1.8466,-0.618
2010-01-27,41.2700,38.0000,1.8529,0.617
2010-01-28,41.4800,38.8000,1.8525,-0.977
2010-01-29,40.5700,38.2200,1.8755,-0.459
2010-02-01,41.7400,38.3200,1.8645,1.545
2010-02-02,41.9700,38.3000,1.8325,0.405
2010-02-03,41.4000,38.2900,1.8507,0.051
2010-02-04,38.8300,36.4500,1.8865,0.484
2010-02-05,38.7800,35.8000,1.8845,2.068
2010-02-08,38.2000,36.1400,1.8648,-1.445
2010-02-09,39.5400,36.7600,1.8450,-0.774
2010-02-10,39.7600,37.2800,1.8575,-0.947
2010-02-11,40.6500,37.8100,1.8551,-0.278
2010-02-12,40.8800,38.2500,1.8624,-0.477
2010-02-17,41.7100,38.3900,1.8355,-0.288
2010-02-18,42.5400,38.7000,1.8229,0.189
2010-02-19,42.6000,38.6000,1.8050,-0.398
2010-02-22,42.5700,38.8800,1.8080,-1.020
2010-02-23,41.8300,38.1500,1.8225,-0.085
2010-02-24,41.5800,38.1400,1.8203,-0.776
2010-02-25,41.8600,38.3200,1.8400,0.499
2010-02-26,42.6500,38.7000,1.8010,-0.759
2010-03-01,43.3500,39.0500,1.7971,-0.251
2010-03-02,44.0400,39.2800,1.7822,-0.092
2010-03-03,44.0400,39.4100,1.7763,-0.751
2010-03-04,43.8600,39.1900,1.7895,0.137
2010-03-05,44.9500,39.9900,1.7781,-0.068
2010-03-08,44.7600,39.9700,1.7870,0.058
2010-03-09,45.7800,40.7100,1.7894,0.613
2010-03-10,46.5600,41.3000,1.7685,-0.313
2010-03-11,46.7600,41.3000,1.7698,0.189
2010-03-12,47.1000,41.4900,1.7630,0.069
2010-03-15,46.6300,41.0800,1.7660,0.230
2010-03-16,47.0100,41.5400,1.7620,-0.299
2010-03-17,46.8500,41.5500,1.7655,-0.465
2010-03-18,46.2300,41.4000,1.7895,-0.086
2010-03-19,45.4300,40.5500,1.7988,0.764
2010-03-22,44.9700,40.5500,1.8022,-0.068
2010-03-23,45.0800,39.9000,1.7815,0.639
2010-03-24,44.8900,40.3000,1.7882,-0.407
2010-03-25,43.6000,39.4500,1.8050,-0.256
2010-03-26,43.1100,39.2500,1.8207,-0.012
2010-03-29,43.9900,39.4500,1.8080,0.803
2010-03-30,43.9800,39.3000,1.7970,0.550
2010-03-31,44.5000,39.7000,1.7821,-0.122
2010-04-01,45.3800,40.1500,1.7659,-0.204
2010-04-05,45.9100,40.4000,1.7585,-0.083
2010-04-06,46.3500,40.5900,1.7593,0.448
2010-04-07,45.5500,40.3900,1.7635,-0.560
2010-04-08,45.4100,40.4600,1.7780,-0.224
2010-04-09,45.2200,39.7000,1.7709,0.857
2010-04-12,44.0700,38.5400,1.7575,0.484
2010-04-13,43.7500,38.3700,1.7583,0.242
2010-04-14,44.1900,38.6500,1.7445,-0.272
2010-04-15,43.4000,37.9700,1.7428,-0.398
2010-04-16,42.2800,37.0700,1.7610,0.425
2010-04-19,42.8800,37.7000,1.7622,0.216
2010-04-20,44.0100,38.5500,1.7509,-0.056
2010-04-22,43.4500,38.1000,1.7690,0.870
2010-04-23,43.5900,38.2800,1.7633,0.395
2010-04-26,43.1600,37.5100,1.7450,0.392
2010-04-27,41.2400,36.3300,1.7652,0.188
2010-04-28,41.7100,36.4000,1.7622,0.963
2010-04-29,42.6600,37.0900,1.7305,-0.481
2010-04-30,42.4000,36.9500,1.7270,-0.914
2010-05-03,41.0000,35.8400,1.7360,-0.703
2010-05-04,39.0000,34.2100,1.7515,-0.163
2010-05-05,38.4100,34.1000,1.7819,0.356
2010-05-06,37.0600,34.0100,1.8365,0.060
2010-05-07,36.4900,33.6600,1.8360,-0.482
2010-05-10,38.6700,34.2400,1.7783,0.419
2010-05-11,37.8700,33.5200,1.7764,0.346
2010-05-12,38.1800,33.8600,1.7734,-0.017
2010-05-13,38.0000,33.9000,1.7721,-0.679
2010-05-14,37.6500,34.0300,1.8035,-0.232
2010-05-17,37.0500,33.6300,1.8204,0.276
2010-05-18,36.3200,32.9100,1.7980,-0.785
2010-05-19,35.2600,32.1900,1.8498,1.311
2010-05-20,33.4000,31.0600,1.8885,1.539
2010-05-21,34.3000,31.4400,1.8499,0.909
2010-05-24,33.1400,30.9000,1.8520,-0.687
2010-05-25,32.8800,30.3900,1.8785,1.621
2010-05-26,33.5600,31.0500,1.8560,0.302
2010-05-27,35.5100,32.0400,1.8274,1.266
2010-05-28,35.6200,32.4100,1.8170,-0.152
2010-06-01,35.6300,32.9800,1.8235,-1.499
2010-06-02,36.8000,33.3200,1.8287,0.985
2010-06-04,36.0600,33.8000,1.8420,-1.742
2010-06-07,36.1000,33.9900,1.8651,-0.956
2010-06-08,37.1000,34.4000,1.8608,0.343
2010-06-09,37.5600,34.5500,1.8380,-0.094
2010-06-10,38.5700,34.9400,1.8140,0.123
2010-06-11,38.3200,34.5500,1.8045,0.070
2010-06-14,37.2100,33.6700,1.8017,-0.444
2010-06-15,37.9200,33.8800,1.7902,0.184
2010-06-16,38.5300,34.5800,1.7854,-0.533
2010-06-17,38.2400,34.4900,1.7819,-1.218
2010-06-18,38.2900,33.8000,1.7723,0.387
2010-06-21,38.6600,34.1700,1.7624,-0.301
2010-06-22,37.2600,33.2400,1.7670,-0.965
2010-06-23,36.4700,32.6200,1.7870,-0.104
2010-06-24,35.4100,31.6200,1.7915,0.312
2010-06-25,36.1100,32.0200,1.7820,0.481
2010-06-28,35.3400,31.3600,1.7773,0.143
2010-06-29,34.2000,31.0400,1.8060,-0.507
2010-06-30,34.3200,31.0000,1.7941,-0.688
2010-07-01,33.6300,30.1900,1.8010,0.311
2010-07-02,34.1200,30.3000,1.7765,0.023
2010-07-06,34.4600,30.9900,1.7628,-1.991
2010-07-07,35.7700,31.4500,1.7706,0.691
2010-07-08,36.1200,31.8000,1.7595,-0.074
2010-07-12,35.7500,31.2600,1.7648,0.914
2010-07-13,35.6000,31.1900,1.7510,-0.071
2010-07-14,35.6200,31.2900,1.7603,0.195
2010-07-15,35.2900,31.0200,1.7715,0.768
2010-07-16,34.5100,30.5800,1.7858,0.765
2010-07-19,34.6000,30.8000,1.7857,0.301
2010-07-20,36.0300,31.9000,1.7789,0.460
2010-07-21,35.4600,31.5400,1.7735,-0.304
2010-07-22,36.2800,31.8700,1.7639,0.399
2010-07-23,36.2900,31.7800,1.7618,0.591
2010-07-26,36.2900,31.9300,1.7680,0.471
2010-07-27,36.1900,31.8000,1.7640,0.376
2010-07-28,35.6200,31.5000,1.7623,-0.360
2010-07-29,35.6200,31.2800,1.7678,0.654
2010-07-30,36.4000,32.0400,1.7585,-0.110
2010-08-02,37.4500,32.6800,1.7460,0.042
2010-08-03,38.1800,33.5000,1.7568,0.111
2010-08-04,38.6500,33.9000,1.7582,0.228
2010-08-05,38.6800,33.8000,1.7565,0.505
2010-08-06,38.3300,33.5200,1.7585,0.542
2010-08-09,38.1000,33.1500,1.7540,0.795
2010-08-10,37.5900,32.9000,1.7613,0.619
2010-08-11,35.8300,31.6500,1.7670,0.018
2010-08-12,35.7300,31.7000,1.7685,-0.334
2010-08-13,35.8700,31.7600,1.7718,0.054
2010-08-16,36.1500,31.6900,1.7580,0.271
2010-08-17,36.6800,32.3100,1.7513,-0.592
2010-08-18,35.9400,31.5100,1.7513,-0.124
2010-08-19,34.5400,30.3600,1.7626,0.264
2010-08-20,34.4200,30.3000,1.7615,0.051
2010-08-23,34.0300,30.1800,1.7640,-0.549
2010-08-24,33.5200,29.5600,1.7622,-0.086
2010-08-25,33.4100,29.7400,1.7680,-0.691
2010-08-26,33.1000,29.1000,1.7590,0.039
2010-08-27,33.7900,29.9500,1.7493,-1.321
2010-08-30,32.8100,30.1000,1.7570,-4.241
2010-08-31,33.3500,29.5900,1.7529,-1.218
2010-09-01,35.0700,30.0700,1.7406,1.501
2010-09-02,35.9900,31.2400,1.7339,-0.123
2010-09-03,37.4800,32.7100,1.7238,-1.241
2010-09-08,36.5400,31.8600,1.7230,-1.195
2010-09-09,36.0600,31.2500,1.7256,-0.440
2010-09-10,35.8400,31.0200,1.7183,-0.735
2010-09-13,36.4200,31.6600,1.7165,-1.271
2010-09-14,35.2600,30.1400,1.7037,-0.344
2010-09-15,35.0200,29.9800,1.7176,0.317
2010-09-16,35.2800,29.9700,1.7198,1.225
2010-09-17,35.4800,30.1900,1.7145,0.746
2010-09-20,35.9400,30.8000,1.7158,0.107
2010-09-21,35.3700,29.8000,1.7276,2.526
2010-09-22,34.7100,29.6000,1.7226,0.999
2010-09-23,35.5900,30.2500,1.7187,1.105
2010-09-24,34.9200,29.6500,1.7119,0.809
2010-09-27,35.8600,30.2500,1.7089,1.291
2010-09-28,35.5800,30.0800,1.7071,0.962
2010-09-29,35.7200,30.9500,1.7039,-1.675
2010-09-30,36.2700,30.4000,1.6960,1.174
2010-10-01,36.4600,30.6000,1.6810,0.146
2010-10-04,36.5900,30.5600,1.6887,1.095
2010-10-05,36.7100,30.3900,1.6733,1.064
2010-10-06,35.0900,29.1800,1.6721,0.538
2010-10-07,33.8900,28.3100,1.6798,0.545
2010-10-08,34.6800,29.0000,1.6748,0.141
2010-10-11,34.6000,28.7400,1.6748,0.814
2010-10-13,34.7400,28.6000,1.6574,0.661
2010-10-14,34.8800,29.1000,1.6633,-0.316
2010-10-15,34.2900,28.6400,1.6576,-0.770
2010-10-18,34.4600,28.7000,1.6632,-0.150
2010-10-19,33.1800,27.6500,1.6914,1.484
2010-10-20,33.0500,27.5000,1.6749,0.646
2010-10-21,32.0100,26.6800,1.6930,1.561
2010-10-22,31.9000,26.7500,1.6948,1.054
2010-10-25,32.3100,27.2100,1.7078,1.395
2010-10-26,33.6600,28.4500,1.7053,0.879
2010-10-27,33.6800,28.7900,1.7164,0.397
2010-10-28,34.3300,28.8000,1.7119,2.030
2010-10-29,34.1200,28.5500,1.6982,1.476
2010-11-01,34.2700,29.1000,1.7042,0.349
2010-11-03,34.8600,29.3000,1.6985,1.040
2010-11-04,36.3300,30.2000,1.6790,0.990
2010-11-05,36.1300,29.9500,1.6831,1.520
2010-11-08,36.1000,30.2900,1.6974,1.149
2010-11-09,35.6600,29.9000,1.6987,1.297
2010-11-10,35.5100,29.9400,1.7090,1.347
2010-11-11,35.0600,29.5000,1.7090,1.555
2010-11-12,33.8700,28.5200,1.7200,2.133
2010-11-16,32.5000,27.9600,1.7378,0.999
2010-11-17,32.8100,28.0900,1.7227,0.608
2010-11-18,33.6000,28.5300,1.7137,0.912
2010-11-19,33.5900,28.4500,1.7204,1.561
2010-11-22,32.7500,27.6000,1.7223,2.184
2010-11-23,32.0300,27.3300,1.7378,1.833
2010-11-24,32.9900,27.8800,1.7230,1.940
2010-11-26,32.2400,27.2300,1.7268,2.226
2010-11-29,32.5900,27.5000,1.7282,2.404
2010-11-30,32.4400,27.3700,1.7146,1.611
2010-12-01,33.3200,28.1600,1.7030,0.753
2010-12-02,33.7800,28.2100,1.7015,1.873
2010-12-03,34.3900,28.5800,1.6859,1.431
2010-12-06,34.6200,28.7200,1.6848,1.546
2010-12-07,33.6000,28.0100,1.6809,0.818
2010-12-08,33.2600,27.6900,1.6901,1.504
2010-12-09,33.2600,28.0900,1.7064,1.023
2010-12-10,33.6000,28.3300,1.7183,1.897
2010-12-13,33.9300,28.6900,1.7054,0.844
2010-12-14,34.0700,28.4900,1.6945,1.319
2010-12-15,33.3300,27.9600,1.6979,1.200
2010-12-16,33.3600,27.9700,1.7048,1.666
2010-12-17,34.0800,28.6200,1.7134,2.014
2010-12-20,33.9300,28.3300,1.7081,2.287
2010-12-21,34.0200,28.4500,1.6970,1.462
2010-12-22,34.1100,28.4900,1.6958,1.516
2010-12-23,34.2800,28.5400,1.6938,1.723
2010-12-27,34.7600,28.7400,1.6897,2.182
2010-12-28,35.6600,29.6100,1.6898,1.753
2010-12-29,36.6800,30.1000,1.6810,2.424
2010-12-30,37.5600,30.5500,1.6631,2.236
2011-01-03,37.2900,30.3000,1.6452,1.237
2011-01-04,36.9800,30.0600,1.6687,2.642
2011-01-05,37.1800,30.6300,1.6694,1.319
2011-01-06,36.7700,30.4500,1.6880,1.918
2011-01-07,36.2200,30.0000,1.6850,1.718
2011-01-10,36.1200,30.2100,1.6921,1.156
2011-01-11,37.0400,30.5000,1.6899,2.613
2011-01-12,38.4300,31.4700,1.6761,2.340
2011-01-13,37.1800,30.5000,1.6666,1.581
2011-01-14,37.4200,30.7700,1.6819,2.270
2011-01-18,37.4300,30.9500,1.6725,1.134
2011-01-19,36.8300,30.1400,1.6704,2.058
2011-01-20,36.5000,30.1000,1.6735,1.466
2011-01-21,36.1300,29.8700,1.6705,1.030
2011-01-24,36.7300,30.0100,1.6695,2.167
2011-01-26,36.0600,29.5000,1.6682,1.958
2011-01-27,35.8400,29.6100,1.6746,1.347
2011-01-28,35.4100,29.3500,1.6845,1.615
2011-01-31,36.7300,30.0500,1.6739,2.300
2011-02-01,37.7300,30.9900,1.6620,1.173
2011-02-02,37.9100,31.0000,1.6641,1.752
2011-02-03,38.4600,31.3900,1.6676,2.160
2011-02-04,38.0400,31.0000,1.6745,2.739
2011-02-07,36.8500,30.5100,1.6780,1.334
2011-02-08,36.9200,30.0300,1.6679,2.529
2011-02-09,35.9500,29.1200,1.6621,2.597
2011-02-10,36.0400,29.4200,1.6670,2.105
2011-02-11,36.2400,29.5700,1.6655,2.059
2011-02-14,36.7400,30.1700,1.6665,1.470
2011-02-15,37.5200,30.6300,1.6680,2.160
2011-02-16,37.8000,30.9100,1.6724,2.259
2011-02-17,37.6700,30.6500,1.6605,2.041
2011-02-18,38.0000,30.9400,1.6645,2.216
2011-02-22,38.3000,31.5400,1.6660,1.154
2011-02-23,40.3200,33.0100,1.6737,2.217
2011-02-24,39.7400,33.0100,1.6617,0.024
2011-02-25,40.3800,32.8600,1.6597,1.976
2011-02-28,39.8300,32.6000,1.6598,1.395
2011-03-01,39.2000,32.1500,1.6600,1.201
2011-03-02,40.8800,33.2000,1.6600,2.200
2011-03-03,40.9400,33.1600,1.6550,2.165
2011-03-04,41.4800,33.6500,1.6432,1.278
2011-03-09,40.4300,33.6500,1.6553,-0.559
2011-03-10,39.1900,32.1000,1.6589,1.265
2011-03-11,39.4300,32.2200,1.6612,1.647
2011-03-14,39.8000,32.4500,1.6658,2.155
2011-03-15,39.2100,32.1300,1.6673,1.735
2011-03-16,38.6400,31.8000,1.6685,1.369
2011-03-17,39.1000,32.2200,1.6723,1.469
2011-03-18,38.8700,31.9700,1.6727,1.686
2011-03-21,39.5400,32.2200,1.6638,2.090
2011-03-22,39.8100,32.6000,1.6632,1.552
2011-03-23,40.3300,32.9900,1.6609,1.522
2011-03-24,40.1400,32.5300,1.6565,2.201
2011-03-25,40.6200,33.1100,1.6560,1.581
2011-03-28,39.8700,32.5000,1.6591,1.767
2011-03-29,40.1500,32.4200,1.6559,2.536
2011-03-30,40.4100,32.4200,1.6274,1.424
2011-03-31,40.4300,32.6200,1.6287,0.932
2011-04-01,41.4100,32.6200,1.6156,2.548
2011-04-04,41.3500,32.8000,1.6099,1.478
2011-04-05,40.7300,32.3300,1.6083,1.308
2011-04-06,40.4800,32.0800,1.6021,1.080
2011-04-07,40.4700,31.6500,1.5925,1.814
2011-04-08,40.6400,31.4700,1.5765,1.794
2011-04-11,39.8300,31.0200,1.5790,1.373
2011-04-12,38.2100,29.9200,1.5895,1.495
2011-04-13,37.2000,29.3000,1.5923,1.081
2011-04-14,36.9400,28.8200,1.5825,1.418
2011-04-15,37.8100,29.6400,1.5721,0.272
2011-04-18,36.3300,28.4600,1.5950,1.803
2011-04-19,37.0900,28.7700,1.5800,1.846
2011-04-20,37.8400,29.4800,1.5683,0.652
2011-04-25,37.9300,29.3500,1.5701,1.455
2011-04-26,38.0500,29.3600,1.5636,1.320
2011-04-27,37.3800,28.9300,1.5685,1.332
2011-04-28,36.9400,28.7500,1.5870,1.954
2011-04-29,37.3300,28.8900,1.5670,1.239
2011-05-02,37.2100,28.6900,1.5745,2.104
2011-05-03,36.6600,28.4600,1.5835,1.987
2011-05-04,35.7100,28.3100,1.6030,1.101
2011-05-05,34.4800,27.5400,1.6172,1.236
2011-05-06,34.3500,27.2200,1.6037,1.189
2011-05-09,34.7300,27.8200,1.6210,1.181
2011-05-10,35.1900,27.8200,1.6069,1.630
2011-05-11,34.3400,27.2100,1.6190,2.162
2011-05-12,33.6700,26.7600,1.6192,1.866
2011-05-13,33.0400,26.4000,1.6382,2.512
2011-05-16,33.6200,26.4000,1.6266,3.573
2011-05-17,34.2700,27.4500,1.6335,1.967
2011-05-18,34.2600,27.0500,1.6115,2.052
2011-05-19,33.6900,26.5600,1.6179,2.611
2011-05-20,33.8700,27.0000,1.6155,1.328
2011-05-23,33.3500,26.7000,1.6345,2.080
2011-05-24,33.6100,26.8100,1.6287,2.090
2011-05-25,33.6500,26.9100,1.6264,1.688
2011-05-26,34.1500,27.1900,1.6232,1.935
2011-05-27,34.5400,27.2900,1.5985,1.158
2011-05-31,34.6300,26.8300,1.5833,2.180
2011-06-01,33.9400,26.8000,1.5831,0.243
2011-06-02,33.9800,26.5800,1.5813,1.077
2011-06-03,34.0500,26.3300,1.5722,1.659
2011-06-06,32.9800,25.7700,1.5799,1.096
2011-06-07,32.6400,25.5200,1.5748,0.708
2011-06-08,32.8400,25.8000,1.5810,0.620
2011-06-09,33.4300,26.2600,1.5832,0.774
2011-06-10,33.2100,26.2000,1.5974,1.240
2011-06-13,32.9000,25.7300,1.5892,1.603
2011-06-14,33.3600,26.1500,1.5808,0.833
2011-06-15,32.8200,25.8100,1.5940,1.347
2011-06-16,32.5000,25.8700,1.6106,1.168
2011-06-17,32.7000,25.6700,1.5960,1.654
2011-06-20,32.3000,25.5000,1.5932,0.903
2011-06-21,32.5900,25.7500,1.5882,0.504
2011-06-22,32.8400,25.7100,1.5872,1.368
2011-06-24,31.8700,25.2000,1.5949,0.852
2011-06-27,32.2500,25.4300,1.5941,1.081
2011-06-28,32.9500,25.8500,1.5790,0.635
2011-06-29,33.2500,25.7500,1.5690,1.300
2011-06-30,33.8600,26.2500,1.5595,0.580
2011-07-01,34.1000,26.3000,1.5558,0.861
2011-07-05,33.7500,26.0100,1.5636,1.445
2011-07-06,33.5200,25.9600,1.5655,1.070
2011-07-07,34.1400,26.0700,1.5543,1.772
2011-07-08,33.7300,25.9300,1.5631,1.665
2011-07-11,32.7800,25.5000,1.5776,1.399
2011-07-12,32.6900,25.5000,1.5760,1.019
2011-07-13,32.7800,25.8000,1.5708,-0.212
2011-07-14,32.3500,25.3000,1.5733,0.585
2011-07-15,32.7600,25.3800,1.5740,1.584
2011-07-18,32.3200,25.2000,1.5833,1.532
2011-07-19,32.4200,25.0100,1.5675,1.596
2011-07-20,32.2200,24.8100,1.5655,1.653
2011-07-21,33.2200,25.4500,1.5538,1.409
2011-07-22,33.3000,25.5000,1.5509,1.265
2011-07-25,34.2100,26.0300,1.5402,1.211
2011-07-26,34.7500,26.3800,1.5375,1.266
2011-07-27,34.2700,26.3500,1.5660,1.835
2011-07-28,33.7700,26.0600,1.5620,1.206
2011-07-29,33.9700,26.0000,1.5495,1.224
2011-08-01,34.1600,26.1500,1.5610,1.957
2011-08-02,33.1900,25.6000,1.5651,1.456
2011-08-03,32.6400,24.7000,1.5645,3.371
2011-08-04,29.8800,22.9700,1.5790,2.700
2011-08-05,29.0700,22.5300,1.5993,3.177
2011-08-08,26.1500,20.7500,1.5990,0.756
2011-08-09,27.0200,21.3300,1.6290,3.178
2011-08-10,26.9600,21.9000,1.6240,-0.039
2011-08-11,28.0700,22.6000,1.6277,1.083
2011-08-12,28.3000,22.4500,1.6125,1.634
2011-08-15,29.2300,23.3000,1.5937,-0.035
2011-08-16,29.0100,23.0200,1.5871,0.004
2011-08-17,29.3700,23.1000,1.5841,0.704
2011-08-18,27.6500,22.2000,1.6046,-0.074
2011-08-19,27.1700,21.8400,1.5986,-0.563
2011-08-22,26.8900,21.4800,1.6058,0.512
2011-08-23,27.7700,22.1000,1.5991,0.468
2011-08-24,27.7400,22.2000,1.6051,0.283
2011-08-25,27.1400,21.8000,1.6115,0.312
2011-08-26,27.6100,21.8100,1.6055,1.623
2011-08-29,28.5700,22.6000,1.5957,0.861
2011-08-30,28.7800,22.6000,1.5867,1.029
2011-08-31,29.0500,22.9500,1.5841,0.257
2011-09-01,29.0900,23.1700,1.6005,0.472
2011-09-02,27.8500,22.4700,1.6345,1.292
2011-09-06,27.4200,22.5100,1.6610,1.165
2011-09-08,27.7900,22.8000,1.6545,0.830
2011-09-09,26.5400,22.0300,1.6798,1.185
2011-09-12,26.3500,22.2600,1.6964,0.405
2011-09-13,26.3900,22.3000,1.7132,1.371
2011-09-14,26.5500,22.6000,1.7280,1.501
2011-09-15,26.8200,22.6300,1.7115,1.419
2011-09-16,26.3800,22.6100,1.7097,-0.261
2011-09-19,25.9900,22.9100,1.7866,1.339
2011-09-20,25.6500,22.6500,1.7891,1.303
2011-09-21,24.6400,22.6800,1.8355,-0.294
2011-09-22,23.0700,21.4000,1.8787,1.265
2011-09-23,23.0900,21.0000,1.8585,2.173
2011-09-26,23.9700,21.7200,1.8452,1.817
2011-09-27,24.0000,21.4600,1.8067,1.027
2011-09-28,23.3700,21.2100,1.8150,-0.008
2011-09-29,23.3000,21.1100,1.8261,0.777
2011-09-30,22.4500,20.9000,1.8485,-0.721
2011-10-03,21.5000,20.0600,1.8815,0.828
2011-10-04,21.7800,20.1400,1.8810,1.708
2011-10-05,21.9700,19.8000,1.8356,1.839
2011-10-06,23.3300,20.5900,1.8081,2.436
2011-10-07,22.5700,19.9000,1.7662,0.159
2011-10-10,23.5600,20.6600,1.7662,0.706
2011-10-11,23.8700,20.8000,1.7529,0.581
2011-10-13,24.2900,21.0400,1.7450,0.727
2011-10-14,24.8400,21.4100,1.7373,0.781
2011-10-17,23.6800,20.9500,1.7491,-1.149
2011-10-18,24.2100,21.1200,1.7568,0.692
2011-10-19,23.6900,20.9500,1.7655,-0.180
2011-10-20,23.1100,20.4600,1.7983,1.561
2011-10-21,23.9400,21.0000,1.7702,0.901
2011-10-24,24.8600,21.5000,1.7522,1.302
2011-10-25,24.6100,21.5000,1.7611,0.792
2011-10-26,25.1300,21.5000,1.7645,3.121
2011-10-27,26.9200,21.5000,1.7207,7.724
2011-10-28,27.6400,23.2800,1.6916,0.421
2011-10-31,27.0100,23.0800,1.6933,-0.918
2011-11-01,26.1700,22.7500,1.7525,0.798
2011-11-03,27.2500,23.6700,1.7433,0.348
2011-11-04,27.5300,23.9000,1.7545,1.049
2011-11-07,28.2900,24.6200,1.7516,0.635
2011-11-08,28.4400,24.4000,1.7388,1.335
2011-11-09,26.3400,23.2500,1.7596,-0.327
2011-11-10,26.8400,23.2500,1.7627,1.744
2011-11-11,27.4900,23.8500,1.7627,1.586
2011-11-14,27.0000,23.7500,1.7623,0.173
2011-11-16,27.1700,24.1300,1.7723,-0.221
2011-11-17,26.4100,23.4300,1.7671,-0.407
2011-11-18,26.6500,23.6300,1.7817,0.470
2011-11-21,26.2000,23.5000,1.8064,0.697
2011-11-22,25.9000,23.5000,1.8141,-0.032
2011-11-23,24.9900,23.3100,1.8606,-0.265
2011-11-25,24.4100,22.8100,1.8865,0.941
2011-11-28,25.5600,23.4800,1.8545,0.939
2011-11-29,25.4500,23.2700,1.8461,0.952
2011-11-30,26.9900,24.1200,1.8072,1.112
2011-12-01,27.3000,24.7000,1.7965,-0.720
2011-12-02,27.5400,24.6300,1.8002,0.645
2011-12-05,28.2700,25.1700,1.7841,0.192
2011-12-06,28.1000,25.3900,1.7940,-0.726
2011-12-07,28.1600,25.3300,1.7908,-0.456
2011-12-08,26.6200,24.3400,1.8137,-0.820
2011-12-09,27.3800,24.7500,1.8072,-0.038
2011-12-12,26.2000,24.7500,1.8385,-2.689
2011-12-13,25.6700,24.1000,1.8527,-1.330
2011-12-14,24.8300,23.3000,1.8812,0.236
2011-12-15,24.6700,23.0600,1.8603,-0.491
2011-12-16,24.4900,22.8000,1.8548,-0.386
2011-12-19,24.0300,22.7000,1.8662,-1.223
2011-12-20,25.2600,23.7400,1.8459,-1.796
2011-12-21,25.2100,23.4500,1.8574,-0.160
2011-12-22,25.6200,23.7900,1.8523,-0.261
2011-12-23,25.7400,23.9000,1.8595,0.133
2011-12-27,25.4900,23.7700,1.8591,-0.319
2011-12-28,24.4900,22.7900,1.8779,0.899
2011-12-29,24.6000,23.0000,1.8662,-0.199
2012-01-03,26.1100,24.0200,1.8338,-0.332
2012-01-04,26.4600,24.1700,1.8205,-0.351
2012-01-05,26.1100,24.0200,1.8399,-0.000
2012-01-06,25.6900,24.0000,1.8487,-1.056
2012-01-09,26.8800,24.4800,1.8411,1.080
2012-01-10,27.4500,24.8200,1.8041,-0.237
2012-01-11,27.6100,24.8500,1.8057,0.313
2012-01-12,28.2100,25.1600,1.7825,-0.071
2012-01-13,28.3600,25.3700,1.7945,0.300
2012-01-17,28.9700,25.9700,1.7778,-0.842
2012-01-18,29.9900,26.4400,1.7688,0.315
2012-01-19,29.9600,26.3900,1.7593,-0.135
2012-01-20,29.8200,26.3500,1.7629,-0.247
2012-01-23,31.1000,27.3000,1.7534,-0.127
2012-01-24,31.5500,27.7300,1.7637,0.333
2012-01-26,31.2100,27.1900,1.7392,-0.183
2012-01-27,31.1100,26.8600,1.7401,0.772
2012-01-30,30.7300,26.8000,1.7507,0.371
2012-01-31,30.5500,26.9100,1.7527,-0.511
2012-02-01,31.1600,27.2000,1.7383,-0.431
2012-02-02,31.1100,26.8000,1.7233,0.022
2012-02-03,31.2100,26.8600,1.7232,0.114
2012-02-06,31.4400,27.1800,1.7154,-0.787
2012-02-07,32.0200,27.7500,1.7214,-0.686
2012-02-08,32.1200,27.5900,1.7185,0.033
2012-02-09,31.9900,27.5300,1.7200,-0.068
2012-02-10,29.5700,25.2500,1.7260,1.065
2012-02-13,30.1400,25.2500,1.7202,2.667
2012-02-14,29.0300,24.8900,1.7159,0.065
2012-02-15,28.6200,24.6700,1.7173,-0.387
2012-02-16,29.3400,25.4900,1.7221,-0.890
2012-02-17,29.3200,25.3600,1.7135,-0.947
2012-02-23,29.6100,25.3500,1.7096,-0.155
2012-02-24,30.0800,25.9500,1.7065,-1.095
2012-02-27,29.9400,25.5500,1.7058,-0.055
2012-02-28,30.3800,25.6500,1.6997,0.657
2012-02-29,29.8400,25.7000,1.7148,-0.448
2012-03-01,30.4500,26.2000,1.7108,-0.584
2012-03-02,30.5200,26.6000,1.7263,-0.965
2012-03-05,29.6200,25.8200,1.7353,-0.466
2012-03-06,28.3200,24.8400,1.7584,0.237
2012-03-07,28.3000,25.0500,1.7626,-0.436
2012-03-08,28.5200,25.0800,1.7747,0.906
2012-03-09,27.9300,24.8700,1.7865,0.316
2012-03-12,27.4000,24.6800,1.8202,1.040
2012-03-13,28.3900,25.6500,1.7969,-0.558
2012-03-14,28.3500,25.7700,1.8175,-0.027
2012-03-15,27.9400,25.1000,1.8052,0.473
2012-03-16,27.8100,25.2000,1.8025,-0.541
2012-03-19,27.8600,25.2500,1.8073,-0.294
2012-03-20,27.3500,24.8800,1.8214,0.111
2012-03-21,27.2200,24.7500,1.8265,0.439
2012-03-22,26.6700,24.3400,1.8230,-0.124
2012-03-23,26.9600,24.4200,1.8158,0.233
2012-03-26,27.4700,24.9800,1.8155,-0.177
2012-03-27,27.0700,24.6500,1.8112,-0.549
2012-03-28,26.5100,24.1700,1.8253,0.101
2012-03-29,26.4100,24.1600,1.8332,0.196
2012-03-30,26.5600,24.3000,1.8205,-0.509
2012-04-02,26.6100,24.3300,1.8257,-0.161
2012-04-03,25.9600,23.6200,1.8232,0.191
2012-04-04,25.1600,22.9900,1.8293,0.098
2012-04-05,25.3000,23.0600,1.8296,0.366
2012-04-09,24.9100,22.5700,1.8218,0.534
2012-04-10,24.2800,22.1600,1.8340,0.473
2012-04-11,24.4100,22.3500,1.8311,-0.006
2012-04-12,25.1300,23.0200,1.8261,-0.326
2012-04-13,24.5000,22.4400,1.8363,0.244
2012-04-16,24.2400,22.3700,1.8384,-0.396
2012-04-17,24.2500,22.3600,1.8503,0.335
2012-04-18,24.3000,22.7200,1.8703,0.018
2012-04-19,23.8300,22.3400,1.8846,0.515
2012-04-20,23.9900,22.3800,1.8662,0.023
2012-04-23,23.5100,22.1500,1.8854,0.058
2012-04-24,23.5300,22.2000,1.8765,-0.554
2012-04-25,23.3800,22.0700,1.8828,-0.272
2012-04-26,23.6300,22.2800,1.8865,0.040
2012-04-27,23.6700,22.1000,1.8843,0.908
2012-04-30,23.5500,22.3900,1.8930,-0.446
2012-05-02,23.8600,23.0600,1.9151,-0.923
2012-05-03,23.3000,22.3400,1.9275,0.516
2012-05-04,22.1500,21.4000,1.9258,-0.335
2012-05-07,22.4200,21.5000,1.9240,0.316
2012-05-08,21.7100,21.1000,1.9365,-0.376
2012-05-09,21.3700,20.9800,1.9560,-0.382
2012-05-10,21.4300,20.7800,1.9545,0.782
2012-05-11,20.9000,20.3900,1.9404,-0.553
2012-05-14,20.0100,19.8100,1.9884,0.424
2012-05-15,19.3500,19.2800,1.9935,0.037
2012-05-16,19.9100,19.9800,2.0000,-0.350
2012-05-17,19.2500,19.2000,1.9940,-0.040
2012-05-18,19.6300,19.7800,2.0190,0.184
2012-05-21,20.6700,19.7800,2.0455,6.877
2012-05-22,19.8700,20.5300,2.0460,-0.989
2012-05-23,19.6700,20.0200,2.0675,1.568
2012-05-24,19.2500,19.4900,2.0306,0.280
2012-05-25,19.4000,19.3200,1.9917,-0.003
2012-05-29,19.7800,19.6600,1.9973,0.475
2012-05-30,19.1300,19.2100,2.0095,0.057
2012-05-31,19.5600,19.8000,2.0160,-0.422
2012-06-01,19.1600,19.7000,2.0325,-1.161
2012-06-04,19.3700,19.9700,2.0439,-0.875
2012-06-05,19.5800,19.6000,2.0299,1.391
2012-06-06,19.9000,20.0000,2.0170,0.346
2012-06-08,19.5100,19.7400,2.0257,0.105
2012-06-11,18.6400,19.1500,2.0369,-0.867
2012-06-12,18.6700,19.2500,2.0586,-0.171
2012-06-13,18.8300,19.6300,2.0628,-1.063
2012-06-14,18.3500,18.8700,2.0724,0.765
2012-06-15,18.5100,19.1400,2.0397,-1.372
2012-06-18,19.0000,19.1400,2.0660,2.544
2012-06-19,20.2700,20.4400,2.0352,0.914
2012-06-20,20.4700,20.7100,2.0306,0.353
2012-06-21,19.5600,19.9700,2.0446,0.131
2012-06-22,19.6000,20.1600,2.0573,0.008
2012-06-25,17.8400,18.4800,2.0745,0.133
2012-06-26,17.8900,18.5500,2.0735,-0.014
2012-06-27,17.6400,18.2400,2.0791,0.535
2012-06-28,17.6700,18.3000,2.0904,0.922
2012-06-29,18.7700,18.9000,2.0090,-0.241
2012-07-02,19.0700,18.9500,1.9887,0.065
2012-07-03,19.6700,19.6900,1.9968,-0.261
2012-07-05,19.9500,20.3400,2.0271,-0.588
2012-07-06,19.5000,19.8800,2.0369,-0.102
2012-07-10,18.6800,18.9500,2.0343,0.266
2012-07-11,18.7100,19.0900,2.0367,-0.192
2012-07-12,18.7300,19.1700,2.0477,0.035
2012-07-13,19.8200,20.2500,2.0376,-0.283
2012-07-16,19.6300,19.9500,2.0391,0.320
2012-07-17,19.5800,19.8900,2.0327,0.051
2012-07-18,19.6000,19.9000,2.0214,-0.454
2012-07-19,20.1200,20.2700,2.0212,0.312
2012-07-20,19.5800,19.7500,2.0217,0.215
2012-07-23,19.0400,19.4500,2.0393,-0.184
2012-07-24,18.8300,19.3000,2.0428,-0.347
2012-07-25,19.0200,19.5500,2.0381,-0.858
2012-07-26,19.5500,19.7500,2.0268,0.314
2012-07-27,20.4700,20.8000,2.0138,-0.907
2012-07-30,20.4600,21.0000,2.0354,-0.847
2012-07-31,19.6300,20.0500,2.0514,0.421
2012-08-01,19.9900,20.4000,2.0384,-0.128
2012-08-02,19.7100,20.1600,2.0514,0.280
2012-08-03,20.3300,20.6700,2.0237,-0.479
2012-08-06,20.4400,20.7000,2.0260,0.028
2012-08-07,20.8700,21.0000,2.0270,0.723
2012-08-08,21.8700,22.1400,2.0228,-0.093
2012-08-09,21.8100,22.0200,2.0175,-0.087
2012-08-10,21.9800,22.0100,2.0150,0.613
2012-08-13,21.8800,21.9500,2.0279,1.072
2012-08-14,21.6700,21.8200,2.0256,0.584
2012-08-15,21.7400,22.0000,2.0230,-0.045
2012-08-16,22.2300,22.4600,2.0203,-0.019
2012-08-17,22.2800,22.5200,2.0176,-0.195
2012-08-20,22.3800,22.5200,2.0196,0.352
2012-08-21,21.9000,22.1300,2.0171,-0.193
2012-08-22,22.1200,22.3700,2.0206,-0.099
2012-08-23,21.7300,22.1200,2.0242,-0.574
2012-08-24,21.7300,21.9600,2.0213,0.006
2012-08-27,21.6700,22.1500,2.0301,-0.695
2012-08-28,21.6000,22.0500,2.0492,0.369
2012-08-29,21.3500,21.9700,2.0480,-0.490
2012-08-30,21.1800,21.7100,2.0463,-0.183
2012-08-31,21.1400,21.3000,2.0301,0.743
2012-09-04,20.6700,21.1000,2.0420,0.019
2012-09-05,20.8300,21.3000,2.0385,-0.324
2012-09-06,21.4400,21.8400,2.0330,-0.212
2012-09-10,21.7400,21.8400,2.0225,0.662
2012-09-11,22.3100,22.4800,2.0209,0.281
2012-09-12,22.4700,22.8800,2.0191,-0.854
2012-09-13,23.5400,23.9000,2.0250,-0.275
2012-09-14,24.1800,24.3500,2.0172,0.156
2012-09-17,23.8500,24.1500,2.0300,0.239
2012-09-18,23.8800,24.0600,2.0251,0.497
2012-09-19,23.2100,23.4000,2.0218,0.269
2012-09-20,23.4200,23.6000,2.0237,0.413
2012-09-21,23.2400,23.4500,2.0230,0.244
2012-09-24,23.2600,23.7100,2.0245,-0.696
2012-09-25,23.0100,23.5000,2.0244,-0.891
2012-09-26,23.1100,23.6000,2.0338,-0.421
2012-09-27,23.2900,23.5800,2.0307,0.286
2012-09-28,22.9400,23.3000,2.0277,-0.181
2012-10-01,23.0800,23.3500,2.0254,0.099
2012-10-02,23.1500,23.5300,2.0260,-0.336
2012-10-03,22.8400,23.1700,2.0244,-0.222
2012-10-04,23.0500,23.2500,2.0210,0.181
2012-10-05,22.7600,23.1000,2.0273,-0.127
2012-10-08,22.8900,23.3100,2.0273,-0.461
2012-10-09,22.6500,23.1000,2.0354,-0.213
2012-10-10,22.4800,22.9500,2.0399,-0.094
2012-10-11,22.8200,23.3500,2.0360,-0.511
2012-10-15,23.1500,23.6800,2.0355,-0.503
2012-10-16,23.1400,23.6800,2.0326,-0.688
2012-10-17,23.0900,23.4500,2.0323,0.055
2012-10-18,23.0100,23.5000,2.0280,-0.714
2012-10-19,22.8000,23.0300,2.0269,0.333
2012-10-22,22.8500,22.9500,2.0240,0.759
2012-10-23,21.9900,22.5000,2.0284,-0.879
2012-10-24,21.9200,22.2700,2.0267,-0.258
2012-10-25,22.2000,22.5200,2.0254,-0.169
2012-10-26,22.4000,22.8900,2.0250,-0.917
2012-10-31,21.2100,21.5000,2.0298,0.121
2012-11-01,21.3900,21.6500,2.0304,0.301
2012-11-05,21.7200,22.0000,2.0344,0.425
2012-11-06,21.9700,22.4400,2.0330,-0.479
2012-11-07,21.3800,21.8900,2.0335,-0.694
2012-11-08,20.7500,21.2600,2.0397,-0.461
2012-11-09,20.8100,21.4400,2.0475,-0.633
2012-11-12,20.4000,21.0700,2.0475,-0.880
2012-11-13,20.0900,21.1100,2.0638,-1.796
2012-11-14,19.5700,20.4000,2.0680,-0.807
2012-11-16,19.0100,19.6200,2.0781,0.675
2012-11-19,19.1000,19.7500,2.0725,0.215
2012-11-21,18.4100,19.2000,2.0962,0.498
2012-11-23,18.7800,19.8200,2.0872,-1.116
2012-11-26,18.6400,19.3700,2.0838,0.263
2012-11-27,18.1300,19.0700,2.0750,-1.364
2012-11-28,18.3900,19.2000,2.0900,0.091
2012-11-29,18.4800,19.5300,2.1028,-0.513
2012-11-30,17.9700,19.1000,2.1118,-0.657
2012-12-03,18.1200,19.4300,2.1141,-1.422
2012-12-04,18.0300,19.1600,2.1133,-0.567
2012-12-05,18.3700,19.2900,2.1005,0.016
2012-12-06,18.3800,19.0400,2.0790,0.347
2012-12-07,18.7500,19.4500,2.0800,0.257
2012-12-10,19.1100,19.9300,2.0815,-0.207
2012-12-11,19.3400,20.2400,2.0785,-0.696
2012-12-12,19.2900,20.0600,2.0791,-0.035
2012-12-13,18.8500,19.7700,2.0790,-0.887
2012-12-14,19.5100,20.5500,2.0827,-1.135
2012-12-17,19.4300,20.2200,2.0930,0.561
2012-12-18,19.5300,20.4000,2.0852,-0.186
2012-12-19,20.1800,21.1300,2.0747,-0.929
2012-12-20,20.5800,21.2700,2.0596,-0.361
2012-12-21,19.9700,20.8800,2.0767,-0.690
2012-12-26,19.6400,20.1900,2.0495,-0.317
2012-12-27,19.2600,19.5000,2.0517,1.322
2012-12-28,19.0700,19.5500,2.0445,-0.285
2013-01-02,19.6000,19.8400,2.0425,0.890
2013-01-03,19.9700,20.5800,2.0360,-1.217
2013-01-04,20.3700,20.6500,2.0350,0.370
2013-01-07,20.1900,20.3800,2.0260,0.356
2013-01-08,19.6600,19.8000,2.0393,1.244
2013-01-09,19.6500,20.0000,2.0384,0.136
2013-01-10,20.0100,20.1300,2.0325,1.019
2013-01-11,19.8700,20.1800,2.0375,0.310
2013-01-14,19.7000,20.0600,2.0301,-0.317
2013-01-15,19.8400,20.1300,2.0375,0.407
2013-01-16,19.7500,20.2000,2.0405,-0.248
2013-01-17,19.6300,20.0600,2.0425,-0.064
2013-01-18,19.5300,19.9000,2.0441,0.305
2013-01-22,19.5200,19.9700,2.0478,0.083
2013-01-23,19.4100,19.8300,2.0375,-0.283
2013-01-24,19.6400,19.9200,2.0285,-0.001
2013-01-28,19.5100,19.6000,2.0028,-0.320
2013-01-29,19.4900,19.3400,1.9893,0.236
2013-01-30,18.5700,18.3500,1.9860,0.491
2013-01-31,18.2800,18.2300,1.9875,-0.352
2013-02-01,18.6700,18.6200,1.9810,-0.684
2013-02-04,18.0300,18.1000,1.9913,-0.820
2013-02-05,16.6000,16.6000,1.9840,-0.800
2013-02-06,16.5000,16.3900,1.9847,-0.099
2013-02-07,16.2800,16.1000,1.9708,-0.358
2013-02-08,16.1800,16.0000,1.9725,-0.265
2013-02-13,16.1500,15.8700,1.9663,0.050
2013-02-14,16.1100,15.7900,1.9590,-0.065
2013-02-15,15.9600,15.7000,1.9615,-0.301
2013-02-19,16.2900,15.9500,1.9564,-0.095
2013-02-20,15.7500,15.5200,1.9605,-0.522
2013-02-21,15.1900,15.1700,1.9727,-1.235
2013-02-22,15.2600,15.1000,1.9710,-0.406
2013-02-25,14.9100,14.9000,1.9688,-1.494
2013-02-26,14.8800,14.7000,1.9905,0.744
2013-02-27,14.9000,14.7300,1.9776,0.021
2013-02-28,14.6700,14.4900,1.9767,0.063
2013-03-01,14.7700,14.6800,1.9829,-0.247
2013-03-04,14.4500,14.2300,1.9798,0.520
2013-03-05,14.4900,14.2500,1.9654,-0.075
2013-03-06,16.6800,16.4100,1.9667,-0.047
2013-03-07,17.5600,17.2200,1.9595,-0.091
2013-03-08,17.1900,16.7000,1.9480,0.258
2013-03-11,17.1000,17.1900,1.9593,-2.548
2013-03-12,17.3800,16.9400,1.9620,0.648
2013-03-13,17.2000,16.9000,1.9615,-0.184
2013-03-14,17.4000,17.4300,1.9665,-1.844
2013-03-15,17.8100,17.8000,1.9755,-1.170
2013-03-18,17.7900,17.6300,1.9865,0.226
2013-03-19,17.5500,17.4700,1.9874,-0.175
2013-03-20,17.2000,17.2500,1.9865,-0.963
2013-03-21,16.8800,16.9500,1.9934,-0.742
2013-03-22,16.8500,17.0100,2.0170,-0.099
2013-03-25,16.7500,16.8900,2.0136,-0.155
2013-03-26,16.7600,16.9000,2.0067,-0.496
2013-03-27,16.7500,16.9000,2.0133,-0.228
2013-03-28,16.5700,16.9000,2.0160,-1.168
2013-04-01,16.4200,16.5500,2.0180,0.107
2013-04-02,16.1600,16.1600,2.0175,0.875
2013-04-03,16.2200,16.6000,2.0235,-1.141
2013-04-04,16.1400,16.2800,2.0180,0.032
2013-04-05,16.3700,16.3200,1.9925,-0.070
2013-04-08,16.1000,16.0000,1.9890,0.072
2013-04-09,16.9400,16.8500,1.9865,-0.144
2013-04-10,17.1900,17.0000,1.9765,-0.070
2013-04-11,16.8000,16.6100,1.9720,-0.272
2013-04-12,16.5900,16.4100,1.9690,-0.470
2013-04-15,15.8200,15.6500,1.9755,-0.152
2013-04-16,16.0400,15.9500,1.9965,0.388
2013-04-17,15.4500,15.4500,2.0000,0.000
2013-04-18,15.8200,16.0900,2.0180,-0.793
2013-04-19,16.5200,16.7400,2.0075,-0.944
2013-04-22,16.8900,17.1300,2.0138,-0.721
2013-04-23,17.5100,17.6000,2.0145,0.210
2013-04-24,18.0300,18.0600,2.0225,0.957
2013-04-25,17.9600,17.8700,2.0115,1.082
2013-04-26,18.0300,17.8700,2.0016,0.976
2013-04-29,19.2400,19.1600,2.0015,0.493
2013-04-30,19.1500,19.1900,1.9990,-0.258
2013-05-02,19.1200,19.2500,2.0128,-0.040
2013-05-03,18.9900,19.0000,2.0098,0.437
2013-05-06,19.1800,19.4300,2.0120,-0.694
2013-05-07,19.4800,19.5900,2.0086,-0.134
2013-05-08,19.3000,19.2500,2.0003,0.275
2013-05-09,19.1700,19.2900,2.0010,-0.572
2013-05-10,18.8700,19.2000,2.0275,-0.367
2013-05-13,18.8400,18.7500,2.0163,1.299
2013-05-14,18.5500,18.8000,2.0054,-1.063
2013-05-15,18.5500,18.9100,2.0280,-0.530
2013-05-16,18.5800,18.8100,2.0244,-0.018
2013-05-17,18.7300,19.0900,2.0364,-0.100
2013-05-20,18.9100,19.3300,2.0357,-0.427
2013-05-21,18.9700,19.3800,2.0373,-0.290
2013-05-22,18.3600,18.8400,2.0398,-0.608
2013-05-23,18.1100,18.7000,2.0526,-0.608
2013-05-24,18.2000,18.6900,2.0516,-0.109
2013-05-28,18.2800,18.9200,2.0679,-0.103
2013-05-29,17.9200,18.7300,2.0973,0.330
2013-05-31,17.7700,18.9700,2.1217,-0.626
2013-06-03,18.0200,19.0200,2.1365,1.209
2013-06-04,17.7700,18.9300,2.1409,0.485
2013-06-05,17.0800,18.1000,2.1261,0.314
2013-06-06,17.2200,18.1200,2.1270,1.068
2013-06-07,16.6500,17.6200,2.1340,0.826
2013-06-10,16.6500,17.7300,2.1365,0.318
2013-06-11,16.1900,17.2100,2.1428,0.790
2013-06-12,15.6800,16.7200,2.1470,0.673
2013-06-13,16.3600,17.3500,2.1459,1.173
2013-06-14,15.6400,16.5300,2.1392,1.201
2013-06-17,15.6400,16.7100,2.1576,0.972
2013-06-18,15.3800,16.4600,2.1640,1.101
2013-06-19,14.7500,16.0500,2.1743,-0.091
2013-06-20,14.0700,16.0500,2.2655,-0.699
2013-06-21,13.8000,15.2900,2.2680,2.349
2013-06-24,13.3200,14.7500,2.2479,1.498
2013-06-25,13.4300,14.7000,2.2207,1.442
2013-06-26,13.6700,14.8000,2.1994,1.574
2013-06-27,13.7400,14.8900,2.1864,0.877
2013-06-28,13.4100,14.8000,2.2075,0.009
2013-07-01,13.2900,14.7200,2.2280,0.578
2013-07-02,12.8100,14.1400,2.2395,1.443
2013-07-03,13.0500,14.4300,2.2608,2.230
2013-07-05,12.2500,13.6800,2.2635,1.345
2013-07-08,12.1300,13.6100,2.2605,0.734
2013-07-10,12.2900,13.8000,2.2732,1.223
2013-07-11,13.2000,14.8300,2.2670,0.891
2013-07-12,13.0500,14.5500,2.2677,1.696
2013-07-15,13.3900,14.7400,2.2450,1.969
2013-07-16,13.4200,14.9700,2.2439,0.578
2013-07-17,13.9100,15.3500,2.2315,1.108
2013-07-18,14.1600,15.5300,2.2282,1.582
2013-07-19,13.9600,15.5600,2.2345,0.237
2013-07-22,14.3200,15.8000,2.2317,1.133
2013-07-23,14.6400,16.1000,2.2212,0.989
2013-07-24,14.3100,15.9600,2.2388,0.367
2013-07-25,14.5200,16.2300,2.2586,1.032
2013-07-26,14.4600,16.2300,2.2525,0.342
2013-07-29,14.1100,15.8800,2.2605,0.427
2013-07-30,13.7300,15.4900,2.2730,0.737
2013-07-31,13.6400,15.3800,2.2987,1.932
2013-08-01,14.1000,16.1000,2.2980,0.627
2013-08-02,14.1200,16.0000,2.2875,0.936
2013-08-05,13.7000,15.7800,2.3016,-0.089
2013-08-06,13.4600,15.3300,2.2924,0.638
2013-08-07,13.3900,15.3200,2.2985,0.447
2013-08-08,13.9400,15.8100,2.2748,0.287
2013-08-09,14.2800,16.0800,2.2710,0.839
2013-08-12,13.9600,15.8400,2.2730,0.161
2013-08-13,13.8700,15.8400,2.3063,0.973
2013-08-14,13.9600,16.1200,2.3130,0.153
2013-08-15,14.7100,17.0700,2.3417,0.898
2013-08-16,14.4300,17.1900,2.3585,-1.009
2013-08-19,14.1300,16.9300,2.4021,0.241
2013-08-20,13.7500,16.3200,2.3959,0.930
2013-08-21,13.6400,16.5100,2.4226,0.073
2013-08-22,14.3600,17.3900,2.4464,1.007
2013-08-23,14.9800,17.5000,2.3679,1.346
2013-08-26,14.5600,17.1400,2.3858,1.334
2013-08-27,14.1700,16.5700,2.3925,2.299
2013-08-28,13.9600,16.1700,2.3298,0.569
2013-08-29,13.6800,15.9700,2.3572,0.960
2013-08-30,13.5200,16.0500,2.3809,0.280
2013-09-03,13.6000,15.9000,2.3830,1.914
2013-09-04,13.7500,16.1600,2.3536,0.130
2013-09-05,14.5600,16.6900,2.3232,1.336
2013-09-06,14.6700,16.8500,2.2900,-0.314
2013-09-09,15.2700,17.3000,2.2799,0.619
2013-09-10,15.3600,17.5000,2.2930,0.630
2013-09-11,15.3900,17.4700,2.2884,0.797
2013-09-12,14.8700,16.8600,2.2716,0.174
2013-09-13,15.1000,17.1700,2.2825,0.366
2013-09-16,15.3700,17.4400,2.2730,0.161
2013-09-17,15.5900,17.6000,2.2550,-0.127
2013-09-18,16.3300,17.8500,2.2429,2.595
2013-09-19,16.3700,17.9500,2.2067,0.623
2013-09-20,15.9400,17.7200,2.2047,-0.838
2013-09-23,16.0100,17.6200,2.1997,-0.065
2013-09-24,15.8800,17.4000,2.1978,0.290
2013-09-25,15.6100,17.3700,2.2221,-0.153
2013-09-26,15.6100,17.4100,2.2380,0.331
2013-09-27,15.4000,17.3300,2.2577,0.313
2013-09-30,15.4900,16.9600,2.2193,1.347
2013-10-01,15.6300,17.3400,2.2240,0.234
2013-10-02,15.8100,17.2800,2.2031,0.784
2013-10-03,15.7200,17.1700,2.2086,1.104
2013-10-04,15.7000,17.3900,2.2005,-0.667
2013-10-07,15.6700,17.3000,2.2027,-0.242
2013-10-08,15.4100,16.9200,2.2016,0.256
2013-10-09,15.3200,16.8300,2.2080,0.495
2013-10-10,15.6200,17.0200,2.1769,-0.108
2013-10-11,15.6100,17.0000,2.1846,0.299
2013-10-14,15.7200,17.0700,2.1846,0.591
2013-10-15,15.6900,17.1500,2.1765,-0.439
2013-10-16,15.7100,16.9800,2.1567,-0.230
2013-10-17,15.8400,17.0100,2.1615,0.641
2013-10-18,15.5300,16.8600,2.1630,-0.381
2013-10-21,16.2400,17.6900,2.1728,-0.265
2013-10-22,16.1600,17.4000,2.1673,0.642
2013-10-23,15.6900,17.0900,2.1805,0.094
2013-10-24,15.5800,17.0600,2.1948,0.220
2013-10-25,15.9100,17.3000,2.1870,0.564
2013-10-28,17.3500,19.0000,2.1828,-0.338
2013-10-29,17.3300,18.8700,2.1785,0.036
2013-10-30,17.4500,18.9600,2.1860,0.595
2013-10-31,17.4300,19.5400,2.2235,-0.830
2013-11-01,16.9700,19.0400,2.2585,0.648
2013-11-04,17.2900,19.5000,2.2425,-0.582
2013-11-05,16.9100,19.4000,2.2850,-0.414
2013-11-06,17.0600,19.6000,2.2865,-0.491
2013-11-07,16.5500,19.1500,2.2995,-0.635
2013-11-08,16.2800,18.7500,2.3201,0.723
2013-11-11,16.4700,19.3000,2.3201,-1.005
2013-11-12,16.0400,18.6100,2.3303,0.425
2013-11-13,16.4200,19.0900,2.3259,0.030
2013-11-14,17.0300,19.6000,2.3229,0.916
2013-11-18,17.9000,20.3400,2.2705,-0.094
2013-11-19,17.6200,20.0400,2.2673,-0.325
2013-11-21,17.2400,20.0100,2.3080,-0.575
2013-11-22,17.5000,19.8200,2.2908,1.133
2013-11-25,17.0100,19.4500,2.2900,0.136
2013-11-26,15.9700,18.2000,2.2980,0.822
2013-11-27,15.7800,18.2300,2.3080,-0.109
2013-11-29,15.9400,18.3200,2.3345,1.561
2013-12-02,14.2000,16.4200,2.3530,1.744
2013-12-03,14.1300,16.5700,2.3664,0.897
2013-12-04,14.0200,16.5500,2.3784,0.741
2013-12-05,13.9300,16.5000,2.3620,-0.295
2013-12-06,13.9000,16.1500,2.3338,0.433
2013-12-09,13.8700,16.2700,2.3197,-1.124
2013-12-10,13.9900,16.1200,2.3106,0.265
2013-12-11,13.4400,15.6600,2.3308,0.019
2013-12-12,13.4400,15.7000,2.3390,0.115
2013-12-13,13.6900,15.9600,2.3370,0.230
2013-12-16,13.7100,16.1000,2.3215,-1.156
2013-12-17,13.5500,15.5700,2.3181,0.868
2013-12-18,13.7100,15.7100,2.3462,2.376
2013-12-19,13.5700,16.0500,2.3535,-0.508
2013-12-20,13.3400,15.8000,2.3741,0.223
2013-12-23,13.5700,15.8700,2.3685,1.262
2013-12-26,13.5000,15.8000,2.3535,0.545
2013-12-27,13.6700,15.9100,2.3527,1.073
2013-12-30,13.6600,15.9900,2.3524,0.481
2014-01-02,13.3200,15.8200,2.4015,1.100
2014-01-03,13.1200,15.5000,2.3831,0.859
2014-01-06,13.1600,15.6900,2.3744,-0.424
2014-01-07,12.9000,15.2000,2.3732,0.705
2014-01-08,12.6800,15.2100,2.3883,-0.448
2014-01-09,12.5200,14.8000,2.4017,1.585
2014-01-10,12.8400,15.0100,2.3645,1.133
2014-01-13,12.4600,14.7100,2.3540,-0.303
2014-01-14,12.4200,14.6500,2.3557,-0.144
2014-01-15,12.7100,15.1200,2.3500,-1.229
2014-01-16,12.5400,14.7100,2.3681,0.938
2014-01-17,12.4800,14.6100,2.3550,0.583
2014-01-21,12.2400,14.3500,2.3620,0.735
2014-01-22,12.5000,14.7900,2.3739,0.317
2014-01-23,12.1600,14.4500,2.3895,0.541
2014-01-24,11.7600,14.0800,2.4008,0.261
2014-01-27,11.8000,14.0200,2.4185,1.777
2014-01-28,11.6600,14.0200,2.4262,0.890
2014-01-29,11.3400,13.7500,2.4361,0.456
2014-01-30,11.3400,13.6400,2.4133,0.318
2014-01-31,11.2100,13.7700,2.4116,-1.837
2014-02-03,10.8700,13.1000,2.4373,1.120
2014-02-04,11.0300,13.2700,2.4060,-0.007
2014-02-05,10.7800,12.9600,2.3970,-0.310
2014-02-06,11.2200,13.3000,2.3858,0.634
2014-02-07,11.3400,13.5300,2.3820,-0.178
2014-02-10,11.3000,13.6200,2.3925,-0.752
2014-02-11,11.6600,14.0300,2.4083,0.074
2014-02-12,11.4600,14.0000,2.4121,-1.276
2014-02-13,11.5600,13.7200,2.4135,1.677
2014-02-14,11.5100,13.7300,2.3859,0.006
2014-02-18,11.2000,13.2900,2.3902,0.716
2014-02-19,11.1300,13.4000,2.3895,-0.764
2014-02-20,11.2800,13.3600,2.3713,0.106
2014-02-21,11.4300,13.4000,2.3565,0.503
2014-02-24,11.6700,13.6400,2.3300,-0.326
2014-02-25,11.3300,13.2800,2.3338,-0.444
2014-02-26,11.0700,12.9000,2.3495,0.810
2014-02-27,11.5200,13.3300,2.3315,0.746
2014-02-28,11.2000,12.9900,2.3321,0.537
2014-03-05,11.0200,12.7100,2.3281,0.927
2014-03-06,11.1800,12.9300,2.3051,-0.344
2014-03-07,10.9000,12.7000,2.3383,0.344
2014-03-10,10.6800,12.4800,2.3440,0.296
2014-03-11,10.5400,12.4800,2.3495,-0.786
2014-03-12,10.6900,12.5800,2.3617,0.344
2014-03-13,10.5400,12.4100,2.3560,0.049
2014-03-14,10.3700,12.1000,2.3584,1.060
2014-03-17,10.2700,12.0200,2.3532,0.530
2014-03-18,10.5600,12.3700,2.3415,-0.056
2014-03-19,10.9000,12.8000,2.3310,-0.750
2014-03-20,11.5700,13.4300,2.3339,0.533
2014-03-21,11.5900,13.5000,2.3215,-0.347
2014-03-24,11.9700,13.9400,2.3220,-0.307
2014-03-25,12.1700,14.0500,2.3092,0.011
2014-03-26,12.0000,13.7800,2.3060,0.406
2014-03-27,12.9200,14.8200,2.2671,-1.178
2014-03-28,13.1800,15.0100,2.2627,-0.658
2014-03-31,13.1500,14.9600,2.2552,-0.883
2014-04-01,13.2200,15.0500,2.2626,-0.626
2014-04-02,13.7100,15.1200,2.2704,2.934
2014-04-03,13.1400,15.0500,2.2795,-0.490
2014-04-04,13.3100,14.9000,2.2403,0.062
2014-04-07,14.2200,15.8500,2.2209,-0.375
2014-04-08,13.9200,15.4000,2.1940,-0.843
2014-04-09,13.8300,15.2300,2.2154,0.588
2014-04-10,13.7000,15.1700,2.1954,-0.867
2014-04-11,14.0300,15.6100,2.2075,-0.797
2014-04-14,13.8800,15.3600,2.2096,-0.165
2014-04-15,13.3300,14.8300,2.2355,0.469
2014-04-16,13.4900,15.0800,2.2355,-0.010
2014-04-17,14.0100,15.6300,2.2488,0.786
2014-04-22,13.6000,15.2400,2.2425,0.059
2014-04-23,13.6400,15.2200,2.2372,0.248
2014-04-24,13.7300,15.2900,2.2231,-0.186
2014-04-25,13.5000,15.1200,2.2357,-0.192
2014-04-28,13.9700,15.6500,2.2310,-0.425
2014-04-29,14.1400,15.7500,2.2205,-0.324
2014-04-30,13.8800,15.6800,2.2360,-1.034
2014-05-02,14.6100,16.2200,2.2177,-0.121
2014-05-05,14.5600,16.4000,2.2324,-0.903
2014-05-06,15.3000,17.0500,2.2278,-0.043
2014-05-07,15.6600,17.4000,2.2231,0.040
2014-05-08,15.1800,16.8200,2.2048,-0.509
2014-05-09,15.1000,16.6600,2.2150,0.380
2014-05-12,15.3600,17.0800,2.2190,-0.223
2014-05-13,15.4200,17.0400,2.2095,-0.028
2014-05-14,15.5900,17.3300,2.2043,-0.851
2014-05-15,15.2700,17.0300,2.2250,-0.247
2014-05-16,15.2800,16.9000,2.2115,-0.024
2014-05-19,15.2100,16.8300,2.2040,-0.407
2014-05-20,14.7300,16.2400,2.2100,0.226
2014-05-21,14.9800,16.4600,2.2075,0.451
2014-05-22,14.9100,16.5600,2.2180,-0.150
2014-05-23,14.9100,16.6000,2.2154,-0.507
2014-05-27,14.6200,16.4100,2.2371,-0.346
2014-05-28,14.7800,16.5500,2.2388,-0.032
2014-05-29,14.5800,16.2300,2.2188,-0.339
2014-05-30,14.1000,15.6100,2.2365,1.008
2014-06-02,13.8500,15.6600,2.2685,0.315
2014-06-03,13.9900,15.9600,2.2695,-0.532
2014-06-04,13.7200,15.7500,2.2846,-0.493
2014-06-05,13.7100,15.4800,2.2620,0.168
2014-06-06,14.7600,16.6700,2.2421,-0.740
2014-06-09,15.1400,16.9000,2.2292,-0.148
2014-06-10,15.3000,17.1700,2.2271,-0.773
2014-06-11,15.6600,17.6700,2.2296,-1.201
2014-06-13,15.8700,17.8500,2.2305,-0.846
2014-06-16,15.8000,17.6300,2.2339,0.101
2014-06-17,15.5200,17.2900,2.2561,1.257
2014-06-18,15.9400,17.9200,2.2526,0.185
2014-06-20,15.7600,17.5600,2.2360,0.340
2014-06-23,15.6300,17.2500,2.2175,0.462
2014-06-24,14.9800,16.7900,2.2202,-0.957
2014-06-25,14.7400,16.2300,2.2073,0.233
2014-06-26,14.8000,16.2000,2.2056,0.750
2014-06-27,14.6300,16.0500,2.1974,0.149
2014-06-30,14.6300,16.2400,2.2030,-0.770
2014-07-01,14.5700,16.0500,2.2015,-0.075
2014-07-02,14.4400,16.0900,2.2169,-0.522
2014-07-03,14.4900,16.3400,2.2163,-1.731
2014-07-07,14.4500,16.1300,2.2192,-0.597
2014-07-08,14.4700,16.1400,2.2134,-0.781
2014-07-10,15.2000,16.9800,2.2223,-0.533
2014-07-11,15.1900,17.0100,2.2200,-0.877
2014-07-14,15.8800,17.6600,2.2135,-0.480
2014-07-15,15.8400,17.7500,2.2237,-0.779
2014-07-16,16.0000,17.8500,2.2235,-0.347
2014-07-17,16.0300,18.1800,2.2446,-1.043
2014-07-18,17.0800,19.1700,2.2326,-0.540
2014-07-21,17.4200,19.4700,2.2194,-0.714
2014-07-22,17.6200,19.4800,2.2070,-0.186
2014-07-23,17.1500,19.0100,2.2184,0.067
2014-07-24,17.0700,19.0100,2.2172,-0.453
2014-07-25,17.1900,19.2400,2.2286,-0.443
2014-07-28,17.0300,18.9600,2.2298,0.141
2014-07-29,16.5900,18.4300,2.2290,0.323
2014-07-30,16.5800,18.6800,2.2533,-0.001
2014-07-31,15.9400,17.9900,2.2696,0.549
2014-08-01,15.8200,17.8600,2.2674,0.421
2014-08-04,16.0900,18.2700,2.2591,-0.523
2014-08-05,16.0800,18.3700,2.2770,-0.343
2014-08-06,16.5900,19.0400,2.2754,-0.870
2014-08-07,16.3600,18.8000,2.2884,-0.430
2014-08-08,15.9400,18.1400,2.2960,0.877
2014-08-11,16.4600,18.7700,2.2740,-0.293
2014-08-12,16.1800,18.4600,2.2739,-0.347
2014-08-13,15.4600,17.5100,2.2762,0.486
2014-08-14,15.4600,17.4800,2.2709,0.424
2014-08-15,16.5100,18.8400,2.2736,-0.379
2014-08-18,16.8600,19.0800,2.2595,-0.170
2014-08-19,17.4600,19.6900,2.2555,0.003
2014-08-20,17.6800,20.1200,2.2537,-0.981
2014-08-21,17.7300,20.1000,2.2555,-0.522
2014-08-22,17.2000,19.7200,2.2784,-0.638
2014-08-25,18.0800,20.7500,2.2823,-0.569
2014-08-26,18.2300,20.6500,2.2725,0.309
2014-08-27,19.2100,21.6200,2.2594,0.377
2014-08-28,19.1200,21.4500,2.2521,0.373
2014-08-29,19.5700,22.0800,2.2381,-0.816
2014-09-02,20.6500,23.2900,2.2513,-0.195
2014-09-03,20.2900,22.7800,2.2308,-0.652
2014-09-04,19.3300,21.7000,2.2399,-0.237
2014-09-05,19.3800,21.7300,2.2440,0.066
2014-09-08,18.3500,20.6900,2.2498,-0.232
2014-09-09,17.8300,20.3900,2.2825,-0.204
2014-09-10,17.3800,19.9000,2.2956,0.245
2014-09-11,17.6300,20.1300,2.2882,0.201
2014-09-12,16.3800,19.1200,2.3301,-0.191
2014-09-15,16.5400,19.4600,2.3451,-0.339
2014-09-16,17.5100,20.3100,2.3227,0.124
2014-09-17,17.6100,20.8600,2.3458,-0.984
2014-09-18,17.0900,20.2100,2.3602,-0.208
2014-09-19,16.7800,19.8500,2.3747,0.371
2014-09-22,16.1100,19.4000,2.3862,-0.923
2014-09-23,15.9200,19.0600,2.4100,0.648
2014-09-24,16.0300,19.0900,2.4022,0.857
2014-09-25,15.5600,18.8200,2.4179,-0.046
2014-09-26,16.4600,19.8200,2.4243,0.666
2014-09-29,14.7000,17.7500,2.4458,1.277
2014-09-30,14.1900,17.2500,2.4484,0.704
2014-10-01,13.3000,16.4000,2.4746,0.342
2014-10-02,13.3900,16.5900,2.4881,0.409
2014-10-03,13.9700,17.5000,2.4870,-0.733
2014-10-06,15.8000,19.2000,2.4086,-0.896
2014-10-07,16.4600,19.9500,2.3901,-1.401
2014-10-08,16.5100,19.5800,2.4274,2.340
2014-10-09,16.7700,19.9600,2.3922,0.494
2014-10-10,15.6200,18.8000,2.4096,0.101
2014-10-13,17.2700,20.7500,2.4096,0.274
2014-10-14,17.1000,20.4200,2.3943,0.251
2014-10-15,15.5500,19.0200,2.4393,-0.286
2014-10-16,14.5000,17.6400,2.4742,1.689
2014-10-17,14.9300,18.1800,2.4328,-0.105
2014-10-20,14.0000,17.2200,2.4555,-0.183
2014-10-21,13.2000,16.3600,2.4687,-0.407
2014-10-22,12.8300,16.0500,2.4711,-1.233
2014-10-23,12.1100,15.0500,2.5029,0.698
2014-10-24,12.9300,15.7000,2.4657,1.533
2014-10-27,11.1600,14.0700,2.5429,0.848
2014-10-28,11.6800,14.5100,2.4705,-0.567
2014-10-29,11.2100,13.5300,2.4349,0.869
2014-10-30,11.3200,13.7800,2.4058,-1.184
2014-10-31,11.7000,14.6500,2.4535,-2.027
2014-11-03,11.2600,14.2500,2.4964,-1.370
2014-11-04,11.3200,14.2500,2.5178,0.005
2014-11-05,11.1600,13.8600,2.5070,0.931
2014-11-06,10.7300,13.5500,2.5541,1.127
2014-11-07,10.9000,13.7700,2.5705,1.737
2014-11-10,10.6200,13.4100,2.5402,0.585
2014-11-11,10.6500,13.4900,2.5402,0.271
2014-11-12,10.5600,13.5400,2.5496,-0.577
2014-11-13,10.2000,13.1300,2.5922,0.687
2014-11-14,9.9500,12.7800,2.6030,1.330
2014-11-17,9.3300,12.1300,2.6016,0.053
2014-11-18,9.4200,11.9400,2.5954,2.381
2014-11-19,9.4900,12.2600,2.5744,-0.363
2014-11-21,10.8400,13.6300,2.5247,0.395
2014-11-24,10.5000,13.4300,2.5478,-0.402
2014-11-25,10.3900,13.2800,2.5300,-1.029
2014-11-26,10.6000,13.2700,2.5006,-0.127
2014-11-28,9.7200,12.1800,2.5720,2.627
2014-12-01,9.1200,11.5700,2.5620,0.974
2014-12-02,9.0000,11.4600,2.5737,1.062
2014-12-03,9.2700,12.0000,2.5549,-1.317
2014-12-04,8.9100,11.4300,2.5781,0.485
2014-12-05,8.8200,11.4500,2.6010,0.178
2014-12-08,8.2300,10.7200,2.6142,0.349
2014-12-09,8.1500,10.5500,2.5941,0.199
2014-12-10,7.7500,10.1100,2.6106,0.060
2014-12-11,7.4200,10.0400,2.6445,-2.280
2014-12-12,7.1100,9.4600,2.6720,0.412
2014-12-15,6.2600,8.5200,2.6917,-1.115
2014-12-16,6.2800,8.7000,2.7306,-1.447
2014-12-17,6.7000,9.0400,2.6910,-0.278
2014-12-18,6.9000,9.0200,2.6454,1.182
2014-12-19,7.1100,9.4400,2.6538,-0.061
2014-12-22,7.4500,9.9100,2.6532,-0.271
2014-12-23,7.7100,10.5000,2.6996,-0.886
2014-12-26,7.3900,9.8500,2.6950,1.097
2014-12-29,7.2700,9.8700,2.6974,-0.658
2014-12-30,7.2700,9.5900,2.6605,0.844
2015-01-02,6.7600,9.0000,2.6967,1.276
2015-01-05,6.0700,8.2700,2.7284,0.129
2015-01-06,6.0200,8.0600,2.7013,0.880
2015-01-07,6.2000,8.4500,2.7000,-0.947
2015-01-08,6.7600,9.0200,2.6635,-0.193
2015-01-09,7.0600,9.2900,2.6375,0.219
2015-01-12,6.5700,8.7700,2.6673,-0.090
2015-01-13,6.7800,8.8300,2.6366,1.224
2015-01-14,6.8200,8.5000,2.6145,4.888
2015-01-15,6.9100,9.2500,2.6324,-1.676
2015-01-16,7.0600,9.2300,2.6225,0.297
2015-01-20,6.8100,8.8900,2.6148,0.151
2015-01-21,7.3500,9.4600,2.5982,0.934
2015-01-22,7.6500,9.8100,2.5644,-0.012
2015-01-23,7.2500,9.5200,2.5805,-1.740
2015-01-26,7.2300,9.5400,2.5820,-2.160
2015-01-27,7.4500,9.6400,2.5737,-0.549
2015-01-28,6.5600,8.6300,2.5825,-1.847
2015-01-29,6.4000,8.4700,2.6113,-1.344
2015-01-30,6.0100,8.0400,2.6843,0.327
2015-02-02,6.4100,8.5700,2.7086,1.296
2015-02-03,7.2900,9.7900,2.7016,0.586
2015-02-04,7.2600,9.9000,2.7403,0.478
2015-02-05,7.1100,9.6600,2.7306,0.489
2015-02-06,6.5400,9.0300,2.7681,0.240
2015-02-09,6.7200,9.2000,2.7872,1.793
2015-02-10,6.2300,8.8300,2.8304,-0.151
2015-02-11,6.2300,8.8500,2.8724,1.102
2015-02-12,6.5400,9.3700,2.8225,-1.499
2015-02-13,6.9800,9.7800,2.8273,0.892
2015-02-18,6.9700,9.9500,2.8467,-0.294
2015-02-19,6.6400,9.6400,2.8578,-1.578
2015-02-20,6.6600,9.5400,2.8773,0.434
2015-02-23,6.4800,9.3800,2.8688,-0.907
2015-02-24,6.8600,9.7400,2.8462,0.231
2015-02-25,6.4900,9.3000,2.8656,-0.012
2015-02-26,6.2900,9.2000,2.8806,-1.527
2015-02-27,6.6300,9.4800,2.8618,0.072
2015-03-02,6.3700,9.2800,2.8765,-1.275
2015-03-03,6.4100,9.5100,2.8967,-2.377
2015-03-04,6.1800,9.1500,2.9790,0.602
2015-03-05,6.0800,9.2100,2.9961,-1.106
2015-03-06,5.9600,9.0900,3.0601,0.320
2015-03-09,5.5900,8.7900,3.1015,-1.380
2015-03-10,5.3000,8.3200,3.1273,-0.392
2015-03-11,5.4100,8.4700,3.0881,-1.378
2015-03-12,5.2100,8.2800,3.1247,-1.693
2015-03-13,5.0100,8.1500,3.2605,0.215
2015-03-16,5.0900,8.2500,3.2204,-0.656
2015-03-17,5.3900,8.7100,3.2632,0.968
2015-03-18,5.6600,9.0900,3.2747,1.952
2015-03-19,5.2600,8.6900,3.2931,-0.335
2015-03-20,5.5900,9.1600,3.2206,-1.730
2015-03-23,5.8300,9.2200,3.1596,-0.106
2015-03-24,5.8800,9.2400,3.1534,0.335
2015-03-25,6.0300,9.7200,3.1609,-1.954
2015-03-26,5.7900,9.2300,3.1768,-0.359
2015-03-27,5.7000,9.2200,3.2412,0.189
2015-03-30,5.9300,9.5900,3.2515,0.529
2015-03-31,6.0100,9.5800,3.1843,-0.117
2015-04-01,6.3500,10.0800,3.1547,-0.633
2015-04-02,6.7600,10.6000,3.1373,0.038
2015-04-06,6.8000,10.5800,3.0961,-0.503
2015-04-07,6.9000,10.8300,3.1105,-0.912
2015-04-08,6.9200,10.5600,3.0852,1.087
2015-04-09,7.5400,11.5400,3.0345,-0.866
2015-04-10,7.7500,11.8300,3.0784,0.835
2015-04-13,8.0000,12.4200,3.1157,0.345
2015-04-14,8.2200,12.4500,3.0779,1.608
2015-04-15,8.9000,13.4300,3.0571,1.296
2015-04-16,8.6800,13.0700,3.0180,0.215
2015-04-17,8.7900,13.2700,3.0639,1.476
2015-04-20,8.7700,13.2400,3.0446,0.835
2015-04-22,8.9300,13.3100,2.9988,0.598
2015-04-23,9.4000,14.0600,2.9807,-0.361
2015-04-24,9.9900,14.7000,2.9631,0.685
2015-04-27,9.3300,13.6300,2.9049,-0.577
2015-04-28,9.3200,13.6300,2.9002,-0.844
2015-04-29,9.3400,13.7300,2.9393,-0.025
2015-04-30,9.5000,14.2500,3.0121,0.403
2015-05-04,9.7800,15.0400,3.0720,-0.119
2015-05-05,10.1900,15.6600,3.0585,-0.491
2015-05-06,9.7100,14.8100,3.0485,-0.064
2015-05-07,9.6600,14.6500,3.0390,0.194
2015-05-08,9.7400,14.5000,2.9808,0.114
2015-05-11,9.6300,14.6700,3.0385,-0.270
2015-05-12,9.7600,14.7000,3.0223,0.332
2015-05-13,9.8500,14.9200,3.0265,-0.097
2015-05-14,9.9300,14.8100,2.9910,0.272
2015-05-15,10.1300,15.0500,2.9779,0.220
2015-05-18,9.6900,14.6400,3.0120,-0.320
2015-05-19,9.0900,13.7500,3.0175,-0.258
2015-05-20,9.1400,13.7000,3.0308,1.100
2015-05-21,9.4900,14.4200,3.0431,0.135
2015-05-22,9.1500,14.1000,3.0705,-0.372
2015-05-26,8.5100,13.3600,3.1489,0.289
2015-05-27,8.6000,13.5200,3.1708,0.846
2015-05-28,8.6400,13.6100,3.1755,0.795
2015-05-29,8.3500,13.2500,3.1855,0.373
2015-06-01,8.3700,13.2500,3.1655,-0.018
2015-06-02,8.9200,13.8500,3.1391,1.086
2015-06-03,8.8200,13.8300,3.1103,-0.821
2015-06-05,8.6000,13.5200,3.1604,0.516
2015-06-08,8.8000,13.5500,3.1226,1.398
2015-06-09,9.0500,14.0500,3.0950,-0.321
2015-06-10,9.1200,14.1500,3.1013,-0.057
2015-06-11,9.1400,14.1500,3.1419,1.473
2015-06-12,9.1000,14.1800,3.1011,-0.494
2015-06-15,9.1000,14.2000,3.0958,-0.804
2015-06-16,9.5000,14.6800,3.1052,0.475
2015-06-17,9.5000,14.4900,3.0946,1.445
2015-06-18,9.6900,14.8000,3.0405,-0.465
2015-06-19,9.4000,14.5100,3.0887,0.047
2015-06-22,9.4800,14.5500,3.0833,0.446
2015-06-23,9.4300,14.3500,3.0913,1.571
2015-06-24,9.4700,14.6200,3.0884,0.024
2015-06-25,9.0300,13.9800,3.1144,0.583
2015-06-26,9.4100,14.6500,3.1223,0.276
2015-06-29,9.0300,14.0500,3.1403,0.914
2015-06-30,9.0500,14.0300,3.1106,0.324
2015-07-01,8.6500,13.5200,3.1269,0.028
2015-07-02,8.8300,13.6400,3.1110,0.697
2015-07-06,8.2000,12.8500,3.1454,0.359
2015-07-07,8.2900,13.1600,3.1905,0.491
2015-07-08,8.0400,12.9800,3.2319,0.094
2015-07-10,8.3800,13.2700,3.1834,0.516
2015-07-13,8.5100,13.2700,3.1507,1.027
2015-07-14,8.6200,13.5100,3.1197,-0.474
2015-07-15,8.4200,13.1800,3.1531,0.717
2015-07-16,8.4100,13.2700,3.1340,-0.690
2015-07-17,7.9500,12.6200,3.1915,0.525
2015-07-20,7.4900,11.8600,3.2123,1.434
2015-07-21,7.4800,11.8500,3.1725,0.128
2015-07-22,7.0600,11.3800,3.2232,-0.018
2015-07-23,6.9100,11.2900,3.2862,0.565
2015-07-24,6.6500,11.0900,3.3302,-0.154
2015-07-27,6.2500,10.4200,3.3560,0.648
2015-07-28,6.5900,10.9800,3.3941,1.854
2015-07-29,7.0700,11.8000,3.3308,-0.217
2015-07-30,6.8500,11.5200,3.3696,0.181
2015-07-31,6.8000,11.5800,3.4078,0.056
2015-08-03,6.3500,10.9800,3.4487,-0.277
2015-08-04,6.4500,11.1100,3.4693,0.707
2015-08-05,6.3200,10.9900,3.4884,0.303
2015-08-06,6.4900,11.4600,3.5684,1.042
2015-08-07,6.0500,10.6100,3.5281,0.589
2015-08-10,6.4500,11.0100,3.4699,1.639
2015-08-11,6.2500,10.9700,3.5086,-0.051
2015-08-12,6.3900,11.0300,3.4725,0.586
2015-08-13,6.0600,10.5800,3.5147,0.657
2015-08-14,5.9900,10.3500,3.4625,0.195
2015-08-17,5.9200,10.2000,3.4728,0.779
2015-08-18,5.8300,10.0200,3.4623,0.725
2015-08-19,5.6400,9.7700,3.5021,1.084
2015-08-20,5.6200,9.6900,3.4617,0.386
2015-08-21,5.2700,9.2000,3.4970,0.159
2015-08-24,4.9000,8.7000,3.5539,0.081
2015-08-25,4.9800,8.8800,3.5456,-0.579
2015-08-26,5.0800,9.1300,3.6333,1.080
2015-08-27,5.7300,10.1600,3.5499,0.103
2015-08-28,5.7800,10.2800,3.5938,1.032
2015-08-31,5.8600,10.6200,3.6206,-0.110
2015-09-01,5.4200,9.9500,3.6715,-0.002
2015-09-02,5.4900,10.2000,3.7389,0.620
2015-09-03,5.5000,10.2400,3.7546,0.832
2015-09-04,5.1600,9.9000,3.8094,-0.725
2015-09-08,5.2900,10.0500,3.8081,0.223
2015-09-09,5.0900,9.6800,3.7900,-0.356
2015-09-10,4.8500,9.3100,3.8587,0.509
2015-09-11,4.5600,8.8100,3.8757,0.302
2015-09-14,4.6400,8.8300,3.8391,0.869
2015-09-15,4.5400,8.7300,3.8655,0.512
2015-09-16,4.9300,9.4800,3.8255,-0.529
2015-09-17,4.8300,9.2800,3.8930,1.310
2015-09-18,4.4600,8.9100,3.9210,-1.865
2015-09-21,4.3400,8.6200,3.9911,0.472
2015-09-22,4.1000,8.3500,4.0490,-0.593
2015-09-23,4.0400,8.2600,4.1093,0.494
2015-09-24,4.1400,8.3000,4.1638,3.844
2015-09-25,4.0800,8.0800,3.9489,-0.300
2015-09-28,3.7200,7.6700,4.0070,-2.829
2015-09-29,3.8900,7.8500,4.0921,1.390
2015-09-30,4.3500,8.5400,3.9554,0.738
2015-10-01,4.1700,8.3700,4.0003,-0.351
2015-10-02,4.6400,9.1500,3.9712,0.691
2015-10-05,4.8900,9.4000,3.8924,1.244
2015-10-06,5.1600,9.8900,3.8406,0.190
2015-10-07,5.3700,10.4000,3.8123,-1.577
2015-10-08,5.6800,10.7500,3.8295,1.170
2015-10-09,5.6700,10.7100,3.7339,-1.161
2015-10-13,5.0300,9.8400,3.8314,-2.073
2015-10-14,5.0300,9.5600,3.8366,0.931
2015-10-15,5.0900,9.6600,3.8420,1.220
2015-10-16,5.0800,9.7000,3.8527,0.885
2015-10-19,4.9900,9.6700,3.9005,0.639
2015-10-20,4.9400,9.8000,3.8845,-2.095
2015-10-21,4.7800,9.4900,3.9514,-0.486
2015-10-22,4.9900,9.7800,3.9249,0.129
2015-10-23,4.9800,9.6900,3.8964,0.124
2015-10-26,4.9200,9.6100,3.8788,-0.709
2015-10-27,4.7000,9.2400,3.9002,-0.807
2015-10-28,4.7900,9.4000,3.8594,-1.667
2015-10-29,4.8200,9.3000,3.8971,0.989
2015-10-30,4.8800,9.3800,3.8439,-0.009
2015-11-03,5.5500,10.5600,3.7578,-1.251
2015-11-04,5.2400,9.8900,3.7946,0.524
2015-11-05,5.1700,9.9000,3.7809,-1.276
2015-11-06,5.0600,9.5800,3.8055,0.500
2015-11-09,4.8900,9.2700,3.7855,-0.156
2015-11-10,4.9300,9.2100,3.7978,1.646
2015-11-11,4.8600,9.2600,3.7978,-0.339
2015-11-12,4.7100,9.0200,3.7898,-1.053
2015-11-13,4.5700,8.7800,3.8235,-0.493
2015-11-16,4.9700,9.3800,3.8460,1.890
2015-11-17,4.8600,9.4200,3.8123,-1.657
2015-11-18,5.0700,9.5200,3.7914,0.958
2015-11-19,5.0900,9.5100,3.7365,-0.006
2015-11-23,5.2400,9.8500,3.7239,-0.948
2015-11-24,5.5700,10.4500,3.7064,-1.222
2015-11-25,5.1200,9.6600,3.7508,-0.600
2015-11-27,4.9300,9.3300,3.7736,-0.301
2015-11-30,4.7700,9.4100,3.8982,-1.199
2015-12-01,4.7400,9.2400,3.8491,-1.273
2015-12-02,4.9500,9.4700,3.8633,0.968
2015-12-03,5.0900,9.8000,3.7762,-1.934
2015-12-04,4.7900,9.1300,3.7426,-1.823
2015-12-07,4.5700,8.6400,3.7595,-0.573
2015-12-08,4.7600,8.5400,3.8032,5.991
2015-12-09,5.0000,9.4600,3.7264,-1.522
2015-12-10,4.7300,9.2000,3.7787,-2.863
2015-12-11,4.4800,8.8500,3.8791,-1.817
2015-12-14,4.5000,8.7700,3.8972,-0.015
2015-12-15,4.6300,9.1000,3.9000,-0.786
2015-12-16,4.6600,8.9500,3.9421,2.627
2015-12-17,4.4600,8.8200,3.9053,-1.261
2015-12-18,4.3500,8.6600,3.9336,-1.206
2015-12-21,4.1100,8.3100,4.0231,-0.512
2015-12-22,4.2800,8.5400,3.9980,0.184
2015-12-23,4.5400,8.8800,3.9672,1.414
2015-12-28,4.4500,8.6100,3.8590,-0.276
2015-12-29,4.4200,8.5700,3.8917,0.358
2015-12-30,4.2500,8.5700,3.9880,-1.114
2016-01-04,4.2600,8.6700,4.0613,-0.224
2016-01-05,4.1800,8.4500,4.0108,-0.798
2016-01-06,3.9500,8.0600,4.0163,-1.586
2016-01-07,3.8100,7.8300,4.0504,-1.456
2016-01-08,3.7500,7.8600,4.0480,-3.435
2016-01-11,3.7100,7.5800,4.0464,-0.975
2016-01-12,3.4900,7.0000,4.0454,0.846
2016-01-13,3.3500,6.8000,3.9893,-1.734
2016-01-14,3.6000,7.2300,4.0032,-0.335
2016-01-15,3.2700,6.7100,4.0480,-1.364
2016-01-19,3.0100,6.1500,4.0420,-1.086
2016-01-20,2.9400,5.9300,4.1103,1.891
2016-01-21,2.9800,6.2900,4.1299,-2.169
2016-01-22,3.0300,6.2100,4.1061,0.173
2016-01-26,2.9300,5.9600,4.0701,0.045
2016-01-27,3.1300,6.5400,4.0557,-2.948
2016-01-28,3.2000,6.5200,4.0979,0.562
2016-01-29,3.4700,6.9300,4.0364,1.056
2016-02-01,3.2900,6.5800,3.9866,-0.335
2016-02-02,2.9800,6.0200,3.9885,-1.281
2016-02-03,3.1300,6.1800,3.9478,-0.027
2016-02-04,3.4300,6.6700,3.8785,-0.275
2016-02-05,3.2400,6.3900,3.9101,-0.871
2016-02-10,3.0700,6.1200,3.9366,-1.263
2016-02-11,2.9000,5.9100,3.9704,-2.587
2016-02-12,3.1200,6.3100,3.9764,-1.693
2016-02-16,3.0600,6.2900,4.0564,-1.331
2016-02-17,3.4000,6.7800,3.9856,-0.066
2016-02-18,3.2300,6.6000,4.0191,-1.654
2016-02-19,3.1500,6.3800,4.0428,-0.197
2016-02-22,3.6800,7.4100,3.9330,-2.338
2016-02-23,3.5400,7.0800,3.9740,-0.650
2016-02-24,3.5000,7.0300,3.9774,-0.989
2016-02-25,3.5000,6.9800,3.9290,-1.494
2016-02-26,3.3800,6.8900,4.0120,-1.592
2016-02-29,3.6000,7.3500,3.9793,-2.548
2016-03-01,3.7900,7.5700,3.9475,-1.182
2016-03-02,4.1100,8.1000,3.8948,-1.187
2016-03-03,4.7100,9.1100,3.8246,-1.131
2016-03-04,5.2600,9.9800,3.7280,-1.757
2016-03-07,5.2200,9.9100,3.7745,-0.591
2016-03-08,5.0700,9.6500,3.7721,-0.909
2016-03-09,5.1300,9.5600,3.6902,-0.990
2016-03-10,5.3500,9.8100,3.6698,0.068
2016-03-11,5.5300,10.0900,3.6166,-0.893
2016-03-14,5.2200,9.5400,3.6265,-0.784
2016-03-15,4.7900,8.9100,3.7298,0.257
2016-03-16,5.1300,9.6000,3.7998,1.526
2016-03-17,5.6300,10.4400,3.6201,-2.389
2016-03-18,5.5700,10.3000,3.6050,-2.525
2016-03-21,5.6400,10.2500,3.6064,-0.780
2016-03-22,5.7700,10.4800,3.5921,-1.114
2016-03-23,5.3600,9.9200,3.6735,-0.756
2016-03-24,5.4000,9.9900,3.7043,0.116
2016-03-28,5.7900,10.6300,3.6390,-0.895
2016-03-29,5.8300,10.6300,3.6726,0.711
2016-03-30,5.8600,10.7000,3.6145,-1.024
2016-03-31,5.8400,10.6300,3.5500,-2.484
2016-04-01,5.8700,10.5300,3.5410,-1.303
2016-04-04,5.3000,9.6000,3.5994,-0.642
2016-04-05,5.3200,9.8200,3.6659,-0.700
2016-04-06,5.3200,9.7300,3.6538,-0.112
2016-04-07,5.3200,9.9400,3.7106,-0.702
2016-04-08,5.7500,10.4900,3.6288,-0.545
2016-04-11,5.8900,10.4200,3.5160,-0.627
2016-04-12,6.4300,11.3500,3.5520,0.614
2016-04-13,6.7300,11.8300,3.5606,1.280
2016-04-14,6.6000,11.4700,3.5035,0.798
2016-04-15,6.7200,11.9500,3.5362,-0.572
2016-04-18,6.5000,11.7700,3.5977,-0.658
2016-04-19,6.9700,12.3600,3.5420,-0.131
2016-04-20,6.9600,12.3400,3.5444,-0.044
2016-04-22,7.2000,12.9000,3.5864,0.086
2016-04-25,6.9300,12.3600,3.5482,-0.530
2016-04-26,7.2200,12.7800,3.5269,-0.375
2016-04-27,7.5800,13.4000,3.5375,0.053
2016-04-28,7.7000,13.5700,3.4824,-1.199
2016-04-29,7.7100,13.2700,3.4547,0.361
2016-05-02,7.5800,13.2700,3.5050,0.105
2016-05-03,7.1700,12.8200,3.5652,-0.302
2016-05-04,7.3200,12.9600,3.5339,-0.200
2016-05-05,7.0700,12.6400,3.5260,-1.389
2016-05-06,7.3300,12.9300,3.5255,-0.070
2016-05-09,6.8300,12.0700,3.5560,0.611
2016-05-10,7.3500,12.8500,3.4742,-0.641
2016-05-11,7.4200,12.9100,3.4594,-0.586
2016-05-12,7.3500,12.7100,3.4942,1.032
2016-05-13,6.8800,12.1200,3.5075,-0.447
2016-05-16,7.1500,12.5400,3.5034,-0.122
2016-05-17,7.0900,12.4000,3.4942,-0.105
2016-05-18,6.7500,12.0100,3.5268,-0.891
2016-05-19,6.4200,11.5100,3.6051,0.542
2016-05-20,6.4500,11.3300,3.5386,0.724
2016-05-23,6.1500,11.0400,3.5753,-0.416
2016-05-24,6.1800,11.0900,3.5518,-1.036
2016-05-25,6.1900,11.1000,3.6072,0.579
2016-05-27,5.8400,10.4900,3.6122,0.549
2016-05-31,5.6300,10.1800,3.6074,-0.247
2016-06-01,5.8100,10.4100,3.6030,0.545
2016-06-02,5.9200,10.7000,3.5978,-0.472
2016-06-03,6.0900,10.8100,3.5332,-0.476
2016-06-06,6.2200,10.8000,3.5094,1.058
2016-06-07,6.4400,11.1300,3.4604,0.112
2016-06-08,7.1500,12.0500,3.3770,0.189
2016-06-09,6.8900,11.7500,3.3934,-0.508
2016-06-10,6.4700,11.0300,3.4298,0.593
2016-06-13,6.2000,10.8200,3.4599,-0.872
2016-06-14,6.0200,10.4800,3.4959,0.407
2016-06-15,6.1700,10.6400,3.4715,0.654
2016-06-16,6.2200,10.7700,3.4952,0.929
2016-06-17,6.6200,11.3900,3.4301,-0.319
2016-06-20,6.9000,11.7300,3.3937,-0.185
2016-06-21,7.0100,11.9400,3.4038,-0.081
2016-06-22,6.9200,11.6500,3.3794,0.367
2016-06-23,7.2100,12.0500,3.3440,0.042
2016-06-24,6.7400,11.4300,3.3895,-0.065
2016-06-27,6.3200,10.8000,3.4025,-0.445
2016-06-28,6.7800,11.2500,3.3074,-0.337
2016-06-29,7.1800,11.5700,3.2386,0.489
2016-06-30,7.1600,11.5100,3.2003,-0.460
2016-07-01,7.4700,12.0600,3.2448,0.492
2016-07-05,6.8800,11.3400,3.2964,-0.003
2016-07-06,7.0000,11.6900,3.3217,-0.548
2016-07-07,7.1200,11.9700,3.3436,-0.558
2016-07-08,7.4700,12.3000,3.2835,-0.294
2016-07-11,7.7700,12.8900,3.3095,-0.253
2016-07-12,8.0800,13.2900,3.2740,-0.474
2016-07-13,7.9200,12.9900,3.2895,0.280
2016-07-14,8.2100,13.3200,3.2350,-0.303
2016-07-15,8.1300,13.2200,3.2731,0.644
2016-07-18,8.3900,13.6600,3.2523,-0.122
2016-07-19,8.4700,13.8300,3.2754,0.299
2016-07-20,8.3800,13.6500,3.2468,-0.336
2016-07-21,8.3700,13.8000,3.2692,-0.858
2016-07-22,8.4600,13.7500,3.2856,1.077
2016-07-25,8.2900,13.7600,3.2870,-0.984
2016-07-26,8.4100,13.7400,3.2770,0.290
2016-07-27,8.3300,13.6000,3.2867,0.655
2016-07-28,8.0600,13.3400,3.2737,-1.102
2016-07-29,8.6800,14.0100,3.2380,0.306
2016-08-01,8.0800,13.1900,3.2650,0.005
2016-08-02,7.9100,12.9700,3.2521,-0.832
2016-08-03,8.2900,13.5500,3.2595,-0.291
2016-08-04,8.4100,13.5700,3.2000,-0.840
2016-08-05,8.3600,13.2600,3.1873,0.474
2016-08-08,8.6500,13.7500,3.1841,0.154
2016-08-09,8.7000,13.6800,3.1325,-0.392
2016-08-10,8.4300,13.1600,3.1292,0.225
2016-08-11,8.6700,13.6800,3.1369,-0.596
2016-08-12,8.7300,13.9100,3.1648,-0.688
2016-08-15,9.0800,14.5200,3.1717,-0.830
2016-08-16,9.1700,14.6600,3.1782,-0.600
2016-08-17,9.3000,14.9100,3.2273,0.650
2016-08-18,9.4400,15.1800,3.2290,0.401
2016-08-19,9.4300,15.0600,3.2219,0.872
2016-08-22,9.0500,14.4700,3.2209,0.723
2016-08-23,9.2600,14.9300,3.2196,-0.156
2016-08-24,9.0500,14.6400,3.2360,0.020
2016-08-25,9.1900,14.8500,3.2291,-0.083
2016-08-26,9.1100,14.9600,3.2085,-2.308
2016-08-29,9.3700,15.1900,3.2436,0.041
2016-08-30,9.3900,15.1800,3.2525,0.596
2016-08-31,9.1400,14.7400,3.2470,0.670
2016-09-01,9.2200,14.8700,3.2460,0.633
2016-09-02,9.5800,15.6300,3.2480,-0.461
2016-09-06,9.9400,16.0000,3.2217,0.074
2016-09-08,10.1800,16.3900,3.1962,-0.740
2016-09-09,9.5100,15.5000,3.2687,0.275
2016-09-12,9.8100,16.0300,3.2762,0.248
2016-09-13,8.9200,14.8100,3.3144,-0.188
2016-09-14,8.9500,14.9400,3.3196,-0.568
2016-09-15,9.2700,15.2900,3.3274,0.867
2016-09-16,9.1000,14.9000,3.2923,0.537
2016-09-19,9.1000,14.8900,3.2565,-0.490
2016-09-20,9.2200,15.0500,3.2633,-0.041
2016-09-21,9.5100,15.3400,3.2393,0.410
2016-09-22,9.5600,15.5400,3.2092,-1.287
2016-09-23,9.1800,14.9700,3.2270,-1.056
2016-09-26,9.0100,14.7000,3.2345,-0.875
2016-09-27,9.0600,14.6500,3.2364,0.074
2016-09-28,9.5000,15.3300,3.2468,0.602
2016-09-29,9.2700,15.0700,3.2276,-0.730
2016-09-30,9.3300,15.1400,3.2434,-0.063
2016-10-03,9.7000,15.5900,3.2333,0.587
2016-10-04,9.5900,15.6100,3.2339,-0.663
2016-10-05,9.9300,16.1000,3.2326,-0.311
2016-10-06,10.4100,16.8000,3.2309,0.100
2016-10-07,10.5300,16.9500,3.2296,0.318
2016-10-10,10.8700,17.4900,3.2296,0.359
2016-10-11,10.6900,17.0800,3.2111,0.488
2016-10-13,11.0000,17.5000,3.1990,0.540
2016-10-14,11.1400,17.9000,3.1975,-0.502
2016-10-17,11.4100,18.4100,3.1985,-0.883
2016-10-18,11.7700,18.7900,3.1787,-0.444
2016-10-19,11.8800,18.9900,3.1677,-0.916
2016-10-20,12.0100,18.9600,3.1548,-0.081
2016-10-21,12.1700,19.3200,3.1590,-0.505
2016-10-24,12.4100,19.3800,3.1255,0.071
2016-10-25,12.1800,18.9700,3.1142,-0.024
2016-10-26,12.1600,19.2100,3.1320,-0.872
2016-10-27,12.0800,19.2500,3.1494,-1.182
2016-10-28,11.8700,19.1300,3.1833,-1.239
2016-10-31,11.6700,18.6400,3.1658,-0.899
2016-11-01,11.0900,17.9300,3.2342,0.020
2016-11-03,10.6100,17.1700,3.2386,0.063
2016-11-04,10.6300,17.1500,3.2411,0.446
2016-11-07,11.4000,18.3200,3.1978,-0.505
2016-11-08,11.4300,18.0800,3.1801,0.521
2016-11-09,11.3200,18.2500,3.2163,-0.251
2016-11-10,10.3400,17.3400,3.3653,0.338
2016-11-11,9.7300,16.3300,3.3653,0.258
2016-11-14,9.5700,16.2700,3.4485,1.420
2016-11-16,9.8300,16.9500,3.4198,-0.836
2016-11-17,9.6000,16.4600,3.4134,-0.460
2016-11-18,9.6500,16.4200,3.3894,-0.403
2016-11-21,10.2700,17.2600,3.3585,-0.082
2016-11-22,10.4800,17.6900,3.3595,-0.487
2016-11-23,10.4600,17.8000,3.3945,-0.263
2016-11-25,10.2000,17.5800,3.4229,-0.701
2016-11-28,10.2500,17.6300,3.3871,-1.538
2016-11-29,9.8500,16.7000,3.4011,0.302
2016-11-30,10.8700,18.4700,3.3854,-0.381
2016-12-01,10.5300,18.2100,3.4717,0.376
2016-12-02,10.6800,18.6500,3.4576,-1.000
2016-12-05,10.4500,18.0200,3.4314,-0.505
2016-12-06,10.7700,18.6100,3.4269,-0.839
2016-12-07,10.8100,18.3200,3.3977,0.243
2016-12-08,10.8700,18.3600,3.3798,0.050
2016-12-09,10.8400,18.1900,3.3595,0.102
2016-12-12,10.9300,18.3500,3.3505,-0.215
2016-12-13,10.9400,18.2300,3.3308,-0.058
2016-12-14,10.4000,17.5900,3.3332,-1.463
2016-12-15,10.2600,17.4300,3.3933,-0.128
2016-12-16,10.2100,17.2200,3.3860,0.381
2016-12-19,9.8800,16.6700,3.3725,-0.059
2016-12-20,9.9100,16.6400,3.3631,0.145
2016-12-21,9.9300,16.5500,3.3335,0.005
2016-12-22,9.8800,16.3500,3.3153,0.169
2016-12-23,10.1100,16.5700,3.2687,-0.282
2016-12-27,10.1500,16.6900,3.2800,-0.264
2016-12-28,10.3300,16.9800,3.2830,-0.137
2016-12-29,10.3300,16.9400,3.2456,-1.042
2017-01-03,10.8300,17.5800,3.2526,0.187
2017-01-04,10.8000,17.3700,3.2139,-0.086
2017-01-05,11.1000,17.7600,3.2051,0.159
2017-01-06,10.8700,17.4900,3.2113,-0.209
2017-01-09,10.8300,17.3200,3.1916,-0.216
2017-01-10,11.0200,17.6100,3.1971,0.034
2017-01-11,11.5400,18.0500,3.2024,2.370
2017-01-12,11.4900,18.3500,3.1821,-0.375
2017-01-13,11.3200,18.2200,3.2077,-0.354
2017-01-17,11.2700,18.1700,3.2077,-0.521
2017-01-18,11.1700,18.0300,3.2242,-0.127
2017-01-19,11.1400,17.9300,3.2024,-0.517
2017-01-20,11.2000,17.8300,3.2024,0.580
2017-01-23,11.3300,17.9800,3.1685,-0.169
2017-01-24,11.1000,17.7300,3.1695,-0.786
2017-01-26,10.9100,17.3900,3.1892,0.041
2017-01-27,10.7900,17.0800,3.1537,-0.385
2017-01-30,10.3900,16.1400,3.1152,0.269
2017-01-31,10.2600,16.1900,3.1477,-0.261
2017-02-01,10.2300,16.1200,3.1530,0.047
2017-02-02,10.1500,15.9000,3.1245,-0.271
2017-02-03,10.3300,16.3400,3.1157,-1.514
2017-02-06,10.1900,15.9700,3.1181,-0.521
2017-02-07,10.0800,15.7700,3.1235,-0.175
2017-02-08,10.2400,16.1000,3.1190,-0.812
2017-02-09,10.1400,15.9600,3.1291,-0.598
2017-02-10,10.4200,16.3500,3.1092,-0.924
2017-02-13,10.5700,16.5600,3.1106,-0.728
2017-02-14,10.9100,16.8100,3.1074,0.838
2017-02-15,10.9600,16.8600,3.0557,-0.681
2017-02-16,10.8900,16.9700,3.0744,-1.355
2017-02-17,10.7700,16.7200,3.1038,-0.036
2017-02-21,11.0400,17.1600,3.0932,-0.498
2017-02-22,10.7600,16.6000,3.0778,-0.250
2017-02-23,10.7100,16.4800,3.0645,-0.422
2017-02-24,10.2200,15.9600,3.1123,-0.352
2017-03-01,10.5800,16.4300,3.1028,-0.099
2017-03-02,9.9700,15.8500,3.1264,-1.671
2017-03-03,10.2100,15.9500,3.1385,0.452
2017-03-06,10.1200,15.8800,3.1218,-0.527
2017-03-07,10.1200,15.8800,3.1222,-0.514
2017-03-08,9.3600,14.9000,3.1527,-0.976
2017-03-09,9.2600,14.8100,3.1684,-0.947
2017-03-10,9.3800,14.7900,3.1552,0.053
2017-03-13,9.4300,14.9300,3.1524,-0.445
2017-03-14,9.0400,14.3700,3.1590,-0.635
2017-03-15,9.3700,14.7500,3.1576,0.294
2017-03-16,9.1900,14.3800,3.1194,-0.322
2017-03-17,8.9100,13.8500,3.1060,-0.092
2017-03-20,9.1700,14.1800,3.0812,-0.372
2017-03-21,8.8100,13.7000,3.0840,-0.839
2017-03-22,9.1100,14.1500,3.0863,-0.649
2017-03-23,9.0500,14.1400,3.1348,0.318
2017-03-24,9.0600,14.1700,3.1144,-0.436
2017-03-27,9.1600,14.4300,3.1197,-0.982
2017-03-28,9.3100,14.6800,3.1298,-0.755
2017-03-29,9.6600,15.1600,3.1175,-0.676
2017-03-30,9.5800,15.1000,3.1203,-1.018
2017-03-31,9.6900,15.1500,3.1628,1.147
2017-04-03,9.7500,15.3200,3.1183,-0.772
2017-04-04,9.9500,15.4300,3.1147,0.425
2017-04-05,9.7900,15.3300,3.0932,-1.231
2017-04-06,9.6700,15.2800,3.1087,-1.632
2017-04-07,9.7600,15.3700,3.1258,-0.755
2017-04-10,9.8900,15.6300,3.1443,-0.521
2017-04-11,9.7300,15.2500,3.1456,0.350
2017-04-12,9.6600,15.1900,3.1519,0.222
2017-04-13,9.2600,14.5100,3.1309,-0.096
2017-04-17,9.4400,14.6500,3.1036,-0.007
2017-04-18,9.2600,14.4600,3.0997,-0.750
2017-04-19,8.9100,14.0500,3.1399,-0.439
2017-04-20,9.0000,14.2700,3.1466,-0.773
2017-04-24,9.2100,14.3900,3.1254,0.017
2017-04-25,9.2700,14.6800,3.1669,-0.010
2017-04-26,9.1100,14.4200,3.1961,0.959
2017-04-27,8.8700,14.2000,3.1867,-0.472
2017-04-28,9.0100,14.3600,3.1896,0.064
2017-05-02,9.0800,14.3600,3.1685,0.174
2017-05-03,9.1700,14.4500,3.1443,-0.231
2017-05-04,8.8500,14.0600,3.1823,0.154
2017-05-05,9.3200,14.8100,3.1703,-0.246
2017-05-08,9.2300,14.7200,3.2003,0.335
2017-05-09,9.3600,14.8800,3.1818,0.073
2017-05-10,9.7100,15.3500,3.1531,-0.272
2017-05-11,9.7000,15.3200,3.1494,-0.296
2017-05-12,10.2400,15.9300,3.1207,0.301
2017-05-15,10.4100,16.1900,3.1049,-0.179
2017-05-16,10.4500,16.1900,3.0903,-0.267
2017-05-17,10.2900,16.1000,3.1015,-0.887
2017-05-18,8.5500,14.2700,3.3823,1.327
2017-05-19,8.9600,14.4100,3.2745,1.803
2017-05-22,8.7100,14.3100,3.2952,0.284
2017-05-23,8.8300,14.4200,3.2729,0.207
2017-05-24,9.0800,14.8100,3.2747,0.386
2017-05-25,8.8900,14.4600,3.2880,1.073
2017-05-26,8.9500,14.5500,3.2575,0.188
2017-05-30,8.7000,14.1700,3.2651,0.234
2017-05-31,8.4800,13.6200,3.2405,0.879
2017-06-01,8.4300,13.5400,3.2398,0.855
2017-06-02,8.4800,13.7400,3.2391,-0.045
2017-06-05,8.5100,13.9800,3.2896,0.123
2017-06-06,8.5700,13.9900,3.2813,0.503
2017-06-07,8.4200,13.6800,3.2790,0.911
2017-06-08,8.4100,13.7000,3.2822,0.742
2017-06-09,8.4100,13.7800,3.2793,0.069
2017-06-12,8.3600,13.7800,3.3097,0.396
2017-06-13,8.4200,13.8700,3.3125,0.545
2017-06-14,8.2900,13.5400,3.2762,0.294
2017-06-15,8.1500,13.5400,3.2740,-1.466
2017-06-16,8.0800,13.4900,3.2898,-1.477
2017-06-19,8.1200,13.3300,3.2908,0.230
2017-06-20,7.8600,13.0100,3.3292,0.567
2017-06-21,7.7000,12.7800,3.3283,0.266
2017-06-22,7.8000,13.0500,3.3301,-0.480
2017-06-23,7.7500,12.8900,3.3281,0.050
2017-06-26,7.9300,13.0900,3.3106,0.279
2017-06-27,7.8300,12.9900,3.3195,0.045
2017-06-28,7.8700,12.8800,3.2977,0.749
2017-06-29,7.8700,13.0100,3.3062,-0.001
2017-06-30,7.9900,13.2000,3.3057,0.048
2017-07-03,8.0400,13.2800,3.3000,-0.105
2017-07-05,7.9500,13.0600,3.3162,0.933
2017-07-06,7.8500,12.9300,3.3048,0.320
2017-07-07,7.7400,12.6800,3.2843,0.238
2017-07-10,7.8000,12.7000,3.2627,0.193
2017-07-11,8.0400,13.0700,3.2505,-0.023
2017-07-12,8.4400,13.5800,3.2258,0.242
2017-07-13,8.4500,13.5500,3.2133,0.193
2017-07-14,8.5400,13.6200,3.1832,-0.204
2017-07-17,8.4600,13.4500,3.1810,0.042
2017-07-18,8.5800,13.6000,3.1571,-0.412
2017-07-19,8.7400,13.8400,3.1526,-0.456
2017-07-20,8.6900,13.6300,3.1374,0.015
2017-07-21,8.4800,13.2900,3.1218,-0.403
2017-07-24,8.5500,13.4300,3.1473,0.184
2017-07-25,8.6900,13.7700,3.1617,-0.235
2017-07-26,8.6300,13.5400,3.1596,0.692
2017-07-27,8.6900,13.6100,3.1527,0.650
2017-07-28,8.6800,13.6400,3.1424,-0.015
2017-07-31,8.8100,13.8000,3.1338,0.032
2017-08-01,8.7400,13.6800,3.1143,-0.515
2017-08-02,9.0100,14.0300,3.1165,0.070
2017-08-03,8.8700,13.8200,3.1209,0.153
2017-08-04,8.8600,13.9000,3.1176,-0.641
2017-08-07,8.9400,14.0200,3.1247,-0.375
2017-08-08,8.9000,13.9000,3.1295,0.189
2017-08-09,8.8500,13.9700,3.1498,-0.230
2017-08-10,8.6200,13.6200,3.1518,-0.262
2017-08-11,8.4800,13.5100,3.1639,-0.704
2017-08-14,8.4700,13.6000,3.1760,-1.100
2017-08-15,8.5900,13.6200,3.1942,0.728
2017-08-16,8.6500,13.5800,3.1635,0.752
2017-08-17,8.5400,13.6000,3.1585,-0.832
2017-08-18,8.8900,14.0400,3.1548,-0.120
2017-08-21,8.7000,13.8000,3.1436,-0.908
2017-08-22,8.9800,14.3100,3.1505,-1.148
2017-08-23,9.1300,14.3200,3.1521,0.484
2017-08-24,9.1300,14.4000,3.1428,-0.369
2017-08-25,9.1700,14.4800,3.1463,-0.374
2017-08-28,9.0800,14.4000,3.1577,-0.445
2017-08-29,9.0500,14.3000,3.1656,0.170
2017-08-30,8.7900,13.8800,3.1592,0.034
2017-08-31,8.9800,13.9700,3.1454,1.094
2017-09-01,9.2900,14.6000,3.1308,-0.393
2017-09-05,9.5400,14.8500,3.1230,0.315
2017-09-06,10.0100,15.5000,3.1085,0.374
2017-09-07,10.1200,15.5000,3.0990,1.167
2017-09-08,9.8000,15.1900,3.0942,-0.187
2017-09-11,9.9800,15.5200,3.0890,-0.682
2017-09-12,9.8900,15.4000,3.1093,-0.159
2017-09-13,10.0000,15.6800,3.1372,0.038
2017-09-14,10.0800,15.6500,3.1290,0.768
2017-09-15,10.0800,15.5800,3.1263,1.133
2017-09-18,10.0600,15.7300,3.1288,0.050
2017-09-19,10.0200,15.7800,3.1320,-0.562
2017-09-20,10.4200,16.3800,3.1198,-0.768
2017-09-21,10.2800,16.1800,3.1358,-0.383
2017-09-22,10.3400,16.2000,3.1257,-0.248
2017-09-25,10.3400,16.3200,3.1496,-0.224
2017-09-26,10.2200,16.1400,3.1703,0.373
2017-09-27,10.0000,15.8800,3.1915,0.488
2017-09-28,10.0200,15.9100,3.1865,0.342
2017-09-29,10.0400,15.8100,3.1640,0.464
2017-10-02,10.0700,15.9000,3.1585,0.019
2017-10-03,10.5200,16.6400,3.1428,-0.654
2017-10-04,10.4000,16.3100,3.1237,-0.409
2017-10-05,10.5000,16.5700,3.1359,-0.643
2017-10-06,10.3200,16.3700,3.1566,-0.501
2017-10-09,10.2900,16.4800,3.1566,-1.452
2017-10-10,10.4700,16.7200,3.1747,-0.601
2017-10-11,10.4900,16.6400,3.1649,-0.241
2017-10-12,10.4000,16.6400,3.1699,-0.941
2017-10-13,10.4900,16.5800,3.1542,-0.218
2017-10-16,10.4800,16.6400,3.1642,-0.358
2017-10-17,10.4900,16.6100,3.1803,0.425
2017-10-18,10.4500,16.6100,3.1777,-0.039
2017-10-19,10.3900,16.5000,3.1753,-0.026
2017-10-20,10.3500,16.5500,3.1875,-0.330
2017-10-23,10.2100,16.5000,3.2122,-0.616
2017-10-24,10.3800,16.8500,3.2508,0.128
2017-10-25,10.5100,17.0200,3.2519,0.404
2017-10-26,10.3900,17.1000,3.2530,-1.173
2017-10-27,10.7300,17.4000,3.2731,0.921
2017-10-30,10.6000,17.3500,3.2599,-0.418
2017-10-31,10.6500,17.4200,3.2705,-0.026
2017-11-01,10.8300,17.5400,3.2697,0.943
2017-11-02,10.8000,17.5400,3.2671,0.583
2017-11-03,10.6900,17.7100,3.3075,-0.177
2017-11-06,11.1700,18.1000,3.2782,1.153
2017-11-07,10.6100,17.2700,3.2776,0.681
2017-11-08,10.9100,17.7400,3.2560,0.121
2017-11-09,10.8400,17.5000,3.2513,0.697
2017-11-10,10.7100,17.5300,3.2513,-0.680
2017-11-13,10.6200,17.4800,3.2940,0.064
2017-11-14,9.6800,16.0500,3.3031,-0.392
2017-11-15,9.8300,16.0500,3.3132,1.460
2017-11-16,9.9700,16.3500,3.2756,-0.129
2017-11-17,10.1400,16.5200,3.2629,0.139
2017-11-20,10.1700,16.5200,3.2573,0.263
2017-11-21,10.0300,16.3600,3.2447,-0.537
2017-11-22,10.2600,16.5000,3.2347,0.570
2017-11-24,10.3200,16.5500,3.2227,0.478
2017-11-27,10.1200,16.3200,3.2247,-0.018
2017-11-28,10.1600,16.2800,3.2055,0.024
2017-11-29,9.8100,15.9100,3.2285,-0.466
2017-11-30,9.7200,15.9500,3.2843,0.073
2017-12-01,9.8600,16.1100,3.2577,-0.308
2017-12-04,9.9400,16.0900,3.2498,0.382
2017-12-05,9.8500,15.9200,3.2338,0.041
2017-12-06,9.9300,16.0000,3.2394,0.523
2017-12-07,9.6500,15.8600,3.2993,0.373
2017-12-08,9.7000,15.8900,3.3075,0.953
2017-12-11,9.7400,15.9700,3.2883,0.276
2017-12-12,9.9400,16.1900,3.3298,2.218
2017-12-13,9.6300,15.9400,3.3049,-0.169
2017-12-14,9.4800,15.8100,3.3396,0.125
2017-12-15,9.4300,15.5600,3.3166,0.500
2017-12-18,9.6100,15.8400,3.2821,-0.439
2017-12-19,9.6200,15.7600,3.3008,0.741
2017-12-20,9.7500,15.9600,3.2907,0.515
2017-12-21,10.1200,16.6500,3.3065,0.486
2017-12-22,9.9900,16.5900,3.3209,-0.013
2017-12-26,10.1600,16.7000,3.3173,0.909
2017-12-27,10.1000,16.7600,3.3016,-0.519
2017-12-28,10.2200,16.9100,3.3005,-0.263
2017-12-29,10.2900,16.9100,3.3121,0.773
2018-01-02,10.7000,17.3300,3.2620,0.702
2018-01-03,10.9700,17.5500,3.2422,1.330
2018-01-04,11.0000,17.7000,3.2274,0.286
2018-01-05,11.0800,17.8400,3.2285,0.257
2018-01-08,11.2200,18.1200,3.2308,0.026
2018-01-09,11.1400,18.1200,3.2491,-0.124
2018-01-10,11.0500,17.7800,3.2363,0.566
2018-01-11,11.3800,18.2200,3.2254,0.727
2018-01-12,11.4700,18.3600,3.2162,0.462
2018-01-16,11.7000,18.7900,3.2274,0.481
2018-01-17,12.1200,19.4700,3.2215,0.269
2018-01-18,12.1300,19.4400,3.2169,0.363
2018-01-19,12.1600,19.3100,3.2050,0.914
2018-01-22,12.2500,19.5100,3.2024,0.537
2018-01-23,12.0500,19.3400,3.2312,0.662
2018-01-24,13.0900,20.6300,3.1938,1.325
2018-01-25,13.2600,20.6300,3.1470,1.137
2018-01-26,13.8300,21.7100,3.1499,0.330
2018-01-29,13.6300,21.7100,3.1634,-0.698
2018-01-30,13.3000,21.1800,3.1874,0.077
2018-01-31,13.3600,21.3000,3.1782,-0.327
2018-02-01,13.9500,22.1300,3.1718,-0.030
2018-02-02,13.3200,21.5400,3.2205,-0.425
2018-02-05,12.7000,20.5700,3.2365,-0.089
2018-02-06,13.3300,21.6000,3.2535,0.392
2018-02-07,12.7600,20.9800,3.2620,-0.803
2018-02-08,12.2100,20.3500,3.2895,-1.315
2018-02-09,12.3400,20.0900,3.3083,1.604
2018-02-14,12.6800,20.3800,3.2551,1.263
2018-02-15,12.8200,20.7300,3.2318,-0.068
2018-02-16,12.7500,20.7200,3.2219,-0.871
2018-02-20,13.2900,21.6800,3.2434,-0.589
2018-02-21,13.1600,21.4400,3.2581,-0.008
2018-02-22,13.5300,22.0800,3.2579,-0.183
2018-02-23,13.9400,22.6500,3.2344,-0.469
2018-02-26,14.3900,23.1800,3.2381,0.510
2018-02-27,14.2100,23.1200,3.2472,-0.210
2018-02-28,14.0400,23.1500,3.2428,-1.665
2018-03-01,13.9800,22.7700,3.2421,-0.473
2018-03-02,14.2000,23.1800,3.2513,-0.413
2018-03-05,14.6200,23.8400,3.2527,-0.263
2018-03-06,14.6600,23.6800,3.2191,-0.355
2018-03-07,14.3300,23.3600,3.2364,-0.733
2018-03-08,14.2700,23.3900,3.2620,-0.494
2018-03-09,14.7100,24.0000,3.2469,-0.496
2018-03-12,14.6700,23.9000,3.2609,0.078
2018-03-13,14.4400,23.6700,3.2483,-0.918
2018-03-14,14.4800,23.6100,3.2641,0.094
2018-03-15,14.0700,23.1200,3.2841,-0.071
2018-03-16,14.1000,23.3700,3.2897,-0.760
2018-03-19,13.7300,22.5900,3.2873,-0.100
2018-03-20,13.7500,22.8900,3.2950,-1.035
2018-03-21,14.4800,23.7600,3.2865,0.144
2018-03-22,14.1900,23.6300,3.3034,-0.814
2018-03-23,14.3100,23.7100,3.3125,-0.038
2018-03-26,14.4700,23.9100,3.3043,-0.014
2018-03-27,13.9600,23.3200,3.3263,-0.439
2018-03-28,13.7600,23.0300,3.3370,-0.310
2018-03-29,14.1400,23.3600,3.3229,0.569
2018-04-02,13.7200,22.7400,3.3149,0.001
2018-04-03,13.6700,22.8000,3.3222,-0.407
2018-04-04,13.6300,22.7200,3.3474,0.407
2018-04-05,13.9800,23.3400,3.3212,-0.535
2018-04-06,13.9200,23.5800,3.3702,-0.523
2018-04-09,13.3800,22.9000,3.3950,-0.819
2018-04-10,14.0100,23.8000,3.4146,0.501
2018-04-11,14.3300,24.3500,3.3955,-0.087
2018-04-12,14.2700,24.3900,3.3902,-0.824
2018-04-13,13.8600,23.7300,3.4088,-0.451
2018-04-16,13.4200,22.8900,3.4282,0.495
2018-04-17,13.6900,23.3100,3.4022,-0.094
2018-04-18,14.2400,24.0700,3.3844,0.112
2018-04-19,14.3800,24.3700,3.4028,0.394
2018-04-20,14.3000,24.4300,3.4121,-0.137
2018-04-23,14.0900,24.3500,3.4463,-0.291
2018-04-24,13.9600,24.2700,3.4685,-0.247
2018-04-25,13.5000,23.5000,3.5090,0.790
2018-04-26,14.0500,24.4500,3.4992,0.539
2018-04-27,14.1400,24.5200,3.4685,0.009
2018-04-30,14.0900,24.6300,3.4854,-0.306
2018-05-02,13.8200,24.5700,3.5404,-0.431
2018-05-03,13.7300,24.3100,3.5496,0.239
2018-05-04,13.6900,23.8900,3.5213,0.893
2018-05-07,13.9900,24.7400,3.5543,0.494
2018-05-08,13.8700,24.7400,3.5850,0.493
2018-05-09,15.1300,27.2200,3.5965,-0.046
2018-05-10,16.2100,28.8400,3.5554,-0.081
2018-05-11,16.1900,28.9500,3.5879,0.325
2018-05-14,16.6500,30.1500,3.6212,-0.012
2018-05-15,16.8500,30.9100,3.6659,-0.080
2018-05-16,17.1400,31.6300,3.6800,-0.292
2018-05-17,16.4800,30.2100,3.7073,1.119
2018-05-18,16.1800,30.1500,3.7438,0.456
2018-05-21,15.9000,29.1400,3.7096,1.206
2018-05-22,15.7000,28.4200,3.6367,0.451
2018-05-23,15.1100,27.1500,3.6411,1.320
2018-05-24,12.7800,23.2000,3.6402,0.262
2018-05-25,12.6100,23.0300,3.6586,0.163
2018-05-29,11.9200,22.2400,3.7283,-0.087
2018-05-30,11.9200,22.1900,3.7389,0.423
2018-06-01,10.1300,18.8800,3.7550,0.737
2018-06-04,10.7000,19.9800,3.7446,0.268
2018-06-05,10.2500,19.3800,3.7780,-0.092
2018-06-06,10.0400,19.2700,3.8178,-0.543
2018-06-07,9.6600,18.9200,3.9294,0.312
2018-06-08,9.7800,18.0000,3.7429,1.682
2018-06-11,9.8800,18.3900,3.6839,-1.042
2018-06-12,9.7800,18.2400,3.6745,-1.490
2018-06-13,9.6700,17.9900,3.7116,-0.247
2018-06-14,9.5200,17.9800,3.7018,-1.999
2018-06-15,9.4400,17.8000,3.7511,-0.533
2018-06-18,9.2700,17.2100,3.7537,1.095
2018-06-19,9.5200,17.8500,3.7306,-0.517
2018-06-20,9.8400,18.5800,3.7349,-1.100
2018-06-21,9.4100,17.6500,3.7992,1.276
2018-06-22,9.4300,17.7600,3.7708,0.109
2018-06-25,9.5900,18.0900,3.7776,0.130
2018-06-26,9.7400,18.5200,3.7705,-0.851
2018-06-27,9.7800,19.0200,3.8537,-0.922
2018-06-28,9.8400,18.9100,3.8543,0.281
2018-06-29,10.0300,19.4200,3.8561,-0.420
2018-07-02,10.0700,19.6800,3.9135,0.124
2018-07-03,10.2200,19.7500,3.8789,0.360
2018-07-05,10.2600,20.0900,3.9242,0.205
2018-07-06,10.4200,20.2200,3.9060,0.644
2018-07-10,10.6700,20.1900,3.8260,1.098
2018-07-11,10.3500,20.0200,3.8624,-0.160
2018-07-12,10.6300,20.6000,3.8478,-0.723
2018-07-13,10.6900,20.5800,3.8659,0.404
2018-07-16,10.6100,20.3800,3.8534,0.306
2018-07-17,10.9600,21.0600,3.8626,0.508
2018-07-18,10.7300,20.6500,3.8412,-0.203
2018-07-19,10.7700,20.8900,3.8808,0.039
2018-07-20,11.3400,21.4200,3.7801,0.061
2018-07-23,11.3800,21.5200,3.7965,0.381
2018-07-24,11.6800,21.9000,3.7381,-0.317
2018-07-25,11.9500,22.1800,3.7075,-0.125
2018-07-26,11.5900,21.6200,3.7285,-0.062
2018-07-27,11.9100,22.1000,3.7134,0.060
2018-07-30,11.8600,22.0600,3.7228,0.073
2018-07-31,11.7300,21.9400,3.7450,0.111
2018-08-01,11.7200,22.0700,3.7530,-0.351
2018-08-02,11.9200,22.4400,3.7555,-0.255
2018-08-03,12.5300,23.2200,3.7133,0.189
2018-08-06,12.5000,23.3000,3.7208,-0.193
2018-08-07,12.3800,23.2100,3.7128,-0.981
2018-08-08,12.1200,22.7400,3.7442,-0.221
2018-08-09,11.9600,22.7600,3.8164,0.273
2018-08-10,11.5400,22.1600,3.8539,0.347
2018-08-13,11.5000,22.4000,3.9123,0.427
2018-08-14,11.5500,22.2600,3.8852,0.795
2018-08-15,11.0600,21.3800,3.9135,1.224
2018-08-16,10.9300,21.2900,3.8985,0.072
2018-08-17,10.7100,20.9500,3.9385,0.671
2018-08-20,10.6400,21.0000,3.9473,-0.002
2018-08-21,10.2600,20.6500,3.9948,-0.759
2018-08-22,10.4900,21.2600,4.0751,0.536
2018-08-23,10.2200,20.9700,4.0898,-0.339
2018-08-24,10.3100,21.0900,4.0944,0.079
2018-08-27,10.5000,21.4500,4.0707,-0.367
2018-08-28,10.3500,21.2400,4.1248,0.498
2018-08-29,10.7500,22.1700,4.1220,-0.064
2018-08-30,10.5000,21.6800,4.2016,1.745
2018-08-31,10.8700,22.0800,4.1280,1.611
2018-09-04,10.4000,21.5200,4.1560,0.424
2018-09-05,10.5600,21.7300,4.1589,1.054
2018-09-06,10.6300,21.9200,4.1462,0.534
2018-09-10,10.8800,22.2000,4.1094,0.699
2018-09-11,10.4400,21.5800,4.1564,0.539
2018-09-12,10.7400,22.1600,4.1363,0.234
2018-09-13,10.4400,21.8500,4.1752,-0.254
2018-09-14,10.5900,22.0000,4.1852,0.730
2018-09-17,10.9200,22.4700,4.1718,1.371
2018-09-18,11.2200,23.2800,4.1277,-0.531
2018-09-19,11.2500,23.1500,4.1160,0.011
2018-09-20,11.3600,22.9900,4.0834,0.886
2018-09-21,11.5000,23.2700,4.0536,0.164
2018-09-24,11.3900,23.1500,4.0733,0.205
2018-09-25,11.4300,23.2700,4.1186,1.151
2018-09-26,11.6500,23.3600,4.0425,0.803
2018-09-27,12.2300,24.5000,3.9968,-0.243
2018-09-28,12.0700,24.2300,3.9995,-0.384
2018-10-01,12.0800,24.1800,4.0059,0.065
2018-10-02,13.1600,25.8100,3.9223,-0.005
2018-10-03,13.5500,26.4800,3.8806,-0.713
2018-10-04,13.6900,26.7600,3.9229,0.345
2018-10-05,13.9100,26.6600,3.8808,1.241
2018-10-08,15.3800,29.1900,3.8808,2.238
2018-10-09,16.0800,29.7300,3.7320,0.926
2018-10-10,15.1000,28.6300,3.7594,-0.861
2018-10-11,14.8600,28.1000,3.7591,-0.605
2018-10-15,15.4100,28.7500,3.7214,-0.266
2018-10-16,15.9800,29.8000,3.7177,-0.321
2018-10-17,16.0600,29.6000,3.6813,-0.132
2018-10-18,15.3300,28.6500,3.7050,-0.877
2018-10-19,15.4900,28.9400,3.7121,-0.656
2018-10-22,16.0400,29.7200,3.6850,-0.560
2018-10-23,15.7300,29.1600,3.7040,-0.096
2018-10-24,15.1100,28.3200,3.7188,-0.793
2018-10-25,15.5700,28.9100,3.6887,-0.669
2018-10-26,16.2400,30.0000,3.6695,-0.679
2018-10-29,15.5600,28.9200,3.6670,-1.351
2018-10-30,16.4100,30.5200,3.7156,-0.110
2018-10-31,16.2500,30.3200,3.7129,-0.504
2018-11-01,16.1500,29.7700,3.6990,0.334
2018-11-05,16.4200,30.6500,3.7155,-0.476
2018-11-06,15.8700,29.8600,3.7509,-0.324
2018-11-07,15.5500,29.2000,3.7595,0.103
2018-11-08,14.9400,28.2400,3.7563,-0.639
2018-11-09,14.9400,28.1300,3.7510,-0.391
2018-11-12,14.7200,27.9900,3.7510,-1.367
2018-11-13,13.9000,26.7000,3.7983,-1.130
2018-11-14,14.2400,27.1900,3.7831,-0.935
2018-11-16,14.8600,28.0500,3.7424,-0.870
2018-11-19,14.8500,28.0300,3.7671,-0.211
2018-11-21,14.3700,27.3800,3.7790,-0.832
2018-11-23,13.8700,26.6900,3.8205,-0.730
2018-11-26,13.7200,27.1000,3.8790,-1.808
2018-11-27,14.3400,28.0200,3.8919,-0.411
2018-11-28,14.3900,27.6700,3.8766,0.803
2018-11-29,14.3300,27.8500,3.8546,-0.832
2018-11-30,14.5600,28.1300,3.8571,-0.179
2018-12-03,15.0400,28.9300,3.8353,-0.306
2018-12-04,14.6700,28.4200,3.8368,-0.975
2018-12-06,14.1400,27.4000,3.9027,0.701
2018-12-07,14.2400,27.8500,3.8768,-0.888
2018-12-10,13.5300,26.4700,3.9298,0.435
2018-12-11,13.4400,26.3000,3.9165,0.072
2018-12-12,13.6100,26.3900,3.8490,-0.749
2018-12-13,13.6300,26.5300,3.8856,-0.187
2018-12-14,13.4000,26.3300,3.8970,-0.836
2018-12-17,13.2000,26.0500,3.8922,-1.388
2018-12-18,12.8800,25.1700,3.9072,-0.030
2018-12-19,12.6700,24.7600,3.8737,-0.889
2018-12-20,12.5900,24.1600,3.8500,0.314
2018-12-21,12.3800,24.1800,3.8815,-0.635
2018-12-26,12.7200,24.5800,3.9253,1.566
2018-12-27,12.8000,24.4400,3.8895,1.853
2018-12-28,13.0300,25.4000,3.8711,-0.708
2019-01-02,14.0100,26.6500,3.8123,0.207
2019-01-03,14.2600,27.2000,3.7429,-1.886
2019-01-04,14.7600,27.5100,3.7149,-0.342
2019-01-07,15.0600,28.4000,3.7100,-1.633
2019-01-08,15.2000,28.2500,3.7204,0.089
2019-01-09,15.6200,28.8200,3.6832,-0.188
2019-01-10,15.4800,28.6800,3.6915,-0.376
2019-01-11,15.2900,28.5000,3.7073,-0.553
2019-01-14,15.3300,28.4000,3.7073,0.058
2019-01-15,15.2400,28.3100,3.7162,0.026
2019-01-16,15.3000,28.5400,3.7284,-0.062
2019-01-17,15.4200,28.7800,3.7561,0.624
2019-01-18,15.4000,29.1500,3.7658,-0.526
2019-01-22,15.1800,28.8500,3.7811,-0.525
2019-01-23,15.4800,29.1500,3.7987,0.864
2019-01-24,15.5200,29.4600,3.7486,-1.259
2019-01-28,15.0900,28.4200,3.7628,-0.104
2019-01-29,15.5700,29.0400,3.7288,-0.039
2019-01-30,16.0000,29.4400,3.7222,1.147
2019-01-31,16.3000,29.5500,3.6501,0.671
2019-02-01,16.4300,30.0200,3.6552,0.025
2019-02-04,16.4900,30.3600,3.6676,-0.397
2019-02-05,16.6300,30.5500,3.6798,0.156
2019-02-06,16.2200,30.0100,3.7015,0.031
2019-02-07,15.8800,29.4800,3.7232,0.279
2019-02-08,15.6900,29.2700,3.7363,0.141
2019-02-11,15.3200,28.9000,3.7650,-0.208
2019-02-12,16.0400,29.9400,3.7131,-0.538
2019-02-13,16.2600,30.6500,3.7485,-0.570
2019-02-14,16.7200,31.2900,3.7462,0.090
2019-02-15,16.7500,31.0500,3.7100,0.068
2019-02-19,16.8000,31.2600,3.7145,-0.186
2019-02-20,16.7200,31.2600,3.7145,-0.661
2019-02-21,16.6500,31.4300,3.7636,-0.312
2019-02-22,16.6300,31.2500,3.7376,-0.550
2019-02-25,16.2400,30.5000,3.7305,-0.683
2019-02-26,16.2700,30.5100,3.7604,0.265
2019-02-27,16.4200,30.6700,3.7375,0.049
2019-02-28,15.7200,29.8600,3.7493,-1.308
2019-03-01,15.4900,29.2000,3.7852,0.399
2019-03-06,15.2900,29.4800,3.8152,-1.061
2019-03-07,15.0400,29.2200,3.8836,-0.052
2019-03-08,14.9800,29.0000,3.8639,-0.205
2019-03-11,15.8700,30.6400,3.8435,-0.463
2019-03-12,15.8200,30.1300,3.8090,-0.003
2019-03-13,16.2500,30.9400,3.8249,0.444
2019-03-14,16.2500,31.2900,3.8340,-0.443
2019-03-15,16.5900,31.6200,3.8140,0.054
2019-03-18,17.1100,32.2600,3.8097,1.029
2019-03-19,17.3700,32.7700,3.7670,-0.164
2019-03-20,17.6300,32.9700,3.7856,1.213
2019-03-21,17.0500,32.3100,3.8176,0.727
2019-03-22,15.8200,30.7700,3.8942,0.108
2019-03-25,15.8800,30.6500,3.8640,0.098
2019-03-26,16.3900,31.9300,3.8760,-0.520
2019-03-27,15.4900,30.4500,3.9602,0.728
2019-03-28,15.8000,30.9600,3.9689,1.274
2019-03-29,15.9200,31.1500,3.8892,-0.616
2019-04-01,15.9400,30.8700,3.8699,-0.087
2019-04-02,16.0200,31.0000,3.8647,-0.141
2019-04-03,15.7200,30.3500,3.8437,-0.456
2019-04-04,16.1700,31.3500,3.8703,-0.187
2019-04-05,16.5000,32.0500,3.8627,-0.570
2019-04-08,16.9900,32.7400,3.8569,0.074
2019-04-09,16.8800,32.4500,3.8531,0.216
2019-04-10,16.9900,32.2700,3.8269,0.742
2019-04-11,16.4700,31.8500,3.8509,-0.433
2019-04-12,14.9400,29.1300,3.8711,-0.731
2019-04-15,15.0200,29.1100,3.8717,-0.115
2019-04-16,15.3700,30.1500,3.8972,-0.663
2019-04-17,15.3000,30.1800,3.9381,-0.177
2019-04-18,15.6200,30.7600,3.9302,-0.212
2019-04-22,15.6900,30.8700,3.9281,-0.175
2019-04-23,15.8000,31.1200,3.9418,0.065
2019-04-24,15.3400,30.5800,3.9758,-0.280
2019-04-25,15.4700,30.6600,3.9635,-0.008
2019-04-26,15.3800,30.3900,3.9227,-0.739
2019-04-29,15.3700,30.2500,3.9362,-0.001
2019-04-30,15.2300,29.9600,3.9367,0.060
2019-05-02,14.9100,29.5100,3.9644,0.151
2019-05-03,15.0100,29.5600,3.9366,-0.054
2019-05-06,14.8600,29.5400,3.9534,-0.563
2019-05-07,14.7100,29.2200,3.9847,0.299
2019-05-08,15.2600,30.2200,3.9290,-0.800
2019-05-09,14.7800,29.3600,3.9646,-0.210
2019-05-10,14.8100,29.3500,3.9614,-0.054
2019-05-13,14.3500,28.5100,3.9778,0.108
2019-05-14,14.3600,28.5200,3.9737,0.039
2019-05-15,14.1600,28.3200,3.9845,-0.387
2019-05-16,13.8500,27.7800,4.0061,-0.136
2019-05-17,13.4600,27.5600,4.0909,-0.102
2019-05-20,13.6800,28.0700,4.1133,0.231
2019-05-21,14.1000,28.8000,4.0678,-0.424
2019-05-22,14.2200,28.7700,4.0245,-0.542
2019-05-23,13.9100,28.2700,4.0329,-0.782
2019-05-24,14.1000,28.3300,4.0251,0.166
2019-05-28,14.3200,29.1300,4.0215,-1.154
2019-05-29,14.5500,28.9000,3.9937,0.533
2019-05-30,14.5000,28.8500,3.9658,-0.340
2019-05-31,14.4300,28.2300,3.9216,0.228
2019-06-03,14.7700,28.8500,3.8918,-0.378
2019-06-04,15.0300,29.0200,3.8593,-0.060
2019-06-05,14.7100,28.6100,3.8655,-0.627
2019-06-06,14.9500,29.0600,3.8740,-0.350
2019-06-07,15.3800,29.8500,3.8616,-0.517
2019-06-10,15.0700,29.3500,3.8708,-0.625
2019-06-11,15.5200,29.9500,3.8593,-0.006
2019-06-12,15.2100,29.5100,3.8360,-1.143
2019-06-13,15.4700,29.9100,3.8456,-0.549
2019-06-14,15.4000,30.1900,3.8936,-0.693
2019-06-17,15.4600,30.1500,3.8858,-0.374
2019-06-18,15.7900,30.6100,3.8549,-0.574
2019-06-19,15.9400,30.8400,3.8731,0.093
2019-06-21,16.6200,31.7900,3.8212,-0.113
2019-06-24,16.5900,31.6600,3.8265,0.255
2019-06-25,15.9800,30.7000,3.8312,-0.289
2019-06-26,15.8600,30.5500,3.8355,-0.440
2019-06-27,15.5400,29.8900,3.8604,0.352
2019-06-28,15.5700,30.0200,3.8290,-0.704
2019-07-01,15.4900,29.9200,3.8217,-1.073
2019-07-02,15.2300,29.4700,3.8613,-0.225
2019-07-03,15.3300,29.7700,3.8421,-1.076
2019-07-05,15.6800,30.0300,3.8178,-0.328
2019-07-08,16.0000,30.6100,3.8045,-0.568
2019-07-10,16.2800,30.7200,3.7646,-0.248
2019-07-11,16.6900,31.3000,3.7577,0.185
2019-07-12,16.8300,31.5000,3.7429,-0.011
2019-07-15,16.4900,30.9700,3.7490,-0.192
2019-07-16,16.1900,30.6000,3.7607,-0.514
2019-07-17,16.1600,30.4000,3.7611,-0.034
2019-07-18,16.1300,30.0700,3.7443,0.425
2019-07-19,15.9900,30.0600,3.7406,-0.512
2019-07-22,15.9900,30.1000,3.7350,-0.793
2019-07-23,16.0700,30.2500,3.7680,0.086
2019-07-24,15.8600,30.0000,3.7610,-0.584
2019-07-25,15.4800,29.4600,3.7880,-0.478
2019-07-26,15.0700,28.5400,3.7714,-0.429
2019-07-29,15.2300,28.8900,3.7873,-0.172
2019-07-30,15.1300,28.7000,3.7867,-0.187
2019-07-31,15.0500,28.7900,3.7571,-1.799
2019-08-01,14.7200,28.3500,3.8366,-0.397
2019-08-02,14.9500,29.2100,3.8789,-0.737
2019-08-05,14.1800,28.0000,3.9423,-0.175
2019-08-06,14.3200,28.4700,3.9740,-0.057
2019-08-07,14.1900,28.2000,3.9863,0.294
2019-08-08,14.6300,28.8700,3.9349,-0.299
2019-08-09,14.5100,28.6200,3.9385,-0.161
2019-08-12,14.0000,27.8500,3.9862,0.192
2019-08-13,14.0900,27.9600,3.9531,-0.395
2019-08-14,13.3900,27.1000,4.0143,-0.828
2019-08-15,13.3500,26.5000,4.0100,1.007
2019-08-16,13.2300,26.3800,3.9926,0.118
2019-08-19,13.1200,26.7400,4.0344,-1.026
2019-08-20,13.0800,26.4900,4.0409,-0.236
2019-08-21,13.8100,27.9000,4.0188,-0.538
2019-08-22,13.6000,27.6300,4.0558,-0.183
2019-08-23,12.9700,26.7600,4.1114,-0.365
2019-08-26,12.7900,26.4100,4.1528,0.557
2019-08-27,12.9200,26.9100,4.1813,0.376
2019-08-28,13.0800,27.1000,4.1553,0.279
2019-08-29,13.4000,28.1200,4.1595,-0.894
2019-08-30,13.5500,28.2700,4.1254,-1.133
2019-09-03,13.4000,28.1100,4.1726,-0.546
2019-09-04,13.9800,28.8200,4.1140,-0.219
2019-09-05,14.1400,29.0000,4.0908,-0.269
2019-09-06,14.3000,29.1900,4.0643,-0.446
2019-09-09,14.5200,29.7700,4.0819,-0.455
2019-09-10,14.6100,30.0000,4.1010,-0.141
2019-09-11,14.5700,29.4700,4.0592,0.344
2019-09-12,14.7100,29.8300,4.0606,0.120
2019-09-13,14.5400,29.6600,4.0610,-0.460
2019-09-16,15.0800,31.0000,4.0831,-0.688
2019-09-17,14.9400,30.5200,4.0970,0.277
2019-09-18,14.6200,30.0200,4.0964,-0.251
2019-09-19,14.5300,30.2400,4.1389,-0.565
2019-09-20,14.5400,30.3200,4.1698,-0.018
2019-09-23,14.5600,30.4500,4.1771,-0.134
2019-09-24,14.4000,30.0600,4.1737,-0.031
2019-09-25,14.4600,30.1000,4.1764,0.317
2019-09-26,14.5700,30.3500,4.1517,-0.346
2019-09-27,14.6000,30.4200,4.1576,-0.229
2019-09-30,14.4700,30.1500,4.1629,-0.104
2019-10-01,14.3500,29.9800,4.1624,-0.383
2019-10-02,14.0200,28.9000,4.1434,0.503
2019-10-03,14.1500,29.1200,4.0876,-0.688
2019-10-04,14.1900,28.8500,4.0601,-0.151
2019-10-07,13.8200,28.4000,4.0831,-0.654
2019-10-08,13.7700,28.2200,4.0846,-0.346
2019-10-09,14.1100,28.9300,4.1043,0.089
2019-10-10,14.0900,29.0700,4.1075,-0.456
2019-10-11,14.4000,29.5000,4.0945,-0.066
2019-10-14,14.3700,29.6700,4.0945,-0.846
2019-10-15,14.4000,30.0700,4.1506,-0.617
2019-10-16,14.6500,30.4900,4.1610,-0.035
2019-10-17,14.4300,30.2000,4.1600,-0.615
2019-10-18,14.5300,29.9500,4.1312,0.211
2019-10-21,14.6400,30.3500,4.1360,-0.245
2019-10-22,15.2600,31.2800,4.0713,-0.690
2019-10-23,15.5800,31.4300,4.0674,0.811
2019-10-24,15.2500,30.8100,4.0100,-0.759
2019-10-25,15.8500,31.7100,4.0018,0.013
2019-10-28,16.0000,31.9500,3.9769,-0.422
2019-10-29,16.0400,32.2400,3.9923,-0.688
2019-10-30,16.2400,32.6300,4.0170,-0.037
2019-10-31,16.2400,32.7000,4.0130,-0.350
2019-11-01,16.4400,32.7400,3.9756,-0.185
2019-11-04,16.3900,32.9700,4.0007,-0.559
2019-11-05,16.3600,32.5500,3.9865,0.183
2019-11-06,15.9500,32.4100,4.0582,-0.141
2019-11-07,16.3300,33.4500,4.0884,-0.204
2019-11-08,15.8200,32.9100,4.1545,-0.146
2019-11-11,16.0000,33.1400,4.1545,0.290
2019-11-12,15.6400,32.5200,4.1742,0.376
2019-11-13,15.4000,32.4000,4.1772,-0.727
2019-11-14,15.1200,31.7100,4.1912,-0.077
2019-11-18,15.1000,31.7000,4.1932,-0.130
2019-11-19,14.8500,31.2500,4.2032,-0.132
2019-11-21,15.2000,32.0800,4.2213,0.006
2019-11-22,15.2500,32.2200,4.1859,-0.939
2019-11-25,15.2200,32.0200,4.2153,0.182
2019-11-26,14.7600,31.3900,4.2594,0.141
2019-11-27,14.8000,31.4500,4.2569,0.162
2019-11-29,14.7300,31.2000,4.2272,-0.214
2019-12-02,14.7300,31.1600,4.2200,-0.256
2019-12-03,14.6800,31.0700,4.1928,-0.949
2019-12-04,14.8400,31.4500,4.1886,-1.178
2019-12-05,15.2200,31.8600,4.1912,0.110
2019-12-06,15.5100,32.0700,4.1749,0.955
2019-12-09,15.5600,32.2300,4.1299,-0.308
2019-12-10,15.5900,32.4300,4.1412,-0.461
2019-12-11,15.7100,32.4400,4.1179,-0.289
2019-12-12,16.0600,32.8700,4.0990,0.137
2019-12-13,15.3100,31.3300,4.1065,0.336
2019-12-16,15.3900,31.0900,4.0681,0.688
2019-12-17,15.4800,31.5200,4.0673,-0.124
2019-12-18,15.8800,32.3500,4.0624,-0.292
2019-12-19,15.8600,32.3000,4.0580,-0.372
2019-12-20,15.5600,31.9300,4.0859,-0.444
2019-12-23,15.8800,32.4000,4.0621,-0.453
2019-12-26,16.1300,32.6900,4.0602,0.170
2019-12-27,15.9200,32.1700,4.0507,0.229
2019-12-30,15.9000,32.0000,4.0152,-0.247
2020-01-02,16.2700,32.8000,4.0384,0.160
2020-01-03,15.9900,31.9900,4.0378,0.913
2020-01-06,16.2200,33.0300,4.0548,-0.441
2020-01-07,16.0600,32.5800,4.0813,0.592
2020-01-08,15.7000,32.0500,4.0463,-0.894
2020-01-09,15.7500,32.2300,4.0747,-0.440
2020-01-10,15.6400,32.1000,4.0771,-0.676
2020-01-13,15.4800,32.0900,4.1351,-0.263
2020-01-14,15.3700,31.8300,4.1409,-0.023
2020-01-15,14.8700,31.1200,4.1773,-0.199
2020-01-16,14.8900,31.2200,4.1903,-0.074
2020-01-17,15.1600,31.8500,4.1857,-0.384
2020-01-21,14.7700,31.0200,4.2000,-0.010
2020-01-22,14.7700,31.0200,4.1852,-0.362
2020-01-23,14.9100,31.2300,4.1689,-0.483
2020-01-24,14.7700,31.1100,4.1879,-0.586
2020-01-27,14.2100,29.8000,4.2268,0.777
2020-01-28,14.5000,30.5000,4.2094,0.060
2020-01-29,14.3700,30.3600,4.2162,-0.219
2020-01-30,14.4900,30.9900,4.2602,-0.403
2020-01-31,14.1100,30.3500,4.2801,-0.507
2020-02-03,14.2000,30.0100,4.2411,0.339
2020-02-04,14.3700,30.7500,4.2405,-0.917
2020-02-05,14.4300,30.4800,4.2567,0.761
2020-02-06,14.6300,31.3000,4.2694,-0.222
2020-02-07,14.5800,31.4600,4.3126,-0.067
2020-02-10,14.4000,31.5800,4.3155,-1.610
2020-02-11,14.8200,32.0100,4.3346,0.342
2020-02-12,14.9200,32.5500,4.3428,-0.469
2020-02-13,14.6300,31.9300,4.3302,-0.797
2020-02-14,14.6400,31.6200,4.3104,-0.215
2020-02-18,14.5600,31.9400,4.3507,-0.836
2020-02-19,14.8900,32.5700,4.3660,-0.200
2020-02-20,14.4000,31.7500,4.3845,-0.572
2020-02-21,14.0300,30.8500,4.3830,-0.335
2020-02-26,12.5500,27.7800,4.4304,0.075
2020-02-27,12.0800,26.8300,4.4587,0.375
2020-02-28,12.1000,27.1500,4.4906,0.067
2020-03-02,12.4900,28.1000,4.4782,-0.476
2020-03-03,12.1600,27.5000,4.4908,-0.712
2020-03-04,12.3300,28.2200,4.5497,-0.606
2020-03-05,11.7400,26.8100,4.6533,1.883
2020-03-06,10.5200,24.0600,4.6380,1.396
2020-03-09,7.2600,16.9200,4.7304,1.486
2020-03-10,8.0100,18.3600,4.6745,1.968
2020-03-11,6.8500,16.3700,4.6844,-1.991
2020-03-12,5.4500,12.9200,4.8563,2.426
2020-03-13,6.5800,15.8600,4.7622,-1.213
2020-03-16,5.2500,13.1300,4.9813,-0.412
2020-03-17,5.4000,13.0800,5.0185,3.593
2020-03-18,4.3100,11.0500,5.1136,-0.273
2020-03-19,5.0600,12.4500,5.1503,4.661
2020-03-20,4.8500,12.2200,5.0010,-0.758
2020-03-23,4.4600,11.6200,5.1286,-1.577
2020-03-24,5.4300,13.4700,5.0731,2.253
2020-03-25,5.8000,14.5500,5.0589,0.830
2020-03-26,5.8100,14.6000,4.9972,-0.569
2020-03-27,5.1900,13.0300,5.1113,1.795
2020-03-30,5.2200,13.4400,5.1593,0.192
2020-03-31,5.5000,14.1400,5.1855,0.850
2020-04-01,5.4100,14.2100,5.2494,-0.073
2020-04-02,5.8100,15.4300,5.2649,-0.878
2020-04-03,5.7600,15.3200,5.3129,-0.123
2020-04-06,6.1400,16.1500,5.2342,-0.502
2020-04-07,6.3200,16.5600,5.2319,-0.164
2020-04-08,6.8100,17.5000,5.1701,0.595
2020-04-09,6.7200,16.8600,5.0708,1.055
2020-04-13,6.7100,17.3000,5.1871,0.594
2020-04-14,6.6800,17.1800,5.2074,1.238
2020-04-15,6.3200,16.6200,5.2559,-0.068
2020-04-16,6.1400,16.1300,5.2318,-0.424
2020-04-17,6.4500,16.7000,5.2550,1.481
2020-04-20,6.2700,16.5500,5.2911,0.227
2020-04-22,6.3400,17.1500,5.3955,-0.270
2020-04-23,6.3100,17.3400,5.4498,-0.841
2020-04-24,5.6600,16.0700,5.6858,0.130
2020-04-27,6.0000,16.8000,5.6741,1.323
2020-04-28,6.5600,18.0200,5.5646,1.287
2020-04-29,7.1400,19.0000,5.3923,1.318
2020-04-30,6.9100,18.6500,5.4296,0.586
2020-05-04,6.5400,18.0500,5.5714,0.933
2020-05-05,6.7300,18.6700,5.5623,0.252
2020-05-06,6.3300,17.9400,5.6798,0.204
2020-05-07,6.3300,18.3000,5.8027,0.358
2020-05-08,6.8600,19.5500,5.7455,0.803
2020-05-11,6.5600,19.0300,5.7958,-0.104
2020-05-12,6.4600,18.8700,5.7922,-0.854
2020-05-13,6.1200,18.1300,5.9204,-0.075
2020-05-14,6.0400,17.6900,5.9181,1.033
2020-05-15,6.1000,17.7000,5.8235,0.348
2020-05-18,6.8400,19.4200,5.7080,0.522
2020-05-19,6.7200,19.3000,5.7101,-0.591
2020-05-20,6.9900,19.8800,5.6909,0.049
2020-05-21,7.1800,19.9500,5.5989,0.752
2020-05-22,7.0600,19.5200,5.5663,0.661
2020-05-26,7.6100,20.5500,5.3760,-0.459
2020-05-27,7.8400,20.6500,5.2818,0.265
2020-05-28,7.6200,20.5600,5.3346,-1.144
2020-05-29,7.6300,20.8400,5.4248,-0.693
2020-06-01,7.8100,20.9500,5.3727,0.145
2020-06-02,8.3800,21.8600,5.2331,0.305
2020-06-03,8.7700,22.0600,5.0417,0.217
2020-06-04,8.7200,22.1600,5.0927,0.199
2020-06-05,9.2900,22.8500,4.9542,0.710
2020-06-08,9.7200,23.3500,4.8858,1.692
2020-06-09,9.2900,22.6900,4.8990,0.290
2020-06-10,8.8900,22.0200,4.8979,-1.130
2020-06-12,8.4800,21.2400,5.0241,0.293
2020-06-15,8.3800,21.3200,5.2082,2.356
2020-06-16,8.5400,22.2000,5.1563,-0.823
2020-06-17,8.5100,22.2500,5.2640,0.667
2020-06-18,8.4300,22.6000,5.3540,-0.146
2020-06-19,8.4100,22.2800,5.3388,0.761
2020-06-22,8.3300,21.8700,5.2235,-0.522
2020-06-23,8.7500,22.5100,5.1578,0.246
2020-06-24,8.2200,21.9100,5.3020,-0.542
2020-06-25,8.4000,22.3700,5.3541,0.524
2020-06-26,8.0300,21.8800,5.4661,0.303
2020-06-29,8.2800,22.5600,5.4587,0.173
2020-06-30,8.2700,22.3400,5.4844,1.513
2020-07-01,8.4500,22.3600,5.3492,1.075
2020-07-02,8.4800,22.6400,5.3146,-0.469
2020-07-06,8.6700,23.1500,5.3140,-0.492
2020-07-07,8.4600,22.7600,5.3580,-0.420
2020-07-08,8.7600,23.3200,5.3581,0.637
2020-07-09,8.5300,22.6500,5.3182,0.142
2020-07-10,8.7000,23.0000,5.3334,0.871
2020-07-13,8.5200,22.8500,5.3439,-0.372
2020-07-14,8.8600,23.6400,5.4290,1.736
2020-07-15,8.9900,24.2000,5.3620,-0.404
2020-07-16,8.8300,23.6300,5.3430,-0.172
2020-07-17,8.7800,23.6500,5.3520,-0.654
2020-07-20,8.8200,23.5000,5.3365,0.145
2020-07-21,9.1800,23.9900,5.1936,-0.631
2020-07-22,9.3000,23.7400,5.0973,-0.158
2020-07-23,8.9600,23.2300,5.1405,-0.863
2020-07-24,9.0000,23.3300,5.1948,0.200
2020-07-27,9.3000,23.7700,5.1835,1.402
2020-07-28,9.1400,23.3900,5.1684,0.982
2020-07-29,9.2700,23.8300,5.1483,0.136
2020-07-30,9.0800,23.3200,5.1824,0.892
2020-07-31,8.6700,22.7000,5.1967,-0.759
2020-08-03,8.3900,22.3400,5.3200,-0.101
2020-08-04,8.4200,22.3100,5.3259,0.502
2020-08-05,8.9300,23.7500,5.2928,-0.495
2020-08-06,8.8900,23.8300,5.3537,-0.138
2020-08-07,8.6200,23.3100,5.4343,0.480
2020-08-10,8.8300,24.1000,5.4230,-0.653
2020-08-11,8.7800,23.6900,5.4230,0.494
2020-08-12,8.7900,24.0500,5.4745,0.043
2020-08-13,8.6900,23.3400,5.3835,0.220
2020-08-14,8.6100,23.2500,5.3881,-0.233
2020-08-17,8.4500,23.2600,5.4734,-0.580
2020-08-18,8.6600,23.6100,5.4845,0.584
2020-08-19,8.5200,23.5100,5.5045,-0.259
2020-08-20,8.3800,23.2600,5.6370,1.544
2020-08-21,8.2500,23.0800,5.5949,-0.004
2020-08-24,8.4500,23.5400,5.6010,0.528
2020-08-25,8.4900,23.4300,5.6046,1.543
2020-08-26,8.1200,22.7600,5.6073,0.025
2020-08-27,8.1800,22.6500,5.5965,1.058
2020-08-28,8.5000,23.1100,5.4469,0.170
2020-08-31,8.1700,22.3200,5.4698,0.108
2020-09-01,8.6800,23.3600,5.3578,-0.459
2020-09-02,8.7000,23.3000,5.3550,-0.025
2020-09-03,8.8000,23.3000,5.3078,0.233
2020-09-04,8.8100,23.3300,5.2873,-0.169
2020-09-08,8.4000,22.5200,5.3510,-0.203
2020-09-09,8.6600,23.0200,5.2849,-0.592
2020-09-10,8.3400,22.1500,5.3023,-0.178
2020-09-11,8.2800,22.0400,5.3040,-0.370
2020-09-14,8.2800,21.8200,5.2892,0.354
2020-09-15,8.2700,21.8700,5.2852,-0.072
2020-09-16,8.4200,21.9500,5.2410,0.522
2020-09-17,8.5800,22.4400,5.2584,0.528
2020-09-18,8.2100,21.9400,5.3056,-0.732
2020-09-21,7.8900,21.2800,5.4397,0.844
2020-09-22,7.8400,21.2700,5.4700,0.811
2020-09-23,7.4600,20.7500,5.5490,-0.252
2020-09-24,7.6300,20.9000,5.5308,0.957
2020-09-25,7.4600,20.6800,5.5644,0.364
2020-09-28,7.2000,20.1800,5.6155,0.177
2020-09-29,6.9900,19.6100,5.6679,1.016
2020-09-30,7.1200,19.7700,5.6326,1.427
2020-10-01,7.0700,19.9500,5.6463,0.048
2020-10-02,6.8400,19.1800,5.6822,1.320
2020-10-05,7.2100,20.1200,5.6173,0.648
2020-10-06,7.1700,19.9900,5.5402,-0.642
2020-10-07,7.1100,19.9100,5.6125,0.213
2020-10-08,7.3800,20.5900,5.5948,0.266
2020-10-09,7.2500,19.9100,5.5220,0.539
2020-10-13,7.2300,20.1300,5.5944,0.466
2020-10-14,7.1500,20.0100,5.5804,-0.300
2020-10-15,7.0100,19.7900,5.6160,-0.535
2020-10-16,6.8600,19.3000,5.6228,-0.071
2020-10-19,6.9600,19.5100,5.5780,-0.505
2020-10-20,7.2300,20.1800,5.5773,-0.089
2020-10-21,7.1900,20.1700,5.6084,-0.039
2020-10-22,7.4500,20.8100,5.5843,-0.041
2020-10-23,7.3200,20.4900,5.6135,0.270
2020-10-26,7.1900,20.2000,5.6141,-0.086
2020-10-27,6.9800,19.8600,5.6484,-0.741
2020-10-28,6.4700,18.6400,5.7406,-0.371
2020-10-29,6.6900,19.3300,5.7790,0.004
2020-10-30,6.6300,19.0000,5.7588,0.476
2020-11-03,6.8800,19.7500,5.7328,-0.148
2020-11-04,6.9700,19.8400,5.6540,-0.685
2020-11-05,7.1900,19.9400,5.5682,0.390
2020-11-06,7.3700,19.8700,5.4577,1.216
2020-11-09,8.1900,21.9000,5.3696,0.404
2020-11-10,8.7900,23.6400,5.3715,-0.136
2020-11-11,8.7800,23.6200,5.3715,-0.166
2020-11-12,8.2800,22.6500,5.4141,-1.040
2020-11-13,8.5300,23.1800,5.5006,1.208
2020-11-16,8.8400,23.9300,5.3999,-0.261
2020-11-17,9.1200,24.2000,5.3401,0.623
2020-11-18,9.0700,24.2300,5.3069,-0.674
2020-11-19,9.2000,24.4500,5.3149,-0.006
2020-11-23,9.3500,25.4800,5.4360,-0.262
2020-11-24,10.0000,26.8400,5.3910,0.428
2020-11-25,10.0300,26.6600,5.3224,0.119
2020-11-27,9.9400,25.9000,5.3224,2.133
2020-11-30,9.5700,25.5500,5.3785,0.728
2020-12-01,10.1000,26.3000,5.2630,1.058
2020-12-02,10.1900,26.6600,5.2384,0.111
2020-12-03,10.5500,27.2000,5.1243,-0.622
2020-12-04,10.9200,28.1000,5.1610,0.281
2020-12-07,10.7700,27.4700,5.0713,-0.586
2020-12-08,10.6300,27.2300,5.0824,-0.797
2020-12-09,10.5600,27.2600,5.1504,-0.242
2020-12-10,11.2600,28.2500,5.0699,1.039
2020-12-11,11.1300,28.0100,5.0538,0.408
2020-12-14,10.9000,27.8900,5.1103,-0.139
2020-12-15,11.1400,28.2500,5.1105,0.763
2020-12-16,11.2900,28.5600,5.1282,1.361
2020-12-17,11.3700,28.9200,5.0591,-0.550
2020-12-18,11.2900,28.6200,5.0810,0.217
2020-12-21,10.7600,27.5600,5.1280,0.104
2020-12-22,10.8300,27.8400,5.1593,0.351
2020-12-23,10.9400,28.4400,5.2087,0.181
2020-12-28,10.9900,28.6500,5.3016,1.683
2020-12-29,11.0500,28.6700,5.1679,-0.409
2020-12-30,11.2100,28.8500,5.1760,0.560
2021-01-04,11.1900,29.5000,5.2466,-0.492
2021-01-05,11.5200,30.4000,5.3035,0.487
2021-01-06,11.6200,30.7500,5.3368,0.835
2021-01-07,11.6900,31.6500,5.4024,-0.231
2021-01-08,11.6900,31.5900,5.3855,-0.354
2021-01-11,11.4000,31.2900,5.4809,-0.156
2021-01-12,11.7200,31.1800,5.4166,1.800
2021-01-13,11.2100,29.7400,5.2938,-0.229
2021-01-14,11.5300,29.8600,5.2304,0.982
2021-01-15,10.9000,28.8100,5.2589,-0.517
2021-01-19,10.8800,29.1200,5.3330,-0.373
2021-01-20,10.8300,28.6300,5.3330,0.867
2021-01-21,10.5300,28.0900,5.3753,0.751
2021-01-22,10.1900,27.7300,5.4518,0.169
2021-01-26,10.3500,27.6000,5.3682,0.654
2021-01-27,10.3400,27.9800,5.4139,0.035
2021-01-28,10.5500,28.6000,5.3992,-0.417
2021-01-29,10.0500,27.3300,5.4479,0.167
2021-02-01,10.2800,28.1100,5.4746,0.105
2021-02-02,10.8300,29.0800,5.3704,0.002
2021-02-03,10.9500,29.3000,5.3624,0.202
2021-02-04,10.8600,29.2700,5.4236,0.615
2021-02-05,11.0700,29.6800,5.3522,-0.187
2021-02-08,10.6100,28.4500,5.3153,-0.887
2021-02-09,10.2800,27.7100,5.4261,0.650
2021-02-10,10.4200,28.0500,5.3601,-0.442
2021-02-11,10.5300,28.3100,5.3876,0.197
2021-02-12,10.5500,28.5000,5.3699,-0.610
2021-02-17,10.9200,29.6800,5.4059,-0.552
2021-02-18,10.8200,29.4300,5.4391,-0.015
2021-02-19,10.0500,27.1000,5.3938,0.014
2021-02-22,7.9400,21.5500,5.4781,0.919
2021-02-23,8.4700,23.4800,5.4267,-2.121
2021-02-24,8.7200,23.7800,5.4249,-0.536
2021-02-25,8.2700,22.9400,5.4903,-1.036
2021-02-26,7.9300,22.1500,5.5724,-0.250
2021-03-01,7.8100,22.0100,5.5704,-1.170
2021-03-02,7.7400,21.9100,5.7110,0.874
2021-03-03,7.4300,20.9700,5.7591,2.027
2021-03-04,7.6300,21.8700,5.5666,-2.896
2021-03-05,7.7600,22.0600,5.6912,0.099
2021-03-08,7.2100,21.0000,5.7341,-1.565
2021-03-09,7.2700,21.3900,5.8084,-1.292
2021-03-10,7.8400,22.2900,5.6720,-0.250
2021-03-11,8.2500,22.9500,5.5530,-0.191
2021-03-12,8.1200,22.7000,5.5530,-0.682
2021-03-15,8.1900,23.2600,5.6539,-0.461
2021-03-16,8.1100,22.9100,5.5756,-1.314
2021-03-17,8.4300,23.6400,5.6550,0.828
2021-03-18,8.2300,22.9700,5.5366,-0.814
2021-03-19,8.4900,23.5200,5.4750,-1.185
2021-03-22,8.3700,23.0800,5.5316,0.302
2021-03-23,8.1500,22.5500,5.4771,-1.024
2021-03-24,8.0100,22.5300,5.5550,-1.253
2021-03-25,8.1100,22.9600,5.6352,-0.476
2021-03-26,8.1100,23.3000,5.7132,-0.571
2021-03-29,8.1500,23.6500,5.7778,-0.446
2021-03-30,8.1500,23.5800,5.7439,-0.736
2021-03-31,8.4800,23.9400,5.6590,0.226
2021-04-01,8.2700,23.6200,5.6887,-0.412
2021-04-05,8.3800,23.8700,5.6584,-0.676
2021-04-06,8.4100,23.6900,5.6143,-0.346
2021-04-07,8.4200,23.8000,5.6062,-0.832
2021-04-08,8.3700,23.4000,5.5743,-0.306
2021-04-09,8.2900,23.5000,5.6522,-0.305
2021-04-12,8.2700,23.7400,5.6974,-0.763
2021-04-13,8.2700,23.7400,5.6898,-0.896
2021-04-14,8.4900,24.1200,5.6806,-0.024
2021-04-15,8.1000,22.9200,5.6110,-0.853
2021-04-16,8.1200,22.6500,5.6107,0.571
2021-04-19,8.5400,23.7900,5.5687,-0.049
2021-04-20,8.3300,23.2000,5.5185,-0.929
2021-04-22,8.4900,23.2100,5.4971,0.539
2021-04-23,8.4400,23.2700,5.5011,-0.238
2021-04-26,8.5400,23.3000,5.4508,-0.108
2021-04-27,8.3100,22.7400,5.4342,-0.708
2021-04-28,8.8000,23.5500,5.3964,0.824
2021-04-29,8.5600,23.0800,5.3624,-0.559
2021-04-30,8.4800,23.1000,5.4194,-0.527
2021-05-03,8.4800,23.0100,5.3857,-0.759
2021-05-04,8.2500,22.4800,5.4490,-0.013
2021-05-05,8.6800,23.4000,5.3648,-0.499
2021-05-06,8.7600,23.0700,5.2804,0.252
2021-05-07,9.0700,23.9300,5.2140,-1.189
2021-05-10,9.2200,24.2300,5.2244,-0.601
2021-05-11,9.3500,24.5500,5.2124,-0.741
2021-05-12,9.1200,24.2400,5.2529,-1.183
2021-05-13,9.2200,24.5000,5.2793,-0.663
2021-05-14,9.6800,25.6400,5.2574,-0.757
2021-05-17,9.8100,25.9400,5.2594,-0.550
2021-05-18,9.7200,25.6000,5.2359,-0.600
2021-05-19,9.5600,25.5200,5.2650,-1.384
2021-05-20,9.4900,25.1700,5.2831,-0.404
2021-05-21,9.4200,25.4200,5.3235,-1.362
2021-05-24,9.5800,25.6800,5.3223,-0.725
2021-05-25,9.3900,25.2200,5.3060,-1.223
2021-05-26,9.5500,25.4500,5.3062,-0.444
2021-05-27,9.5800,25.2500,5.2642,-0.137
2021-05-28,10.2100,26.7100,5.2187,-0.257
2021-06-01,10.6300,27.2300,5.1631,0.778
2021-06-02,11.3000,28.5800,5.0743,0.314
2021-06-04,11.5900,28.9300,5.0670,1.498
2021-06-07,11.4300,28.7200,5.0190,-0.127
2021-06-08,11.7500,29.4100,5.0383,0.646
2021-06-09,11.7100,29.5100,5.0651,0.495
2021-06-10,11.6700,29.5700,5.0672,-0.010
2021-06-11,11.4600,29.3000,5.1299,0.322
2021-06-14,11.5200,29.2600,5.0567,-0.456
2021-06-15,11.7000,29.4700,5.0911,1.062
2021-06-16,11.8000,29.5700,4.9991,-0.255
2021-06-17,11.4100,28.6600,5.0244,0.015
2021-06-18,11.3700,28.7400,5.0405,-0.295
2021-06-21,11.6900,29.3400,5.0306,0.218
2021-06-22,11.8200,29.3700,4.9994,0.601
2021-06-23,11.9200,29.4400,4.9518,0.247
2021-06-24,12.1600,29.8900,4.9169,0.016
2021-06-25,11.9500,29.4100,4.9245,0.047
2021-06-28,11.8800,29.2800,4.9451,0.321
2021-06-29,12.0600,29.6800,4.9378,0.320
2021-06-30,12.2300,30.2900,5.0083,1.108
2021-07-01,11.7900,29.7600,5.0339,-0.286
2021-07-02,11.9200,30.0300,5.0431,0.089
2021-07-06,11.0500,28.5800,5.1803,0.144
2021-07-07,11.0200,28.7300,5.2678,1.029
2021-07-08,10.7800,28.1600,5.2336,0.174
2021-07-12,11.0300,28.4500,5.1939,0.683
2021-07-13,11.0600,28.5600,5.1544,-0.197
2021-07-14,11.1700,28.3700,5.0861,0.126
2021-07-15,10.8300,27.7000,5.1180,0.050
2021-07-16,10.6800,27.1700,5.0922,0.082
2021-07-19,10.1900,26.8500,5.2100,-1.136
2021-07-20,10.4600,27.2900,5.2190,0.020
2021-07-21,10.7000,27.7300,5.2313,0.928
2021-07-22,10.6600,27.7700,5.2071,-0.058
2021-07-23,10.5400,27.4000,5.1766,-0.435
2021-07-26,10.8600,27.9500,5.1720,0.479
2021-07-27,10.8300,27.8300,5.1603,0.406
2021-07-28,11.0700,28.3400,5.1547,0.675
2021-07-29,11.1800,28.2300,5.0497,-0.008
2021-07-30,10.6700,27.5000,5.1411,-0.263
2021-08-02,10.6400,27.2400,5.1251,0.094
2021-08-03,10.6900,27.7000,5.2362,1.038
2021-08-04,10.3200,26.7000,5.2362,1.194
2021-08-05,11.2700,29.2700,5.1750,-0.372
2021-08-06,11.1800,29.1100,5.2236,0.309
2021-08-09,11.0500,28.8400,5.2861,1.268
2021-08-10,11.1300,28.8500,5.1931,0.172
2021-08-11,11.2800,29.3000,5.2030,0.153
2021-08-12,11.2600,29.4600,5.2352,0.048
2021-08-13,11.3400,29.9200,5.2345,-0.803
2021-08-16,11.1500,29.3500,5.2466,-0.341
2021-08-17,10.5600,27.7500,5.2538,-0.036
2021-08-18,10.2400,27.4200,5.3421,-0.250
2021-08-19,10.0900,27.1600,5.4027,0.356
2021-08-20,10.1000,27.1500,5.3990,0.423
2021-08-23,10.4200,28.0600,5.3840,-0.033
2021-08-24,10.8000,28.3800,5.2771,0.410
2021-08-25,10.8900,28.4500,5.2470,0.421
2021-08-26,10.7700,28.2200,5.2428,0.044
2021-08-27,11.2100,29.0800,5.1956,0.142
2021-08-30,11.0300,28.7200,5.1921,-0.298
2021-08-31,10.8400,27.9200,5.1405,-0.209
2021-09-01,10.7700,27.7700,5.1809,0.465
2021-09-02,10.6000,27.2900,5.1640,0.290
2021-09-03,10.4500,27.3000,5.1692,-1.066
2021-09-08,9.7500,25.8500,5.2843,-0.344
2021-09-09,9.9700,26.0900,5.2764,0.816
2021-09-10,9.9400,26.0700,5.2169,-0.545
2021-09-13,10.3100,26.8800,5.2073,-0.135
2021-09-14,10.1800,26.6800,5.2235,-0.346
2021-09-15,10.2800,26.9700,5.2550,0.151
2021-09-16,10.1800,26.7200,5.2535,0.076
2021-09-17,9.7100,25.5000,5.2950,0.813
2021-09-20,9.5200,25.2300,5.3266,0.494
2021-09-21,9.7100,25.6300,5.2895,0.197
2021-09-22,9.9800,26.4600,5.2715,-0.587
2021-09-23,10.3900,27.5600,5.2917,-0.253
2021-09-24,10.3000,27.5600,5.3404,-0.207
2021-09-27,10.4500,27.9900,5.3571,0.003
2021-09-28,10.2500,27.7500,5.4279,0.245
2021-09-29,10.3800,28.1700,5.4062,-0.397
2021-09-30,10.3400,28.1500,5.4528,0.146
2021-10-01,10.7400,28.6800,5.3674,0.498
2021-10-04,10.8100,29.3800,5.4333,-0.044
2021-10-05,10.9700,29.8700,5.4633,0.322
2021-10-06,10.6800,29.1400,5.5130,1.028
2021-10-07,10.6400,29.2000,5.5073,0.338
2021-10-08,10.8200,29.7900,5.5178,0.206
2021-10-11,10.7200,29.7700,5.5178,-0.654
2021-10-13,11.0500,30.3000,5.5525,1.246
2021-10-14,10.9300,30.2500,5.5048,-0.550
2021-10-15,11.0900,30.1600,5.4457,0.121
2021-10-18,10.9600,30.2000,5.5211,0.184
2021-10-19,10.3400,28.8800,5.5525,-0.601
2021-10-20,10.6800,29.5000,5.5476,0.421
2021-10-21,10.0500,28.4600,5.6455,-0.321
2021-10-22,9.9500,27.9000,5.7223,2.037
2021-10-25,10.7100,29.6100,5.6009,1.293
2021-10-26,10.5400,29.2700,5.5833,0.526
2021-10-27,10.4900,29.3100,5.5812,-0.125
2021-10-28,10.5600,29.5900,5.6120,0.140
2021-10-29,9.8200,27.6700,5.6291,-0.112
2021-11-01,10.2000,28.7000,5.6795,0.925
2021-11-03,9.9000,27.4800,5.6188,1.212
2021-11-04,9.5300,26.6700,5.5877,-0.167
2021-11-05,9.7200,26.6900,5.5335,0.760
2021-11-08,9.8400,27.1300,5.5455,0.567
2021-11-09,10.0800,27.5500,5.5020,0.654
2021-11-10,10.0300,27.3200,5.4709,0.427
2021-11-11,10.1800,27.3200,5.4709,1.929
2021-11-12,10.2300,27.8200,5.4341,-0.088
2021-11-16,10.2900,28.2400,5.4980,0.167
2021-11-17,10.0400,27.5900,5.5082,0.222
2021-11-18,9.8800,27.5700,5.5485,-0.582
2021-11-19,9.7400,27.1900,5.5728,-0.186
2021-11-22,9.7700,27.4400,5.5860,-0.555
2021-11-23,10.2900,28.7300,5.6485,1.154
2021-11-24,10.4800,29.2900,5.5937,0.072
2021-11-26,10.4700,29.1700,5.5903,0.326
2021-11-29,10.8100,30.1600,5.6233,0.776
2021-11-30,10.6700,30.1400,5.6569,0.131
2021-12-01,10.6400,30.3500,5.6355,-1.216
2021-12-02,10.4700,29.5200,5.6272,-0.209
2021-12-03,10.6300,30.0700,5.6773,0.349
2021-12-06,10.7500,30.3500,5.6820,0.628
2021-12-07,11.1500,31.1900,5.6294,0.622
2021-12-08,11.3100,31.0800,5.5395,0.791
2021-12-09,11.2000,31.0800,5.5838,0.609
2021-12-10,11.2700,31.4900,5.5991,0.193
2021-12-13,11.0500,31.4600,5.6598,-0.603
2021-12-14,10.8900,31.0200,5.6713,-0.451
2021-12-15,10.8700,30.9200,5.7099,0.366
2021-12-16,11.1100,31.5600,5.6652,-0.285
2021-12-17,10.7900,30.7900,5.6754,-0.556
2021-12-20,10.5800,30.2000,5.7220,0.230
2021-12-21,10.5700,30.3400,5.7475,0.117
2021-12-22,10.7000,30.2200,5.7017,0.940
2021-12-23,10.7900,30.4400,5.6821,0.706
2021-12-27,11.0800,31.0400,5.6401,0.664
2021-12-28,11.1000,31.0600,5.6372,0.729
2021-12-29,10.9000,30.9500,5.6915,0.222
2021-12-30,10.9900,30.7000,5.5749,-0.215
2022-01-03,11.1500,31.5200,5.6597,0.104
2022-01-04,11.2800,31.9200,5.6770,0.308
2022-01-05,10.7300,30.6100,5.6876,-0.314
2022-01-06,10.8300,30.5800,5.7027,0.981
2022-01-07,11.0100,30.8300,5.6253,0.445
2022-01-10,10.8300,30.7200,5.6788,0.100
2022-01-11,11.5800,31.9900,5.5980,1.320
2022-01-12,12.0200,33.0500,5.5541,0.999
2022-01-13,12.3000,33.8500,5.5122,0.148
2022-01-14,12.6100,34.5600,5.5393,1.057
2022-01-18,12.4600,34.5700,5.5329,-0.289
2022-01-19,12.6100,34.2500,5.4668,0.637
2022-01-20,12.6500,34.4700,5.4052,-0.818
2022-01-21,12.6700,34.5900,5.4225,-0.689
2022-01-24,12.6400,34.6500,5.5116,0.529
2022-01-25,13.1600,35.8000,5.4818,0.755
2022-01-26,13.6100,36.8500,5.4366,0.396
2022-01-27,13.7800,36.9900,5.4252,1.053
2022-01-28,13.3800,35.8900,5.3943,0.551
2022-01-31,13.3500,35.2700,5.2893,0.102
2022-02-01,13.8500,36.3100,5.2812,0.722
2022-02-02,13.5300,35.6600,5.2787,0.141
2022-02-03,13.3400,35.2800,5.3047,0.290
2022-02-04,13.5600,35.9100,5.3266,0.569
2022-02-07,13.5600,35.4800,5.2922,1.131
2022-02-08,13.3000,34.9700,5.2712,0.239
2022-02-09,13.4200,35.0000,5.2641,0.920
2022-02-10,13.5900,35.6000,5.1978,-0.789
2022-02-11,14.1900,37.2000,5.2015,-0.794
2022-02-14,13.9800,36.2400,5.2153,0.593
2022-02-15,13.7700,35.4900,5.1807,0.505
2022-02-16,14.2100,36.2700,5.1584,1.049
2022-02-17,13.9700,36.1000,5.1599,-0.161
2022-02-18,14.0100,35.8700,5.1219,0.025
2022-02-22,14.3200,36.2700,5.0611,-0.090
2022-02-23,14.5600,36.2800,5.0181,0.694
2022-02-24,13.9500,35.7100,5.1248,0.099
2022-02-25,14.1900,36.3700,5.1515,0.495
2022-03-02,14.6800,37.5200,5.1511,0.770
2022-03-03,14.8000,37.2200,5.0551,0.504
2022-03-04,14.5100,36.9700,5.0867,-0.179
2022-03-07,13.3600,34.1400,5.0841,-0.522
2022-03-08,13.7100,34.6900,5.0874,0.531
2022-03-09,13.8600,34.6800,4.9932,-0.222
2022-03-10,14.1700,35.6500,5.0424,0.212
2022-03-11,13.7600,34.8100,5.0513,-0.164
2022-03-14,13.4800,34.3700,5.0834,-0.314
2022-03-15,13.0700,33.7300,5.1424,-0.369
2022-03-16,13.2600,33.7600,5.1083,0.320
2022-03-17,13.0200,32.8700,5.0427,-0.128
2022-03-18,13.2600,33.1600,5.0165,0.300
2022-03-21,13.8000,34.2700,4.9477,-0.382
2022-03-22,13.7500,34.0500,4.9365,-0.328
2022-03-23,14.1900,34.3800,4.8479,0.046
2022-03-24,14.4600,34.9700,4.8202,-0.343
2022-03-25,14.6900,35.0000,4.7577,-0.156
2022-03-28,14.1800,34.0800,4.7917,-0.314
2022-03-29,14.4900,34.5000,4.7554,-0.137
2022-03-30,14.6700,35.1100,4.7695,-0.358
2022-03-31,14.8000,35.2400,4.7264,-0.751
2022-04-01,15.1000,35.2300,4.6944,0.604
2022-04-04,15.1500,34.8700,4.6195,0.352
2022-04-05,14.9100,34.8300,4.6592,-0.275
2022-04-06,14.7800,34.9400,4.6892,-0.821
2022-04-07,15.4300,36.6900,4.7619,0.131
2022-04-08,15.6900,37.0900,4.7495,0.458
2022-04-11,15.5500,36.6000,4.7031,-0.091
2022-04-12,15.6600,36.6400,4.6705,-0.191
2022-04-13,15.9600,37.5400,4.6840,-0.431
2022-04-14,14.7100,34.7500,4.7070,-0.374
2022-04-18,14.6600,34.1200,4.6772,0.480
2022-04-19,14.9000,34.7100,4.6689,0.211
2022-04-20,15.1600,35.1200,4.6171,-0.348
2022-04-22,13.8800,33.3700,4.7675,-0.850
2022-04-25,13.6300,33.1400,4.9410,1.608
2022-04-26,13.2600,33.0900,4.9850,-0.119
2022-04-27,13.3100,33.1900,5.0058,0.372
2022-04-28,13.5100,33.4300,4.9973,0.977
2022-04-29,13.5700,33.4400,4.9325,0.081
2022-05-02,13.0100,32.8400,5.0275,-0.414
2022-05-03,13.3100,33.0600,4.9999,0.648
2022-05-04,14.0100,34.6200,4.9962,1.093
2022-05-05,13.6500,34.3900,5.0481,0.184
2022-05-06,14.0800,35.6900,5.0626,-0.138
2022-05-09,13.2400,34.2600,5.1235,-1.000
2022-05-10,13.4600,34.6900,5.1510,-0.069
2022-05-11,14.0800,36.4400,5.1042,-1.390
2022-05-12,14.1200,36.5800,5.1368,-0.859
2022-05-13,14.5100,36.6300,5.0801,0.617
2022-05-16,14.8500,37.6600,5.0645,-0.149
2022-05-17,15.1600,37.6900,4.9546,-0.356
2022-05-18,14.7500,36.8400,4.9720,-0.466
2022-05-19,15.0700,37.1500,4.9035,-0.544
2022-05-20,15.4200,37.6700,4.8618,-0.492
2022-05-23,16.2600,39.0600,4.7934,-0.230
2022-05-24,14.2300,34.4000,4.8275,-0.152
2022-05-25,14.5500,35.1000,4.8498,0.519
2022-05-26,14.8000,35.2100,4.7824,0.511
2022-05-27,14.2600,33.7400,4.7255,-0.140
2022-05-31,13.8800,33.2600,4.7264,-1.379
2022-06-01,13.8300,33.2300,4.8003,-0.108
2022-06-02,13.7500,32.9200,4.7790,-0.196
2022-06-03,14.1800,33.7600,4.7973,0.749
2022-06-06,14.0200,33.7400,4.7974,-0.327
2022-06-07,13.9000,33.8600,4.8848,0.264
2022-06-08,13.7900,33.7300,4.8714,-0.420
2022-06-09,13.5100,33.3300,4.8880,-0.935
2022-06-10,13.2100,32.9100,4.9947,0.243
2022-06-13,12.5900,32.4100,5.0988,-0.966
2022-06-14,12.7100,32.7000,5.1353,-0.199
2022-06-15,12.7600,32.2700,5.1117,1.062
2022-06-17,11.6100,29.9300,5.1420,-0.270
2022-06-21,11.5500,29.8700,5.1333,-0.754
2022-06-22,11.4500,29.7300,5.1563,-0.707
2022-06-23,11.1000,29.1000,5.2021,-0.785
2022-06-24,10.9500,28.9100,5.2363,-0.835
2022-06-27,11.7800,30.8600,5.2078,-0.603
2022-06-28,11.8900,31.3100,5.2531,-0.257
2022-06-29,11.8300,30.8800,5.2386,0.344
2022-06-30,11.6800,30.5400,5.2196,-0.188
2022-07-01,11.7600,31.1100,5.3083,0.330
2022-07-05,11.3400,30.4900,5.3903,0.239
2022-07-06,11.1000,30.0300,5.4558,0.831
2022-07-07,11.5600,30.9200,5.3520,0.047
2022-07-08,11.7900,31.2000,5.2961,0.066
2022-07-11,11.5500,31.1800,5.3432,-1.036
2022-07-12,11.2300,30.5700,5.4192,-0.462
2022-07-13,11.3400,30.7000,5.3764,-0.703
2022-07-14,10.9000,29.7200,5.4237,-0.541
2022-07-15,11.2300,30.3100,5.3840,-0.260
2022-07-18,11.4700,31.3200,5.3730,-1.615
2022-07-19,11.6600,31.6700,5.3940,-0.704
2022-07-20,11.6300,31.9400,5.4325,-1.096
2022-07-21,11.4700,31.5900,5.4970,-0.205
2022-07-22,11.6400,31.9300,5.4558,-0.555
2022-07-25,12.3900,33.3100,5.4015,0.457
2022-07-26,12.6100,33.7900,5.3699,0.199
2022-07-27,12.9500,34.0100,5.2962,0.832
2022-07-28,13.3900,34.7300,5.2150,0.531
2022-07-29,14.2800,36.9600,5.1810,0.088
2022-08-01,14.1000,36.5000,5.1508,-0.512
2022-08-02,13.8400,36.5200,5.2420,-0.672
2022-08-03,13.7600,36.3200,5.2693,-0.185
2022-08-04,14.1500,36.8800,5.2165,0.072
2022-08-05,14.4500,37.5200,5.1987,0.108
2022-08-08,15.3400,39.3300,5.1331,0.104
2022-08-09,15.4400,39.8500,5.1302,-0.614
2022-08-10,15.5400,39.7100,5.0530,-1.129
2022-08-11,15.0900,38.9600,5.1396,-0.466
2022-08-12,13.6200,34.8800,5.0860,-0.701
2022-08-15,13.6800,34.7600,5.0818,-0.001
2022-08-16,13.7300,35.1600,5.1443,0.443
2022-08-17,14.0500,36.3300,5.1705,-0.020
2022-08-18,14.2100,36.8100,5.1873,0.124
2022-08-19,13.6600,35.3100,5.1947,0.481
2022-08-22,13.9300,35.8700,5.1669,0.327
2022-08-23,14.6200,37.2200,5.0810,-0.209
2022-08-24,14.6900,37.4700,5.0939,-0.148
2022-08-25,14.5800,37.0900,5.1160,0.554
2022-08-26,14.7400,37.4600,5.0826,-0.003
2022-08-29,15.1300,38.2700,5.0273,-0.623
2022-08-30,14.2300,36.1100,5.0770,0.036
2022-08-31,14.2900,37.1700,5.1870,-0.293
2022-09-01,14.4400,37.8400,5.2238,-0.328
2022-09-02,14.4400,37.2900,5.1720,0.139
2022-09-06,13.7400,35.9000,5.2305,0.093
2022-09-08,13.6300,35.5400,5.2196,0.089
2022-09-09,13.8000,35.4800,5.1541,0.235
2022-09-12,13.9000,35.3300,5.1562,1.431
2022-09-13,13.2400,34.2600,5.1860,0.208
2022-09-14,13.4200,34.6800,5.1755,0.137
2022-09-15,13.2400,34.6000,5.2330,0.123
2022-09-16,13.1000,34.4100,5.2870,0.639
2022-09-19,13.5200,34.8200,5.1762,0.491
2022-09-20,13.5400,34.7600,5.1516,0.335
2022-09-21,13.4300,34.6900,5.1806,0.282
2022-09-22,13.8200,35.4000,5.1742,0.999
2022-09-23,12.5500,32.9000,5.2370,-0.115
2022-09-26,12.1600,32.4800,5.3914,0.923
2022-09-27,12.2500,32.8700,5.3595,-0.131
2022-09-28,12.2600,32.6400,5.3636,0.732
2022-09-29,12.1400,32.6700,5.3943,0.225
2022-09-30,12.3400,33.0800,5.4008,0.734
2022-10-03,13.9000,36.0100,5.1823,0.019
2022-10-04,13.6700,35.3000,5.1523,-0.238
2022-10-05,14.1100,36.5500,5.2205,0.768
2022-10-06,14.5100,37.6300,5.2052,0.355
2022-10-07,14.3500,37.4400,5.2151,-0.058
2022-10-10,14.2400,37.1000,5.2151,0.085
2022-10-11,14.0000,36.7400,5.2105,-0.725
2022-10-13,14.4300,37.8900,5.2779,0.502
2022-10-14,13.9500,37.1500,5.2980,-0.529
2022-10-17,13.9800,36.9100,5.2606,-0.375
2022-10-18,14.3500,37.7400,5.2905,0.581
2022-10-19,14.8700,39.1400,5.2816,0.329
2022-10-20,15.4400,40.1900,5.2053,-0.013
2022-10-21,16.0500,41.5600,5.1750,-0.074
2022-10-24,14.1900,37.4500,5.2768,-0.030
2022-10-25,13.9200,36.8900,5.2898,-0.198
2022-10-26,13.5300,36.2200,5.3228,-0.583
2022-10-27,13.6900,36.3300,5.2839,-0.445
2022-10-28,13.4500,35.7800,5.3547,0.644
2022-10-31,12.8200,33.2600,5.2464,1.111
2022-11-01,13.0300,33.3700,5.1073,-0.288
2022-11-03,13.0500,33.4600,5.1005,-0.536
2022-11-04,12.6500,31.7100,5.0443,0.616
2022-11-07,11.8600,30.6300,5.1222,-0.834
2022-11-08,11.9100,30.6300,5.1422,-0.027
2022-11-09,11.6000,30.0600,5.1499,-0.634
2022-11-10,11.0100,29.6900,5.3287,-1.197
2022-11-11,11.5600,30.7000,5.3287,0.325
2022-11-14,11.9000,31.5500,5.3173,0.279
2022-11-16,11.5800,31.2000,5.3542,-0.638
2022-11-17,11.4600,30.9600,5.4584,1.023
2022-11-18,11.3500,30.3900,5.3757,0.385
2022-11-21,11.4000,30.2800,5.3335,0.399
2022-11-22,10.1600,27.0600,5.3571,0.569
2022-11-23,10.1400,27.0700,5.3905,0.960
2022-11-25,10.3000,27.4900,5.3838,0.861
2022-11-28,10.5400,28.1700,5.3680,0.424
2022-11-29,11.1400,29.3800,5.2945,0.376
2022-11-30,11.6900,30.3900,5.2563,1.096
2022-12-01,11.2800,29.2500,5.1868,0.012
2022-12-02,11.4000,29.6300,5.2100,0.226
2022-12-05,11.0800,29.2300,5.2611,-0.286
2022-12-06,11.0900,29.1800,5.2415,-0.397
2022-12-07,11.0800,28.7400,5.2187,0.597
2022-12-08,10.7800,28.1200,5.2003,-0.321
2022-12-09,10.7100,28.0600,5.2365,-0.066
2022-12-12,10.3300,27.3000,5.3344,0.924
2022-12-13,10.1400,26.9300,5.2690,-0.803
2022-12-14,9.1400,24.2900,5.2997,-0.290
2022-12-15,9.3900,24.9100,5.3285,0.431
2022-12-16,9.3700,24.9800,5.2725,-1.114
2022-12-19,9.6600,25.5500,5.3097,0.375
2022-12-20,9.9900,26.1700,5.2006,-0.737
2022-12-21,10.3000,26.8600,5.1955,-0.384
2022-12-22,10.5000,27.1700,5.1655,-0.188
2022-12-23,11.0900,28.5600,5.1368,-0.268
2022-12-27,10.8500,28.6600,5.2790,-0.075
2022-12-28,10.8500,28.5000,5.2675,0.267
2022-12-29,10.6800,28.0400,5.2547,0.072
2023-01-03,9.5000,25.8000,5.4257,-0.108
2023-01-04,9.7100,26.2300,5.4430,0.746
2023-01-05,10.1300,27.0800,5.3840,0.701
2023-01-06,10.2800,26.9100,5.2533,0.342
2023-01-09,10.2400,27.0900,5.2648,-0.495
2023-01-10,10.4500,27.2500,5.2159,0.011
2023-01-11,10.6100,27.6000,5.1950,-0.147
2023-01-12,10.9000,27.7500,5.1120,0.398
2023-01-13,10.8400,27.6900,5.0968,-0.236
2023-01-17,11.3100,28.9000,5.0974,-0.257
2023-01-18,10.9800,28.5300,5.1288,-1.307
2023-01-19,11.3500,29.5000,5.2233,0.482
2023-01-20,11.4600,29.8300,5.2109,0.095
2023-01-23,11.7300,30.5200,5.1884,-0.295
2023-01-24,11.7800,30.2900,5.1405,-0.041
2023-01-25,11.9300,30.4200,5.0902,-0.187
2023-01-26,11.6600,29.5700,5.0875,0.305
2023-01-27,11.2900,28.9000,5.0902,-0.574
2023-01-30,11.2800,28.9900,5.1024,-0.733
2023-01-31,11.6000,29.4600,5.0934,0.277
2023-02-01,11.4200,28.8800,5.0746,0.332
2023-02-02,10.9200,27.5100,5.0138,-0.489
2023-02-03,10.8400,27.8400,5.1339,-0.051
2023-02-06,11.1900,28.8500,5.2025,0.894
2023-02-07,11.0500,28.7000,5.1868,-0.150
2023-02-08,11.2000,29.2800,5.2183,-0.196
2023-02-09,11.0500,29.2800,5.2528,-0.882
2023-02-10,11.5300,30.0800,5.2528,0.673
2023-02-13,11.7000,30.2300,5.1822,0.284
2023-02-14,11.6300,30.0500,5.1738,0.119
2023-02-15,11.6200,30.1800,5.2172,0.437
2023-02-16,11.6400,30.1500,5.2313,0.982
2023-02-17,11.5500,29.6900,5.1776,0.709
2023-02-22,11.2700,28.9500,5.1940,1.099
2023-02-23,11.6900,30.0300,5.1386,0.017
2023-02-24,11.3800,29.5800,5.1865,-0.233
2023-02-27,11.5000,30.0700,5.2031,-0.506
2023-02-28,11.0900,28.7500,5.2283,0.838
2023-03-01,11.0900,28.7500,5.1965,0.225
2023-03-02,10.7600,27.9600,5.2033,0.121
2023-03-03,11.1600,28.9800,5.2067,0.253
2023-03-06,11.4300,29.4100,5.1680,0.425
2023-03-07,10.9800,28.5200,5.1933,-0.031
2023-03-08,11.2800,28.9600,5.1251,-0.188
2023-03-09,11.0400,28.6000,5.1542,-0.520
2023-03-10,10.8800,28.4000,5.1838,-0.705
2023-03-13,10.4300,27.5000,5.2382,-0.665
2023-03-14,10.2500,27.0100,5.2565,-0.261
2023-03-15,9.9800,26.3500,5.3062,0.486
2023-03-16,10.0200,26.2500,5.2800,0.773
2023-03-17,9.9900,26.3600,5.2813,0.076
2023-03-20,9.7700,25.7400,5.2475,-0.412
2023-03-21,10.0000,26.3100,5.2458,-0.308
2023-03-22,9.9100,26.0800,5.2594,-0.075
2023-03-23,9.6300,25.5700,5.2692,-0.777
2023-03-24,9.7000,25.6600,5.2506,-0.758
2023-03-27,9.9800,26.0500,5.2340,0.260
2023-03-28,10.2100,26.5000,5.1678,-0.447
2023-03-29,10.4000,26.7800,5.1405,-0.184
2023-03-30,10.5300,27.0800,5.1203,-0.449
2023-03-31,10.4300,26.4900,5.0702,-0.185
2023-04-03,10.9200,27.7500,5.0683,-0.278
2023-04-04,10.7600,27.3600,5.0919,0.126
2023-04-05,10.8700,27.4000,5.0380,-0.067
2023-04-06,10.6900,27.0800,5.0644,-0.040
2023-04-10,10.9000,27.8000,5.0832,-0.347
2023-04-11,11.5700,29.0200,5.0078,-0.172
2023-04-12,11.7500,29.0400,4.9370,-0.121
2023-04-13,11.8900,29.3800,4.9020,-0.809
2023-04-14,12.0600,29.8200,4.9385,-0.137
2023-04-17,12.1100,29.9500,4.9450,-0.027
2023-04-18,12.2900,30.7100,4.9735,-0.481
2023-04-19,11.6600,29.7300,5.0511,-0.949
2023-04-20,11.7600,29.8200,5.0422,-0.576
2023-04-24,11.9500,30.2800,5.0554,-0.244
2023-04-25,11.8200,30.1200,5.0618,-0.680
2023-04-26,11.7400,29.6900,5.0487,-0.182
2023-04-27,11.5000,28.9000,5.0116,-0.288
2023-04-28,10.6200,26.6700,5.0049,-0.352
2023-05-02,10.1200,25.4800,5.0410,0.108
2023-05-03,10.1300,25.3400,5.0133,0.207
2023-05-04,10.2700,25.7100,5.0196,0.255
2023-05-05,10.8200,26.7900,4.9534,0.029
2023-05-08,10.8600,27.2300,4.9925,-0.443
2023-05-09,11.0100,27.4400,4.9838,-0.015
2023-05-10,11.1100,27.4900,4.9559,0.146
2023-05-11,11.3100,28.1500,4.9580,-0.400
2023-05-12,11.8600,29.1400,4.9250,0.224
2023-05-15,11.6900,28.5600,4.9056,0.396
2023-05-16,11.7800,29.2000,4.9139,-0.881
2023-05-17,11.7500,29.0200,4.9416,0.041
2023-05-18,11.7100,29.1500,4.9641,-0.292
2023-05-19,11.7100,29.2900,4.9842,-0.367
2023-05-22,11.5500,28.8500,4.9627,-0.660
2023-05-23,11.7900,29.4500,4.9535,-0.846
2023-05-24,11.9700,29.7700,4.9427,-0.631
2023-05-25,11.7500,29.5500,5.0147,-0.300
2023-05-26,11.9700,30.0400,5.0035,-0.313
2023-05-30,11.7300,29.5700,5.0614,0.389
2023-05-31,11.5400,29.2100,5.1087,0.915
2023-06-01,11.9800,30.0600,5.0201,0.035
2023-06-02,12.2400,30.4200,4.9592,-0.229
2023-06-05,12.3500,30.6100,4.9171,-0.807
2023-06-06,12.6500,31.2300,4.9108,-0.542
2023-06-07,13.0100,32.2000,4.9082,-0.845
2023-06-09,13.7600,33.7500,4.8846,-0.427
2023-06-12,13.9800,34.1800,4.8773,-0.257
2023-06-13,13.2700,32.3000,4.8567,-0.235
2023-06-14,13.8900,33.6900,4.8424,-0.177
2023-06-15,13.7900,33.1900,4.8111,-0.053
2023-06-16,13.9000,33.3900,4.8309,0.553
2023-06-20,14.2300,34.3100,4.7959,-0.546
2023-06-21,14.9400,35.6800,4.7640,-0.260
2023-06-22,14.6800,35.0900,4.7764,-0.089
2023-06-23,14.0900,33.9000,4.7734,-0.801
2023-06-26,14.4200,34.5600,4.7700,-0.487
2023-06-27,14.2400,34.2600,4.8042,-0.158
2023-06-28,14.1800,34.5100,4.8433,-0.496
2023-06-29,14.3300,34.8900,4.8491,-0.419
2023-06-30,13.8300,33.1000,4.8102,0.491
2023-07-03,13.9700,33.6700,4.7900,-0.629
2023-07-05,13.9100,33.7400,4.8574,0.128
2023-07-06,13.5100,33.3100,4.9250,-0.125
2023-07-07,13.6100,33.1300,4.8622,-0.129
2023-07-10,13.6000,33.1300,4.8652,-0.141
2023-07-11,13.5600,32.8700,4.8823,0.706
2023-07-12,13.6100,32.7700,4.8148,-0.016
2023-07-13,13.8200,33.2500,4.8131,0.026
2023-07-14,13.5300,32.5500,4.7988,-0.265
2023-07-17,13.5000,32.5600,4.8249,0.025
2023-07-18,13.3900,32.2800,4.7985,-0.477
2023-07-19,13.5300,32.4600,4.8022,0.083
2023-07-20,13.6000,32.7100,4.8074,-0.060
2023-07-21,13.9300,33.3100,4.7680,-0.303
2023-07-24,14.3200,34.0000,4.7309,-0.373
2023-07-25,14.5600,34.6100,4.7442,-0.209
2023-07-26,14.5400,34.4600,4.7355,-0.096
2023-07-27,13.6900,32.5200,4.7179,-0.695
2023-07-28,13.9300,33.0700,4.7306,-0.367
2023-07-31,14.6800,34.8100,4.7407,-0.038
2023-08-01,14.1900,34.0800,4.7824,-0.437
2023-08-02,14.0500,33.8400,4.8140,-0.064
2023-08-03,14.0300,34.3200,4.8820,-0.212
2023-08-04,13.5200,32.8800,4.8548,-0.187
2023-08-07,13.4700,33.1000,4.8971,-0.357
2023-08-08,13.4900,33.0800,4.9083,0.080
2023-08-09,13.6000,33.4600,4.9020,-0.378
2023-08-10,13.6800,33.4500,4.8453,-0.921
2023-08-11,13.6300,33.4700,4.8944,-0.343
2023-08-14,13.5000,33.6300,4.9555,-0.536
2023-08-15,13.4300,33.5600,4.9753,-0.450
2023-08-16,13.8400,34.5500,4.9660,-0.536
2023-08-17,13.7400,34.2900,4.9836,-0.154
2023-08-18,13.8900,34.4900,4.9649,-0.025
2023-08-21,13.6800,34.1500,4.9864,-0.126
2023-08-22,13.5200,33.5000,4.9370,-0.376
2023-08-23,14.5400,35.4100,4.8789,0.168
2023-08-24,14.4900,35.3200,4.8825,0.152
2023-08-25,14.3100,35.0400,4.8765,-0.424
2023-08-28,14.5000,35.4000,4.8931,0.212
2023-08-29,14.5800,35.5300,4.8566,-0.353
2023-08-30,14.5400,35.5000,4.8592,-0.489
2023-08-31,14.0500,34.5400,4.9324,0.319
2023-09-01,14.4900,35.6900,4.9425,0.332
2023-09-05,14.8000,36.8200,4.9643,-0.229
2023-09-06,14.9300,37.0000,4.9690,0.253
2023-09-08,14.6800,36.7100,4.9762,-0.503
2023-09-11,14.7400,36.4600,4.9346,-0.252
2023-09-12,14.8200,36.8600,4.9423,-0.644
2023-09-13,14.8100,36.3800,4.9053,-0.155
2023-09-14,15.3700,37.4500,4.8669,-0.128
2023-09-15,15.2000,36.9000,4.8674,0.250
2023-09-18,15.3900,37.3600,4.8469,-0.169
2023-09-19,15.2800,37.3600,4.8586,-0.643
2023-09-20,15.3300,37.4100,4.8471,-0.687
2023-09-21,14.9800,36.8700,4.9212,-0.028
2023-09-22,15.0800,37.1400,4.9128,-0.262
2023-09-25,15.0400,37.3800,4.9637,-0.142
2023-09-26,14.6600,36.3500,4.9835,0.493
2023-09-27,14.9400,37.7000,5.0565,0.191
2023-09-28,14.8400,37.5100,5.0357,-0.387
2023-09-29,14.9900,37.8900,5.0021,-1.054
2023-10-02,14.6800,37.1700,5.0770,0.256
2023-10-03,14.3000,36.7300,5.1348,-0.044
2023-10-04,13.8600,35.6200,5.1362,-0.073
2023-10-05,13.7800,35.4800,5.1809,0.610
2023-10-06,14.0900,36.3700,5.1530,-0.185
2023-10-09,14.7100,37.8600,5.1530,0.106
2023-10-10,15.0800,38.2500,5.0668,-0.121
2023-10-11,15.0700,38.1200,5.0501,-0.177
2023-10-13,15.4400,39.3200,5.0740,-0.378
2023-10-16,15.7900,39.7100,5.0571,0.543
2023-10-17,16.1600,40.6100,5.0157,-0.205
2023-10-18,16.5200,41.5600,5.0635,0.636
2023-10-19,16.3600,41.2600,5.0435,-0.010
2023-10-20,16.2100,40.8100,5.0346,-0.011
2023-10-23,15.3500,38.3500,5.0066,0.197
2023-10-24,15.5500,38.9400,4.9998,-0.171
2023-10-25,15.6000,39.0500,4.9987,-0.154
2023-10-26,15.4600,38.7600,5.0051,-0.182
2023-10-27,15.3300,38.4800,4.9464,-1.470
2023-10-30,15.1100,38.1700,5.0390,-0.263
2023-10-31,15.0000,37.8400,5.0433,-0.040
2023-11-01,15.3300,38.2800,5.0154,0.426
2023-11-03,15.6800,38.6000,4.8879,-0.722
2023-11-06,15.7100,38.5000,4.8921,-0.188
2023-11-07,15.4300,37.6500,4.8677,-0.254
2023-11-08,14.9600,36.7600,4.8905,-0.487
2023-11-09,15.2000,37.5400,4.9037,-0.724
2023-11-10,15.2300,37.4200,4.9037,-0.209
2023-11-13,15.5200,38.2600,4.9090,-0.434
2023-11-14,15.8300,38.7000,4.8658,-0.484
2023-11-16,15.5500,37.9200,4.8790,0.038
2023-11-17,16.0400,39.5200,4.8964,-0.635
2023-11-20,16.1000,39.3900,4.8652,-0.572
2023-11-21,15.8500,39.0000,4.8933,-0.566
2023-11-22,15.3000,37.6900,4.8885,-0.777
2023-11-24,15.3300,37.7500,4.8990,-0.528
2023-11-27,15.2400,37.5000,4.9058,-0.314
2023-11-28,15.4900,37.8500,4.8614,-0.524
2023-11-29,15.2200,37.3500,4.8962,-0.241
2023-11-30,15.2700,37.7000,4.9297,-0.164
2023-12-01,15.2100,37.2000,4.8860,-0.113
2023-12-04,14.7600,36.4700,4.9293,-0.252
2023-12-05,14.6500,36.2000,4.9483,0.128
2023-12-06,14.4200,35.3400,4.8987,-0.058
2023-12-07,14.4000,35.4500,4.9042,-0.394
2023-12-08,14.8800,36.6600,4.9324,0.101
2023-12-11,14.7500,36.5500,4.9404,-0.313
2023-12-12,14.5000,35.9900,4.9635,-0.013
2023-12-13,14.7500,36.4700,4.9721,0.546
2023-12-14,15.1800,37.3200,4.8976,-0.394
2023-12-15,14.9500,37.0300,4.9391,-0.298
2023-12-18,15.3500,37.7900,4.9363,0.254
2023-12-19,15.6300,38.0400,4.8638,-0.077
2023-12-20,15.4800,38.1100,4.8906,-0.674
2023-12-21,15.5600,38.1100,4.8742,-0.495
2023-12-22,15.7800,38.6200,4.8579,-0.754
2023-12-26,16.1900,39.2000,4.8260,-0.341
2023-12-27,16.1800,39.1400,4.8321,-0.123
2023-12-28,16.0300,38.9800,4.8514,-0.246
2024-01-02,16.0000,39.3600,4.8943,-0.522
2024-01-03,16.5800,40.7000,4.9239,0.293
2024-01-04,16.3500,40.0400,4.9143,0.336
2024-01-05,16.5400,40.3900,4.8744,-0.195
2024-01-08,16.2800,39.6400,4.8745,0.097
2024-01-09,15.9900,39.4200,4.8956,-0.709
2024-01-10,15.9400,39.0300,4.8929,-0.086
2024-01-11,16.2500,39.4300,4.8838,0.636
2024-01-12,16.3400,39.6400,4.8536,0.035
2024-01-16,16.0800,39.6000,4.9163,-0.184
2024-01-17,15.9000,39.2700,4.9280,-0.235
2024-01-18,15.8200,38.9800,4.9440,0.326
2024-01-19,15.7400,38.9500,4.9280,-0.428
2024-01-22,15.6600,39.0400,4.9815,-0.089
2024-01-23,15.9400,39.6100,4.9744,0.091
2024-01-24,15.8900,39.2400,4.9190,-0.404
2024-01-25,16.6700,41.0600,4.9272,0.020
2024-01-26,17.0500,41.9600,4.9135,-0.173
2024-01-29,17.1600,42.3600,4.9422,0.104
2024-01-30,17.0400,42.1700,4.9627,0.266
2024-01-31,17.0700,42.1600,4.9390,-0.013
2024-02-01,17.4900,42.9600,4.9195,0.142
2024-02-02,17.0100,42.3300,4.9700,-0.142
2024-02-05,16.9200,42.3300,5.0018,-0.035
2024-02-06,17.2300,42.9700,4.9539,-0.680
2024-02-07,17.3900,43.3800,4.9628,-0.527
2024-02-08,17.2400,43.2300,4.9940,-0.420
2024-02-09,17.1900,42.7400,4.9678,-0.098
2024-02-14,16.9200,42.3100,4.9653,-0.717
2024-02-15,17.4000,43.5100,4.9739,-0.545
2024-02-16,17.7000,44.3000,4.9702,-0.708
2024-02-20,17.6400,43.6000,4.9324,-0.221
2024-02-21,17.6400,43.7100,4.9276,-0.569
2024-02-22,17.5800,43.7400,4.9408,-0.710
2024-02-23,17.3600,43.6200,4.9760,-0.982
2024-02-26,17.6500,44.0800,4.9890,-0.118
2024-02-27,17.7000,43.9700,4.9423,-0.525
2024-02-28,16.7200,41.6000,4.9520,-0.484
2024-02-29,16.5200,41.2200,4.9710,-0.387
2024-03-01,16.6800,41.2100,4.9483,0.143
2024-03-04,16.5300,41.0500,4.9428,-0.482
2024-03-05,16.3700,40.8000,4.9565,-0.566
2024-03-06,16.6900,41.5000,4.9351,-0.763
2024-03-07,16.7000,41.2600,4.9319,-0.191
2024-03-08,14.7800,36.9800,4.9766,-0.549
2024-03-11,14.5600,36.2700,4.9678,-0.288
2024-03-12,15.0400,37.3700,4.9820,0.253
2024-03-13,14.8100,37.0000,4.9763,-0.407
2024-03-14,14.7200,36.7500,4.9812,-0.240
2024-03-15,14.5400,36.6700,4.9948,-0.976
2024-03-18,14.5900,36.9800,5.0194,-0.983
2024-03-19,14.5300,36.5700,5.0214,-0.245
2024-03-20,14.9300,37.3300,5.0041,0.069
2024-03-21,14.6300,36.5700,4.9785,-0.416
2024-03-22,14.6900,36.8600,4.9872,-0.621
2024-03-25,14.9400,37.3200,4.9859,-0.202
2024-03-26,14.7400,36.9100,4.9910,-0.342
2024-03-27,14.9300,37.3600,4.9756,-0.581
2024-03-28,15.2100,38.2800,5.0042,-0.583
2024-04-01,15.2200,38.5600,5.0670,-0.000
2024-04-02,15.6300,39.6100,5.0528,-0.309
2024-04-03,15.5900,39.3000,5.0621,0.405
2024-04-04,15.5200,39.1200,5.0086,-0.647
2024-04-05,15.4900,39.0400,5.0638,0.459
2024-04-08,15.6400,39.6000,5.0292,-0.686
2024-04-09,15.8800,39.8000,5.0049,-0.153
2024-04-10,16.1600,41.0000,5.0736,-0.013
2024-04-11,16.0000,40.6300,5.0763,-0.048
2024-04-12,15.7200,40.3000,5.1374,0.198
2024-04-15,15.7900,40.8900,5.1791,-0.002
2024-04-16,15.6500,41.0900,5.2679,0.320
2024-04-17,15.6900,41.1500,5.2401,-0.101
2024-04-18,15.5800,41.0500,5.2567,-0.244
2024-04-19,16.4700,42.7200,5.2103,0.437
2024-04-22,16.9400,43.7600,5.2090,0.823
2024-04-23,16.9600,43.4600,5.1919,1.305
2024-04-24,16.8100,43.2700,5.1570,0.172
2024-04-25,17.0500,44.2500,5.1643,-0.507
2024-04-26,17.0500,43.7500,5.1143,-0.344
2024-04-29,17.3300,44.5400,5.1169,-0.454
2024-04-30,16.9700,44.2600,5.1764,-0.764
2024-05-02,17.3400,44.4300,5.1131,-0.224
2024-05-03,16.4300,42.0100,5.0720,-0.818
2024-05-06,16.6300,42.2200,5.0648,-0.252
2024-05-07,17.0100,43.2400,5.0656,-0.363
2024-05-08,17.1200,43.7000,5.0645,-0.796
2024-05-09,17.2200,44.4700,5.1568,-0.157
2024-05-10,17.0800,44.1300,5.1545,-0.251
2024-05-13,17.0400,44.1400,5.1605,-0.391
2024-05-14,16.6900,42.9300,5.1348,-0.187
2024-05-15,15.5600,40.0200,5.1298,-0.275
2024-05-16,15.2300,39.2900,5.1277,-0.617
2024-05-17,15.0200,38.5700,5.1155,-0.396
2024-05-20,15.1200,38.7000,5.0970,-0.431
2024-05-21,15.0200,38.4100,5.1123,-0.043
2024-05-22,15.0000,38.7700,5.1460,-0.451
2024-05-23,14.8900,38.4400,5.1500,-0.256
2024-05-24,14.8200,38.3100,5.1491,-0.405
2024-05-28,15.2500,39.3800,5.1541,-0.203
2024-05-29,15.1300,39.4700,5.2030,-0.277
2024-05-31,15.5500,40.7000,5.2413,0.126
2024-06-03,15.4400,40.2500,5.2345,0.398
2024-06-04,15.1700,40.0200,5.2887,0.237
2024-06-05,15.1300,39.9500,5.2824,0.028
2024-06-06,15.1700,39.9400,5.2549,-0.204
2024-06-07,14.5400,38.5900,5.2731,-0.660
2024-06-10,14.5900,39.3000,5.3645,-0.422
2024-06-11,14.6000,39.2700,5.3529,-0.494
2024-06-12,14.1700,37.5100,5.3920,1.846
2024-06-13,13.8000,37.0200,5.3777,0.233
2024-06-14,13.5900,36.6300,5.3559,-0.646
2024-06-17,13.5000,36.6500,5.4173,-0.227
2024-06-18,13.8200,37.8800,5.4054,-1.396
2024-06-20,14.0100,38.4000,5.4471,-0.633
2024-06-21,14.0900,38.3100,5.4539,0.294
2024-06-24,14.3400,39.0400,5.4025,-0.779
2024-06-25,14.3000,38.9000,5.4358,-0.087
2024-06-26,14.2100,39.1000,5.5081,0.090
2024-06-27,14.4900,39.8900,5.5295,0.429
2024-06-28,14.4900,40.3800,5.5596,-0.249
2024-07-01,14.5000,40.8700,5.5887,-0.861
2024-07-02,14.5500,40.9800,5.6768,0.778
2024-07-03,14.6500,40.1300,5.5724,1.714
2024-07-05,14.7300,40.2800,5.4802,0.203
2024-07-08,15.1300,41.2200,5.4587,0.182
2024-07-09,15.1500,40.8900,5.4316,0.622
2024-07-10,15.1400,40.7700,5.4030,0.321
2024-07-11,15.1900,41.1100,5.4265,0.254
2024-07-12,15.0900,40.8800,5.4559,0.697
2024-07-15,15.2000,41.4600,5.4383,-0.311
2024-07-16,15.1900,41.2500,5.4566,0.468
2024-07-17,15.1300,41.5500,5.4769,-0.282
2024-07-18,14.9500,41.6000,5.5395,-0.462
2024-07-19,14.9400,41.7100,5.5569,-0.479
2024-07-22,14.7500,41.0700,5.5485,-0.365
2024-07-23,14.5700,40.4900,5.5685,0.189
2024-07-24,14.4700,40.9000,5.6352,-0.316
2024-07-25,14.4600,40.7300,5.6254,-0.143
2024-07-26,14.4700,40.8500,5.6551,0.158
2024-07-29,14.1800,39.8200,5.6514,0.624
2024-07-30,14.0600,39.5300,5.6543,0.556
2024-07-31,14.2700,40.6000,5.6628,-0.483
2024-08-01,13.9700,39.8500,5.6935,-0.203
2024-08-02,13.5900,38.6400,5.7359,0.868
2024-08-05,13.3100,38.3200,5.7496,-0.147
2024-08-06,13.7600,39.1200,5.6409,-0.794
2024-08-07,13.8400,39.0600,5.6000,-0.789
2024-08-08,14.1800,39.7000,5.6012,0.032
2024-08-09,14.2100,39.3600,5.5099,-0.539
2024-08-12,14.6900,40.4600,5.5058,-0.049
2024-08-13,14.7700,40.2500,5.4867,0.669
2024-08-14,14.8600,40.9800,5.4577,-1.048
2024-08-15,15.0500,41.4000,5.4610,-0.739
2024-08-16,15.1600,41.5600,5.4751,-0.141
2024-08-19,15.2800,41.2400,5.4048,0.128
2024-08-20,14.9900,41.0900,5.4727,-0.176
2024-08-21,14.8600,40.7300,5.4737,-0.148
2024-08-22,14.6300,39.7800,5.5675,2.379
2024-08-23,14.4000,39.3900,5.5102,0.720
2024-08-26,15.6500,42.9200,5.4980,0.237
2024-08-27,15.4700,42.3300,5.5043,0.581
2024-08-28,15.6000,43.2900,5.5351,-0.268
2024-08-29,15.2800,42.7800,5.6355,0.643
2024-08-30,15.2300,42.9400,5.6193,-0.347
2024-09-03,14.9000,42.3100,5.6490,-0.532
2024-09-04,15.0100,42.1500,5.6403,0.428
2024-09-05,15.0100,41.9000,5.5924,0.169
2024-09-06,14.7500,41.1300,5.5884,0.205
2024-09-09,14.9900,41.6800,5.6042,0.776
2024-09-10,14.4300,40.7900,5.6483,-0.092
2024-09-11,14.5600,40.9700,5.6481,0.362
2024-09-12,14.4400,40.4900,5.6499,0.747
2024-09-13,14.5300,40.3700,5.5495,-0.131
2024-09-16,14.7800,40.7700,5.5104,-0.118
2024-09-17,14.7400,40.5200,5.5013,0.061
2024-09-18,14.5800,39.8200,5.4825,0.370
2024-09-19,14.6400,39.7000,5.4048,-0.345
2024-09-20,14.4000,39.7000,5.4895,-0.442
2024-09-23,14.5700,40.2000,5.5353,0.310
2024-09-24,14.8500,40.5000,5.4660,0.210
2024-09-25,14.8500,40.5300,5.4809,0.409
2024-09-26,14.5600,39.6800,5.4332,-0.318
2024-09-27,14.5800,39.5200,5.4318,0.197
2024-09-30,14.4100,39.2700,5.4509,0.010
2024-10-01,14.7800,40.3200,5.4451,-0.200
2024-10-02,14.9500,40.7900,5.4363,-0.377
2024-10-03,15.1500,41.3400,5.4916,0.626
2024-10-04,15.1900,41.3600,5.4585,0.235
2024-10-07,15.3300,42.0600,5.4859,-0.025
2024-10-08,14.9100,41.1500,5.5297,0.180
2024-10-09,14.6400,40.8300,5.5823,0.079
2024-10-10,14.8800,41.5100,5.5824,0.056
2024-10-11,14.7400,41.4400,5.6346,0.210
2024-10-14,14.8300,41.3700,5.6346,0.992
2024-10-15,14.4200,40.9000,5.6446,-0.495
2024-10-16,14.4000,40.7800,5.6602,-0.065
2024-10-17,14.3000,40.5900,5.6764,-0.009
2024-10-18,14.1600,40.3700,5.6787,-0.408
2024-10-21,13.9600,39.6300,5.7026,0.439
2024-10-22,13.8800,39.4400,5.6914,0.148
2024-10-23,13.6500,38.8800,5.7045,0.137
2024-10-24,13.7300,39.0100,5.7068,0.429
2024-10-25,13.7900,39.4000,5.7018,-0.219
2024-10-28,13.7900,39.3200,5.7063,0.063
2024-10-29,13.6200,39.2200,5.7248,-0.597
2024-10-30,13.4700,38.8800,5.7780,0.090
2024-10-31,13.4500,39.0600,5.7887,-0.335
2024-11-01,13.1100,38.3000,5.8292,-0.234
2024-11-04,13.1800,38.3400,5.7707,-0.811
2024-11-05,13.2500,38.1500,5.7720,0.235
2024-11-06,13.4000,38.1100,5.7043,0.286
2024-11-07,13.4800,38.3800,5.7028,0.148
2024-11-08,13.6800,39.0800,5.7813,1.188
2024-11-11,13.6200,39.1400,5.7813,0.589
2024-11-12,13.7200,39.5200,5.7779,0.295
2024-11-13,13.8100,39.9300,5.8127,0.518
2024-11-14,13.9900,40.5100,5.7771,-0.245
2024-11-18,14.4500,41.5500,5.7453,-0.097
2024-11-19,14.2100,41.0200,5.7645,-0.154
2024-11-21,14.1500,41.0900,5.8279,0.347
2024-11-22,14.9000,43.2400,5.8040,-0.000
2024-11-25,14.7900,42.8200,5.8115,0.364
2024-11-26,14.6700,42.6000,5.8089,0.019
2024-11-27,14.3600,42.4600,5.8721,-0.703
2024-11-29,14.2800,42.6200,5.9956,0.442
2024-12-02,14.1400,42.7300,6.0741,0.501
2024-12-03,14.1600,42.7800,6.0650,0.374
2024-12-04,14.0300,42.3700,6.0330,-0.114
2024-12-05,14.2900,43.0000,5.9745,-0.726
2024-12-06,13.8600,42.1100,6.0739,-0.042
2024-12-09,14.1800,43.2200,6.0648,-0.510
2024-12-10,14.3300,43.5900,6.0549,-0.474
2024-12-11,14.6000,43.9000,6.0090,-0.078
2024-12-12,14.2600,41.2700,6.0097,3.826
2024-12-13,13.6100,41.0700,6.0645,0.484
2024-12-16,13.2900,40.6700,6.0579,-1.021
2024-12-17,13.5200,41.3000,6.1122,0.045
2024-12-18,12.8400,40.3800,6.1906,-1.576
2024-12-19,12.9500,40.0100,6.1414,-0.611
2024-12-20,13.0400,39.7200,6.0815,-0.173
2024-12-23,12.9300,40.0200,6.1784,-0.192
2024-12-26,13.0900,39.2800,6.1570,2.591
2024-12-27,12.6100,38.8400,6.2021,0.680
2024-12-30,12.7500,39.4100,6.2013,0.313
2025-01-02,13.2400,40.5200,6.1556,0.568
2025-01-03,13.0200,40.3800,6.1759,-0.433
2025-01-06,13.1300,40.0000,6.1086,0.257
2025-01-07,13.4900,41.1200,6.0641,-0.529
2025-01-08,13.4000,40.7300,6.1280,0.804
2025-01-10,13.4800,40.9200,6.1123,0.677
2025-01-13,13.5200,40.9500,6.1089,0.845
2025-01-14,13.5600,41.1200,6.0506,-0.236
2025-01-15,13.8000,41.6600,6.0466,0.148
2025-01-16,13.7800,41.6300,6.0448,0.045
2025-01-17,13.7200,41.6000,6.0368,-0.451
2025-01-21,13.8100,41.5500,6.0275,0.168
2025-01-22,13.8700,41.1300,5.9234,-0.125
2025-01-23,13.8000,40.7500,5.9060,0.003
2025-01-24,13.7300,40.6300,5.8811,-0.631
2025-01-27,13.8800,41.0800,5.9156,-0.063
2025-01-28,13.9500,40.9800,5.8596,-0.267
2025-01-29,13.8900,40.5700,5.8810,0.674
2025-01-30,14.1300,41.3700,5.8960,0.689
2025-01-31,14.2100,41.6500,5.8370,-0.428
2025-02-03,14.2200,41.1400,5.8322,0.795
2025-02-04,14.1300,40.6200,5.7598,0.180
2025-02-05,13.9200,40.2100,5.7986,0.369
2025-02-06,13.8700,39.9700,5.7735,0.173
2025-02-07,13.7200,39.7000,5.7849,-0.039
2025-02-10,13.8900,40.0300,5.7754,0.200
2025-02-11,14.0000,40.2500,5.7621,0.210
2025-02-12,13.6900,39.3200,5.7600,0.273
2025-02-13,13.7100,39.4300,5.7623,0.179
2025-02-14,14.3200,40.8500,5.7152,0.173
2025-02-18,14.7600,42.0800,5.6880,-0.244
2025-02-19,14.8300,42.2500,5.7143,0.288
2025-02-20,14.9200,42.5000,5.6970,-0.001
2025-02-21,14.7600,42.2600,5.6976,-0.501
2025-02-24,14.5500,41.9800,5.7325,-0.658
2025-02-25,14.4400,41.6200,5.7677,0.055
2025-02-26,14.3200,41.5500,5.7800,-0.398
2025-02-27,13.5100,39.2400,5.8282,0.330
2025-02-28,13.3500,39.0500,5.8835,0.569
2025-03-05,12.9700,37.2500,5.8077,1.109
2025-03-06,12.8500,36.9700,5.7785,0.424
2025-03-07,12.9700,37.4200,5.7872,0.294
2025-03-10,12.7800,37.3500,5.7964,-0.833
2025-03-11,12.6100,36.5800,5.8247,0.396
2025-03-12,12.6700,36.7100,5.8208,0.449
2025-03-13,12.7300,36.9700,5.8032,-0.088
2025-03-14,13.4300,38.4100,5.7299,0.173
2025-03-17,13.9000,39.3000,5.6874,0.579
2025-03-18,13.8800,39.3300,5.6714,0.075
2025-03-19,14.0300,39.5200,5.6494,0.280
2025-03-20,14.0300,39.7000,5.6730,0.242
2025-03-21,14.1600,40.3400,5.7242,0.464
2025-03-24,13.9700,40.2400,5.7295,-0.545
2025-03-25,14.2700,40.6300,5.6837,-0.189
2025-03-26,14.3300,41.0600,5.7386,0.139
2025-03-27,14.3900,41.4800,5.7339,-0.541
2025-03-28,14.3800,41.0700,5.7672,0.965
2025-03-31,14.3400,40.8200,5.7405,0.831
2025-04-01,14.4600,41.0300,5.6874,0.219
2025-04-02,14.3900,40.8200,5.7004,0.476
2025-04-03,14.0100,39.3800,5.6022,-0.347
2025-04-04,13.1300,37.7300,5.8039,0.988
2025-04-07,12.0100,35.6300,5.9242,-0.155
2025-04-08,11.4600,34.4900,5.9878,-0.522
2025-04-09,12.2100,35.5700,6.0542,3.910
2025-04-10,11.3000,33.2600,5.9429,0.954
2025-04-11,11.5600,33.9200,5.8781,0.163
2025-04-14,11.5900,33.9900,5.8649,-0.009
2025-04-15,11.2700,33.3600,5.8809,-0.663
2025-04-16,11.2200,33.0700,5.8610,-0.574
2025-04-17,11.6200,33.1700,5.8308,2.131
2025-04-22,11.4900,32.9900,5.7392,-0.055
2025-04-23,11.4700,32.7500,5.6969,-0.239
2025-04-24,11.4200,32.5100,5.6709,-0.397
2025-04-25,11.4800,32.6700,5.6810,-0.187
2025-04-28,11.5100,32.4600,5.6777,0.663
2025-04-29,11.5200,32.5500,5.6330,-0.319
2025-04-30,11.2900,32.0500,5.6612,-0.289
2025-05-02,11.6100,32.6900,5.6485,0.305
2025-05-05,11.2000,31.7700,5.6663,-0.122
2025-05-06,11.3000,32.2700,5.7206,0.159
2025-05-07,11.3200,32.4800,5.7438,0.092
2025-05-08,11.6500,33.0300,5.6798,0.166
2025-05-09,11.8000,33.2000,5.6435,0.291
2025-05-12,12.0700,34.1000,5.6843,0.600
2025-05-13,12.1900,34.3000,5.6023,-0.449
2025-05-14,12.1500,34.0800,5.6131,0.057
2025-05-15,12.0500,34.1900,5.6370,-0.664
2025-05-16,12.0200,34.1500,5.6775,-0.083
2025-05-19,12.0400,34.0600,5.6424,-0.272
2025-05-20,12.0200,34.1700,5.6687,-0.296
2025-05-21,11.9100,33.8800,5.6591,-0.531
2025-05-22,11.8100,33.4300,5.6205,-0.721
2025-05-23,11.8400,33.4800,5.6887,0.589
2025-05-27,11.9200,33.8100,5.6518,-0.371
2025-05-28,11.7300,33.3900,5.7053,0.214
2025-05-29,11.7200,33.3500,5.6505,-0.714
2025-05-30,11.5400,32.9100,5.7184,0.259
2025-06-02,11.6100,33.0100,5.7061,0.345
2025-06-03,11.7000,32.3100,5.6444,2.197
2025-06-04,11.1100,31.3700,5.6396,-0.134
2025-06-05,11.1600,31.2000,5.5911,-0.005
2025-06-06,11.3200,31.5700,5.5980,0.363
2025-06-09,11.2300,31.2400,5.5755,0.213
2025-06-10,11.6100,32.3800,5.5646,-0.239
2025-06-11,12.0700,33.3300,5.5288,0.109
2025-06-12,12.4000,34.2500,5.5456,0.388
2025-06-13,12.7000,34.9800,5.5450,0.660
2025-06-16,12.7400,34.9200,5.5165,0.630
2025-06-17,13.0700,35.9500,5.4772,-0.435
2025-06-18,13.0000,35.7500,5.4921,-0.144
2025-06-20,13.0700,35.9100,5.5035,0.154
2025-06-23,12.7000,34.9000,5.5163,0.368
2025-06-24,12.4100,34.1700,5.4985,-0.152
2025-06-25,12.2700,33.9700,5.5589,0.394
2025-06-26,12.4600,34.2200,5.5043,0.210
2025-06-27,12.3800,33.8000,5.4801,0.360
2025-06-30,12.5100,34.0900,5.4294,-0.379
2025-07-01,12.5900,34.2300,5.4589,0.391
2025-07-02,12.9500,34.9500,5.4286,0.573
2025-07-03,13.0600,35.1100,5.4178,0.764
2025-07-07,12.8300,34.9100,5.4638,0.402
2025-07-08,13.1300,35.7900,5.4600,0.153
2025-07-09,12.8800,35.2700,5.4552,-0.393
2025-07-10,12.8300,35.3300,5.5355,0.510
2025-07-11,12.8200,35.4700,5.5723,0.700
2025-07-14,12.6000,35.0900,5.5748,0.089
2025-07-15,12.5000,34.6900,5.5661,0.283
2025-07-16,12.3600,34.3900,5.5650,0.005
2025-07-17,12.3000,34.1500,5.5644,0.208
2025-07-18,12.0100,33.6400,5.5628,-0.700
2025-07-21,12.1400,33.7300,5.5512,-0.101
2025-07-22,12.2600,34.0800,5.5543,-0.094
2025-07-23,12.6500,34.8400,5.5456,0.677
2025-07-24,12.6500,34.8800,5.5209,0.114
2025-07-25,12.6000,35.0400,5.5669,0.090
2025-07-28,12.5500,35.0200,5.5936,0.228
2025-07-29,12.8400,35.5900,5.5687,0.453
2025-07-30,12.9300,35.9900,5.6193,0.941
2025-07-31,12.7400,35.7900,5.5848,-0.600
2025-08-01,12.6900,35.2800,5.5422,-0.325
2025-08-04,12.7600,35.1600,5.5151,0.075
2025-08-05,12.9100,35.4400,5.5062,0.289
2025-08-06,13.0100,35.3600,5.4757,0.734
2025-08-07,13.0800,35.6100,5.4548,0.181
2025-08-08,12.1200,32.7800,5.4208,0.214
2025-08-11,12.1100,32.9300,5.4414,0.054
2025-08-12,12.2400,33.1000,5.3915,-0.314
2025-08-13,12.2100,32.9400,5.4049,0.173
2025-08-14,12.0800,32.6300,5.4137,0.211
2025-08-15,12.0700,32.6000,5.3964,-0.100
2025-08-18,12.1200,32.8600,5.4206,-0.034
2025-08-19,11.8400,32.4100,5.4764,0.032
2025-08-20,11.9200,32.6800,5.4742,-0.165
2025-08-21,11.9500,32.6500,5.4868,0.409
2025-08-22,12.3300,33.0200,5.4196,1.187
2025-08-25,12.2200,33.0600,5.4086,-0.041
2025-08-26,12.0900,32.8900,5.4335,-0.135
2025-08-27,12.2000,33.0800,5.4332,0.189
2025-08-28,12.3600,33.4800,5.4093,-0.151
2025-08-29,12.4000,33.7500,5.4299,-0.251
2025-09-02,12.4100,33.8600,5.4633,0.117
2025-09-03,12.3100,33.5000,5.4571,0.264
2025-09-04,12.3800,33.6600,5.4641,0.484
2025-09-05,12.2100,32.9000,5.3983,0.172
2025-09-08,12.2400,33.1900,5.4275,0.079
2025-09-09,12.3300,33.5500,5.4280,-0.257
2025-09-10,12.7600,34.4100,5.4089,0.287
2025-09-11,12.6600,34.0500,5.3828,0.068
2025-09-12,12.6300,33.7500,5.3541,0.181
2025-09-15,12.8500,34.2400,5.3088,-0.382
2025-09-16,12.9400,34.1800,5.3006,0.336
2025-09-17,12.9200,34.4400,5.3069,-0.457
2025-09-18,12.8100,34.1800,5.3020,-0.646
2025-09-19,12.6200,33.6800,5.3257,-0.222
2025-09-22,12.7200,34.0400,5.3505,-0.032
2025-09-23,13.1600,34.9400,5.2890,-0.396
2025-09-24,13.4500,35.8300,5.3180,-0.185
2025-09-25,13.1100,35.2000,5.3435,-0.492
2025-09-26,13.0800,34.9800,5.3413,-0.137
2025-09-29,12.8500,34.3200,5.3254,-0.304
2025-09-30,12.6600,33.7800,5.3269,-0.180
2025-10-01,12.6200,33.7400,5.3343,-0.239
2025-10-02,12.4400,33.3200,5.3658,0.166
2025-10-03,12.4000,33.0700,5.3492,0.287
2025-10-06,12.3600,32.8800,5.3150,-0.101
2025-10-07,12.2800,32.9200,5.3420,-0.365
2025-10-08,12.2000,32.5900,5.3450,0.044
2025-10-09,11.9600,32.1500,5.3639,-0.230
2025-10-10,11.6000,31.9100,5.4845,-0.313
2025-10-13,11.8200,32.2100,5.4845,0.631
2025-10-14,11.7900,32.1900,5.4795,0.347
2025-10-15,11.6400,31.7400,5.4426,-0.202
2025-10-16,11.5600,31.4900,5.4348,-0.244
2025-10-17,11.6400,31.6400,5.4178,-0.343
2025-10-20,11.6900,31.5600,5.3708,-0.531
2025-10-21,11.5600,31.2300,5.3722,-0.572
2025-10-22,11.7300,31.7500,5.3919,-0.398
2025-10-23,11.8400,31.9800,5.3837,-0.339
2025-10-24,11.7400,31.7500,5.3822,-0.493
2025-10-27,11.8600,31.9700,5.3763,-0.277
2025-10-28,11.8700,32.0000,5.3629,-0.535
2025-10-29,11.8800,31.9400,5.3452,-0.593
2025-10-30,11.7200,31.6600,5.3840,-0.347
2025-10-31,11.6400,31.5100,5.3858,-0.523
2025-11-03,11.8200,31.7900,5.3608,-0.339
2025-11-04,11.8300,32.0900,5.3840,-0.759
2025-11-05,12.1400,32.6700,5.3578,-0.453
2025-11-06,12.1400,32.7000,5.3580,-0.541
2025-11-07,12.8600,34.2800,5.3432,0.224
2025-11-10,13.0100,34.5800,5.3184,0.047
2025-11-11,13.4700,35.4100,5.3184,1.156
2025-11-12,12.9800,34.3500,5.2955,0.052
2025-11-13,13.0300,34.6600,5.2858,-0.643
2025-11-14,13.1800,34.9300,5.2865,-0.263
2025-11-17,13.1200,34.9500,5.3066,-0.397
2025-11-18,13.1300,34.9500,5.3203,-0.064
2025-11-19,13.0200,34.8600,5.3366,-0.341
2025-11-21,12.7600,34.5600,5.3890,-0.516
2025-11-24,12.7500,34.3900,5.3950,0.009
2025-11-25,12.6200,34.0600,5.3900,-0.144
2025-11-26,12.6600,33.9500,5.3496,-0.256
2025-11-28,12.5400,33.3800,5.3399,0.303
2025-12-01,12.5500,33.5900,5.3543,0.025
2025-12-02,12.6100,33.7700,5.3424,-0.255
2025-12-03,12.8000,34.1900,5.3115,-0.574
2025-12-04,12.8800,34.3800,5.3018,-0.688
2025-12-05,12.1300,32.8400,5.4108,-0.072
2025-12-08,12.2400,33.2800,5.4431,0.095
2025-12-09,12.3200,33.4900,5.4359,-0.015
2025-12-10,12.2300,33.5600,5.4728,-0.280
2025-12-11,12.1500,32.8800,5.4037,-0.160
2025-12-12,12.1800,33.2800,5.4072,-1.052
2025-12-15,12.1800,33.2200,5.4063,-0.890
2025-12-16,11.7900,32.3100,5.4603,-0.376
2025-12-17,11.7700,32.5300,5.5234,-0.076
2025-12-18,11.7200,32.4500,5.5162,-0.385
2025-12-19,11.7500,32.6800,5.5107,-0.932
2025-12-22,11.7200,32.8400,5.5747,-0.525
2025-12-23,11.8300,32.0200,5.5384,2.310
2025-12-26,11.5500,32.1200,5.5384,-0.423
2025-12-29,11.5900,32.3300,5.5789,-0.001
2025-12-30,11.8600,32.5700,5.4978,0.098
2026-01-02,11.9200,32.3000,5.4224,0.054
2026-01-05,11.7400,31.7600,5.4090,-0.029
2026-01-06,11.5700,31.1500,5.3702,-0.268
2026-01-07,11.5400,31.1800,5.3898,-0.259
2026-01-08,11.8000,31.9600,5.3849,-0.592
2026-01-09,11.8800,31.9000,5.3543,-0.299
2026-01-12,11.8700,31.9500,5.3680,-0.285
2026-01-13,12.3000,33.0400,5.3843,0.222
2026-01-14,12.6600,34.2400,5.3796,-0.547
2026-01-15,12.6100,33.8900,5.3629,-0.227
2026-01-16,12.6900,33.9800,5.3719,0.308
2026-01-20,12.8300,34.4500,5.3618,-0.157
2026-01-21,13.5100,36.0300,5.3235,-0.194
2026-01-22,13.7700,36.2800,5.2965,0.514
2026-01-23,14.2800,37.7200,5.2951,0.231
2026-01-26,14.3400,37.8500,5.2734,-0.105
2026-01-27,15.0200,38.9100,5.2130,0.616
2026-01-28,15.3800,40.0400,5.2114,0.089
2026-01-29,15.5200,40.3000,5.2145,0.408
2026-01-30,15.3400,40.3900,5.2459,-0.381
2026-02-02,15.0300,39.5900,5.2595,-0.164
2026-02-03,15.2800,40.0800,5.2238,-0.425
2026-02-04,15.1400,39.8500,5.2466,-0.334
2026-02-05,14.9000,39.2800,5.2612,-0.214
2026-02-06,14.8700,38.8700,5.2183,-0.185
2026-02-09,15.2700,39.6600,5.1906,-0.075
2026-02-10,15.3300,39.8600,5.1993,-0.018
2026-02-11,15.8300,41.0600,5.1756,-0.232
2026-02-12,15.2500,39.7900,5.1967,-0.415
2026-02-13,15.1900,39.7000,5.2297,0.049
2026-02-18,15.2900,40.1400,5.2150,-0.676
2026-02-19,15.7600,41.1900,5.2244,-0.053
2026-02-20,15.7900,40.9400,5.1860,0.008
2026-02-23,16.1400,41.7400,5.1540,-0.353
2026-02-24,16.5400,42.6900,5.1471,-0.289
2026-02-25,16.7100,42.8100,5.1374,0.264
2026-02-26,16.6100,42.7500,5.1524,0.095
2026-02-27,16.6300,42.7300,5.1369,-0.039
2026-03-02,17.3200,44.7100,5.1901,0.528
2026-03-03,16.9600,44.3800,5.2732,0.759
2026-03-04,16.7700,44.0600,5.2125,-0.802
2026-03-05,16.7300,43.9700,5.2585,0.039
2026-03-06,17.6000,45.7800,5.2698,1.298
2026-03-09,18.1600,46.7500,5.2099,1.189
2026-03-10,17.9900,46.6600,5.1405,-0.903
2026-03-11,18.9900,48.9400,5.1570,0.053
2026-03-12,18.9700,49.6500,5.2140,-0.393
2026-03-13,18.5700,49.3800,5.2914,-0.505
2026-03-16,19.1700,50.1200,5.2661,0.709
2026-03-17,19.5100,50.7300,5.1971,-0.064
2026-03-18,19.7700,51.6300,5.2013,-0.417
2026-03-19,19.7800,51.5700,5.2449,0.586
2026-03-20,18.8000,50.3400,5.2896,-1.227
2026-03-23,19.2700,50.6800,5.2460,-0.266
2026-03-24,19.7500,51.9500,5.2617,0.018
2026-03-25,19.8200,52.2400,5.2195,-0.985
2026-03-26,20.3300,53.3700,5.2296,-0.396
2026-03-27,20.7700,54.3000,5.2312,0.048
2026-03-30,20.8100,54.6500,5.2367,-0.297
2026-03-31,20.7500,53.9100,5.2115,0.296
2026-04-01,20.0800,51.9300,5.1510,-0.412
2026-04-02,20.5600,53.1000,5.1597,-0.110
2026-04-06,20.8600,53.7100,5.1525,0.057
2026-04-07,20.7100,53.5600,5.1598,-0.243
2026-04-08,19.9800,51.1900,5.0935,-0.598
2026-04-09,20.6900,52.6900,5.0704,-0.449
2026-04-10,21.5100,54.0000,5.0254,0.089
2026-04-13,21.9700,54.9600,5.0219,0.374
2026-04-14,21.0100,52.5200,4.9867,-0.257
2026-04-15,20.5400,51.5000,4.9974,-0.343
2026-04-16,21.5000,53.6600,5.0012,0.192
2026-04-17,20.4500,50.8100,4.9810,0.238
2026-04-20,20.7600,51.7400,4.9825,-0.042
2026-04-22,21.1800,52.7000,4.9671,-0.187
2026-04-23,21.2700,52.7500,4.9536,-0.130
2026-04-24,20.8700,52.2400,4.9997,-0.130
2026-04-27,20.9600,52.4200,4.9691,-0.656
2026-04-28,21.2300,52.8000,4.9864,0.247
2026-04-29,21.8500,54.4700,4.9984,0.252
2026-04-30,22.0300,54.7300,4.9792,0.212
2026-05-04,22.0100,54.2900,4.9669,0.683
2026-05-05,21.7700,53.5400,4.9103,-0.171
2026-05-06,20.9100,51.5200,4.9264,-0.028
2026-05-07,20.3700,50.5500,4.9277,-0.715
2026-05-08,20.3300,50.1100,4.8976,-0.650
2026-05-11,20.7500,50.8100,4.8975,0.003
2026-05-12,20.5000,50.2200,4.9005,0.020
2026-05-13,19.5900,48.9800,4.9068,-1.874
2026-05-14,19.7800,49.3800,4.9786,-0.287
2026-05-15,19.9300,50.4500,5.0739,0.221
2026-05-18,20.7000,51.7900,5.0060,0.043
2026-05-19,20.4100,51.6700,5.0437,-0.385
2026-05-20,19.8300,49.6800,5.0154,0.096
2026-05-21,20.0300,50.3000,5.0032,-0.384
2026-05-22,19.9000,50.1500,5.0240,-0.321
2026-05-26,19.4000,48.8900,5.0288,-0.226
2026-05-27,18.9600,48.1000,5.0620,-0.233
2026-05-28,18.8300,47.5400,5.0474,-0.039
2026-05-29,18.7700,46.7300,5.0585,1.592
2026-06-01,18.8600,47.3400,5.0323,0.242
2026-06-02,18.7200,46.4700,5.0126,0.964
2026-06-03,18.1900,45.9500,5.0461,-0.121
2026-06-05,17.7500,45.7100,5.1444,-0.117
2026-06-08,17.7500,46.0400,5.1690,-0.359
2026-06-09,17.8200,46.1200,5.1774,0.023
2026-06-10,18.1100,46.8100,5.1760,0.125
2026-06-11,18.2400,46.8000,5.1463,0.287
2026-06-12,18.3800,46.1900,5.0729,0.931
2026-06-15,17.3400,43.7400,5.0567,0.232
2026-06-16,17.0500,43.3200,5.0777,-0.075
2026-06-17,16.7900,43.0700,5.0597,-1.379
2026-06-18,16.7500,43.1300,5.1689,0.370
2026-06-22,17.0100,43.6400,5.1308,-0.006
2026-06-23,17.0300,43.9800,5.1812,0.314
2026-06-24,16.4500,42.8000,5.2101,0.124
2026-06-25,16.5200,42.7500,5.1728,-0.053
2026-06-26,16.2900,42.2500,5.1586,-0.552
2026-06-29,16.2800,42.3100,5.1812,-0.319
2026-06-30,16.1600,41.7800,5.1665,-0.083
2026-07-01,15.9900,41.5700,5.2008,0.025
2026-07-02,16.1100,42.1000,5.2004,-0.501
2026-07-06,16.2600,41.8500,5.1472,-0.008
2026-07-07,16.6600,42.9600,5.1515,-0.112
2026-07-08,17.2400,44.1600,5.1621,0.764
2026-07-09,17.0300,43.5300,5.1204,0.161
2026-07-10,17.3200,44.1900,5.1046,0.036
2026-07-13,17.8800,45.7100,5.1201,0.139
2026-07-14,17.9200,45.4800,5.0768,0.018
2026-07-15,17.8600,45.5300,5.0796,-0.372
2026-07-16,17.4700,44.6400,5.0927,-0.348
2026-07-17,17.9700,45.8100,5.1080,0.186
2026-07-20,18.1900,46.1200,5.0847,0.272
2026-07-21,18.5400,46.7800,5.0752,0.571
2026-07-22,18.8900,47.9000,5.0577,-0.271
2026-07-23,19.0000,48.7000,5.0841,-0.824
2026-07-24,18.7700,47.5500,5.0592,-0.146
2026-07-27,18.0000,46.0500,5.1041,-0.246
2026-07-28,18.0700,46.4200,5.1115,-0.512
2026-07-29,18.5900,47.5100,5.1270,0.306
2026-07-30,19.1200,48.5500,5.0673,-0.220
2026-07-31,19.4000,49.0400,5.0709,0.301
2026-08-03,19.0600,48.6200,5.0769,-0.488
2026-08-04,18.7200,48.1500,5.1101,-0.663
2026-08-05,18.3600,47.1500,5.1173,-0.367
2026-08-06,18.5200,47.3100,5.1064,-0.052
2026-08-07,17.9600,45.6900,5.0882,0.004
2026-08-11,17.9300,46.5300,5.1590,-0.601
2026-08-12,17.7600,46.3200,5.1630,-1.020
2026-08-13,17.8900,46.7300,5.1879,-0.694
2026-08-14,17.8800,46.8300,5.2388,0.010
2026-08-17,18.2500,47.4600,5.1874,-0.263
2026-08-18,18.1800,47.5300,5.2043,-0.469
2026-08-19,18.5400,48.1400,5.1688,-0.468
2026-08-20,19.0100,49.4100,5.1825,-0.304
2026-08-21,19.1500,49.3400,5.1469,-0.118
2026-08-24,18.6000,46.9400,5.1471,1.977
2026-08-25,17.8500,45.9800,5.1454,-0.125
2026-08-26,17.7600,45.9300,5.1622,-0.195
2026-08-27,18.2500,47.3100,5.1700,-0.283
2026-08-28,18.5300,48.2500,5.2168,0.173
2026-08-31,19.3500,50.2900,5.1817,-0.312
2026-09-01,20.3300,52.3700,5.1522,0.004
2026-09-02,20.8600,53.5400,5.0927,-0.790
2026-09-03,20.5100,52.5800,5.1010,-0.512
2026-09-04,20.1200,52.0100,5.1010,-1.334
