date,adr_usd,local_px,fx,premium_pct
2000-01-04,18.0781,69.6490,30.6000,58.851
2000-01-05,18.1966,71.2140,30.8000,57.400
2000-01-06,17.4384,69.6490,31.7500,58.988
2000-01-07,18.1018,67.6925,30.8500,64.993
2000-01-10,18.8363,70.0402,30.8300,65.826
2000-01-11,18.5757,68.8663,30.8300,66.319
2000-01-12,18.8837,70.8229,30.8000,64.246
2000-01-13,19.2628,69.6490,30.8000,70.367
2000-01-14,20.9213,71.2140,30.8300,81.145
2000-01-18,20.4001,71.9967,30.8900,75.052
2000-01-19,20.2579,71.9967,30.8500,73.607
2000-01-20,19.9499,71.2140,30.8500,72.846
2000-01-21,20.7081,72.7790,30.8500,75.557
2000-01-24,22.6272,73.5617,30.8500,89.786
2000-01-25,24.8307,75.5183,30.8500,102.872
2000-01-26,23.9778,80.6048,30.8500,83.541
2000-01-27,22.3192,81.3875,30.8300,69.093
2000-01-28,20.5896,79.8225,30.7500,58.634
2000-01-31,19.6656,79.4310,30.7500,52.262
2000-02-01,22.0349,79.0398,31.7500,77.027
2000-02-02,21.9638,79.0398,30.8000,71.176
2000-02-03,26.0154,79.0398,30.8000,102.752
2000-02-04,25.3757,79.0398,30.8000,97.766
2000-02-07,25.2335,79.0398,30.8000,96.658
2000-02-08,24.2621,79.0398,30.7500,88.781
2000-02-09,23.1248,82.5614,30.6500,71.697
2000-02-10,24.5227,83.7352,30.6500,79.523
2000-02-11,23.3143,85.6918,30.6300,66.671
2000-02-14,23.5039,83.7352,30.7200,72.458
2000-02-15,23.4565,84.1264,30.7500,71.477
2000-02-16,23.5276,83.3441,30.7200,73.442
2000-02-17,23.7408,82.5614,30.7200,76.673
2000-02-18,22.6509,81.3875,30.7650,71.244
2000-02-22,21.4189,76.3006,30.8000,72.922
2000-02-23,20.8502,75.9094,30.8000,69.198
2000-02-24,21.2293,76.3006,30.8500,71.670
2000-02-25,22.1060,77.8660,30.8000,74.881
2000-02-28,21.7506,77.8660,30.8000,72.069
2000-02-29,22.6746,78.6483,30.7600,77.365
2000-03-01,23.3143,80.6048,30.7500,77.884
2000-03-02,22.9353,79.4310,30.7500,77.578
2000-03-03,24.6412,79.4310,30.7500,90.786
2000-03-06,23.3143,78.2571,30.8000,83.519
2000-03-07,21.9638,77.8660,30.7500,73.474
2000-03-08,22.6983,77.4744,30.7600,80.240
2000-03-09,22.3429,78.2571,30.7500,75.586
2000-03-10,21.0872,76.3006,30.7500,69.967
2000-03-13,20.8502,71.2140,30.7500,80.061
2000-03-14,20.0920,72.7790,30.7400,69.727
2000-03-15,19.2391,71.6052,30.7500,65.240
2000-03-16,20.8502,71.9967,30.8150,78.480
2000-03-17,22.5562,74.3444,30.7400,86.531
2000-03-20,19.5234,71.9967,30.7500,66.770
2000-03-21,21.2056,76.3006,30.7800,71.089
2000-03-22,21.3241,75.1267,30.7500,74.563
2000-03-23,22.0112,78.6483,30.7500,72.119
2000-03-24,21.5610,77.4744,30.7000,70.875
2000-03-27,22.7931,82.5614,30.6500,69.234
2000-03-28,22.6509,81.7787,30.6400,69.732
2000-03-29,21.7269,79.8225,30.6000,66.580
2000-03-30,21.0872,81.3875,30.6000,58.567
2000-03-31,21.6084,80.2137,30.4800,64.218
2000-04-03,20.6607,80.2137,30.5000,57.118
2000-04-04,19.7129,80.2137,30.4500,49.665
2000-04-05,20.4474,81.3875,30.5000,53.254
2000-04-06,21.2767,79.0398,30.4800,64.098
2000-04-07,20.8265,78.2571,30.5000,62.339
2000-04-10,20.3053,82.1702,30.3500,49.997
2000-04-11,19.9262,80.2137,30.3500,50.787
2000-04-12,18.0070,78.2571,30.3500,39.671
2000-04-13,17.0593,75.1267,30.3500,37.833
2000-04-14,15.0927,72.7790,30.4500,26.293
2000-04-17,16.7750,70.0402,30.5500,46.337
2000-04-18,18.5757,73.9529,30.6000,53.724
2000-04-19,17.6042,71.6052,30.6200,50.559
2000-04-20,17.6516,72.7790,30.5500,48.190
2000-04-24,16.9408,70.4314,30.6000,47.204
2000-04-25,18.9548,73.1706,30.6500,58.797
2000-04-26,18.3861,72.3879,30.6500,55.698
2000-04-27,19.1680,73.5617,30.6500,59.730
2000-04-28,19.8314,77.0833,30.6700,57.811
2000-05-01,19.3575,77.0833,30.6500,53.940
2000-05-02,18.5757,75.5183,30.6800,50.931
2000-05-03,17.6279,73.5617,30.7500,47.375
2000-05-04,17.4384,73.1706,30.7200,46.427
2000-05-05,18.1966,75.1267,30.6800,48.621
2000-05-08,18.0544,75.5183,30.7000,46.791
2000-05-09,17.7227,75.5183,30.6500,43.859
2000-05-10,16.3959,73.5617,30.7300,36.986
2000-05-11,16.7276,70.0402,30.7600,46.927
2000-05-12,16.6328,72.3879,30.7500,41.310
2000-05-15,17.4687,70.6193,30.8300,52.525
2000-05-16,19.7129,74.8763,30.8400,62.387
2000-05-17,18.7425,79.6344,30.7500,44.744
2000-05-18,18.3482,81.6381,30.8200,38.536
2000-05-19,18.1056,81.1370,30.7900,37.415
2000-05-22,17.4687,79.1338,30.7500,35.761
2000-05-23,16.8318,76.6294,30.8000,35.306
2000-05-24,16.0130,74.3756,30.8200,32.710
2000-05-25,16.0433,72.8731,30.8500,35.835
2000-05-26,15.8310,72.8731,30.8500,34.038
2000-05-30,17.7416,72.8731,30.9600,50.750
2000-05-31,17.1351,78.6326,30.8500,34.453
2000-06-01,17.7720,76.6294,30.9000,43.327
2000-06-02,18.1359,77.6312,30.8500,44.141
2000-06-05,18.2269,79.1338,30.8300,42.022
2000-06-06,17.5900,79.1338,30.8300,37.059
2000-06-07,18.1966,80.6363,30.8000,39.008
2000-06-08,18.4695,78.6326,30.8000,44.688
2000-06-09,19.7736,79.1338,30.8000,53.923
2000-06-12,18.5605,78.6326,30.8000,45.401
2000-06-13,18.3179,77.6312,30.8000,45.351
2000-06-14,18.4998,77.1301,30.8000,47.749
2000-06-15,17.8023,75.1269,30.8500,46.206
2000-06-16,17.4990,75.1269,30.9000,43.949
2000-06-19,18.6818,74.1250,30.9000,55.755
2000-06-20,18.6515,74.3756,30.9000,54.978
2000-06-21,18.1966,73.6243,30.8300,52.395
2000-06-22,17.9539,74.6262,30.8000,48.200
2000-06-23,17.8630,73.1236,30.8000,50.479
2000-06-26,17.9843,70.8699,30.8100,56.370
2000-06-27,18.1966,70.8699,30.8200,58.267
2000-06-28,18.4392,72.1218,30.8200,57.593
2000-06-29,18.0753,71.3705,30.8300,56.160
2000-06-30,18.7121,73.1236,30.8000,57.633
2000-07-03,18.8031,71.8712,30.8300,61.316
2000-07-05,17.7720,74.6262,30.8500,46.937
2000-07-06,18.1359,72.6225,30.8800,54.232
2000-07-07,17.8023,71.1199,30.8800,54.594
2000-07-10,16.9835,71.8712,30.9000,46.036
2000-07-11,17.7720,72.1218,30.9000,52.285
2000-07-12,17.4384,71.8712,30.9000,49.948
2000-07-13,17.1351,72.6225,30.9000,45.816
2000-07-14,17.5900,73.1236,30.9000,48.661
2000-07-17,17.7113,71.8712,30.9600,52.590
2000-07-18,17.1958,71.1199,31.0000,49.907
2000-07-19,17.1654,71.1199,31.0800,50.029
2000-07-20,16.4679,67.6142,31.1300,51.638
2000-07-21,15.4974,65.1098,31.0800,47.953
2000-07-24,14.7392,63.3572,31.0950,44.677
2000-07-25,14.9818,62.8561,31.1000,48.255
2000-07-26,15.0425,65.1098,31.0800,43.610
2000-07-27,13.5261,64.6092,31.0800,30.134
2000-07-28,13.7081,63.8579,31.0700,33.393
2000-07-31,14.7392,63.6073,31.0600,43.946
2000-08-01,14.3753,63.1066,31.1500,41.915
2000-08-02,14.4663,62.6059,31.1000,43.725
2000-08-03,14.1933,61.1034,31.1500,44.713
2000-08-04,14.5269,62.8561,31.1200,43.845
2000-08-07,14.4966,61.6041,31.1500,46.604
2000-08-08,14.5269,62.8561,31.1000,43.753
2000-08-09,14.5573,65.1098,31.1000,39.067
2000-08-10,14.2236,66.6124,31.1000,32.815
2000-08-11,15.1638,65.6110,31.1100,43.801
2000-08-14,15.4368,65.1098,31.1000,47.469
2000-08-15,15.4064,65.3604,31.1300,46.756
2000-08-16,16.4982,67.6142,31.1300,51.918
2000-08-17,17.2261,69.1167,31.1000,55.022
2000-08-18,17.7113,69.8680,31.1100,57.726
2000-08-21,17.6507,69.1167,31.1000,58.843
2000-08-22,16.9835,68.6161,31.0800,53.855
2000-08-23,17.4080,68.6161,31.0800,57.701
2000-08-24,18.1966,69.8680,31.0700,61.839
2000-08-25,17.3474,70.3687,31.1000,53.336
2000-08-28,17.7113,69.1167,31.0800,59.286
2000-08-29,17.5900,68.6161,31.0900,59.401
2000-08-30,16.6802,67.6142,31.0900,53.396
2000-08-31,16.9835,67.3636,31.1000,56.816
2000-09-01,15.8007,65.1098,31.1000,50.945
2000-09-05,15.8007,67.1135,31.0800,46.345
2000-09-06,15.0122,65.6110,31.1000,42.317
2000-09-07,15.0728,62.8561,31.1000,49.155
2000-09-08,14.3753,62.3554,31.1000,43.395
2000-09-11,14.4966,62.1048,31.1200,45.282
2000-09-12,13.8900,62.1048,31.1100,39.158
2000-09-13,13.8597,62.1048,31.1200,38.899
2000-09-14,13.8294,60.1016,31.1300,43.260
2000-09-15,13.2532,61.3535,31.1700,34.663
2000-09-18,12.4343,60.6023,31.2900,28.401
2000-09-19,12.9196,56.5958,31.2800,42.810
2000-09-20,12.9499,57.5972,31.2900,40.702
2000-09-21,10.9179,57.3466,31.2800,19.105
2000-09-22,12.4343,53.3402,31.2100,45.509
2000-09-25,12.2827,53.3402,31.2900,44.103
2000-09-26,11.4638,56.8459,31.2800,26.162
2000-09-27,11.1606,55.5940,31.2900,25.630
2000-09-28,10.6753,53.3402,31.2900,25.245
2000-09-29,9.9171,52.0878,31.3240,19.277
2000-10-02,9.4319,49.3333,31.2900,19.645
2000-10-03,9.6139,51.5871,31.3200,16.737
2000-10-04,9.9475,49.8340,31.3000,24.957
2000-10-05,10.5843,51.5871,31.3000,28.439
2000-10-06,11.0392,55.0928,31.3100,25.475
2000-10-09,10.4024,53.8409,31.3100,20.985
2000-10-10,10.0081,53.8409,31.3100,16.400
2000-10-11,9.7352,52.0878,31.3300,17.111
2000-10-12,9.1589,48.5820,31.3000,18.017
2000-10-13,10.1901,48.3315,31.6000,33.249
2000-10-16,9.3106,48.3315,32.0500,23.482
2000-10-17,8.9770,47.0795,32.3000,23.177
2000-10-18,8.4007,43.8239,32.5000,24.601
2000-10-19,10.3114,40.8188,32.3500,63.441
2000-10-20,11.0696,43.5738,32.1500,63.349
2000-10-23,10.8876,49.8340,32.1000,40.263
2000-10-24,11.2212,53.0896,32.0500,35.484
2000-10-25,10.5237,53.8409,32.0500,25.289
2000-10-26,11.2212,52.8390,32.1900,36.721
2000-10-27,10.5237,52.8390,32.2600,28.501
2000-10-30,10.2204,49.3333,32.3500,34.039
2000-10-31,11.0089,49.0827,32.3500,45.118
2000-11-01,10.3720,48.5820,32.3600,38.174
2000-11-02,11.4335,51.8377,32.2500,42.264
2000-11-03,11.6155,54.8427,32.1500,36.185
2000-11-06,11.8884,54.5922,32.1500,40.025
2000-11-07,12.1614,58.3485,32.1500,34.018
2000-11-08,11.8581,58.5990,32.1300,30.036
2000-11-09,11.4032,57.5972,32.1000,27.104
2000-11-10,10.3417,57.0965,32.0700,16.175
2000-11-13,10.4327,53.3402,32.1700,25.841
2000-11-14,11.2819,53.3402,32.1800,36.126
2000-11-15,11.1606,53.5903,32.1500,33.909
2000-11-16,9.8565,50.0846,32.2400,26.894
2000-11-17,9.8565,49.3333,32.3100,29.107
2000-11-20,8.8253,44.0745,32.4800,30.074
2000-11-21,9.2196,47.0795,32.5000,27.290
2000-11-22,8.9466,45.5770,32.9000,29.164
2000-11-24,9.8565,47.5802,32.9000,36.308
2000-11-27,9.4622,47.3301,32.9000,31.547
2000-11-28,8.8860,46.3283,32.8500,26.016
2000-11-29,8.8253,45.3264,33.0800,28.818
2000-11-30,8.1581,44.8257,33.0800,20.409
2000-12-01,8.5827,45.8276,33.0500,23.794
2000-12-04,8.3704,44.0745,33.0500,25.534
2000-12-05,9.1589,44.3250,33.0500,36.583
2000-12-06,8.7950,44.5751,33.0500,30.420
2000-12-07,8.7344,45.5770,33.0800,26.789
2000-12-08,9.6139,45.0763,33.0600,41.020
2000-12-11,9.7352,45.0763,33.1000,42.973
2000-12-12,9.3712,46.3283,33.0600,33.747
2000-12-13,9.0680,46.0777,33.1600,30.516
2000-12-14,9.0376,45.3264,33.1000,31.996
2000-12-15,9.0376,44.0745,33.1000,35.745
2000-12-18,8.6130,42.3214,33.1000,34.727
2000-12-19,8.7647,42.0712,33.1000,37.914
2000-12-20,8.3098,40.8188,33.1800,35.094
2000-12-21,8.0671,39.5669,33.2000,35.380
2000-12-22,8.3098,39.0662,33.2000,41.239
2000-12-26,8.2188,38.0643,33.2000,43.370
2000-12-27,8.3401,37.5637,33.2500,47.647
2000-12-28,8.4007,40.0676,33.2000,39.217
2000-12-29,8.3704,39.8175,33.1700,39.460
2001-01-02,8.5524,41.8207,33.0000,34.971
2001-01-03,9.3712,40.3181,33.0780,53.768
2001-01-04,9.3712,42.5719,33.0000,45.284
2001-01-05,9.7655,45.3264,32.9270,41.881
2001-01-08,9.6442,44.8257,32.8500,41.352
2001-01-09,10.1901,46.5788,32.6300,42.770
2001-01-10,10.6753,47.0795,32.6500,48.068
2001-01-11,10.6753,46.3283,32.6700,50.562
2001-01-12,10.8573,47.0795,32.6700,50.684
2001-01-16,10.5843,50.5853,32.6450,36.611
2001-01-17,11.4335,50.5853,32.6700,47.684
2001-01-18,12.2524,51.0864,32.6700,56.709
2001-01-19,12.1614,51.0864,32.6100,55.259
2001-01-22,11.6458,51.0864,32.5900,48.586
2001-01-23,12.1007,51.0864,32.6000,54.438
2001-01-24,12.0097,51.0864,32.6000,53.276
2001-01-25,11.7065,51.0864,32.5750,49.291
2001-01-26,10.8270,51.0864,32.5750,38.075
2001-01-29,10.5686,48.5820,32.5450,41.597
2001-01-30,11.1945,49.5839,32.2300,45.531
2001-01-31,11.7137,52.8390,32.3500,43.432
2001-02-01,11.5730,50.8358,32.3900,47.475
2001-02-02,11.2236,50.3351,32.3000,44.044
2001-02-05,10.6705,49.3333,32.3300,39.855
2001-02-06,9.9863,49.0827,32.2700,31.312
2001-02-07,9.7291,45.8276,32.2700,37.017
2001-02-08,10.2240,45.3264,32.2700,45.580
2001-02-09,9.9620,45.8276,32.2700,40.297
2001-02-12,10.3211,46.0777,32.2900,44.655
2001-02-13,10.5540,49.0827,32.3500,39.121
2001-02-14,10.9034,47.0795,32.3200,49.703
2001-02-15,11.2916,50.3351,32.3100,44.961
2001-02-16,10.8112,49.0827,32.3200,42.379
2001-02-20,10.2435,48.0814,32.3000,37.627
2001-02-21,10.0785,48.8326,32.3000,33.327
2001-02-22,10.0202,46.8289,32.3800,38.570
2001-02-23,9.7776,45.5770,32.4000,39.015
2001-02-26,9.8261,44.5751,32.4000,42.845
2001-02-27,9.3991,45.0763,32.4000,35.118
2001-02-28,9.1371,45.0763,32.4000,31.352
2001-03-01,8.6955,42.0712,32.3800,33.850
2001-03-02,9.0255,41.8207,32.4000,39.848
2001-03-05,9.2293,42.3214,32.4000,41.314
2001-03-06,10.4133,44.3250,32.4000,52.235
2001-03-07,10.1124,46.0777,32.4200,42.301
2001-03-08,9.6320,45.3264,32.4200,37.788
2001-03-09,9.0061,44.0745,32.4500,32.615
2001-03-12,8.7441,42.8225,32.4800,32.644
2001-03-13,9.6175,43.5738,32.5700,43.775
2001-03-14,9.4865,43.5738,32.5300,41.643
2001-03-15,9.7194,44.0745,32.6100,43.824
2001-03-16,9.6029,44.3250,32.7300,41.818
2001-03-19,9.4913,43.5738,32.8000,42.891
2001-03-20,9.1711,43.0726,32.7850,39.612
2001-03-21,9.0983,42.5719,32.8200,40.283
2001-03-22,9.6563,43.3232,32.9200,46.751
2001-03-23,10.1658,45.3264,32.8500,47.352
2001-03-26,9.8941,45.0763,32.7200,43.638
2001-03-27,9.8310,44.8257,32.6700,43.301
2001-03-28,9.4962,44.5751,32.6700,39.199
2001-03-29,9.5350,44.0745,32.8000,41.918
2001-03-30,9.4622,44.3250,32.8500,40.252
2001-04-02,8.5160,42.5719,32.9700,31.905
2001-04-03,8.1618,40.8188,32.8900,31.528
2001-04-04,8.0502,39.8175,33.0000,33.437
2001-04-05,8.9284,39.8175,32.9000,47.546
2001-04-06,8.4869,41.3200,32.9000,35.149
2001-04-09,8.3170,40.0676,33.0000,37.000
2001-04-10,8.8265,39.5669,32.9900,47.188
2001-04-11,9.6126,41.5701,32.9700,52.479
2001-04-12,9.8358,43.0726,32.9200,50.349
2001-04-16,9.3263,42.0712,32.9500,46.087
2001-04-17,9.1905,41.8207,32.9700,44.909
2001-04-18,10.7869,42.5719,32.9700,67.079
2001-04-19,10.5686,45.3264,32.8500,53.190
2001-04-20,10.1416,45.3264,32.9100,47.269
2001-04-23,9.7776,45.0763,32.9400,42.902
2001-04-24,9.8019,44.0745,32.9200,46.424
2001-04-25,9.8941,43.3232,32.9300,50.410
2001-04-26,9.9183,43.3232,32.8900,50.596
2001-04-27,10.5783,43.5738,32.9700,60.080
2001-04-30,11.7623,45.5770,32.9400,70.019
2001-05-01,12.0291,45.5770,32.9500,73.930
2001-05-02,11.9175,48.0814,32.9000,63.093
2001-05-03,11.4032,48.3315,32.8900,55.199
2001-05-04,11.1606,46.5788,32.9100,57.709
2001-05-07,11.0392,47.5802,32.9000,52.665
2001-05-08,11.0538,47.3301,32.9100,53.721
2001-05-09,10.7724,47.5802,32.9100,49.019
2001-05-10,10.7724,46.3283,32.9200,53.093
2001-05-11,10.4327,47.0795,32.9200,45.900
2001-05-14,9.9038,46.3283,32.8900,40.621
2001-05-15,9.7679,44.8257,32.9500,43.602
2001-05-16,9.8844,44.0745,33.0000,48.015
2001-05-17,10.3211,44.5751,33.0000,52.819
2001-05-18,10.0688,45.3264,32.9800,46.523
2001-05-21,10.2386,44.3250,33.4500,54.532
2001-05-22,10.3842,45.0763,33.4700,54.209
2001-05-23,10.2629,47.3301,33.4500,45.063
2001-05-24,10.3356,47.0795,33.5000,47.089
2001-05-25,10.1173,47.3301,33.5500,43.433
2001-05-29,9.9572,46.5788,34.0500,45.577
2001-05-30,9.4768,45.0763,34.0200,43.046
2001-05-31,9.6369,44.8257,33.9500,45.975
2001-06-01,9.6515,44.5751,34.1000,47.667
2001-06-04,9.5107,45.0763,34.1000,43.897
2001-06-05,10.1804,45.5770,34.0800,52.247
2001-06-06,9.9717,46.8289,34.1000,45.225
2001-06-07,10.8209,46.5788,34.1000,58.438
2001-06-08,10.7530,48.5820,34.1000,50.951
2001-06-11,10.4715,49.5839,34.1000,44.030
2001-06-12,10.3599,48.5820,34.1000,45.434
2001-06-13,10.3405,47.0795,34.4300,51.243
2001-06-14,10.1416,46.3283,34.4180,50.686
2001-06-15,10.2968,46.8289,34.4800,51.630
2001-06-18,9.7970,46.0777,34.4800,46.623
2001-06-19,9.6757,45.3264,34.4800,47.207
2001-06-20,9.2778,45.0763,34.4800,41.937
2001-06-21,9.0983,43.0726,34.4500,45.538
2001-06-22,9.3166,42.5719,34.5000,51.003
2001-06-25,9.4816,42.5719,34.4500,53.454
2001-06-26,9.3069,42.7724,34.4400,49.877
2001-06-27,9.5039,44.5251,34.5000,47.281
2001-06-28,9.8504,43.1225,34.5200,57.707
2001-06-29,10.3191,44.8759,34.4800,58.572
2001-07-02,10.2920,46.9795,34.4700,51.030
2001-07-03,10.3395,46.6287,34.4500,52.780
2001-07-05,9.8912,45.9277,34.5100,48.644
2001-07-06,9.5175,44.1743,34.5200,48.749
2001-07-09,9.6874,42.7724,34.6000,56.729
2001-07-10,9.6058,43.1225,34.7000,54.593
2001-07-11,9.6330,43.1225,35.0300,56.505
2001-07-12,10.2172,44.5251,35.0000,60.630
2001-07-13,10.0610,44.1743,35.0200,59.521
2001-07-16,9.6602,44.1743,35.0000,53.078
2001-07-17,9.9591,43.8242,35.0500,59.303
2001-07-18,9.5583,43.4734,35.0000,53.906
2001-07-19,9.9863,42.7724,35.0200,63.526
2001-07-20,9.5515,42.4216,35.0000,57.610
2001-07-23,9.1031,40.6689,34.9500,56.461
2001-07-24,8.9401,40.3180,34.9500,54.996
2001-07-25,9.2526,41.3698,34.8700,55.977
2001-07-26,9.7825,42.4216,34.7700,60.360
2001-07-27,10.3259,44.5251,34.7700,61.272
2001-07-30,10.4007,44.5251,34.7700,62.439
2001-07-31,11.0732,46.2778,34.8000,66.537
2001-08-01,11.5827,48.0312,34.7700,67.695
2001-08-02,11.5420,49.4338,34.5600,61.383
2001-08-03,11.1751,48.3814,34.6500,60.069
2001-08-06,10.8151,47.6804,34.6700,57.280
2001-08-07,10.6181,46.2778,34.7000,59.232
2001-08-08,10.4754,47.3296,34.6500,53.381
2001-08-09,10.5230,45.5769,34.7000,60.233
2001-08-10,10.8083,48.0312,34.6700,56.033
2001-08-13,10.8287,47.6804,34.6500,57.387
2001-08-14,10.9713,48.3814,34.6000,56.923
2001-08-15,10.6792,48.0312,34.6000,53.858
2001-08-16,10.8694,47.6804,34.6000,57.751
2001-08-17,10.1357,47.3296,34.6000,48.193
2001-08-20,10.1018,46.2778,34.6500,51.272
2001-08-21,9.4428,46.6287,34.6200,40.218
2001-08-22,8.4238,43.4734,34.6500,34.282
2001-08-23,8.3287,43.4734,34.6700,32.843
2001-08-24,8.1521,42.4216,34.6700,33.249
2001-08-27,8.3219,44.5251,34.6400,29.487
2001-08-28,8.7499,44.1743,34.6400,37.227
2001-08-29,8.5257,45.2261,34.5600,30.300
2001-08-30,8.5053,44.1743,34.6000,33.238
2001-08-31,8.8178,44.8759,34.5800,35.895
2001-09-04,8.6616,46.2778,34.5800,29.443
2001-09-05,8.5121,45.9277,34.6200,28.327
2001-09-06,8.6276,44.8759,34.6500,33.232
2001-09-07,8.7906,44.1743,34.7000,38.105
2001-09-10,8.6072,44.8759,34.7000,33.109
2001-09-17,7.1670,38.9155,34.5620,27.305
2001-09-18,6.6915,38.9155,34.5200,18.714
2001-09-19,6.4945,38.9155,34.4900,15.118
2001-09-20,6.1344,36.8119,34.6100,15.350
2001-09-21,6.4197,35.7602,34.6100,24.265
2001-09-24,6.9768,35.7602,34.5600,34.853
2001-09-25,6.3043,33.2359,34.6200,31.336
2001-09-26,6.3518,34.0074,34.5000,28.876
2001-09-27,6.0325,32.6048,34.5500,27.848
2001-09-28,6.4469,32.6048,34.5600,36.670
2001-10-01,6.2295,32.6048,34.6000,32.215
2001-10-02,6.0121,31.5531,34.6200,31.930
2001-10-03,6.5216,30.9220,34.6100,45.989
2001-10-04,6.2907,31.0625,34.6100,40.182
2001-10-05,6.3111,32.8152,34.6000,33.086
2001-10-08,6.5488,32.2547,34.6000,40.500
2001-10-09,6.4809,34.4980,34.6000,30.001
2001-10-10,6.7934,34.4980,34.6000,36.269
2001-10-11,7.6086,36.8119,34.6000,43.028
2001-10-12,7.4048,38.5653,34.5300,32.600
2001-10-15,7.1670,37.5135,34.5800,32.131
2001-10-16,7.8871,38.9155,34.5800,40.169
2001-10-17,8.0162,40.6689,34.5800,36.320
2001-10-18,7.6697,41.7206,34.5800,27.141
2001-10-19,7.6969,41.0190,34.5800,29.773
2001-10-22,8.2404,40.6689,34.5800,40.133
2001-10-23,8.3491,40.3180,34.5800,43.217
2001-10-24,8.7635,43.1225,34.5800,40.549
2001-10-25,9.0012,43.8242,34.5900,42.092
2001-10-26,9.4428,44.1743,34.5700,47.795
2001-10-29,9.0420,46.9795,34.5500,32.995
2001-10-30,8.5325,43.8242,34.5500,34.536
2001-10-31,8.7703,42.7724,34.5500,41.686
2001-11-01,9.0148,42.7724,34.5500,45.637
2001-11-02,9.1371,43.8242,34.5500,44.070
2001-11-05,9.6942,45.5769,34.5500,46.975
2001-11-06,9.6466,45.9277,34.5500,45.137
2001-11-07,9.8504,46.9795,34.5500,44.885
2001-11-08,10.0542,47.3296,34.5000,46.576
2001-11-09,9.8436,47.3296,34.5000,43.506
2001-11-12,9.8164,47.6804,34.5000,42.057
2001-11-13,10.4211,47.3296,34.5000,51.924
2001-11-14,10.3259,50.4856,34.4800,41.046
2001-11-15,10.6045,52.2383,34.5000,40.071
2001-11-16,11.0392,54.3419,34.5000,40.170
2001-11-19,10.9849,55.7444,34.5000,35.970
2001-11-20,10.3395,52.2383,34.5000,36.572
2001-11-21,10.7675,52.9393,34.4700,40.220
2001-11-23,10.6656,51.5374,34.4700,42.671
2001-11-26,11.2770,51.8875,34.4700,49.831
2001-11-27,11.1140,52.9393,34.4600,44.689
2001-11-28,10.4075,51.8875,34.4400,38.158
2001-11-29,10.9373,51.1866,34.4400,47.180
2001-11-30,10.8219,51.1866,34.4700,45.753
2001-12-03,11.0732,54.3419,34.4600,40.438
2001-12-04,11.9088,55.0428,34.4600,49.112
2001-12-05,12.9618,58.5489,34.4600,52.578
2001-12-06,12.7987,62.4052,34.4600,41.349
2001-12-07,12.7240,62.0551,34.4600,41.316
2001-12-10,12.2077,58.8997,34.4800,42.928
2001-12-11,12.5066,59.9515,34.4600,43.776
2001-12-12,12.8735,62.0551,34.4600,42.976
2001-12-13,12.1602,58.8997,34.4600,42.289
2001-12-14,12.5134,58.5489,34.5000,47.471
2001-12-17,12.5066,56.7962,34.5800,52.291
2001-12-18,12.4183,57.8480,34.7100,49.025
2001-12-19,11.8884,59.9515,34.7300,37.740
2001-12-20,11.5555,59.9515,34.7600,33.999
2001-12-21,11.0053,56.0946,34.9200,37.020
2001-12-24,10.8694,56.7962,34.9700,33.848
2001-12-26,11.1004,57.8480,35.1000,34.706
2001-12-27,11.3857,57.4972,35.1300,39.130
2001-12-28,11.5148,59.6007,35.0800,35.548
2001-12-31,11.6642,61.3534,35.0000,33.081
2002-01-02,11.8748,60.3017,35.0400,38.004
2002-01-03,12.6221,60.3017,35.0300,46.647
2002-01-04,13.0229,62.4052,35.0000,46.078
2002-01-07,12.8055,64.8596,34.9400,37.967
2002-01-08,13.2403,63.4570,35.0400,46.222
2002-01-09,13.2471,64.1586,35.0500,44.738
2002-01-10,12.6357,63.4570,35.0300,39.505
2002-01-11,12.5949,61.3534,35.0500,43.905
2002-01-14,12.3708,61.7042,35.0300,40.460
2002-01-15,12.3232,61.3534,35.0000,40.599
2002-01-16,11.7933,59.6007,35.0000,38.510
2002-01-17,12.2892,59.2499,35.0300,45.314
2002-01-18,11.9496,59.6007,35.0300,40.466
2002-01-22,12.0039,63.1068,35.0800,33.455
2002-01-23,12.2824,62.0551,35.0800,38.866
2002-01-24,12.3979,63.4570,35.0800,37.075
2002-01-25,12.4047,64.5087,35.0600,34.837
2002-01-28,12.4387,64.5087,35.0200,35.052
2002-01-29,12.0922,62.4052,35.0000,35.639
2002-01-30,12.0039,61.0033,34.9900,37.703
2002-01-31,11.5284,61.0033,34.9900,32.248
2002-02-01,11.5623,59.9515,35.0000,35.003
2002-02-04,11.4333,60.3017,35.0500,32.910
2002-02-05,11.4808,59.9515,34.9900,34.013
2002-02-06,11.7254,60.6525,35.0200,35.402
2002-02-07,11.2838,60.6525,35.0300,30.340
2002-02-08,11.2906,60.6525,35.0800,30.605
2002-02-11,11.6846,60.6525,35.0800,35.162
2002-02-12,11.7390,60.6525,35.0800,35.791
2002-02-13,11.9903,60.6525,35.0800,38.699
2002-02-14,12.4659,60.6525,35.0800,44.199
2002-02-15,12.0107,60.6525,35.1000,39.014
2002-02-19,11.3110,59.9515,35.1000,32.446
2002-02-20,11.3721,57.4972,35.1000,38.846
2002-02-21,10.8762,57.8480,35.1000,31.986
2002-02-22,10.9917,57.1464,35.1000,35.025
2002-02-25,11.3042,56.7962,35.0900,39.680
2002-02-26,11.0325,56.0946,35.0900,38.027
2002-02-27,11.2498,57.4972,35.1100,37.392
2002-02-28,11.0392,57.4972,35.1100,34.820
2002-03-01,11.8273,56.7962,35.1000,46.185
2002-03-04,12.9822,60.6525,35.0900,50.214
2002-03-05,13.2471,63.8078,35.0700,45.617
2002-03-06,13.3286,66.2621,35.0300,40.926
2002-03-07,13.3558,65.5605,34.9900,42.561
2002-03-08,13.6547,64.1586,34.9500,48.766
2002-03-11,13.7974,68.3657,34.9500,41.070
2002-03-12,13.3830,66.6123,34.9500,40.435
2002-03-13,12.8599,65.9113,34.9800,36.498
2002-03-14,12.7172,65.2104,34.9800,36.435
2002-03-15,12.9754,63.4570,34.9900,43.092
2002-03-18,13.0705,64.1586,35.0300,42.727
2002-03-19,13.2131,64.1586,35.0500,44.367
2002-03-20,13.0773,67.3139,35.0500,36.185
2002-03-21,13.5528,65.9113,35.0400,44.100
2002-03-22,13.2947,66.6123,35.0400,39.867
2002-03-25,13.1995,67.3139,35.0500,37.459
2002-03-26,13.4237,66.2621,35.0400,41.972
2002-03-27,13.4781,64.8596,35.0200,45.546
2002-03-28,14.0963,66.6123,35.0100,48.174
2002-04-01,13.9944,66.9631,35.0000,46.290
2002-04-02,13.6207,67.3139,35.0100,41.683
2002-04-03,13.4237,66.6123,35.0000,41.064
2002-04-04,13.4713,64.8596,35.0000,45.389
2002-04-05,13.4237,64.8596,35.0000,44.876
2002-04-08,13.3014,64.1586,34.9800,45.042
2002-04-09,13.0161,64.1586,34.9800,41.931
2002-04-10,12.7376,63.4570,34.9800,40.429
2002-04-11,12.4930,63.1068,34.9900,38.537
2002-04-12,12.9074,64.5087,35.0000,40.062
2002-04-15,13.0433,64.1586,34.9900,42.268
2002-04-16,13.7226,64.8596,34.9800,48.018
2002-04-17,13.9944,67.3139,34.9600,45.362
2002-04-18,13.6207,66.9631,34.9400,42.141
2002-04-19,13.3354,66.2621,34.9000,40.474
2002-04-22,13.1384,65.2104,34.8500,40.430
2002-04-23,13.1588,65.9113,34.8100,38.992
2002-04-24,12.9754,66.6123,34.8100,35.612
2002-04-25,12.5678,64.5087,34.7800,35.519
2002-04-26,12.1941,64.5087,34.7700,31.452
2002-04-29,12.0379,62.4052,34.7300,33.987
2002-04-30,12.0243,61.3534,34.7200,36.091
2002-05-01,12.3640,61.3534,34.7200,39.936
2002-05-02,11.7322,59.6007,34.6500,36.414
2002-05-03,11.1751,59.6007,34.5900,29.712
2002-05-06,10.9713,56.7962,34.5700,33.558
2002-05-07,11.3314,57.4972,34.5700,36.259
2002-05-08,12.4591,58.1981,34.5900,48.101
2002-05-09,11.9631,59.6007,34.6100,38.939
2002-05-10,12.1330,60.6525,34.5700,38.308
2002-05-13,12.2281,59.6007,34.5500,41.770
2002-05-14,12.8055,61.0033,34.5800,45.177
2002-05-15,12.4659,63.1068,34.5700,36.576
2002-05-16,12.4659,62.0551,34.5400,38.771
2002-05-17,12.8055,62.7560,34.4600,40.633
2002-05-20,12.3572,61.0033,34.4100,39.406
2002-05-21,12.0243,60.6525,34.3700,36.276
2002-05-22,11.9564,61.7042,34.3400,33.080
2002-05-23,11.8612,61.0033,34.3300,33.500
2002-05-24,11.8137,61.3534,34.3600,32.321
2002-05-28,11.7390,60.3017,34.2800,33.466
2002-05-29,11.4469,59.9515,34.2100,30.638
2002-05-30,11.3449,60.6525,34.0600,27.417
2002-05-31,11.2634,59.9515,34.0500,27.943
2002-06-03,10.5297,59.6007,34.0400,20.278
2002-06-04,10.4007,57.1464,33.9900,23.724
2002-06-05,10.4278,57.4972,34.0000,23.327
2002-06-06,9.7893,56.4454,34.0700,18.174
2002-06-07,9.7485,52.5891,34.0600,26.275
2002-06-10,9.7485,52.5891,34.0600,26.275
2002-06-11,9.6126,51.8875,34.0200,26.050
2002-06-12,9.9183,50.4856,34.0200,33.671
2002-06-13,10.1221,52.9393,34.0200,30.094
2002-06-14,9.9863,52.9393,34.0100,28.310
2002-06-17,10.0882,51.8875,34.0000,32.208
2002-06-18,9.9727,52.9393,34.0200,28.174
2002-06-19,9.4082,52.8344,34.0000,21.087
2002-06-20,9.3857,52.8344,33.9200,20.514
2002-06-21,9.2363,53.2203,33.7600,17.180
2002-06-24,9.4904,52.8344,33.6700,20.959
2002-06-25,9.7071,53.6054,33.6400,21.833
2002-06-26,9.6398,51.2915,33.5200,25.996
2002-06-27,9.6398,51.2915,33.5000,25.921
2002-06-28,9.7145,52.4485,33.4600,23.950
2002-07-01,9.0046,51.6774,33.4700,16.641
2002-07-02,8.3022,50.9056,33.4900,9.238
2002-07-03,9.0794,48.9776,33.5000,24.203
2002-07-05,10.2003,51.6774,33.4800,32.168
2002-07-08,10.0882,54.7624,33.4100,23.094
2002-07-09,9.6473,55.1483,33.2800,16.436
2002-07-10,9.4978,53.9913,33.1800,16.737
2002-07-11,10.1031,52.0626,33.1800,28.776
2002-07-12,10.0508,54.7624,33.1800,21.794
2002-07-15,10.2302,53.6054,33.1100,26.375
2002-07-16,10.1181,53.2203,33.0000,25.477
2002-07-17,9.9387,51.6774,32.8500,26.356
2002-07-18,9.1914,49.7487,32.8900,21.534
2002-07-19,8.4068,47.4348,32.8700,16.510
2002-07-22,8.3694,46.6637,32.8800,17.945
2002-07-23,8.0033,47.8207,33.1400,10.926
2002-07-24,8.3246,45.1209,33.2500,22.690
2002-07-25,6.7852,44.7357,33.2600,0.893
2002-07-26,6.6134,41.6501,33.5400,6.512
2002-07-29,6.8375,38.9510,33.7600,18.526
2002-07-30,6.8002,40.1080,33.6600,14.139
2002-07-31,6.8151,38.9510,33.6100,17.612
2002-08-01,6.6208,38.5651,33.5200,15.094
2002-08-02,6.2397,38.4882,33.5700,8.848
2002-08-05,5.3056,35.8653,33.6800,-0.353
2002-08-06,6.1351,35.5571,33.8800,16.915
2002-08-07,6.3144,38.0255,33.7500,12.089
2002-08-08,6.5760,37.8709,33.8500,17.556
2002-08-09,6.8151,39.3362,33.7700,17.015
2002-08-12,6.5984,38.9510,33.7200,14.245
2002-08-13,6.6432,38.5651,33.7000,16.104
2002-08-14,6.9496,39.3362,33.5900,18.689
2002-08-15,7.1813,40.8790,33.6800,18.332
2002-08-16,7.4354,41.2649,33.7400,21.590
2002-08-19,7.4802,41.2649,33.8400,22.685
2002-08-20,6.9720,42.0360,33.9000,12.453
2002-08-21,7.0617,40.8790,34.0000,17.468
2002-08-22,6.8600,40.8790,34.0200,14.179
2002-08-23,6.5386,40.8790,34.1200,9.150
2002-08-26,6.6134,40.4931,34.2400,11.842
2002-08-27,6.3369,39.3362,34.2400,10.318
2002-08-28,6.1650,38.5651,34.2200,9.408
2002-08-29,6.2397,38.5651,34.1800,10.604
2002-08-30,6.1052,38.4882,34.2400,8.627
2002-09-03,5.7615,37.5627,34.3300,5.313
2002-09-04,5.9558,36.9454,34.2400,10.393
2002-09-05,5.6120,36.6371,34.1200,4.529
2002-09-06,5.7689,36.6371,34.1200,7.452
2002-09-09,5.8960,37.4082,34.2400,7.933
2002-09-10,6.3369,38.9510,34.3000,11.604
2002-09-11,6.0903,38.9510,34.3800,7.511
2002-09-12,5.7689,38.4882,34.4100,3.153
2002-09-13,5.6419,37.0999,34.4100,4.657
2002-09-16,5.4700,36.4057,34.7500,4.425
2002-09-17,5.3953,37.7941,34.7800,-0.699
2002-09-18,5.3056,35.1712,34.6900,4.661
2002-09-19,5.1935,35.1712,34.6100,2.214
2002-09-20,4.9694,33.5514,34.7700,2.997
2002-09-23,4.8199,32.4721,34.7800,3.249
2002-09-24,4.9469,32.6259,34.8100,5.562
2002-09-25,5.1412,32.3945,34.9000,10.778
2002-09-26,4.9245,32.8573,34.9800,4.853
2002-09-27,4.7527,32.3945,34.9200,2.463
2002-09-30,4.7452,31.7003,34.9200,4.543
2002-10-01,4.8722,30.9293,34.9100,9.986
2002-10-02,4.6555,30.8524,34.9700,5.537
2002-10-03,4.4014,29.0782,34.9900,5.926
2002-10-04,4.3192,29.3095,34.9900,3.127
2002-10-07,4.0353,27.7667,35.0600,1.904
2002-10-08,4.1100,27.4584,35.1200,5.136
2002-10-09,3.9979,27.7667,35.1100,1.104
2002-10-10,4.2595,27.7667,35.1100,7.718
2002-10-11,4.4911,27.5353,35.1600,14.694
2002-10-14,4.5285,29.3095,35.1600,8.648
2002-10-15,5.4103,31.3152,35.1500,21.456
2002-10-16,5.1487,33.4746,34.9600,7.544
2002-10-17,5.4925,33.5514,34.8500,14.101
2002-10-18,5.4925,35.8653,34.9100,6.923
2002-10-21,5.5896,35.0943,34.9000,11.173
2002-10-22,5.1935,33.5514,34.9200,8.108
2002-10-23,5.7988,34.7084,34.8600,16.483
2002-10-24,5.7316,34.7084,34.8000,14.934
2002-10-25,5.9931,35.4802,34.8000,17.565
2002-10-28,6.0230,35.9430,34.8900,16.931
2002-10-29,5.7316,36.0967,34.8200,10.577
2002-10-30,5.9408,35.0943,34.8000,17.820
2002-10-31,5.8437,35.8653,34.7500,13.239
2002-11-01,6.0454,34.7084,34.7500,21.054
2002-11-04,6.6134,36.2512,34.6500,26.425
2002-11-05,6.3070,36.7909,34.5800,18.559
2002-11-06,6.9571,39.3362,34.6400,22.531
2002-11-07,6.6134,39.7221,34.5500,15.045
2002-11-08,6.4863,39.3362,34.4600,13.645
2002-11-11,5.8511,36.7909,34.4600,9.609
2002-11-12,6.1276,36.0967,34.5200,17.199
2002-11-13,5.8661,36.0967,34.5700,12.360
2002-11-14,6.2771,35.7884,34.6900,21.688
2002-11-15,6.3817,37.3313,34.6600,18.501
2002-11-18,6.2621,37.1768,34.7100,16.933
2002-11-19,5.9782,36.7140,34.7300,13.102
2002-11-20,6.2173,35.5571,34.8200,21.769
2002-11-21,6.5760,36.1743,34.7500,26.341
2002-11-22,6.7105,38.5651,34.7100,20.794
2002-11-25,6.6208,40.1080,34.7500,14.727
2002-11-26,6.3518,38.9510,34.7200,13.237
2002-11-27,6.7927,38.5651,34.7700,22.485
2002-11-29,6.9123,38.9510,34.7600,23.371
2002-12-02,7.0542,38.9510,34.7900,26.013
2002-12-03,6.8301,41.2649,34.8400,15.333
2002-12-04,6.7105,40.1080,34.8300,16.549
2002-12-05,6.4788,40.4931,34.8900,11.647
2002-12-06,6.5760,39.7221,34.8500,15.388
2002-12-09,6.3144,40.1080,34.7600,9.450
2002-12-10,6.3892,38.5651,34.8000,15.308
2002-12-11,6.2771,38.5651,34.8000,13.285
2002-12-12,6.0380,37.7941,34.7900,11.161
2002-12-13,5.7540,37.5627,34.7900,6.585
2002-12-16,5.9333,36.9454,34.7500,11.615
2002-12-17,5.8138,36.8685,34.7400,9.563
2002-12-18,5.4925,37.0223,34.8000,3.255
2002-12-19,5.4850,35.4025,34.8400,7.956
2002-12-20,5.5597,35.4802,34.8000,9.062
2002-12-23,5.5672,34.3232,34.7700,12.793
2002-12-24,5.5149,34.5546,34.8000,11.081
2002-12-26,5.5448,35.4802,34.8200,8.832
2002-12-27,5.4177,35.0943,34.8300,7.538
2002-12-30,5.2234,33.3200,34.7900,9.077
2002-12-31,5.2683,32.8573,34.7000,11.275
2003-01-02,5.4401,32.7804,34.7400,15.307
2003-01-03,5.5672,34.5546,34.7600,12.005
2003-01-06,5.7166,34.5546,34.6000,14.483
2003-01-07,5.7390,35.0174,34.5500,13.249
2003-01-08,5.4925,35.8653,34.5900,5.943
2003-01-09,5.7914,35.4802,34.5100,12.660
2003-01-10,5.9782,36.4057,34.5400,13.436
2003-01-13,6.2024,38.9510,34.5100,9.904
2003-01-14,6.1799,38.9510,34.4800,9.411
2003-01-15,6.3966,38.9510,34.4400,13.117
2003-01-16,6.0529,37.4851,34.4000,11.095
2003-01-17,5.6718,37.6396,34.4200,3.733
2003-01-21,5.6419,36.7140,34.6300,6.433
2003-01-22,5.6793,36.8685,34.5900,6.566
2003-01-23,6.1276,38.9510,34.6100,8.894
2003-01-24,5.7839,38.1023,34.5500,4.893
2003-01-27,5.5971,37.7164,34.5100,2.425
2003-01-28,5.3430,36.7909,34.7000,0.787
2003-01-29,5.3804,36.7909,34.6100,1.228
2003-01-30,5.1188,36.7909,34.6500,-3.581
2003-01-31,5.0067,36.7909,34.6100,-5.801
2003-02-03,5.1412,36.7909,34.6100,-3.271
2003-02-04,5.0815,36.7909,34.7400,-4.036
2003-02-05,5.3206,36.7909,34.7400,0.480
2003-02-06,5.0740,34.2456,34.6800,2.767
2003-02-07,4.9918,32.3945,34.7100,6.972
2003-02-10,4.8349,31.3921,34.7800,7.133
2003-02-11,4.8349,32.0093,34.7100,4.855
2003-02-12,4.8647,31.1607,34.7100,8.377
2003-02-13,4.7825,31.0062,34.7100,7.077
2003-02-14,5.1188,31.6234,34.8190,12.721
2003-02-18,5.2832,33.0887,34.7100,10.842
2003-02-19,5.2160,33.1663,34.7100,9.175
2003-02-20,5.5373,34.0142,34.7800,13.239
2003-02-21,5.5821,34.6315,34.7500,12.024
2003-02-24,5.4327,34.9398,34.7600,8.094
2003-02-25,5.3804,33.1663,34.7200,12.648
2003-02-26,5.2757,33.0118,34.7800,11.167
2003-02-27,5.2234,32.3945,34.7500,12.065
2003-02-28,5.2982,32.3945,34.7800,13.766
2003-03-03,5.4327,33.9373,34.7800,11.351
2003-03-04,5.2160,33.4746,34.6600,8.013
2003-03-05,5.0590,32.0862,34.6200,9.171
2003-03-06,5.1113,31.9317,34.6700,10.993
2003-03-07,5.2010,32.0862,34.6000,12.170
2003-03-10,5.1263,32.8573,34.5800,7.901
2003-03-11,5.2384,32.7804,34.6200,10.647
2003-03-12,5.3579,33.1663,34.7200,12.179
2003-03-13,5.7689,34.0142,34.7400,17.841
2003-03-14,5.7540,35.0943,34.7100,13.820
2003-03-17,5.8810,33.9373,34.7040,20.278
2003-03-18,6.1351,36.2512,34.7100,17.485
2003-03-19,6.1202,36.9454,34.8000,15.295
2003-03-20,6.2098,37.4851,34.7600,15.168
2003-03-21,6.3443,37.4082,34.7900,18.006
2003-03-24,5.9408,37.4082,34.7800,10.469
2003-03-25,6.0454,35.9430,34.7800,16.997
2003-03-26,5.6643,36.2512,34.7800,8.689
2003-03-27,5.7166,34.6315,34.8000,14.889
2003-03-28,5.5298,34.2456,34.8000,12.387
2003-03-31,5.1113,32.6259,34.7500,8.882
2003-04-01,5.1562,32.5490,34.8000,10.255
2003-04-02,5.5746,33.0118,34.8000,17.532
2003-04-03,5.6045,33.8605,34.8100,15.234
2003-04-04,5.5971,34.8629,34.8250,11.820
2003-04-07,5.7914,35.6339,34.8400,13.246
2003-04-08,5.6942,35.2488,34.8200,12.499
2003-04-09,5.6344,34.5546,34.8100,13.521
2003-04-10,5.5746,34.3232,34.8000,13.042
2003-04-11,5.5149,34.5546,34.8000,11.081
2003-04-14,5.6494,33.6291,34.8100,16.955
2003-04-15,5.5223,34.4770,34.8100,11.514
2003-04-16,5.7615,36.1743,34.8000,10.852
2003-04-17,5.8437,35.3257,34.7900,15.101
2003-04-21,5.9483,37.2537,34.8100,11.162
2003-04-22,6.1127,36.2512,34.8100,17.393
2003-04-23,6.1650,37.2537,34.8100,15.212
2003-04-24,5.7839,36.4826,34.8600,10.533
2003-04-25,5.6643,35.0943,34.8100,12.369
2003-04-28,5.7465,33.9373,34.9800,18.462
2003-04-29,6.4265,34.7860,34.8900,28.915
2003-04-30,6.2547,36.8685,34.8500,18.245
2003-05-01,6.3593,36.8685,34.8500,20.222
2003-05-02,6.6208,37.2537,34.8000,23.695
2003-05-05,6.5835,37.4082,34.8000,22.489
2003-05-06,6.5013,36.8685,34.7000,22.378
2003-05-07,6.3817,36.7909,34.7000,20.380
2003-05-08,6.1501,36.0198,34.6500,18.323
2003-05-09,6.5237,36.6371,34.6500,23.397
2003-05-12,6.6507,37.2537,34.6500,23.718
2003-05-13,6.7030,37.9478,34.7000,22.587
2003-05-14,6.7479,37.9478,34.7000,23.407
2003-05-15,6.8749,38.1792,34.6500,24.788
2003-05-16,6.6881,37.6396,34.6500,23.138
2003-05-19,6.3518,37.7164,34.6000,16.539
2003-05-20,6.3294,37.0223,34.6000,18.306
2003-05-21,6.2920,37.0223,34.6600,17.811
2003-05-22,6.5237,37.0223,34.6900,22.254
2003-05-23,6.4564,37.8709,34.7000,18.317
2003-05-27,6.8151,38.0255,34.7000,24.382
2003-05-28,7.0767,38.9510,34.7260,26.181
2003-05-29,7.2485,40.1080,34.7500,25.604
2003-05-30,7.5773,41.2649,34.7100,27.474
2003-06-02,7.6072,43.5788,34.7000,21.146
2003-06-03,7.1290,43.1929,34.7000,14.544
2003-06-04,7.5549,43.1929,34.6800,21.318
2003-06-05,7.8987,44.3498,34.6800,23.530
2003-06-06,7.9510,45.1209,34.6800,22.223
2003-06-09,7.6595,45.5068,34.6800,16.744
2003-06-10,7.7642,44.3498,34.6800,21.426
2003-06-11,7.6147,43.5788,34.7000,21.265
2003-06-12,7.7492,45.1209,34.7000,19.190
2003-06-13,7.4727,43.9640,34.6500,17.792
2003-06-16,7.5923,43.1929,34.6000,21.637
2003-06-17,7.9211,44.7357,34.5200,22.245
2003-06-18,7.9659,45.5068,34.5500,20.959
2003-06-19,7.9584,45.5068,34.6000,21.020
2003-06-20,7.8538,45.1209,34.5900,20.416
2003-06-23,7.5699,44.3498,34.6000,18.114
2003-06-24,7.4503,43.9640,34.6000,17.269
2003-06-25,7.4877,43.9640,34.5600,17.721
2003-06-26,7.4877,43.9640,34.6000,17.857
2003-06-27,7.4428,43.9640,34.6100,17.185
2003-06-30,7.5325,43.9640,34.6100,18.597
2003-07-01,7.7716,45.1209,34.5800,19.121
2003-07-02,8.1752,46.2778,34.5400,22.032
2003-07-03,8.0930,47.0496,34.4500,18.514
2003-07-07,8.9179,47.0491,34.3900,30.369
2003-07-08,8.4499,47.8204,34.3500,21.393
2003-07-09,8.5709,46.6635,34.3500,26.185
2003-07-10,8.0705,44.3497,34.2500,24.653
2003-07-11,8.1593,44.3497,34.3500,26.392
2003-07-14,8.3772,45.8922,34.3500,25.406
2003-07-15,8.3449,45.8922,34.3500,24.922
2003-07-16,8.4095,45.8922,34.4100,26.109
2003-07-17,8.0060,44.7354,34.4100,23.162
2003-07-18,7.9576,44.7354,34.4100,22.417
2003-07-21,7.7396,43.9641,34.4100,21.154
2003-07-22,7.9737,43.5785,34.4100,25.922
2003-07-23,8.1270,44.3497,34.4000,26.075
2003-07-24,7.9576,45.1210,34.3700,21.230
2003-07-25,7.9495,43.9641,34.3700,24.294
2003-07-28,8.0140,44.7354,34.4000,23.251
2003-07-29,7.8042,43.9641,34.3700,22.023
2003-07-30,7.6509,43.9641,34.4000,19.729
2003-07-31,8.0705,45.5066,34.4100,22.051
2003-08-01,8.1512,46.2779,34.4400,21.323
2003-08-04,8.1755,46.2779,34.4700,21.790
2003-08-05,7.9979,45.1210,34.4600,22.164
2003-08-06,8.0705,45.1210,34.4300,23.166
2003-08-07,8.0705,46.2779,34.4500,20.157
2003-08-08,7.6186,44.7354,34.4500,17.339
2003-08-11,7.6832,43.9641,34.3400,20.025
2003-08-12,7.8123,43.9641,34.3500,22.078
2003-08-13,8.0786,45.5066,34.3300,21.889
2003-08-14,8.1997,45.8922,34.3700,22.819
2003-08-15,8.2723,47.0491,34.3700,20.860
2003-08-18,8.6435,47.4348,34.3200,25.076
2003-08-19,8.7888,48.2068,34.3400,25.214
2003-08-20,8.8372,48.5924,34.3000,24.759
2003-08-21,9.2085,49.3637,34.2300,27.708
2003-08-22,9.2488,49.3637,34.2100,28.192
2003-08-25,9.2408,49.7493,34.1800,26.976
2003-08-26,9.2488,48.5924,34.2000,30.189
2003-08-27,9.5232,49.3637,34.1300,31.687
2003-08-28,9.4425,50.5206,34.1900,27.805
2003-08-29,9.5071,51.6775,34.1200,25.541
2003-09-02,9.7734,51.6775,34.1200,29.058
2003-09-03,9.4910,51.2919,34.1500,26.381
2003-09-04,9.6039,50.9062,34.1200,28.741
2003-09-05,9.9187,52.4487,34.1200,29.050
2003-09-08,10.4271,54.7625,34.1000,29.857
2003-09-09,10.0720,54.3769,34.1000,26.324
2003-09-10,9.4990,53.6056,34.1000,20.852
2003-09-11,9.8299,53.6056,34.1000,25.062
2003-09-12,9.7250,52.4487,34.1000,26.456
2003-09-15,9.1197,51.6775,34.1300,20.461
2003-09-16,9.4425,52.8344,34.1000,21.887
2003-09-17,9.4102,55.1481,34.1000,16.374
2003-09-18,9.4587,54.3769,34.1100,18.666
2003-09-19,9.3457,53.2200,34.0500,19.587
2003-09-22,9.0390,52.0631,33.8000,17.365
2003-09-23,9.1116,52.4487,33.7500,17.264
2003-09-24,8.8372,52.4487,33.7800,13.834
2003-09-25,8.7485,51.2919,33.7200,15.027
2003-09-26,8.7565,50.9062,33.7800,16.212
2003-09-29,8.9018,51.2919,33.7800,17.252
2003-09-30,8.7404,51.2919,33.7800,15.126
2003-10-01,8.8776,51.2919,33.8300,17.106
2003-10-02,9.1762,52.8344,33.7800,17.337
2003-10-03,9.6604,53.9913,33.7500,20.775
2003-10-06,9.6685,54.7625,33.7800,19.279
2003-10-07,9.4910,53.9913,33.7800,18.762
2003-10-08,9.2488,53.6056,33.7900,16.599
2003-10-09,9.1601,53.2200,33.7300,16.110
2003-10-10,9.4748,53.2200,33.7200,20.064
2003-10-13,9.5717,53.9913,33.7200,19.559
2003-10-14,9.3860,52.8344,33.9000,20.447
2003-10-15,9.2166,52.4487,33.8500,18.966
2003-10-16,9.3053,53.6056,33.8200,17.415
2003-10-17,8.9664,52.4487,33.9200,15.976
2003-10-20,9.0148,52.4487,33.9000,16.533
2003-10-21,8.9502,51.6775,34.0500,17.945
2003-10-22,8.6435,50.9062,33.9500,15.290
2003-10-23,8.4741,49.7493,33.9500,15.658
2003-10-24,8.4660,49.7493,33.9500,15.548
2003-10-27,8.4256,50.5206,33.9500,13.241
2003-10-28,9.3295,52.4487,33.9500,20.780
2003-10-29,9.3860,53.6056,33.9500,18.889
2003-10-30,9.1601,53.6056,33.9600,16.061
2003-10-31,8.9260,51.6775,33.9800,17.384
2003-11-03,9.2569,51.6775,34.0200,21.879
2003-11-04,9.2166,52.8344,34.0000,18.621
2003-11-05,9.3941,53.6056,34.0600,19.377
2003-11-06,9.1843,53.2200,34.0000,17.349
2003-11-07,9.2166,53.2200,34.0000,17.761
2003-11-10,8.6920,52.4487,33.9500,12.526
2003-11-11,8.5709,50.9062,33.9500,14.321
2003-11-12,8.8776,51.2919,34.0000,17.694
2003-11-13,8.8615,52.0631,34.0000,15.740
2003-11-14,8.7807,52.0631,34.0000,14.686
2003-11-17,8.5951,51.2919,34.0100,13.983
2003-11-18,8.6193,51.6775,34.0000,13.418
2003-11-19,8.6355,50.9062,34.0000,15.352
2003-11-20,8.4902,50.5206,34.0300,14.378
2003-11-21,8.6355,50.1350,34.0500,17.299
2003-11-24,8.7888,49.3637,34.0600,21.282
2003-11-25,8.8211,50.5206,34.1000,19.080
2003-11-26,8.8130,50.1350,34.1700,20.132
2003-11-28,8.7727,48.9781,34.2000,22.514
2003-12-01,8.9422,49.3637,34.1500,23.724
2003-12-02,9.1197,50.9062,34.1500,22.358
2003-12-03,9.0390,51.2919,34.1000,20.187
2003-12-04,8.9906,51.6775,34.1000,18.651
2003-12-05,8.7081,50.1350,34.1100,18.494
2003-12-08,8.5225,48.9781,34.0500,18.498
2003-12-09,8.1674,49.7493,34.0300,11.735
2003-12-10,7.9495,47.8204,34.0400,13.174
2003-12-11,8.3530,48.2068,34.0300,17.931
2003-12-12,8.1512,47.8204,34.0300,16.012
2003-12-15,8.0383,48.5924,34.0300,12.586
2003-12-16,7.9091,47.0491,34.0200,14.378
2003-12-17,7.6267,45.8922,34.0200,13.073
2003-12-18,7.8930,46.2779,34.0500,16.149
2003-12-19,7.9898,46.2779,34.0500,17.574
2003-12-22,8.0625,47.4348,34.0500,15.749
2003-12-23,8.0302,47.8204,34.0500,14.356
2003-12-24,7.9737,47.4348,34.0500,14.475
2003-12-26,7.9656,47.8204,34.0500,13.437
2003-12-29,8.0867,47.8204,34.0600,15.195
2003-12-30,8.1674,48.5924,34.0300,14.395
2003-12-31,8.2642,48.9781,33.9900,14.705
2004-01-02,8.6193,50.5206,33.9800,15.947
2004-01-05,8.8050,50.9062,33.9000,17.270
2004-01-06,8.8130,50.9062,33.8000,17.031
2004-01-07,8.7243,50.5206,33.8200,16.806
2004-01-08,9.0390,50.5206,33.8000,20.948
2004-01-09,9.1601,52.0631,33.7500,18.761
2004-01-12,9.0229,52.0631,33.6800,16.739
2004-01-13,8.6678,52.0631,33.6600,12.078
2004-01-14,8.7888,51.6775,33.6800,14.560
2004-01-15,8.8776,51.6775,33.6700,15.682
2004-01-16,9.1520,51.2919,33.6800,20.190
2004-01-20,9.3860,51.2919,33.6800,23.264
2004-01-21,9.2650,51.2919,33.6800,21.674
2004-01-22,9.1520,51.2919,33.6400,20.048
2004-01-23,8.8776,51.2919,33.6300,16.414
2004-01-26,9.2408,51.2919,33.7300,21.536
2004-01-27,9.1036,52.8344,33.5100,15.478
2004-01-28,9.0390,52.0631,33.3300,15.733
2004-01-29,8.8453,51.2919,33.3600,15.059
2004-01-30,9.0229,50.9062,33.3900,18.364
2004-02-02,8.8130,50.1350,33.3600,17.284
2004-02-03,8.6355,48.9781,33.2500,17.248
2004-02-04,8.3288,48.2068,33.2500,14.894
2004-02-05,8.5951,48.2068,33.2500,18.567
2004-02-06,8.9260,48.5924,33.3000,22.339
2004-02-09,8.8292,50.1350,33.2000,16.936
2004-02-10,8.9018,49.3637,33.2100,19.776
2004-02-11,8.8615,49.3637,33.1500,19.017
2004-02-12,8.7888,49.7493,33.1300,17.056
2004-02-13,8.5790,49.3637,33.1500,15.224
2004-02-17,8.7081,48.2068,33.1300,19.693
2004-02-18,8.5871,48.5924,33.1000,16.986
2004-02-19,8.4983,48.9781,33.1100,14.900
2004-02-20,8.4014,48.9781,33.1300,13.659
2004-02-23,8.3127,48.2068,33.2800,14.774
2004-02-24,8.4014,47.4348,33.3200,18.030
2004-02-25,8.5386,47.4348,33.2500,19.705
2004-02-26,8.4660,48.9781,33.2100,14.809
2004-02-27,8.3853,48.9781,33.2800,13.954
2004-03-01,8.7888,49.7493,33.2900,17.622
2004-03-02,9.0390,51.6775,33.3000,16.491
2004-03-03,8.8776,50.9062,33.3200,16.214
2004-03-04,9.0955,51.6775,33.3300,17.325
2004-03-05,9.0390,51.6775,33.2800,16.421
2004-03-08,8.7000,50.9062,33.3500,13.993
2004-03-09,8.6113,50.5206,33.2800,13.452
2004-03-10,8.3934,48.5924,33.3500,15.211
2004-03-11,8.1997,48.9781,33.2800,11.431
2004-03-12,8.5063,47.8204,33.4200,18.896
2004-03-15,8.2723,47.0491,33.4000,17.450
2004-03-16,8.2481,46.6635,33.3100,17.755
2004-03-17,8.2965,46.6635,33.2500,18.233
2004-03-18,8.3772,47.8204,33.1300,16.075
2004-03-19,8.2158,48.5924,33.2200,12.334
2004-03-22,7.5056,45.5066,33.2100,9.549
2004-03-23,7.9898,42.4216,33.2500,25.248
2004-03-24,8.2723,44.7354,33.1600,22.637
2004-03-25,8.2965,44.7354,33.1900,23.107
2004-03-26,8.0544,45.1210,33.2400,18.671
2004-03-29,8.3853,47.4348,33.1500,17.202
2004-03-30,8.4499,46.2779,33.0900,20.838
2004-03-31,8.4256,46.2779,33.0000,20.164
2004-04-01,8.3288,45.8922,32.8900,19.381
2004-04-02,8.4983,45.8922,33.0000,22.218
2004-04-05,8.7323,47.8204,32.8900,20.119
2004-04-06,8.6839,47.8204,32.9300,19.598
2004-04-07,8.5790,47.4348,32.9400,19.150
2004-04-08,8.4579,47.0491,32.8500,18.108
2004-04-12,8.6032,47.0491,32.8200,20.026
2004-04-13,8.5628,46.6635,32.7300,20.120
2004-04-14,8.6758,48.5924,32.8400,17.267
2004-04-15,8.4499,47.0491,33.0300,18.641
2004-04-16,8.3369,47.0491,33.1700,17.551
2004-04-19,8.3369,45.8922,32.8700,19.424
2004-04-20,8.2723,47.0491,32.9500,15.867
2004-04-21,8.4983,47.4348,32.9500,18.065
2004-04-22,8.7243,47.8204,33.0500,20.591
2004-04-23,9.0794,49.3637,33.0300,21.503
2004-04-26,8.8292,48.9781,33.0500,19.157
2004-04-27,8.6113,48.9781,32.9900,16.005
2004-04-28,8.2723,47.8204,32.9900,14.137
2004-04-29,8.0383,46.6635,33.2400,14.518
2004-04-30,7.6912,44.3497,33.2700,15.395
2004-05-03,7.7477,44.7354,33.2600,15.206
2004-05-04,7.9737,45.5066,33.1800,16.276
2004-05-05,7.7881,42.4216,33.1600,21.755
2004-05-06,7.6267,42.8072,33.1400,18.086
2004-05-07,7.7235,43.9641,33.3900,17.317
2004-05-10,7.5540,42.4216,33.7000,20.019
2004-05-11,7.9091,44.3497,33.6000,19.841
2004-05-12,7.8204,44.3497,33.4000,17.791
2004-05-13,7.7961,43.9641,33.5100,18.846
2004-05-14,7.6024,42.4216,33.6630,20.656
2004-05-17,7.2473,39.7222,33.6200,22.680
2004-05-18,7.3926,40.1078,33.6300,23.973
2004-05-19,7.5621,42.8072,33.3700,17.899
2004-05-20,7.5056,42.4216,33.5900,18.861
2004-05-21,7.5863,42.4216,33.4900,19.781
2004-05-24,7.5863,41.6503,33.4900,21.999
2004-05-25,7.7154,42.0360,33.4800,22.901
2004-05-26,7.9414,43.1928,33.4700,23.075
2004-05-27,8.1028,43.9641,33.3800,23.042
2004-05-28,8.1916,44.7354,33.3600,22.173
2004-06-01,8.0221,43.5785,33.5300,23.447
2004-06-02,7.8446,42.8072,33.4500,22.596
2004-06-03,7.5056,40.8791,33.4500,22.832
2004-06-04,7.5379,40.8791,33.4700,23.434
2004-06-07,7.8204,42.4216,33.4600,23.366
2004-06-08,7.7961,43.5785,33.4000,19.504
2004-06-09,7.4572,42.4216,33.3500,17.250
2004-06-10,7.3281,40.8791,33.4000,19.747
2004-06-14,6.9647,38.1018,33.5200,22.544
2004-06-15,7.1303,37.8376,33.7000,27.012
2004-06-16,6.8543,38.2776,33.5800,20.262
2004-06-17,6.7899,38.9817,33.6100,17.085
2004-06-18,6.8083,37.6618,33.6400,21.625
2004-06-21,6.6703,38.2776,33.6700,17.348
2004-06-22,6.9923,38.2776,33.8000,23.488
2004-06-23,7.2683,40.2141,33.7900,22.145
2004-06-24,7.1671,40.3016,33.5900,19.471
2004-06-25,7.3327,40.6541,33.5700,21.100
2004-06-28,7.2039,40.3899,33.6500,20.036
2004-06-29,7.4891,40.5657,33.6900,24.395
2004-06-30,7.6455,42.5897,33.6600,20.850
2004-07-01,7.3143,42.5897,33.6000,15.409
2004-07-02,7.1855,40.6541,33.6200,18.845
2004-07-06,6.9003,40.4783,33.6100,14.590
2004-07-07,7.2131,39.3342,33.5800,23.158
2004-07-08,7.1303,39.5984,33.6000,21.004
2004-07-09,7.2223,40.4783,33.6200,19.973
2004-07-12,6.9831,39.4216,33.6400,19.179
2004-07-13,7.0199,38.8943,33.6200,21.360
2004-07-14,6.5875,38.8943,33.6850,14.104
2004-07-15,6.5323,37.8376,33.8500,16.877
2004-07-16,6.4495,37.3977,33.8150,16.633
2004-07-19,6.3943,37.1344,33.8400,16.540
2004-07-20,6.5323,36.5178,33.8700,21.173
2004-07-21,6.4219,38.1901,33.8350,13.791
2004-07-22,6.6335,38.1018,33.8500,17.865
2004-07-23,6.1827,37.6618,33.9650,11.516
2004-07-26,6.1091,35.9904,34.1500,15.934
2004-07-27,6.3023,36.6945,34.0500,16.962
2004-07-28,6.2287,36.6945,34.0000,15.426
2004-07-29,6.4495,36.0778,34.0900,21.883
2004-07-30,6.5507,37.7502,34.0400,18.137
2004-08-02,6.5415,37.6618,33.9800,18.040
2004-08-03,6.5323,38.7175,34.1100,15.099
2004-08-04,6.5507,38.5417,34.0800,15.847
2004-08-05,6.5507,39.5984,34.0500,12.657
2004-08-06,6.3299,38.7175,34.1600,11.696
2004-08-09,6.3483,38.1018,34.0500,13.464
2004-08-10,6.5507,38.1018,33.9900,16.875
2004-08-11,6.3851,38.5417,34.0400,12.786
2004-08-12,6.2931,38.5417,34.1400,11.487
2004-08-13,6.3207,38.5417,34.0700,11.747
2004-08-16,6.4219,38.1901,34.0300,14.447
2004-08-17,6.4219,38.5417,34.0400,13.436
2004-08-18,6.7439,39.4216,34.0500,16.499
2004-08-19,6.7991,41.1815,33.9300,12.038
2004-08-20,6.8727,40.8299,33.9300,14.226
2004-08-23,6.9463,41.3582,33.9500,14.041
2004-08-24,6.8451,41.3582,34.0600,12.744
2004-08-25,7.0659,41.3582,34.0700,16.415
2004-08-26,7.0843,42.7655,33.9500,12.480
2004-08-27,7.0751,42.2381,33.9700,13.803
2004-08-30,7.0015,42.3255,33.9200,12.221
2004-08-31,6.9463,41.3582,33.9400,14.008
2004-09-01,6.8911,41.4456,33.8700,12.630
2004-09-02,6.9923,40.3899,33.8400,17.168
2004-09-03,6.4955,39.0701,33.8100,12.420
2004-09-07,6.5415,39.0701,33.9500,13.685
2004-09-08,6.4955,38.6301,33.9000,14.003
2004-09-09,6.7439,38.4543,33.8200,18.623
2004-09-10,7.0199,39.2458,33.9300,21.381
2004-09-13,7.0107,40.3899,33.9200,17.754
2004-09-14,6.9739,40.0383,33.8750,18.008
2004-09-15,6.8267,39.9500,33.7600,15.379
2004-09-16,6.8267,39.9500,33.6900,15.140
2004-09-17,6.9371,39.4216,33.8750,19.221
2004-09-20,7.0291,39.7742,33.9100,19.855
2004-09-21,7.1303,40.4783,33.9300,19.537
2004-09-22,6.8543,40.3016,33.8000,14.971
2004-09-23,6.9647,39.5100,33.8500,19.340
2004-09-24,6.7071,38.4543,33.8800,18.185
2004-09-27,6.5875,37.8376,34.0000,18.387
2004-09-28,6.5323,37.8376,34.1000,17.741
2004-09-29,6.6151,37.5744,34.0500,19.892
2004-09-30,6.5691,38.1018,33.9900,17.204
2004-10-01,6.9003,39.1575,33.8400,19.265
2004-10-04,7.0291,40.0383,33.8900,18.994
2004-10-05,6.9187,39.8616,33.9300,17.783
2004-10-06,6.8727,39.5984,33.9250,17.761
2004-10-07,6.7347,39.5984,33.9250,15.396
2004-10-08,6.4863,38.1018,33.7400,14.875
2004-10-11,6.5691,37.6618,33.7400,17.701
2004-10-12,6.3483,37.4860,33.8950,14.803
2004-10-13,6.3667,37.4860,33.9200,15.220
2004-10-14,6.3391,37.5744,33.8900,14.350
2004-10-15,6.3759,37.3977,33.8800,15.523
2004-10-18,6.4035,37.1344,33.7600,16.432
2004-10-19,6.6059,37.8376,33.8700,18.264
2004-10-20,6.5783,37.6618,33.8100,18.110
2004-10-21,6.7531,38.0144,33.7800,20.018
2004-10-22,6.4771,38.0144,33.6200,14.567
2004-10-25,6.5599,38.0144,33.7000,16.308
2004-10-26,6.5047,37.1344,33.6800,17.992
2004-10-27,6.7991,36.8703,33.5800,23.847
2004-10-28,6.8451,37.8376,33.4650,21.081
2004-10-29,6.9647,38.5417,33.3950,20.693
2004-11-01,7.0015,38.6301,33.4400,21.217
2004-11-02,7.2131,39.5984,33.4800,21.972
2004-11-03,7.3603,41.2698,33.3850,19.082
2004-11-04,7.5167,41.7981,33.1500,19.230
2004-11-05,7.6179,41.9739,33.0950,20.130
2004-11-08,7.4615,42.1497,32.9150,16.535
2004-11-09,7.4339,42.0614,32.9150,16.348
2004-11-10,7.3327,42.2381,33.2300,15.378
2004-11-11,7.3419,40.7415,33.2300,19.766
2004-11-12,7.5443,41.3582,32.9700,20.284
2004-11-15,7.4983,41.7981,32.8150,17.736
2004-11-16,7.4523,42.5897,32.8100,14.822
2004-11-17,7.9124,43.7337,32.5700,17.852
2004-11-18,8.0688,44.4378,32.6350,18.514
2004-11-19,7.7652,44.4378,32.4400,13.373
2004-11-22,7.5719,42.4139,32.4600,15.899
2004-11-23,7.5259,42.5897,32.4500,14.684
2004-11-24,7.6087,43.0296,32.2100,13.911
2004-11-26,7.4983,41.5340,32.2000,16.265
2004-11-29,7.4891,41.2698,32.1700,16.756
2004-11-30,7.3327,41.6214,32.2000,13.458
2004-12-01,7.5259,40.8299,32.1800,18.631
2004-12-02,7.6363,42.2381,31.8500,15.165
2004-12-03,7.6179,43.0296,32.1800,13.943
2004-12-06,7.7007,43.0296,32.0200,14.608
2004-12-07,7.6087,43.2938,32.0800,12.759
2004-12-08,7.4523,42.9422,32.1200,11.484
2004-12-09,7.2959,42.4139,32.1600,10.642
2004-12-10,7.2407,42.4139,32.4550,10.812
2004-12-13,7.4063,41.8856,32.2750,14.139
2004-12-14,7.4615,42.3255,32.4900,14.553
2004-12-15,7.5075,43.8221,32.4100,11.049
2004-12-16,7.5443,43.9979,32.3200,10.839
2004-12-17,7.5443,43.8221,32.3500,11.387
2004-12-20,7.4615,43.9979,32.3000,9.554
2004-12-21,7.5443,43.3821,32.3400,12.481
2004-12-22,7.6179,43.8221,32.2600,12.160
2004-12-23,7.6639,43.9979,32.1800,12.108
2004-12-27,7.6363,43.9095,32.0400,11.442
2004-12-28,7.6455,43.9979,32.0350,11.335
2004-12-29,7.7744,44.4378,32.0200,12.037
2004-12-30,7.7928,44.4378,31.9400,12.022
2004-12-31,7.8112,44.4378,31.7400,11.583
2005-01-03,7.7283,44.8778,31.7100,9.215
2005-01-04,7.4339,43.6454,31.7900,8.293
2005-01-05,7.2867,42.6780,31.9200,8.999
2005-01-06,7.2223,42.2381,32.0400,9.571
2005-01-07,7.2591,42.0614,32.0000,10.454
2005-01-10,7.2775,42.6780,32.2150,9.867
2005-01-11,7.1763,42.4139,31.9800,8.219
2005-01-12,7.2315,41.3582,31.8500,11.380
2005-01-13,7.0843,41.1815,31.6900,9.031
2005-01-14,7.2775,41.3582,31.8850,12.212
2005-01-18,7.4615,43.2054,31.8800,10.113
2005-01-19,7.2775,41.9739,31.7900,10.236
2005-01-20,7.2683,42.2381,31.7900,9.408
2005-01-21,7.2039,41.7981,31.8400,9.753
2005-01-24,7.0659,41.3582,31.6500,8.146
2005-01-25,7.1855,41.8856,31.8400,9.244
2005-01-26,7.4063,43.2938,31.7000,8.459
2005-01-27,7.5167,43.4696,31.9200,10.392
2005-01-28,7.5535,43.9979,31.7300,8.948
2005-01-31,8.0504,45.7577,31.7100,11.578
2005-02-01,8.1516,46.1976,31.7900,12.187
2005-02-02,8.2804,47.0775,31.6900,11.478
2005-02-03,8.0320,47.0775,31.6550,8.014
2005-02-04,8.3080,47.0775,31.5400,11.320
2005-02-07,8.2620,47.0775,31.6050,10.932
2005-02-08,8.3356,47.0775,31.7700,12.504
2005-02-09,8.2160,47.0775,31.7900,10.960
2005-02-10,8.2712,47.0775,31.7250,11.477
2005-02-11,8.4644,47.0775,31.6400,13.775
2005-02-14,8.3908,47.9574,31.5350,10.349
2005-02-15,8.4276,48.3974,31.4450,9.512
2005-02-16,8.4092,47.9574,31.5900,10.784
2005-02-17,8.1424,47.0775,31.4700,8.859
2005-02-18,8.2528,47.5175,31.4600,9.279
2005-02-22,8.1516,47.5175,31.1150,6.755
2005-02-23,8.1884,47.0775,31.1950,8.517
2005-02-24,8.3632,46.6376,31.2150,11.951
2005-02-25,8.6760,48.3974,31.1650,11.736
2005-02-28,8.3908,48.3974,31.0600,7.699
2005-03-01,8.4736,47.7816,30.9450,9.756
2005-03-02,8.3356,47.6058,30.7400,7.649
2005-03-03,8.1884,47.0775,30.8470,7.307
2005-03-04,8.0964,46.1976,30.8100,7.992
2005-03-07,8.3632,46.4618,30.8730,11.144
2005-03-08,8.1332,47.2533,30.8650,6.249
2005-03-09,8.1424,46.6376,30.8060,7.567
2005-03-10,8.0688,45.7577,30.6500,8.094
2005-03-11,8.0412,46.1976,30.6800,6.803
2005-03-14,7.8940,45.3177,30.8210,7.375
2005-03-15,7.8204,44.9652,30.9900,7.796
2005-03-16,7.8756,45.7577,30.9800,6.642
2005-03-17,7.9032,44.7894,31.0400,9.541
2005-03-18,7.8296,44.7894,31.0100,8.416
2005-03-21,7.7744,44.5253,31.2800,9.233
2005-03-22,7.6179,44.4378,31.2900,7.280
2005-03-23,7.6271,44.2620,31.3800,8.147
2005-03-24,7.7099,44.5253,31.4200,8.813
2005-03-28,7.7744,45.3177,31.6300,8.524
2005-03-29,7.5903,44.9652,31.7300,7.123
2005-03-30,7.7007,44.5253,31.7300,9.756
2005-03-31,7.8020,45.3177,31.4600,8.324
2005-04-01,7.8756,46.2860,31.3400,6.650
2005-04-04,7.7559,45.9335,31.5400,6.512
2005-04-05,7.7744,45.9335,31.5400,6.764
2005-04-06,7.7375,45.3177,31.5300,7.669
2005-04-07,7.7928,45.2294,31.5100,8.580
2005-04-08,7.9400,46.0218,31.5700,8.933
2005-04-11,7.9124,45.6693,31.5700,9.392
2005-04-12,7.9216,46.0218,31.6200,8.853
2005-04-13,7.8388,46.1976,31.4200,6.626
2005-04-14,7.6547,45.1419,31.7000,7.508
2005-04-15,7.5351,45.1419,31.5600,5.361
2005-04-18,7.4615,44.2620,31.6200,6.608
2005-04-19,7.5259,44.0853,31.5000,7.549
2005-04-20,7.4247,44.0853,31.4600,5.968
2005-04-21,7.5811,43.6454,31.5100,9.465
2005-04-22,7.4523,43.6454,31.4900,7.537
2005-04-25,7.5075,43.8221,31.3200,7.314
2005-04-26,7.8848,45.4052,31.3400,8.846
2005-04-27,7.8756,45.9335,31.3900,7.640
2005-04-28,7.8296,46.6376,31.3200,5.161
2005-04-29,7.9216,45.6693,31.2300,8.340
2005-05-02,8.0136,45.6693,31.3300,9.949
2005-05-03,7.9584,46.0218,31.2600,8.113
2005-05-04,8.1792,46.1976,31.0000,9.769
2005-05-05,8.3540,47.4291,31.0500,9.380
2005-05-06,8.2988,48.0458,31.1500,7.609
2005-05-09,8.3264,48.1332,31.2400,8.082
2005-05-10,8.1056,48.1332,31.2000,5.081
2005-05-11,8.0504,47.1659,30.9800,5.754
2005-05-12,8.0228,47.9574,31.3000,4.723
2005-05-13,8.2988,48.2216,31.2700,7.629
2005-05-16,8.2344,48.2216,31.3700,7.136
2005-05-17,8.2252,47.7816,31.3900,8.070
2005-05-18,8.3080,48.3090,31.3400,7.794
2005-05-19,8.5380,49.6298,31.3400,7.831
2005-05-20,8.5564,49.7172,31.4700,8.320
2005-05-23,8.4368,48.5732,31.3800,9.009
2005-05-24,8.5380,49.6298,31.3000,7.693
2005-05-25,8.4092,49.1015,31.3700,7.449
2005-05-26,8.4552,49.2773,31.4100,7.789
2005-05-27,8.4736,49.9814,31.2900,6.095
2005-05-31,8.4736,50.0697,31.1300,5.366
2005-06-01,8.5564,49.1898,31.3000,8.890
2005-06-02,8.7312,50.0697,31.3000,9.162
2005-06-03,8.7680,50.7729,31.2700,8.001
2005-06-06,8.8968,51.1255,31.1500,8.414
2005-06-07,8.8140,50.5971,31.2200,8.770
2005-06-08,8.8416,51.2129,31.2700,7.972
2005-06-09,8.9704,51.0371,31.2900,9.992
2005-06-10,8.9244,51.1255,31.3300,9.379
2005-06-13,8.6944,50.3553,31.4800,8.707
2005-06-14,8.6847,50.3553,31.4300,8.414
2005-06-15,8.6558,50.8173,31.3700,6.866
2005-06-16,8.8103,51.6484,31.4000,7.126
2005-06-17,8.8683,52.4805,31.2200,5.513
2005-06-20,8.9262,52.5723,31.3700,6.526
2005-06-21,8.8973,51.5566,31.3000,8.031
2005-06-22,9.0905,52.5723,31.3600,8.452
2005-06-23,9.1098,52.8496,31.3500,8.077
2005-06-24,9.0518,52.2959,31.3100,8.388
2005-06-27,8.9359,52.2031,31.3200,7.224
2005-06-28,8.9359,52.1103,31.3300,7.450
2005-06-29,8.8200,50.7245,31.6300,9.997
2005-06-30,8.8103,50.9100,31.6400,9.510
2005-07-01,8.8683,51.4638,31.6400,9.045
2005-07-05,8.6654,50.2625,31.9500,10.166
2005-07-06,8.6654,50.4481,31.8800,9.520
2005-07-07,8.4915,50.4481,32.0100,7.760
2005-07-08,8.5978,49.7088,32.0700,10.939
2005-07-11,8.8683,52.4805,31.9300,7.912
2005-07-12,9.0808,52.7578,31.8200,9.539
2005-07-13,8.9649,52.4805,31.8800,8.917
2005-07-14,9.0615,52.6651,31.9300,9.877
2005-07-15,9.0422,52.2959,31.9500,10.486
2005-07-18,8.9069,52.2959,31.8700,8.561
2005-07-19,8.9842,51.9257,32.0000,10.733
2005-07-20,9.0615,52.1103,31.8900,10.907
2005-07-21,9.0035,52.1103,31.9400,10.371
2005-07-22,8.8973,52.5723,31.6100,6.993
2005-07-25,8.7041,51.8339,31.7200,6.530
2005-07-26,8.3949,51.3720,31.9400,4.389
2005-07-27,8.2983,49.0613,31.9100,7.946
2005-07-28,8.3756,49.8006,31.8500,7.132
2005-07-29,8.2983,49.1540,31.9200,7.776
2005-08-01,8.3273,49.2468,31.9000,7.881
2005-08-02,8.5881,50.7245,31.8200,7.748
2005-08-03,8.6268,51.6484,31.8400,6.364
2005-08-04,8.3563,50.5399,31.8500,5.322
2005-08-05,8.2693,50.5399,31.7700,3.964
2005-08-08,8.2210,49.3386,31.8100,6.007
2005-08-09,8.2887,48.9695,31.9600,8.192
2005-08-10,8.3563,48.7849,31.8800,9.213
2005-08-11,8.3466,49.5232,31.9000,7.528
2005-08-12,8.3080,49.5232,31.8800,6.963
2005-08-15,8.2307,48.9695,31.9500,7.402
2005-08-16,8.0858,48.9695,31.9800,5.610
2005-08-17,8.1727,48.6921,32.0500,7.589
2005-08-18,7.9602,48.0456,32.1900,6.665
2005-08-19,8.0858,47.6754,32.1500,9.053
2005-08-22,8.1437,48.0456,32.1000,8.819
2005-08-23,8.0858,48.0456,32.1600,8.247
2005-08-24,7.9312,47.5836,32.2300,7.442
2005-08-25,7.9505,47.8610,32.2500,7.146
2005-08-26,8.0182,48.7849,32.2000,5.846
2005-08-29,7.9602,47.3990,32.4400,8.960
2005-08-30,7.8926,47.2135,32.7200,9.395
2005-08-31,7.9505,49.8934,32.7100,4.247
2005-09-01,7.9505,49.8934,32.7100,4.247
2005-09-02,7.9795,48.5993,32.5200,6.789
2005-09-06,7.9795,48.2301,32.5400,7.673
2005-09-07,7.8153,48.0456,32.6000,6.057
2005-09-08,7.9505,47.9528,32.7400,8.565
2005-09-09,8.0761,47.6754,32.7000,10.786
2005-09-12,8.1148,48.6921,32.6800,8.925
2005-09-13,8.2017,49.4314,32.7400,8.645
2005-09-14,8.1727,49.8006,32.7700,7.557
2005-09-15,8.1824,49.8006,32.8300,7.881
2005-09-16,7.9699,48.5993,32.9300,8.005
2005-09-19,8.0278,49.1540,33.1000,8.118
2005-09-20,7.9795,49.5232,33.0400,6.473
2005-09-21,7.8636,49.5232,33.0700,5.021
2005-09-22,7.6704,48.1374,33.1400,5.613
2005-09-23,7.7090,47.4908,33.1700,7.687
2005-09-26,7.7283,47.1217,33.2700,9.131
2005-09-27,7.6124,47.5836,33.2400,6.355
2005-09-28,7.5351,47.3063,33.2400,5.892
2005-09-29,7.7767,49.8293,33.2100,3.659
2005-09-30,7.9409,50.9770,33.1800,3.371
2005-10-03,8.0085,50.4988,33.1900,5.271
2005-10-04,8.1148,51.6465,33.2900,4.611
2005-10-05,8.0471,51.8377,33.1900,3.046
2005-10-06,8.0085,51.3595,33.2100,3.569
2005-10-07,8.1341,51.5508,33.1900,4.739
2005-10-10,7.9795,51.5508,33.1900,2.749
2005-10-11,7.8539,50.5944,33.2200,3.137
2005-10-12,7.7670,49.5424,33.3300,4.506
2005-10-13,7.7670,49.1598,33.4300,5.635
2005-10-14,7.6607,48.8729,33.4100,4.739
2005-10-17,7.6704,47.9164,33.4500,7.092
2005-10-18,7.6414,48.2990,33.5400,6.128
2005-10-19,7.5545,47.3904,33.6400,7.250
2005-10-20,7.3806,48.1077,33.6800,3.342
2005-10-21,7.5351,47.0557,33.6300,7.705
2005-10-24,7.6897,48.1077,33.7700,7.958
2005-10-25,7.6028,48.5859,33.7400,5.593
2005-10-26,7.4772,48.5859,33.6600,3.603
2005-10-27,7.4772,47.4382,33.6300,6.015
2005-10-28,7.7187,48.2034,33.6000,7.606
2005-10-31,7.8056,49.7336,33.5500,5.313
2005-11-01,7.7767,49.5424,33.5800,5.421
2005-11-02,8.1148,50.4031,33.5800,8.126
2005-11-03,8.2404,51.1683,33.5800,8.157
2005-11-04,8.2790,51.8377,33.6100,7.357
2005-11-07,8.3080,52.0290,33.6800,7.560
2005-11-08,8.3370,52.1247,33.7100,7.833
2005-11-09,8.5785,52.8898,33.6400,9.125
2005-11-10,8.5688,53.4637,33.5600,7.576
2005-11-11,8.5398,54.5157,33.5600,5.143
2005-11-14,8.4915,54.5157,33.3900,4.018
2005-11-15,8.5688,54.5157,33.5100,5.342
2005-11-16,8.4819,54.3244,33.6200,4.984
2005-11-17,8.7041,53.6549,33.6300,9.111
2005-11-18,8.8103,54.6114,33.6300,8.509
2005-11-21,8.8586,55.3765,33.6100,7.532
2005-11-22,9.1388,55.4721,33.6200,10.775
2005-11-23,9.1581,57.0980,33.4800,7.399
2005-11-25,9.0711,56.5242,33.5500,7.684
2005-11-28,8.9745,56.9068,33.6000,5.979
2005-11-29,8.9842,55.2808,33.5100,8.920
2005-11-30,9.2547,56.9068,33.5100,8.994
2005-12-01,9.4479,56.7155,33.5600,11.811
2005-12-02,9.3706,57.9588,33.5300,8.421
2005-12-05,9.5155,59.2978,33.4900,7.483
2005-12-06,9.6025,59.7760,33.4600,7.501
2005-12-07,9.5638,59.7760,33.4800,7.132
2005-12-08,9.4769,59.0109,33.5000,7.599
2005-12-09,9.4576,58.1501,33.5000,8.969
2005-12-12,9.4962,58.5327,33.5500,8.862
2005-12-13,9.4962,59.2978,33.4500,7.137
2005-12-14,8.9552,58.4370,33.3180,2.117
2005-12-15,9.3899,58.2457,33.1800,6.981
2005-12-16,9.3706,59.2978,33.1200,4.677
2005-12-19,9.2644,59.7760,33.1800,2.848
2005-12-20,9.3610,59.5847,33.2500,4.474
2005-12-21,9.5542,60.2542,33.2500,5.445
2005-12-22,9.5155,57.5619,33.2100,9.799
2005-12-23,9.7474,61.1150,33.1300,5.680
2005-12-27,9.5445,61.0193,33.0900,3.517
2005-12-28,9.5445,60.7324,33.0600,3.912
2005-12-29,9.5542,60.2542,32.9000,4.335
2005-12-30,9.5735,59.7760,32.8000,5.062
2006-01-03,9.7570,60.1586,32.5900,5.715
2006-01-04,9.8343,60.6368,32.2900,4.739
2006-01-05,9.9986,61.2106,31.9600,4.411
2006-01-06,10.4333,62.6453,32.1500,7.089
2006-01-09,10.5589,65.1319,31.9000,3.429
2006-01-10,10.2497,63.7930,31.9800,2.766
2006-01-11,10.4139,62.9322,32.0700,6.138
2006-01-12,10.0855,62.6453,31.8300,2.489
2006-01-13,10.0372,61.6888,31.9400,3.937
2006-01-17,9.7667,61.7845,31.9500,1.011
2006-01-18,9.6121,58.9152,32.1200,4.809
2006-01-19,9.8633,59.2978,32.1300,6.887
2006-01-20,9.5349,59.7760,32.1000,2.405
2006-01-23,9.4865,59.1065,31.9400,2.527
2006-01-24,9.6991,59.2022,31.9400,4.654
2006-01-25,9.4865,60.7324,31.9700,-0.124
2006-02-03,9.9309,60.6368,32.0800,5.080
2006-02-06,10.1724,63.6017,32.0800,2.617
2006-02-07,10.0565,62.1670,32.2200,4.242
2006-02-08,10.0952,60.3499,32.3400,8.195
2006-02-09,10.0179,60.2542,32.4100,7.770
2006-02-10,9.9019,59.8716,32.2600,6.707
2006-02-13,9.5928,59.6804,32.3700,4.061
2006-02-14,9.7184,59.5847,32.2900,5.331
2006-02-15,9.6701,58.6283,32.3500,6.716
2006-02-16,9.8150,59.6804,32.4000,6.570
2006-02-17,9.6411,59.0109,32.3800,5.804
2006-02-21,9.7474,59.3934,32.4400,6.478
2006-02-22,9.5638,59.2022,32.6500,5.489
2006-02-23,9.5542,58.1501,32.5100,6.829
2006-02-24,9.5542,58.3414,32.4800,6.381
2006-02-27,9.6798,58.2457,32.4500,7.856
2006-03-01,9.7087,57.7675,32.2800,8.503
2006-03-02,9.6121,59.9673,32.3000,3.547
2006-03-03,9.4672,59.1065,32.3500,3.631
2006-03-06,9.3610,58.2457,32.4300,4.240
2006-03-07,9.1291,57.4806,32.5100,3.265
2006-03-08,9.0711,56.4286,32.5200,4.555
2006-03-09,9.0808,57.1937,32.4800,3.139
2006-03-10,9.3127,58.7239,32.4700,2.984
2006-03-13,9.2837,58.7239,32.5000,2.759
2006-03-14,9.4479,57.3850,32.3800,6.621
2006-03-15,9.6121,58.4370,32.3500,6.423
2006-03-16,9.2740,57.8632,32.4400,3.986
2006-03-17,9.2547,58.0545,32.3800,3.237
2006-03-20,9.1581,57.5762,32.3800,3.007
2006-03-21,9.1678,57.8632,32.4600,2.858
2006-03-22,9.1774,57.0024,32.5100,4.683
2006-03-23,9.1774,57.0024,32.5700,4.876
2006-03-24,9.3030,57.1937,32.6200,6.118
2006-03-27,9.3030,57.6719,32.5600,5.044
2006-03-28,9.2354,58.7239,32.6000,2.539
2006-03-29,9.5349,59.2022,32.5500,4.847
2006-03-30,9.7087,60.1586,32.4900,4.868
2006-03-31,9.7184,61.4019,32.4200,2.626
2006-04-03,9.9696,61.9758,32.5400,4.689
2006-04-04,10.0082,61.6888,32.4200,5.194
2006-04-06,10.1918,63.0278,32.2800,4.395
2006-04-07,10.0758,64.4624,32.2800,0.911
2006-04-10,10.1145,64.0799,32.3600,2.155
2006-04-11,9.8633,63.2191,32.4000,1.100
2006-04-12,10.0372,63.8886,32.5200,2.181
2006-04-13,10.1918,64.2712,32.4500,2.915
2006-04-17,10.3367,64.8450,32.4200,3.359
2006-04-18,10.5395,64.9407,32.4400,5.297
2006-04-19,10.4816,66.3753,32.3600,2.202
2006-04-20,10.5106,66.8535,32.3000,1.563
2006-04-21,10.4333,66.2796,32.3000,1.689
2006-04-24,10.3173,65.2276,31.9800,1.168
2006-04-25,10.1048,64.0799,31.9400,0.733
2006-04-26,10.2497,65.9927,32.0500,-0.442
2006-04-27,10.3173,64.2712,31.9100,2.449
2006-04-28,10.1241,65.1319,31.9000,-0.829
2006-05-02,10.1628,64.2712,31.7200,0.314
2006-05-03,10.3656,64.0799,31.5700,2.136
2006-05-04,10.5782,64.5581,31.6300,3.655
2006-05-05,10.8777,65.5145,31.6000,4.934
2006-05-08,10.7810,66.3753,31.3200,1.743
2006-05-09,10.3560,65.0363,31.4900,0.286
2006-05-10,10.1145,63.6017,31.2800,-0.512
2006-05-11,10.0179,63.6973,31.4500,-1.075
2006-05-12,9.8150,62.0714,31.3500,-0.856
2006-05-15,9.6991,60.4455,31.5900,1.379
2006-05-16,9.6411,59.6804,31.7500,2.582
2006-05-17,9.5445,60.9237,31.5300,-1.208
2006-05-18,9.4576,57.7465,31.8400,4.293
2006-05-19,9.5155,57.7465,31.8900,5.097
2006-05-22,9.1388,58.1501,32.1300,0.990
2006-05-23,9.1967,58.4370,31.9800,0.659
2006-05-24,9.1388,58.3414,32.0000,0.252
2006-05-25,9.1581,57.1937,32.0900,2.768
2006-05-26,9.0422,56.9068,32.0200,1.756
2006-05-30,8.9745,57.5762,32.0900,0.039
2006-06-01,9.3513,58.7239,32.0500,2.074
2006-06-02,9.4576,59.7760,32.0400,1.385
2006-06-05,8.9649,57.7675,32.0300,-0.586
2006-06-06,8.9939,58.1501,32.0200,-0.952
2006-06-07,8.8296,57.4806,32.2100,-1.044
2006-06-08,8.7041,53.4637,32.4600,5.692
2006-06-09,8.4819,55.9503,32.4000,-1.766
2006-06-12,8.3273,54.9939,32.5400,-1.454
2006-06-13,8.1824,53.7506,32.6200,-0.686
2006-06-14,8.5978,55.5678,32.5300,0.665
2006-06-15,8.8103,54.3244,32.5300,5.514
2006-06-16,8.7813,56.8111,32.4200,0.224
2006-06-19,8.7137,56.8111,32.5400,-0.180
2006-06-20,8.4279,53.8854,32.5600,1.850
2006-06-21,8.6169,54.4765,32.5900,3.100
2006-06-22,8.6269,56.8408,32.6000,-1.044
2006-06-23,8.6667,55.7571,32.7000,1.655
2006-06-26,8.6766,56.1512,32.6700,0.965
2006-06-27,8.5473,56.5452,32.6500,-1.294
2006-06-28,8.5075,55.2646,32.6200,0.431
2006-06-29,9.0050,55.8557,32.5600,4.986
2006-06-30,9.1343,57.5303,32.3300,2.663
2006-07-03,9.2139,57.6289,32.2400,3.093
2006-07-05,8.9154,56.8408,32.3200,1.387
2006-07-06,8.9353,56.2497,32.3900,2.904
2006-07-07,8.7164,56.0527,32.3400,0.580
2006-07-10,8.8358,56.0527,32.3100,1.863
2006-07-11,8.9154,55.5601,32.4500,4.141
2006-07-12,8.8259,56.2497,32.4600,1.863
2006-07-13,8.5274,55.4616,32.5400,0.062
2006-07-14,8.4577,54.2795,32.6300,1.687
2006-07-17,8.1990,52.9988,32.8500,1.639
2006-07-18,8.2786,53.2944,32.8500,2.057
2006-07-19,8.5274,52.9988,32.8700,5.774
2006-07-20,8.4179,55.3631,32.7100,-0.529
2006-07-21,7.9602,54.0825,32.6900,-3.770
2006-07-24,8.3582,52.1122,32.8500,5.375
2006-07-25,8.3582,52.9988,32.7800,3.392
2006-07-26,8.4080,52.8333,32.8400,4.524
2006-07-27,8.3284,53.1269,32.7400,2.649
2006-07-28,8.6368,53.5899,32.7400,5.531
2006-07-31,8.6269,53.9839,32.7400,4.640
2006-08-01,8.5672,54.2795,32.8200,3.602
2006-08-02,8.5970,54.0825,32.8600,4.469
2006-08-03,8.6070,54.0825,32.8600,4.590
2006-08-04,8.5075,54.0825,32.8700,3.413
2006-08-07,8.3781,53.7869,32.8100,2.213
2006-08-08,8.4677,54.6735,32.8100,1.630
2006-08-09,8.4080,54.9691,32.7700,0.249
2006-08-10,8.7562,55.9542,32.5400,1.843
2006-08-11,8.6070,56.5452,32.6100,-0.726
2006-08-14,8.8259,56.7423,32.7100,1.756
2006-08-15,9.2139,56.7423,32.7000,6.198
2006-08-16,9.4229,58.1214,32.7000,6.029
2006-08-17,9.5423,58.8110,32.5900,5.757
2006-08-18,9.4328,58.7125,32.6200,4.816
2006-08-21,9.2338,57.0378,32.6500,5.714
2006-08-22,9.3134,57.9244,32.7200,5.218
2006-08-23,9.0448,57.2348,32.7400,3.478
2006-08-24,8.9652,56.0527,32.8100,4.954
2006-08-25,8.8955,56.1512,32.8500,4.083
2006-08-28,8.9453,55.3631,32.9100,6.348
2006-08-29,8.9652,55.6586,32.8200,5.729
2006-08-30,9.1741,56.4467,32.8700,6.845
2006-08-31,9.2637,57.2348,32.8600,6.370
2006-09-01,9.2935,57.9244,32.8500,5.411
2006-09-05,9.3333,57.7274,32.7100,5.771
2006-09-06,9.0348,56.9393,32.8000,4.091
2006-09-07,9.0050,56.2497,32.7900,4.987
2006-09-08,8.9154,55.5779,32.8900,5.520
2006-09-11,8.9652,55.4616,32.9200,6.428
2006-09-12,9.2637,55.8557,32.9100,9.163
2006-09-13,9.4328,57.5303,32.8800,7.822
2006-09-14,9.4527,57.5303,32.9100,8.148
2006-09-15,9.4627,57.8328,32.9300,7.761
2006-09-18,9.8706,59.0080,32.9100,10.101
2006-09-19,9.6219,59.5991,32.8900,6.198
2006-09-20,9.8109,59.0080,32.9000,9.402
2006-09-21,9.5920,59.5991,32.9200,5.965
2006-09-22,9.4527,58.8110,32.9300,5.857
2006-09-25,9.7413,58.8110,32.9400,9.122
2006-09-26,9.6716,59.5991,32.9400,6.909
2006-09-27,9.5224,59.9931,32.9600,4.631
2006-09-28,9.6119,59.9931,32.9900,5.711
2006-09-29,9.5522,58.8110,33.1000,7.524
2006-10-02,9.6219,59.3035,33.1300,7.506
2006-10-03,9.4129,59.1065,33.0500,5.267
2006-10-04,9.5224,57.6289,33.1200,9.453
2006-10-05,9.8010,59.7961,33.0900,8.474
2006-10-09,9.6716,59.7961,33.0900,7.042
2006-10-11,9.7612,59.6976,33.2900,8.865
2006-10-12,10.0398,60.0916,33.2300,11.038
2006-10-13,10.2488,62.2589,33.1200,9.041
2006-10-16,10.2786,64.0321,33.2300,6.683
2006-10-17,9.9701,61.9633,33.1500,6.679
2006-10-18,9.7313,61.0767,33.1800,5.731
2006-10-19,9.6617,60.0916,33.1900,6.728
2006-10-20,9.6915,60.8797,33.2000,5.703
2006-10-23,9.8408,60.2886,33.2700,8.612
2006-10-24,9.8706,62.0618,33.3100,5.956
2006-10-25,9.9204,61.3723,33.3100,7.687
2006-10-26,9.9303,60.2827,33.2600,9.578
2006-10-27,9.6517,61.5693,33.2800,4.341
2006-10-30,9.6219,59.7961,33.2200,6.910
2006-10-31,9.6517,60.0916,33.2600,6.842
2006-11-01,9.4129,59.3035,33.1600,5.266
2006-11-02,9.4527,59.8946,33.0200,4.226
2006-11-03,9.5025,60.1901,32.9100,3.913
2006-11-06,9.5025,59.5991,32.9500,5.071
2006-11-07,9.5622,59.6976,32.7800,5.012
2006-11-08,9.5821,59.5006,32.8500,5.805
2006-11-09,9.4328,59.5991,32.8900,4.111
2006-11-10,9.4328,59.8946,32.7700,3.219
2006-11-13,9.5323,59.1065,32.7700,5.699
2006-11-14,9.8109,59.8946,32.7700,7.357
2006-11-15,9.8507,60.8797,32.8100,6.178
2006-11-16,9.9602,61.2738,32.8200,6.699
2006-11-17,9.9303,61.4708,32.9200,6.362
2006-11-20,9.9602,61.2738,32.9200,7.025
2006-11-21,10.0299,62.0618,32.8400,6.146
2006-11-22,10.2587,62.0618,32.8100,8.469
2006-11-24,10.4279,62.4559,32.7700,9.428
2006-11-27,10.2189,63.6380,32.7000,5.018
2006-11-28,10.2189,63.0469,32.6700,5.906
2006-11-29,10.4179,63.5395,32.4900,6.541
2006-11-30,10.6965,64.5246,32.3500,7.256
2006-12-01,10.5672,65.5097,32.3400,4.333
2006-12-04,11.0249,65.3127,32.3900,9.350
2006-12-05,11.1244,65.9038,32.2900,9.009
2006-12-06,10.9751,66.8889,32.2900,5.963
2006-12-07,10.9453,66.0023,32.2700,7.028
2006-12-08,10.8657,65.1157,32.3900,8.097
2006-12-11,10.8159,65.5097,32.4900,7.285
2006-12-12,10.6368,63.2440,32.4800,9.254
2006-12-13,10.5174,63.9335,32.5600,7.126
2006-12-14,10.6567,63.1455,32.5300,9.798
2006-12-15,10.6866,63.9335,32.5800,8.916
2006-12-18,10.7761,65.6082,32.6000,7.091
2006-12-19,10.5672,64.1306,32.7400,7.895
2006-12-20,10.5274,63.8350,32.6100,7.558
2006-12-21,10.7065,63.9335,32.5500,9.018
2006-12-22,10.6965,64.6231,32.5500,7.755
2006-12-26,10.8657,65.0172,32.6500,9.129
2006-12-27,10.9552,65.4112,32.6800,9.466
2006-12-28,10.9353,65.1157,32.6500,9.663
2006-12-29,10.8756,66.4948,32.5900,6.606
2007-01-03,10.9154,66.9874,32.4000,5.590
2007-01-04,10.9154,66.6918,32.5300,6.483
2007-01-05,10.6368,65.9038,32.6100,5.265
2007-01-08,10.6965,64.8201,32.6700,7.823
2007-01-09,10.5672,65.0172,32.6900,6.261
2007-01-10,10.6269,63.2440,32.7500,10.059
2007-01-11,10.8557,64.8201,32.8300,9.964
2007-01-12,11.1940,68.0710,32.7400,7.679
2007-01-16,11.2537,69.2531,32.7700,6.503
2007-01-17,11.4328,69.8442,32.7800,7.316
2007-01-18,11.1940,69.7910,32.7900,5.186
2007-01-19,11.2338,68.7606,32.8100,7.207
2007-01-22,11.0050,67.9725,32.9500,6.694
2007-01-23,11.1940,67.7755,32.9500,8.843
2007-01-24,11.4229,69.4502,32.8200,7.962
2007-01-25,10.7065,69.9427,32.8500,0.570
2007-01-26,10.8756,66.9874,32.9300,6.926
2007-01-29,10.7164,67.5784,32.9900,4.629
2007-01-30,10.8557,66.6544,32.9700,7.394
2007-01-31,10.8557,66.3963,32.9500,7.746
2007-02-01,10.9552,66.0023,32.8600,9.084
2007-02-02,10.8856,66.7904,32.9100,7.274
2007-02-05,10.7960,66.7904,32.9200,6.424
2007-02-06,10.9154,67.8740,32.9200,5.883
2007-02-07,11.1045,67.7755,33.0100,8.169
2007-02-08,11.0647,67.3814,33.0300,8.477
2007-02-09,10.8955,66.9874,32.9600,7.219
2007-02-12,10.6269,66.0023,33.0200,6.329
2007-02-13,10.6766,64.8201,33.0800,8.973
2007-02-14,11.0945,66.2978,32.9800,10.380
2007-02-26,11.3333,67.8740,32.9600,10.071
2007-02-27,10.8856,68.2680,32.9200,4.984
2007-03-01,10.8756,65.7067,32.8800,8.844
2007-03-02,10.5871,65.4782,32.8400,6.197
2007-03-05,10.0597,62.0471,32.9200,6.747
2007-03-06,10.5572,64.1306,32.9600,8.518
2007-03-07,10.4478,64.5246,32.9200,6.607
2007-03-08,10.7264,64.9187,32.9700,8.951
2007-03-09,10.6965,65.5097,32.9600,7.635
2007-03-12,11.0647,66.1993,32.9800,10.247
2007-03-13,10.9055,68.0710,32.9600,5.609
2007-03-14,11.0050,66.8889,33.0300,8.686
2007-03-15,11.0945,67.9725,33.0400,7.856
2007-03-16,10.9652,67.9725,33.1000,6.792
2007-03-19,10.9851,67.9725,33.1100,7.019
2007-03-20,11.2537,68.1695,33.1300,9.385
2007-03-21,11.4925,68.6621,33.1100,10.838
2007-03-22,11.2836,69.1546,32.9900,7.656
2007-03-23,11.3134,68.9576,33.0400,8.413
2007-03-26,11.3731,68.9576,33.0600,9.051
2007-03-27,11.0647,68.1695,33.0600,7.320
2007-03-28,10.7662,67.2829,33.0600,5.801
2007-03-29,10.7463,67.6770,33.0800,5.054
2007-03-30,10.6965,66.8889,33.0100,5.576
2007-04-02,10.7264,67.1844,33.0600,5.564
2007-04-03,10.8458,66.9874,33.1200,7.248
2007-04-04,10.7264,68.2680,33.0500,3.857
2007-04-09,10.8159,67.9725,33.0600,5.211
2007-04-10,10.7562,67.4799,33.1100,5.554
2007-04-11,10.7164,68.2680,33.1200,3.981
2007-04-12,10.7463,67.4799,33.1000,5.424
2007-04-13,10.6468,67.2829,33.1300,4.849
2007-04-16,10.7164,66.4948,33.1500,6.850
2007-04-17,10.6070,66.9874,33.1300,4.918
2007-04-18,10.6169,67.5784,33.1600,4.192
2007-04-19,10.4975,66.3963,33.1100,4.696
2007-04-20,10.4677,66.4948,33.1500,4.370
2007-04-23,10.5274,67.5784,33.1700,3.344
2007-04-24,10.7363,68.7606,33.1700,3.584
2007-04-25,10.8955,68.2680,33.1800,5.910
2007-04-26,10.9751,68.8591,33.2800,6.087
2007-04-27,10.6368,67.9725,33.2700,4.127
2007-04-30,10.4876,67.6770,33.3300,3.300
2007-05-02,10.5672,66.9874,33.3400,5.187
2007-05-03,10.6567,67.3814,33.3000,5.331
2007-05-04,10.6468,68.0710,33.2700,4.073
2007-05-07,10.6468,67.4799,33.2100,4.795
2007-05-08,10.4478,66.9874,33.2600,3.749
2007-05-09,10.4776,66.9874,33.2800,4.108
2007-05-10,10.3682,67.4799,33.3300,2.422
2007-05-11,10.3582,66.4948,33.2800,3.684
2007-05-14,10.1791,66.1993,33.3200,2.469
2007-05-15,10.2289,65.5097,33.3300,4.085
2007-05-16,10.4478,65.6082,33.3400,6.184
2007-05-17,10.6269,66.6918,33.3700,6.345
2007-05-18,10.4776,67.4799,33.3500,3.565
2007-05-21,10.4577,68.1695,33.3800,2.415
2007-05-22,10.6070,67.3814,33.3900,5.123
2007-05-23,10.4776,67.8740,33.4100,3.149
2007-05-24,10.3682,67.4799,33.2900,2.299
2007-05-25,10.4179,66.3963,33.2300,4.279
2007-05-29,10.5771,67.5784,33.0200,3.363
2007-05-30,10.6070,66.9874,32.9700,4.411
2007-05-31,10.8557,67.1844,33.0900,6.934
2007-06-01,11.0249,67.7755,33.0000,7.361
2007-06-04,10.9353,68.0710,33.0000,6.026
2007-06-05,10.7761,67.9725,32.9900,4.602
2007-06-06,10.7264,67.8740,33.0100,4.334
2007-06-07,10.6567,67.9725,33.0300,3.569
2007-06-08,10.5174,64.7482,32.9800,7.143
2007-06-11,10.4080,64.9462,33.0200,5.833
2007-06-12,10.2189,64.1541,33.0200,5.193
2007-06-13,10.3284,63.4611,33.0500,7.578
2007-06-14,10.5473,64.3521,33.1700,8.731
2007-06-15,10.7662,65.0452,33.1800,9.838
2007-06-20,10.7463,67.6193,33.0500,5.048
2007-06-21,11.1741,68.5103,32.9300,7.419
2007-06-22,10.9254,68.3123,32.7500,4.756
2007-06-25,10.9353,69.6983,32.7400,2.735
2007-06-26,10.9552,68.4113,32.7700,4.954
2007-06-27,11.0846,68.8073,32.8000,5.679
2007-06-28,11.1144,69.6983,32.8200,4.673
2007-06-29,11.0746,70.1934,32.8300,3.594
2007-07-02,11.2239,70.2924,32.7700,4.651
2007-07-03,11.3333,70.4904,32.7900,5.439
2007-07-05,11.3333,70.6884,32.7900,5.143
2007-07-06,11.4229,69.7973,32.8400,7.491
2007-07-09,11.6716,71.2824,32.7900,7.379
2007-07-10,11.3930,71.2824,32.7800,4.784
2007-07-11,11.3433,71.6784,32.7800,3.750
2007-07-12,11.6318,70.9854,32.7900,7.461
2007-07-13,11.6020,72.2724,32.8000,5.309
2007-07-16,11.6219,71.7774,32.8400,6.346
2007-07-17,11.6816,71.9754,32.8300,6.566
2007-07-18,11.3035,70.2924,32.8300,5.586
2007-07-19,11.1741,69.3023,32.8200,5.836
2007-07-20,10.8458,68.7083,32.7900,3.520
2007-07-23,10.9652,68.0153,32.7800,5.693
2007-07-24,10.8458,70.5894,32.7900,0.761
2007-07-25,10.8458,68.9063,32.8000,3.254
2007-07-26,10.1692,67.5203,32.8300,-1.110
2007-07-27,10.0498,63.3621,32.8800,4.301
2007-07-30,10.2289,64.3521,32.8000,4.272
2007-07-31,10.0995,64.3521,32.8800,3.205
2007-08-01,9.8905,60.6890,32.9000,7.235
2007-08-02,10.0498,63.1641,32.8600,4.564
2007-08-03,9.6517,63.2631,32.9100,0.418
2007-08-06,9.9701,61.9761,32.9000,5.853
2007-08-07,9.8408,60.6890,32.9100,6.728
2007-08-08,10.2189,62.1741,32.9400,8.280
2007-08-09,9.7313,63.1641,32.9200,1.436
2007-08-10,9.8507,60.8870,32.9400,6.585
2007-08-13,9.9801,61.3821,32.9500,7.147
2007-08-14,9.5522,61.2831,32.9900,2.844
2007-08-15,9.1443,60.3920,33.0100,-0.036
2007-08-16,9.0647,58.5110,33.0800,2.497
2007-08-17,9.6517,58.4120,32.8400,8.527
2007-08-20,9.6716,61.5801,32.8900,3.313
2007-08-21,9.6219,61.2831,33.0400,3.750
2007-08-22,9.8308,60.2930,32.9900,7.581
2007-08-23,9.9005,62.1741,32.9700,5.002
2007-08-24,9.9901,60.9860,32.9800,8.048
2007-08-27,9.6716,60.9860,32.9900,4.636
2007-08-28,9.3532,60.7880,33.0200,1.613
2007-08-29,9.6816,59.6000,33.0100,7.245
2007-08-30,9.4826,59.8970,33.0600,4.678
2007-08-31,9.8706,62.0751,33.0200,5.011
2007-09-04,10.0697,60.9860,33.0300,9.074
2007-09-05,9.9204,61.1840,33.0500,7.175
2007-09-06,10.0697,61.5801,33.0500,8.088
2007-09-07,9.6716,61.3821,33.0400,4.119
2007-09-10,9.6816,60.5900,33.0600,5.652
2007-09-11,9.7512,60.6890,33.0800,6.303
2007-09-12,9.8010,60.8870,33.0600,6.433
2007-09-13,9.9901,59.9960,33.0800,10.164
2007-09-14,9.9303,61.1840,33.0800,7.380
2007-09-17,9.7711,60.1940,33.0800,7.396
2007-09-18,10.1791,60.1940,33.1000,11.947
2007-09-19,10.0597,60.7880,33.0800,9.487
2007-09-20,10.0299,60.3920,33.0600,9.811
2007-09-21,10.1990,60.8870,32.9500,10.387
2007-09-26,10.0099,60.8870,32.9300,8.275
2007-09-27,10.2289,62.9661,32.9200,6.957
2007-09-28,10.0697,62.9661,32.6700,4.493
2007-10-01,10.3781,63.2631,32.5600,6.827
2007-10-02,10.4677,64.2532,32.5800,6.154
2007-10-03,10.3284,64.3521,32.5700,4.548
2007-10-04,10.3582,63.5601,32.5800,6.189
2007-10-05,10.6368,63.9561,32.6000,8.437
2007-10-08,10.5572,64.3521,32.6000,6.963
2007-10-09,10.6468,64.1541,32.5900,8.170
2007-10-11,10.1592,62.6691,32.5700,5.598
2007-10-12,9.9901,60.6890,32.5800,7.260
2007-10-15,9.9502,62.2731,32.6000,4.179
2007-10-16,9.9204,61.7781,32.6000,4.699
2007-10-17,10.1294,61.3821,32.6100,7.627
2007-10-18,10.0498,62.2731,32.6000,5.221
2007-10-19,9.6915,61.3821,32.5700,2.849
2007-10-22,9.6617,59.9960,32.5700,4.901
2007-10-23,9.9701,60.8870,32.5800,6.698
2007-10-24,9.7214,60.1940,32.5700,5.202
2007-10-25,9.7313,60.4910,32.4800,4.503
2007-10-26,9.8607,60.9860,32.4600,4.968
2007-10-29,10.4577,63.2631,32.3900,7.085
2007-10-30,10.3483,62.3721,32.4000,7.511
2007-10-31,10.5970,63.1641,32.3900,8.681
2007-11-01,10.4478,63.5601,32.3800,6.450
2007-11-02,10.3383,60.9860,32.3900,9.815
2007-11-05,10.1493,61.8771,32.4000,6.287
2007-11-06,10.3781,61.9761,32.3800,8.443
2007-11-07,10.1095,62.3721,32.3400,4.835
2007-11-08,9.8507,61.2831,32.3000,3.839
2007-11-09,9.7612,61.6791,32.2700,2.140
2007-11-12,9.5423,60.9860,32.2700,0.984
2007-11-13,9.9403,61.0850,32.2900,5.090
2007-11-14,9.7910,60.8870,32.2800,3.817
2007-11-15,9.6020,60.2930,32.2900,2.847
2007-11-16,9.7015,59.8970,32.3400,4.762
2007-11-19,9.4826,59.8970,32.3500,2.430
2007-11-20,9.6119,59.8970,32.3500,3.827
2007-11-21,9.2239,58.0159,32.3400,2.834
2007-11-23,9.4428,59.0060,32.3200,3.444
2007-11-26,9.4428,60.4910,32.3200,0.905
2007-11-27,9.3831,58.5110,32.3200,3.660
2007-11-28,9.7015,57.9169,32.3300,8.310
2007-11-29,9.7015,59.4020,32.3000,5.504
2007-11-30,9.8706,59.9960,32.2600,6.149
2007-12-03,9.7214,59.2040,32.3000,6.074
2007-12-04,9.6517,59.6990,32.3100,4.473
2007-12-05,9.9602,60.2930,32.3000,6.717
2007-12-06,10.2090,61.2831,32.3100,7.648
2007-12-07,10.2488,61.9761,32.3000,6.827
2007-12-10,10.0796,60.4910,32.3200,7.709
2007-12-11,9.8806,62.0751,32.3400,2.952
2007-12-12,9.9502,60.6890,32.3500,6.079
2007-12-13,9.8109,60.0950,32.3600,5.660
2007-12-14,9.6020,59.2040,32.3600,4.966
2007-12-17,9.3532,58.9070,32.4800,3.143
2007-12-18,9.5821,58.2139,32.5200,7.057
2007-12-19,9.6318,58.6100,32.5100,6.853
2007-12-20,9.6219,58.4120,32.5000,7.071
2007-12-21,9.7612,58.4120,32.4900,8.588
2007-12-24,9.7711,58.6100,32.4900,8.331
2007-12-26,9.8905,58.9070,32.5300,9.236
2007-12-27,9.7512,61.0850,32.5300,3.858
2007-12-28,9.8507,59.8970,32.5000,6.900
2007-12-31,9.9104,58.9070,32.4300,9.120
2008-01-02,9.5224,59.8970,32.4400,3.146
2008-01-03,9.3930,58.8080,32.4300,3.597
2008-01-04,8.8856,59.4020,32.4200,-3.010
2008-01-07,8.7065,55.2438,32.4900,2.409
2008-01-08,8.7164,55.4419,32.4600,2.065
2008-01-09,9.0149,56.4319,32.4700,3.741
2008-01-10,9.0348,55.1448,32.4900,6.462
2008-01-11,8.8458,54.4518,32.4700,5.496
2008-01-14,9.0050,54.3528,32.3300,7.126
2008-01-15,8.7264,56.9269,32.2300,-1.189
2008-01-16,8.4378,54.8478,32.2700,-0.711
2008-01-17,8.3483,54.1548,32.2800,-0.477
2008-01-18,8.5970,54.0558,32.3100,2.771
2008-01-22,7.9502,49.1056,32.4400,5.041
2008-01-23,8.5174,50.4917,32.4100,9.344
2008-01-24,8.6468,53.1648,32.3400,5.196
2008-01-25,8.6567,54.9468,32.2900,1.744
2008-01-28,8.6567,53.6598,32.3200,4.281
2008-01-29,8.8557,56.4319,32.2900,1.344
2008-01-30,8.8458,57.2239,32.2000,-0.449
2008-01-31,9.2040,59.3030,32.1500,-0.205
2008-02-01,9.7015,60.7880,32.0300,2.237
2008-02-12,9.4925,59.4020,31.8700,1.858
2008-02-13,9.6617,59.3030,31.6300,3.064
2008-02-14,9.6517,61.3821,31.6900,-0.341
2008-02-15,9.6617,60.8870,31.7300,0.700
2008-02-19,9.7612,60.8870,31.6600,1.512
2008-02-20,9.7214,60.4910,31.6300,1.664
2008-02-21,9.5522,61.2831,31.5200,-1.739
2008-02-22,9.6318,60.2930,31.3100,0.036
2008-02-25,9.8209,60.5900,31.2500,1.305
2008-02-26,10.0796,61.7781,31.1800,1.745
2008-02-27,10.1891,62.9661,30.9000,0.004
2008-02-29,9.6915,60.9860,30.9200,-1.728
2008-03-03,9.5821,60.0950,31.0900,-0.855
2008-03-04,9.9701,62.2731,30.9100,-1.024
2008-03-05,10.2488,62.6691,30.8300,0.837
2008-03-06,10.1194,64.2532,30.7000,-3.299
2008-03-07,10.0199,63.3621,30.7100,-2.872
2008-03-10,9.8905,60.5900,30.6300,-0.001
2008-03-11,10.4677,61.7781,30.5800,3.629
2008-03-12,10.2289,63.1641,30.6800,-0.633
2008-03-13,10.1393,61.3821,30.6600,1.291
2008-03-14,9.8308,60.4910,30.7400,-0.084
2008-03-17,9.6517,59.3030,30.8500,0.419
2008-03-18,10.0995,59.3030,30.7200,4.634
2008-03-19,9.7413,61.4811,30.7100,-2.684
2008-03-20,10.2687,61.9761,30.6600,1.600
2008-03-24,11.0448,66.7282,30.1900,-0.060
2008-03-25,10.8955,66.5302,30.0800,-1.477
2008-03-26,10.6766,66.3322,29.9900,-3.458
2008-03-27,10.2687,63.1641,30.1400,-2.002
2008-03-28,10.1194,61.6791,30.3800,-0.314
2008-03-31,10.2189,62.4711,30.3700,-0.643
2008-04-01,10.5473,61.1840,30.3000,4.466
2008-04-02,10.4179,63.3621,30.3700,-0.132
2008-04-03,10.6070,63.7581,30.4100,1.182
2008-04-07,10.4378,64.3521,30.4100,-1.351
2008-04-08,10.2886,63.7581,30.5200,-1.501
2008-04-09,10.1393,62.4711,30.4500,-1.157
2008-04-10,10.4577,63.8571,30.3000,-0.757
2008-04-11,10.2289,63.4611,30.2900,-2.355
2008-04-14,10.1493,62.3721,30.3100,-1.358
2008-04-15,10.3085,62.3721,30.2500,-0.009
2008-04-16,10.9055,64.5502,30.2400,2.178
2008-04-17,10.8657,66.4312,30.2900,-0.914
2008-04-18,11.0149,66.1342,30.4100,1.298
2008-04-21,11.0149,66.7282,30.2700,-0.066
2008-04-22,10.7065,66.6292,30.2600,-2.752
2008-04-23,10.6070,63.9561,30.2900,0.470
2008-04-24,10.6766,63.2631,30.3500,2.441
2008-04-25,10.6766,64.0551,30.3400,1.141
2008-04-28,10.8557,65.8372,30.4200,0.317
2008-04-29,10.7761,64.0551,30.4600,2.487
2008-04-30,11.1841,66.0352,30.4700,3.211
2008-05-02,11.2338,67.3223,30.4900,1.755
2008-05-05,11.0846,66.5302,30.4600,1.499
2008-05-06,11.4328,67.3223,30.4400,3.388
2008-05-07,11.0846,67.5203,30.6400,0.601
2008-05-08,10.9851,66.8272,30.8500,1.423
2008-05-09,10.9055,65.6392,30.7400,2.145
2008-05-12,11.1841,66.9262,30.7900,2.907
2008-05-13,11.3532,68.2133,30.8600,2.725
2008-05-14,11.2438,67.9163,30.9900,2.610
2008-05-15,11.3930,67.9163,30.9100,3.704
2008-05-16,11.5920,68.5103,30.6000,3.551
2008-05-19,11.5025,68.7083,30.4700,2.020
2008-05-20,11.2040,67.5203,30.5400,1.353
2008-05-21,11.0945,66.6292,30.4000,1.239
2008-05-22,11.1443,66.2332,30.3600,2.166
2008-05-23,10.8358,64.8472,30.4900,1.896
2008-05-27,11.2239,65.1442,30.5300,5.202
2008-05-28,11.4826,66.3322,30.4900,5.561
2008-05-29,11.4925,66.4312,30.4400,5.322
2008-05-30,11.3930,64.9462,30.3700,6.552
2008-06-02,11.3930,66.9262,30.1500,2.650
2008-06-03,11.2736,65.4412,30.3700,4.638
2008-06-04,11.5224,66.4312,30.3500,5.283
2008-06-05,11.8408,67.1242,30.3800,7.181
2008-06-06,11.5423,67.7183,30.4100,3.665
2008-06-09,11.1841,64.6492,30.3200,4.905
2008-06-10,10.8856,63.2631,30.4400,4.755
2008-06-11,10.8657,65.2432,30.3400,1.057
2008-06-12,10.9851,64.1541,30.3900,4.073
2008-06-13,11.1741,64.1541,30.4400,6.039
2008-06-16,11.2139,65.2432,30.3800,4.434
2008-06-17,11.1045,64.5502,30.3300,4.353
2008-06-18,11.0050,64.8472,30.3800,3.114
2008-06-19,11.0746,63.6591,30.3900,5.738
2008-06-20,10.7463,63.0651,30.4200,3.671
2008-06-23,10.8259,63.4611,30.4400,3.856
2008-06-24,10.8756,63.5601,30.4000,4.033
2008-06-25,11.3333,65.5402,30.3300,4.894
2008-06-26,10.7164,64.3521,30.3900,1.216
2008-06-27,10.8159,63.3621,30.3700,3.683
2008-06-30,10.8557,64.3521,30.3600,2.430
2008-07-01,10.8557,63.5601,30.3700,3.741
2008-07-02,10.5473,61.1840,30.3800,4.742
2008-07-03,10.1990,58.2139,30.4300,6.626
2008-07-07,10.1095,59.5010,30.3800,3.234
2008-07-08,10.1294,58.3130,30.3800,5.544
2008-07-09,9.8905,58.9070,30.4000,2.084
2008-07-10,10.0995,58.9070,30.4300,4.343
2008-07-11,10.2488,61.7781,30.3800,0.799
2008-07-14,10.0000,59.9960,30.4000,1.340
2008-07-15,9.7413,57.0259,30.3800,3.792
2008-07-16,9.8109,53.5323,30.3500,11.246
2008-07-17,10.3085,57.2139,30.3500,9.366
2008-07-18,10.1891,57.7114,30.3200,7.061
2008-07-21,10.3284,59.5025,30.3400,5.327
2008-07-22,9.8706,57.6119,30.3400,3.963
2008-07-23,10.0896,57.3134,30.3900,6.998
2008-07-24,9.8308,58.6070,30.4300,2.088
2008-07-25,9.9701,57.5124,30.4500,5.574
2008-07-28,9.7214,57.5124,30.4000,2.771
2008-07-29,9.7910,54.7264,30.4800,9.063
2008-07-30,9.7512,56.7164,30.6100,5.255
2008-07-31,9.4527,55.9204,30.7200,3.858
2008-08-01,9.4925,55.7214,30.7500,4.770
2008-08-04,9.3433,55.4229,30.7000,3.509
2008-08-05,9.7413,55.1244,30.7400,8.644
2008-08-06,10.1990,58.5075,30.7400,7.172
2008-08-07,10.2886,59.2040,31.0400,7.884
2008-08-08,10.4577,60.1990,31.2500,8.574
2008-08-11,10.6169,60.2985,31.1200,9.588
2008-08-12,10.5771,60.8955,31.1300,8.141
2008-08-13,10.3483,60.8955,31.2200,6.107
2008-08-14,10.4378,60.1990,31.2500,8.368
2008-08-15,10.5174,60.2985,31.3600,9.398
2008-08-18,10.2985,59.8010,31.3100,7.840
2008-08-19,10.1493,59.7015,31.4300,6.862
2008-08-20,10.1692,59.7015,31.4000,6.969
2008-08-21,10.1493,59.1045,31.2600,7.358
2008-08-22,10.1891,59.9005,31.3600,6.687
2008-08-25,10.0498,60.1990,31.4200,4.906
2008-08-26,10.0099,59.7015,31.5400,5.764
2008-08-27,10.0896,60.0995,31.5200,5.832
2008-08-28,10.0099,59.8010,31.5400,5.588
2008-08-29,9.6617,58.6070,31.5500,4.024
2008-09-02,9.3134,54.0299,31.8300,9.734
2008-09-03,9.0249,54.7264,31.7900,4.849
2008-09-04,8.6070,53.1343,31.8400,3.152
2008-09-05,8.9851,52.7363,31.8600,8.564
2008-09-08,9.3035,56.4179,31.7700,4.779
2008-09-09,8.7363,54.0299,31.8600,3.032
2008-09-10,8.9453,53.4328,31.9400,6.943
2008-09-11,8.7562,52.0398,32.1200,8.090
2008-09-12,9.0448,52.4378,31.9300,10.149
2008-09-15,8.7562,51.4428,32.0700,9.174
2008-09-16,8.9751,50.7463,32.0800,13.475
2008-09-17,8.8159,52.6368,32.0900,7.492
2008-09-18,9.3234,51.7413,32.2200,16.116
2008-09-19,9.9303,55.3234,32.1600,15.452
2008-09-22,9.5721,55.5224,32.0200,10.406
2008-09-23,9.2637,54.7264,31.9100,8.030
2008-09-24,9.3831,53.0348,31.9100,12.912
2008-09-25,9.5124,52.7363,32.0400,15.586
2008-09-26,9.2040,53.1343,32.1200,11.277
2008-09-29,8.6567,53.1343,32.0500,4.433
2008-09-30,9.3234,52.2388,32.2300,15.046
2008-10-01,9.2736,52.2388,32.1400,14.112
2008-10-02,8.7363,51.1443,32.1400,9.801
2008-10-03,8.4080,51.1443,32.1500,5.707
2008-10-06,8.3980,48.7562,32.3400,11.408
2008-10-07,7.9602,49.4527,32.3700,4.209
2008-10-08,8.1493,46.0199,32.4500,14.926
2008-10-09,7.5025,45.8706,32.4400,6.116
2008-10-13,8.6567,46.4179,32.4400,20.998
2008-10-14,8.3085,49.6517,32.4000,8.433
2008-10-15,7.5124,47.9602,32.3800,1.439
2008-10-16,7.4726,46.3184,32.5500,5.027
2008-10-17,7.7015,44.7264,32.5700,12.165
2008-10-20,7.9005,43.9801,32.5800,17.052
2008-10-21,7.3632,43.8806,32.8000,10.077
2008-10-22,6.8458,42.3881,32.9800,6.527
2008-10-23,6.9055,40.9453,33.4300,12.760
2008-10-24,6.4279,39.5522,33.4250,8.642
2008-10-27,6.3284,38.1095,33.5000,11.258
2008-10-28,7.6617,39.5025,33.4500,29.756
2008-10-29,7.3035,41.7910,33.2000,16.042
2008-10-30,7.8706,44.6766,32.7500,15.391
2008-10-31,8.2189,47.7612,32.9700,13.472
2008-11-03,8.0099,46.7662,32.8600,12.563
2008-11-04,8.3383,47.7612,32.8600,14.736
2008-11-05,7.7214,47.7612,32.8200,6.118
2008-11-06,7.3333,44.4279,32.8000,8.280
2008-11-07,7.7413,43.2836,32.8100,17.362
2008-11-10,7.6219,42.9851,32.7700,16.212
2008-11-11,7.3632,42.8856,32.7700,12.528
2008-11-12,7.0647,43.1841,32.9500,7.809
2008-11-13,7.4627,40.2985,33.1800,22.889
2008-11-14,6.9254,41.4925,33.0500,10.325
2008-11-17,6.6866,40.5970,33.1600,9.233
2008-11-18,6.4677,38.3085,33.2300,12.205
2008-11-19,6.0995,37.8109,33.2600,7.307
2008-11-20,5.8209,36.6169,33.4200,6.254
2008-11-21,6.4776,38.3085,33.4000,12.953
2008-11-24,6.6667,37.1144,33.4000,19.989
2008-11-25,6.6169,39.7015,33.3400,11.133
2008-11-26,7.1542,38.8060,33.2500,22.599
2008-11-28,7.1144,40.5970,33.2900,16.678
2008-12-01,6.5373,40.5970,33.3300,7.342
2008-12-02,6.3085,37.7612,33.4100,11.631
2008-12-03,6.5075,36.9652,33.5200,18.019
2008-12-04,6.3881,36.8657,33.5200,16.166
2008-12-05,6.6866,37.0149,33.5500,21.213
2008-12-08,6.9055,39.6020,33.4700,16.725
2008-12-09,7.0945,40.5970,33.4800,17.016
2008-12-10,7.4627,43.4328,33.4500,14.948
2008-12-11,7.2637,44.6766,33.2600,8.151
2008-12-12,7.7015,41.5920,33.2600,23.173
2008-12-15,7.6318,43.2338,33.1900,17.177
2008-12-16,8.3483,44.2786,33.0200,24.511
2008-12-17,8.1493,45.7711,33.5800,19.574
2008-12-18,7.8209,44.7761,32.4500,13.359
2008-12-19,7.7512,44.7264,32.4500,12.474
2008-12-22,7.4925,44.3781,32.9400,11.228
2008-12-23,7.4925,43.6318,33.0100,13.371
2008-12-24,7.4627,43.1841,33.0300,14.159
2008-12-26,7.5224,43.1841,32.9900,14.933
2008-12-29,7.6318,43.1343,32.9900,16.740
2008-12-30,7.9104,44.9751,32.7600,15.240
2008-12-31,7.8607,44.1791,32.7600,16.578
2009-01-02,8.1791,44.1791,32.8200,21.523
2009-01-05,8.0199,46.0199,33.0000,15.018
2009-01-06,8.3582,45.3731,33.1000,21.947
2009-01-07,7.6716,44.3284,33.0300,14.326
2009-01-08,7.5025,41.3433,33.1000,20.132
2009-01-09,7.4527,40.7960,33.1400,21.082
2009-01-12,7.3035,41.4428,33.2500,17.193
2009-01-13,7.6318,43.5821,33.2300,16.381
2009-01-14,7.3333,42.7861,33.2000,13.807
2009-01-15,7.3333,40.7960,33.3600,19.933
2009-01-16,7.4129,41.4925,33.3400,19.129
2009-01-20,6.9552,39.4030,33.6300,18.724
2009-01-21,7.1144,40.0000,33.5800,19.451
2009-02-02,7.4726,41.5920,33.7000,21.094
2009-02-03,7.7612,42.6368,33.7200,22.761
2009-02-04,7.8905,42.6866,33.6600,24.440
2009-02-05,8.0697,42.1891,33.6600,28.765
2009-02-06,8.6468,44.4776,33.6100,30.680
2009-02-09,8.4478,45.2736,33.7100,25.801
2009-02-10,8.0796,44.6269,33.9500,22.932
2009-02-11,8.2687,45.8209,33.9700,22.602
2009-02-12,8.3483,45.1244,34.0200,25.878
2009-02-13,8.2488,45.7214,34.0300,22.789
2009-02-17,7.6816,43.5821,34.5800,21.898
2009-02-18,7.9303,44.3781,34.6300,23.767
2009-02-19,7.5920,45.1741,34.5800,16.231
2009-02-20,7.4627,43.6816,34.8000,18.907
2009-02-23,7.3035,44.7761,34.6100,12.906
2009-02-24,7.6020,43.7811,34.7300,20.608
2009-02-25,7.5920,44.4776,34.7400,18.598
2009-02-26,7.6418,44.7761,34.8400,18.921
2009-02-27,7.5025,44.7264,35.0000,17.419
2009-03-02,7.4129,44.5274,35.2100,17.236
2009-03-03,7.7413,44.3781,35.0800,22.387
2009-03-04,8.0000,45.7711,35.0500,22.523
2009-03-05,8.0498,46.3682,34.9300,21.281
2009-03-06,8.2090,48.2587,34.6600,17.915
2009-03-09,7.7015,48.0099,34.8100,11.681
2009-03-10,8.3085,46.9154,34.5800,22.478
2009-03-11,8.6169,48.4577,34.4600,22.556
2009-03-12,8.8159,48.0099,34.4800,26.629
2009-03-13,8.7761,49.2537,34.4900,22.910
2009-03-16,8.6866,49.7512,34.4000,20.125
2009-03-17,8.9353,49.7512,34.2100,22.882
2009-03-18,9.0348,50.1493,34.1800,23.157
2009-03-19,8.7363,48.9552,33.9000,20.993
2009-03-20,8.4776,47.4627,33.7500,20.566
2009-03-23,9.2338,50.0498,33.7700,24.607
2009-03-24,9.0647,52.1393,33.7700,17.422
2009-03-25,8.9652,51.9403,33.8200,16.750
2009-03-26,9.2736,51.4428,33.7500,21.683
2009-03-27,9.2040,51.6418,33.7600,20.339
2009-03-30,8.8458,51.7413,33.7600,15.433
2009-03-31,8.9055,51.1443,33.8700,17.952
2009-04-02,10.1891,52.1393,33.0500,29.173
2009-04-03,10.2388,52.3383,33.1600,29.740
2009-04-06,9.7512,52.1393,33.1000,23.809
2009-04-07,9.3930,51.8408,33.6000,21.760
2009-04-08,9.5423,49.9502,33.8800,29.446
2009-04-09,9.7711,52.1393,33.7400,26.461
2009-04-13,9.9303,52.4378,33.6800,27.562
2009-04-14,9.7114,52.2388,33.6100,24.965
2009-04-15,9.5423,51.7413,33.7800,24.596
2009-04-16,9.5423,51.0448,33.8000,26.371
2009-04-17,9.5522,50.1493,32.9900,25.676
2009-04-20,9.1542,51.6418,33.8200,19.901
2009-04-21,9.1343,51.3433,33.8500,20.443
2009-04-22,9.2139,50.4478,33.8500,23.649
2009-04-23,9.1244,51.0448,33.8100,20.872
2009-04-24,9.0249,50.2488,33.6900,21.017
2009-04-27,9.0945,50.2488,33.7200,22.060
2009-04-28,9.2239,50.7463,33.7900,22.837
2009-04-29,10.0299,51.3433,33.6400,31.431
2009-04-30,10.5174,54.9254,33.0600,26.610
2009-05-04,11.7811,58.7065,32.9900,32.407
2009-05-05,11.1045,57.7114,33.0200,27.070
2009-05-06,10.9950,57.2139,33.1400,27.373
2009-05-07,10.3383,56.2189,33.1100,21.774
2009-05-08,10.3881,56.0199,33.0100,22.424
2009-05-11,10.3184,55.9204,32.9300,21.525
2009-05-12,10.0995,55.1244,32.8300,20.298
2009-05-13,9.9602,56.1194,32.9100,16.819
2009-05-14,10.2488,54.2289,32.9500,24.545
2009-05-15,9.9701,54.5274,32.9200,20.386
2009-05-18,10.4975,55.7214,32.9800,24.264
2009-05-19,10.5871,56.7164,32.8500,22.640
2009-05-20,10.4677,55.9204,32.8000,22.796
2009-05-21,10.3582,56.3184,32.7100,20.322
2009-05-22,10.4776,55.9204,32.5500,21.976
2009-05-26,10.7065,56.3184,32.6300,24.063
2009-05-27,10.8657,60.0995,32.7200,18.312
2009-06-01,11.4328,58.7065,32.3600,26.039
2009-06-02,10.8259,59.6020,32.3700,17.591
2009-06-03,10.3284,59.5025,32.4900,12.791
2009-06-04,10.2388,57.6119,32.5800,15.802
2009-06-05,10.1891,57.1144,32.6400,16.458
2009-06-08,10.1592,56.3184,32.8700,18.588
2009-06-09,10.4677,55.8209,32.7400,22.790
2009-06-10,10.3881,57.9104,32.6800,17.244
2009-06-11,10.4776,58.0099,32.7200,18.196
2009-06-12,9.9901,55.7214,32.7900,17.576
2009-06-15,9.4129,53.0348,32.9400,16.928
2009-06-16,9.0746,53.3333,32.8700,11.856
2009-06-17,9.1741,51.7413,32.9600,16.881
2009-06-18,9.2537,52.4378,32.8800,16.047
2009-06-19,9.1841,52.0398,32.8600,15.984
2009-06-22,9.0348,52.7363,32.8900,12.695
2009-06-23,9.1940,51.0448,32.8800,18.445
2009-06-24,9.4925,52.6368,32.8500,18.484
2009-06-25,9.5721,53.4328,32.9500,18.055
2009-06-26,9.5224,54.1294,32.9500,15.931
2009-06-29,9.5025,53.1343,32.9000,17.676
2009-06-30,9.3632,54.4279,32.7700,12.748
2009-07-01,9.3930,54.7264,32.6900,12.216
2009-07-02,9.3234,54.8259,32.9000,11.896
2009-07-06,9.3035,54.1294,32.9800,13.369
2009-07-07,9.1542,55.1244,32.9600,9.470
2009-07-08,9.1343,54.1294,33.0100,11.409
2009-07-09,9.4129,55.0249,32.9500,12.733
2009-07-10,9.6318,55.8209,33.0400,14.020
2009-07-13,9.6418,54.7264,33.1300,16.738
2009-07-14,9.7711,55.5224,33.0780,16.425
2009-07-15,9.7900,53.6000,32.8700,20.074
2009-07-16,9.8500,54.1000,32.8700,19.693
2009-07-17,9.9300,54.0000,32.8600,20.852
2009-07-20,10.0600,54.8000,32.7500,20.243
2009-07-21,9.8700,55.5000,32.7500,16.484
2009-07-22,10.3200,55.3000,32.8200,22.496
2009-07-23,10.3200,56.5000,32.7400,19.602
2009-07-24,10.2900,57.2000,32.8100,18.047
2009-07-27,10.2900,57.6000,32.8500,17.370
2009-07-28,10.2400,57.9000,32.7250,15.753
2009-07-29,10.1000,56.5000,32.8600,17.482
2009-07-30,10.7700,56.0000,32.8000,26.163
2009-07-31,10.4700,58.9000,32.8000,16.610
2009-08-03,10.5800,58.3000,32.8000,19.048
2009-08-04,10.4700,57.6000,32.6500,18.696
2009-08-05,10.2800,56.9000,32.7100,18.193
2009-08-06,10.1600,56.8000,32.7300,17.090
2009-08-07,10.2300,56.8000,32.7500,17.969
2009-08-10,10.2100,57.8000,32.7800,15.808
2009-08-11,10.2200,57.1000,32.9100,17.807
2009-08-12,10.4200,57.5000,32.8300,18.987
2009-08-13,10.9500,58.6000,32.8760,22.864
2009-08-14,10.5600,58.9000,32.9000,17.971
2009-08-17,10.3500,57.8000,32.9800,18.112
2009-08-18,10.4000,57.6000,32.9530,18.997
2009-08-19,10.3100,57.4000,33.0200,18.619
2009-08-20,10.4400,57.7000,32.8900,19.020
2009-08-21,10.4400,56.8000,32.8400,20.722
2009-08-24,10.7800,58.4000,32.7900,21.053
2009-08-25,10.7600,58.7000,32.9160,20.673
2009-08-26,10.5300,59.0000,32.9700,17.686
2009-08-27,10.5400,58.8000,32.9000,17.948
2009-08-28,10.7800,59.5000,32.8800,19.142
2009-08-31,10.7000,59.2000,32.9100,18.965
2009-09-01,10.5600,61.0000,32.9000,13.910
2009-09-02,10.6100,59.6000,32.8600,16.995
2009-09-03,10.7200,59.8000,32.8500,17.777
2009-09-04,10.8100,60.0000,32.8900,18.514
2009-09-08,11.0600,62.7000,32.6500,15.186
2009-09-09,11.1000,62.0000,32.6600,16.944
2009-09-10,11.1300,63.5000,32.6800,14.560
2009-09-11,10.9300,62.4000,32.5400,13.994
2009-09-14,10.7900,61.5000,32.6100,14.427
2009-09-15,10.9100,62.5000,32.5700,13.708
2009-09-16,11.0000,62.7000,32.4300,13.789
2009-09-17,10.8900,62.5000,32.4000,12.908
2009-09-18,10.8700,62.7000,32.4000,12.341
2009-09-21,10.7700,62.3000,32.3900,11.987
2009-09-22,10.8800,62.5000,32.3200,12.525
2009-09-23,10.7700,62.3000,32.3600,11.884
2009-09-24,10.4200,60.8000,32.3900,11.021
2009-09-25,10.4500,61.1000,32.4100,10.862
2009-09-28,10.7000,60.7000,32.4000,14.227
2009-09-29,10.7900,63.7000,32.4600,9.967
2009-09-30,10.9600,64.5000,32.0300,8.852
2009-10-01,10.5500,65.0000,32.1400,4.331
2009-10-02,10.3500,62.7000,32.2800,6.570
2009-10-05,10.4200,62.0000,32.1500,8.065
2009-10-06,10.3700,62.4000,32.1000,6.691
2009-10-07,10.1700,62.1000,32.0400,4.943
2009-10-08,9.9200,60.9000,32.0800,4.510
2009-10-09,10.0500,61.1000,32.2600,6.125
2009-10-12,9.9100,61.2000,32.2600,4.476
2009-10-13,10.2000,61.8000,32.2600,6.489
2009-10-14,10.3500,63.5000,32.2200,5.032
2009-10-15,10.0600,63.8000,32.2300,1.641
2009-10-16,9.8300,61.9000,32.2500,2.429
2009-10-19,9.9300,61.4000,32.3100,4.508
2009-10-20,9.9300,62.0000,32.2700,3.368
2009-10-21,10.2000,61.6000,32.3500,7.133
2009-10-22,10.1800,61.8000,32.4000,6.742
2009-10-23,10.0100,61.5000,32.3900,5.439
2009-10-26,10.0200,61.5000,32.3900,5.544
2009-10-27,9.8700,61.3000,32.4600,4.529
2009-10-28,9.6200,60.5000,32.4400,3.165
2009-10-29,9.9100,60.3000,32.4800,6.758
2009-10-30,9.5400,60.0000,32.6100,3.700
2009-11-02,9.5800,59.8000,32.5000,4.130
2009-11-03,9.5100,59.2000,32.5800,4.674
2009-11-04,9.6800,59.6000,32.5100,5.603
2009-11-05,9.7900,59.7000,32.4700,6.493
2009-11-06,9.7900,60.0000,32.5100,6.091
2009-11-09,9.9500,60.0000,32.3000,7.128
2009-11-10,10.0200,60.5000,32.3600,7.189
2009-11-11,10.4500,62.2000,32.3600,8.734
2009-11-12,10.4500,62.2000,32.3400,8.667
2009-11-13,10.5900,61.8000,32.1800,10.287
2009-11-16,10.8000,62.4000,32.1700,11.358
2009-11-17,10.6900,62.6000,32.1300,9.735
2009-11-18,10.7800,62.9000,32.1200,10.097
2009-11-19,10.4200,62.9000,32.3700,7.248
2009-11-20,10.3900,61.7000,32.3800,9.053
2009-11-23,10.5100,62.0000,32.2200,9.236
2009-11-24,10.4100,62.4000,32.2400,7.570
2009-11-25,10.4800,62.7000,32.2500,7.809
2009-11-27,10.3100,60.0000,32.2300,10.764
2009-11-30,10.3900,61.1000,32.2000,9.512
2009-12-01,10.5100,60.7000,32.1300,11.264
2009-12-02,10.8600,60.8000,32.1200,14.744
2009-12-03,10.5900,61.5000,32.1000,10.549
2009-12-04,10.8000,61.5000,32.1600,12.952
2009-12-07,10.8800,62.5000,32.3000,12.456
2009-12-08,10.8400,62.4000,32.2200,11.944
2009-12-09,10.9000,62.4000,32.2500,12.668
2009-12-10,10.9300,61.3000,32.2900,15.148
2009-12-11,10.7300,62.6000,32.1700,10.282
2009-12-14,10.8300,62.7000,32.2800,11.513
2009-12-15,10.8000,62.7000,32.3100,11.307
2009-12-16,10.8400,61.8000,32.3100,13.346
2009-12-17,10.8000,62.2000,32.3200,12.237
2009-12-18,11.1100,61.9000,32.3800,16.233
2009-12-21,11.1500,62.2000,32.3500,15.982
2009-12-22,11.2900,62.9000,32.3500,16.131
2009-12-23,11.1500,63.4000,32.3600,13.821
2009-12-24,11.2700,63.6000,32.2900,14.437
2009-12-28,11.1600,63.7000,32.2800,13.107
2009-12-29,11.2400,63.3000,32.3200,14.779
2009-12-30,11.2800,63.9000,32.1700,13.577
2009-12-31,11.4400,64.5000,31.9500,13.336
2010-01-04,11.5800,64.9000,31.6500,12.945
2010-01-05,11.5300,64.5000,31.8900,14.013
2010-01-06,11.4900,64.9000,31.8300,12.705
2010-01-07,11.1100,64.2000,31.8500,10.235
2010-01-08,11.1000,64.0000,31.8200,10.376
2010-01-11,11.0400,64.5000,31.7500,8.688
2010-01-12,10.7000,63.6000,31.8000,7.000
2010-01-13,10.9800,62.8000,31.7500,11.024
2010-01-14,10.8700,63.2000,31.7500,9.216
2010-01-15,10.6000,63.5000,31.7900,6.134
2010-01-19,10.9600,62.5000,31.8300,11.634
2010-01-20,10.8000,63.0000,31.9700,9.611
2010-01-21,10.5900,62.6000,31.9200,7.998
2010-01-22,10.0900,61.1000,31.9800,5.623
2010-01-25,10.1500,60.4000,31.9100,7.247
2010-01-26,10.0000,60.1000,32.0400,6.622
2010-01-27,9.9900,59.6000,32.0100,7.309
2010-01-28,10.0500,60.0000,31.9700,7.100
2010-01-29,10.1600,61.5000,31.9400,5.532
2010-02-01,10.0800,59.8000,32.0400,8.014
2010-02-02,9.9600,59.0000,32.0400,8.176
2010-02-03,10.0600,59.8000,31.9800,7.598
2010-02-04,9.6800,59.1000,32.0700,5.055
2010-02-05,9.5600,57.2000,32.1000,7.299
2010-02-08,9.6100,57.4000,32.1400,7.619
2010-02-09,9.6000,58.6000,32.0500,5.010
2010-02-10,9.7000,58.4000,32.0800,6.567
2010-02-22,10.0000,59.0000,32.0200,8.542
2010-02-23,9.8500,59.8000,32.0800,5.682
2010-02-24,9.8200,58.5000,32.0600,7.634
2010-02-25,9.7500,58.2000,32.0900,7.518
2010-02-26,9.7500,58.8000,32.1200,6.520
2010-03-01,9.9500,59.6000,32.0400,6.979
2010-03-02,9.9500,59.9000,32.0100,6.344
2010-03-03,9.8600,60.0000,31.9500,5.009
2010-03-04,9.8700,59.2000,31.9400,6.503
2010-03-05,10.1300,60.4000,31.9100,7.036
2010-03-08,10.2300,61.2000,31.8500,6.479
2010-03-09,10.2500,61.3000,31.8000,6.346
2010-03-10,10.3400,61.4000,31.8300,7.206
2010-03-11,10.5000,61.4000,31.7500,8.591
2010-03-12,10.3300,60.8000,31.7300,7.819
2010-03-15,10.1400,59.8000,31.8300,7.945
2010-03-16,10.2900,59.7000,31.8100,9.657
2010-03-17,10.4200,60.5000,31.7000,9.195
2010-03-18,10.3400,60.4000,31.7400,8.673
2010-03-19,10.0900,60.0000,31.7300,6.719
2010-03-22,10.1800,59.0000,31.7900,9.702
2010-03-23,10.2700,59.6000,31.8200,9.662
2010-03-24,10.3300,60.6000,31.8100,8.448
2010-03-25,10.4200,61.5000,31.8300,7.860
2010-03-26,10.3600,62.0000,31.8700,6.507
2010-03-29,10.5400,62.2000,31.8200,7.840
2010-03-30,10.5500,62.2000,31.7800,7.807
2010-03-31,10.4900,61.5000,31.7300,8.243
2010-04-01,10.6000,62.1000,31.7400,8.356
2010-04-06,10.8300,63.4000,31.6700,8.198
2010-04-07,10.8500,63.5000,31.5800,7.919
2010-04-08,10.6200,62.3000,31.6000,7.734
2010-04-09,10.6200,62.7000,31.5300,6.810
2010-04-12,10.5900,63.1000,31.5200,5.799
2010-04-13,10.6700,62.9000,31.5570,7.063
2010-04-14,11.2500,63.8000,31.3800,10.666
2010-04-15,11.1300,64.4000,31.3500,8.362
2010-04-16,10.8500,63.0000,31.3500,7.983
2010-04-19,10.8400,62.6000,31.4800,9.023
2010-04-20,10.9000,62.8000,31.3900,8.965
2010-04-21,10.8400,62.4000,31.3800,9.025
2010-04-22,10.9700,61.6000,31.4200,11.908
2010-04-23,10.9600,61.7000,31.3800,11.483
2010-04-26,10.9900,63.5000,31.3100,8.377
2010-04-27,10.6000,63.7000,31.3400,4.303
2010-04-28,10.5000,62.1000,31.4600,6.386
2010-04-29,10.5600,61.6000,31.3000,7.314
2010-04-30,10.5900,61.8000,31.3100,7.305
2010-05-03,10.6600,61.6000,31.4000,8.677
2010-05-04,10.0900,61.0000,31.4200,3.944
2010-05-05,9.9600,59.8000,31.5400,5.063
2010-05-06,9.7700,59.5000,31.6700,4.005
2010-05-07,9.8900,59.4000,31.7700,5.793
2010-05-10,10.3000,59.8000,31.5600,8.718
2010-05-11,10.1700,60.1000,31.6400,7.081
2010-05-12,10.2300,60.1000,31.6600,7.781
2010-05-13,10.2500,61.2000,31.6400,5.984
2010-05-14,9.8700,61.2000,31.7800,2.506
2010-05-17,9.9700,59.2000,31.8500,7.279
2010-05-18,9.7300,59.5000,31.8300,4.103
2010-05-19,9.8200,59.3000,32.0400,6.116
2010-05-20,9.6300,58.9000,32.1000,4.965
2010-05-21,9.7900,58.8000,32.1500,7.057
2010-05-24,9.6000,59.0000,32.1000,4.461
2010-05-25,9.5700,58.4000,32.3300,5.958
2010-05-26,9.4600,58.9000,32.1800,3.369
2010-05-27,9.8900,58.7000,32.0300,7.931
2010-05-28,9.7500,58.7000,32.0000,6.303
2010-06-01,9.8500,59.8000,32.3300,6.505
2010-06-02,10.0800,59.8000,32.1800,8.486
2010-06-03,9.9100,60.8000,32.1600,4.837
2010-06-04,9.6200,61.0000,32.2500,1.720
2010-06-07,9.4300,59.2000,32.4200,3.284
2010-06-08,9.5100,58.5000,32.4300,5.439
2010-06-09,9.5600,58.6000,32.4000,5.715
2010-06-10,9.7900,59.4000,32.3800,6.734
2010-06-11,9.8000,60.5000,32.4000,4.965
2010-06-14,9.8500,61.1000,32.2000,3.820
2010-06-15,10.2700,61.4000,32.2800,7.986
2010-06-17,10.2900,62.1000,32.2200,6.777
2010-06-18,10.2000,62.7000,32.1200,4.505
2010-06-21,10.3600,63.3000,31.7400,3.895
2010-06-22,10.0900,62.6000,32.0800,3.414
2010-06-23,10.1500,62.1000,31.9880,4.566
2010-06-24,9.9400,62.0000,32.0260,2.690
2010-06-25,10.0200,61.4000,32.0700,4.671
2010-06-28,10.0400,61.7000,32.0400,4.273
2010-06-29,9.8100,61.0000,32.1700,3.471
2010-06-30,9.7600,60.6000,32.2700,3.946
2010-07-01,9.7900,60.2000,32.1900,4.698
2010-07-02,9.8900,60.3000,32.2100,5.657
2010-07-06,9.8400,59.9000,32.1800,5.727
2010-07-07,10.0000,59.5000,32.1600,8.101
2010-07-08,10.0900,60.4000,32.1030,7.258
2010-07-09,10.1500,60.4000,32.0500,7.718
2010-07-12,10.0700,59.8000,32.0800,8.042
2010-07-13,10.1400,59.6000,32.1300,9.328
2010-07-14,10.1500,60.4000,32.1100,7.919
2010-07-15,10.1500,60.3000,32.1100,8.098
2010-07-16,9.9200,59.9000,32.0800,6.255
2010-07-19,10.1300,61.1000,32.1400,6.572
2010-07-20,10.3000,61.5000,32.1600,7.723
2010-07-21,10.1000,61.8000,32.1400,5.053
2010-07-22,10.3800,62.0000,32.1000,7.483
2010-07-23,10.4600,62.8000,32.0900,6.899
2010-07-26,10.5700,62.6000,32.0600,8.267
2010-07-27,10.4400,62.5000,31.9800,6.839
2010-07-28,10.4600,63.0000,32.0000,6.260
2010-07-29,10.1800,63.0000,31.9400,3.222
2010-07-30,10.1000,62.4000,31.9500,3.428
2010-08-02,10.2600,62.3000,31.7600,4.609
2010-08-03,10.2300,62.0000,31.7500,4.775
2010-08-04,10.2200,62.0000,31.7900,4.804
2010-08-05,10.1200,61.9000,31.7600,3.849
2010-08-06,9.9600,60.9000,31.7000,3.689
2010-08-09,9.9500,60.7000,31.6500,3.762
2010-08-10,9.9300,61.0000,31.7500,3.370
2010-08-11,9.7300,61.0000,31.8000,1.447
2010-08-12,9.7700,60.2000,31.9200,3.607
2010-08-13,9.7000,60.1000,31.9000,2.972
2010-08-16,9.7700,60.3000,31.9200,3.436
2010-08-17,9.8800,59.8000,31.8600,5.277
2010-08-18,9.7700,59.6000,31.8500,4.421
2010-08-19,9.6400,60.1000,31.8900,2.303
2010-08-20,9.6800,59.9000,31.9200,3.167
2010-08-23,9.6900,60.1000,31.9000,2.866
2010-08-24,9.5400,59.6000,31.9800,2.379
2010-08-25,9.4700,58.7000,32.0200,3.315
2010-08-26,9.4300,58.8000,32.0000,2.639
2010-08-27,9.6500,58.8000,31.9800,4.968
2010-08-30,9.4200,59.4000,32.0200,1.558
2010-08-31,9.4000,58.9000,32.0100,2.171
2010-09-01,9.5800,59.1000,31.9900,3.710
2010-09-02,9.4700,59.5000,31.9600,1.735
2010-09-03,9.7700,59.8000,31.8700,4.137
2010-09-07,9.5000,60.2000,31.9400,0.807
2010-09-08,9.5200,59.3000,31.9000,2.424
2010-09-09,9.5100,59.5000,31.8400,1.781
2010-09-10,9.4800,59.3000,31.8200,1.738
2010-09-13,9.8600,60.9000,31.6800,2.583
2010-09-14,9.9300,61.0000,31.7200,3.272
2010-09-15,9.8800,61.2000,31.7200,2.416
2010-09-16,9.9600,60.5000,31.6600,4.243
2010-09-17,9.9100,61.2000,31.6500,2.500
2010-09-20,10.0700,62.0000,31.6300,2.746
2010-09-21,9.9000,61.8000,31.5800,1.179
2010-09-23,9.6600,60.0000,31.5400,1.559
2010-09-24,9.9800,60.1000,31.3400,4.084
2010-09-27,9.8900,60.7000,31.3500,2.159
2010-09-28,10.0900,61.0000,31.4100,3.910
2010-09-29,10.2800,61.5000,31.1500,4.137
2010-09-30,10.1400,62.0000,31.1900,2.021
2010-10-01,10.2500,62.0000,31.3000,3.492
2010-10-04,10.2100,61.9000,31.2400,3.057
2010-10-05,10.4100,61.1000,31.0600,5.838
2010-10-06,10.3000,61.8000,30.8600,2.867
2010-10-07,10.2800,61.3000,30.7400,3.102
2010-10-08,10.3600,61.8000,30.8400,3.399
2010-10-11,10.3400,61.5000,30.8400,3.703
2010-10-12,10.2700,61.0000,30.9800,4.316
2010-10-13,10.4300,61.0000,30.8400,5.463
2010-10-14,10.3700,61.8000,30.6600,2.895
2010-10-15,10.3400,61.9000,30.6600,2.431
2010-10-18,10.3000,60.5000,30.7500,4.702
2010-10-19,10.2000,60.7000,30.8900,3.815
2010-10-20,10.3300,61.0000,30.8300,4.418
2010-10-21,10.4100,61.0000,30.7400,4.919
2010-10-22,10.6000,61.8000,30.8300,5.760
2010-10-25,10.6800,62.0000,30.4200,4.802
2010-10-26,10.6200,62.3000,30.6500,4.495
2010-10-27,10.6500,62.0000,30.7400,5.607
2010-10-28,10.7600,62.7000,30.6300,5.129
2010-10-29,10.9100,62.8000,30.6000,6.320
2010-11-01,10.8900,63.5000,30.5000,4.613
2010-11-02,10.8400,63.3000,30.4500,4.290
2010-11-03,10.9300,63.9000,30.4200,4.066
2010-11-04,11.2600,63.9000,30.1700,6.327
2010-11-05,11.1800,64.2000,30.1900,5.148
2010-11-08,11.0000,63.3000,30.1800,4.891
2010-11-09,11.1400,64.0000,30.1400,4.925
2010-11-10,11.2500,64.2000,30.1200,5.561
2010-11-11,11.0600,63.7000,30.1200,4.593
2010-11-12,11.0500,63.0000,30.2200,6.010
2010-11-15,11.0600,63.9000,30.1900,4.507
2010-11-16,10.8600,64.5000,30.2500,1.865
2010-11-17,10.8900,63.8000,30.4400,3.916
2010-11-18,11.0400,63.3000,30.2700,5.586
2010-11-19,11.0800,63.7000,30.2700,5.303
2010-11-22,11.1300,63.8000,30.1500,5.194
2010-11-23,10.7400,63.4000,30.5100,3.368
2010-11-24,11.0000,63.2000,30.4400,5.962
2010-11-26,11.0000,64.4000,30.4600,4.056
2010-11-29,10.8100,64.3000,30.5200,2.619
2010-11-30,10.7500,63.4000,30.4700,3.329
2010-12-01,11.1100,64.6000,30.3700,4.462
2010-12-02,11.5400,66.2000,30.3400,5.778
2010-12-03,11.9700,68.3000,30.2200,5.925
2010-12-06,11.8900,68.5000,30.1400,4.632
2010-12-07,11.8300,68.0000,30.0800,4.661
2010-12-08,11.9100,68.0000,30.1600,5.649
2010-12-09,12.0300,70.0000,30.1600,3.664
2010-12-10,12.0800,69.7000,30.1700,4.578
2010-12-13,11.9000,69.4000,30.0100,2.916
2010-12-14,11.9100,69.0000,29.8900,3.185
2010-12-15,12.1200,70.0000,29.8700,3.436
2010-12-16,12.3200,71.2000,29.8500,3.301
2010-12-17,12.6900,72.9000,29.9000,4.096
2010-12-20,12.3300,71.2000,29.9200,3.627
2010-12-21,12.3900,71.3000,29.8500,3.742
2010-12-22,12.3000,71.2000,29.8200,3.030
2010-12-23,12.2300,71.0000,29.8200,2.732
2010-12-27,12.3100,70.7000,29.4800,2.659
2010-12-28,12.2400,70.9000,29.4600,1.718
2010-12-29,12.3100,70.6000,29.2800,2.107
2010-12-30,12.4000,70.6000,29.1400,2.361
2010-12-31,12.5400,71.0000,29.1400,2.934
2011-01-03,12.5900,71.1000,29.0800,2.987
2011-01-04,12.6300,71.2000,29.1700,3.488
2011-01-05,12.3600,69.8000,29.1700,3.307
2011-01-06,12.8700,71.0000,29.2600,6.078
2011-01-07,13.0700,72.5000,29.3600,5.858
2011-01-10,13.2200,74.2000,29.2600,4.263
2011-01-11,13.4200,74.5000,29.1300,4.946
2011-01-12,13.5100,74.9000,29.1800,5.266
2011-01-13,13.3700,74.6000,28.9800,3.877
2011-01-14,13.6800,74.8000,29.0200,6.148
2011-01-18,13.5500,76.8000,29.0200,2.401
2011-01-19,13.5300,78.0000,29.0200,0.677
2011-01-20,13.2600,76.4000,29.2400,1.498
2011-01-21,13.2700,74.6000,29.0800,3.456
2011-01-24,13.4500,75.3000,29.0500,3.778
2011-01-25,13.2200,75.0000,29.0200,2.305
2011-01-26,13.2400,74.6000,29.0600,3.151
2011-01-27,13.3100,75.2000,29.0300,2.763
2011-01-28,13.1100,76.3000,29.0500,-0.172
2011-02-08,13.4200,75.5000,28.9000,2.739
2011-02-09,13.0900,73.8000,28.7800,2.095
2011-02-10,12.8400,72.0000,28.9300,3.184
2011-02-11,12.9400,71.4000,29.1700,5.731
2011-02-14,12.8900,72.5000,29.3500,4.365
2011-02-15,12.8200,72.5000,29.4300,4.081
2011-02-16,12.8900,72.1000,29.4300,5.230
2011-02-17,13.0700,72.5000,29.4200,6.074
2011-02-18,12.8100,73.0000,29.4000,3.182
2011-02-22,12.4100,72.5000,29.5300,1.094
2011-02-23,12.2800,71.0000,29.5700,2.287
2011-02-24,12.1200,70.5000,29.7600,2.324
2011-02-25,12.2900,70.5000,29.7400,3.689
2011-03-01,12.1800,71.4000,29.5400,0.784
2011-03-02,12.2100,70.4000,29.6300,2.779
2011-03-03,12.2600,70.8000,29.4700,2.063
2011-03-04,12.4100,71.8000,29.3600,1.492
2011-03-07,12.2000,70.9000,29.3500,1.007
2011-03-08,12.3500,71.5000,29.4200,1.633
2011-03-09,12.5200,71.4000,29.3500,2.931
2011-03-10,12.1100,70.5000,29.4600,1.209
2011-03-11,12.2100,70.0000,29.5600,3.122
2011-03-14,12.1600,70.3000,29.4800,1.985
2011-03-15,11.9100,68.0000,29.5400,3.477
2011-03-16,11.4300,68.5000,29.5300,-1.452
2011-03-17,11.6100,67.4000,29.5500,1.803
2011-03-18,11.7500,68.3000,29.5900,1.810
2011-03-21,11.9400,69.0000,29.5600,2.303
2011-03-22,11.8200,68.6000,29.5600,1.866
2011-03-23,12.0400,68.7000,29.5700,3.646
2011-03-24,12.2800,69.4000,29.5700,4.645
2011-03-25,12.2400,71.2000,29.4300,1.186
2011-03-28,12.1700,71.0000,29.4800,1.062
2011-03-29,12.0600,70.8000,29.4700,0.398
2011-03-30,12.1100,70.3000,29.4700,1.531
2011-03-31,12.1800,70.6000,29.4000,1.442
2011-04-01,12.2100,70.7000,29.2500,1.030
2011-04-06,12.7700,72.9000,28.9900,1.564
2011-04-07,12.7200,72.8000,28.9400,1.131
2011-04-08,12.6500,72.9000,28.9200,0.367
2011-04-11,12.5100,71.1000,28.9800,1.980
2011-04-12,12.2300,70.1000,29.0800,1.469
2011-04-13,12.2600,70.7000,29.0000,0.577
2011-04-14,12.3100,69.8000,29.0000,2.289
2011-04-15,12.2100,69.2000,29.0400,2.479
2011-04-18,11.9500,69.0000,29.0800,0.726
2011-04-19,11.9600,68.1000,29.0700,2.108
2011-04-20,12.4500,69.8000,29.0000,3.453
2011-04-21,12.5600,70.7000,28.8500,2.505
2011-04-25,12.2800,70.3000,28.8900,0.930
2011-04-26,12.5600,70.3000,28.9000,3.267
2011-04-27,13.2900,72.3000,28.8600,6.099
2011-04-28,13.4100,73.0000,28.6800,5.370
2011-04-29,13.5000,73.2000,28.6700,5.750
2011-05-03,13.4600,74.6000,28.5600,3.061
2011-05-04,13.4400,73.8000,28.5600,4.023
2011-05-05,13.5500,74.8000,28.6200,3.690
2011-05-06,13.7500,75.0000,28.6000,4.867
2011-05-09,13.6700,75.5000,28.6100,3.602
2011-05-10,13.7500,74.4000,28.5900,5.675
2011-05-11,13.5000,75.0000,28.5000,2.600
2011-05-12,13.8200,75.7000,28.5800,4.353
2011-05-13,13.5900,75.9000,28.6400,2.561
2011-05-16,13.4700,74.9000,28.8000,3.588
2011-05-17,13.3900,75.6000,28.8400,2.161
2011-05-18,13.5300,75.3000,28.8400,3.640
2011-05-19,13.4500,75.2000,28.8200,3.093
2011-05-20,13.4100,75.5000,28.8100,2.342
2011-05-23,13.1200,75.1000,28.9000,0.977
2011-05-24,13.1500,74.8000,28.9200,1.684
2011-05-25,13.1700,74.5000,28.9900,2.496
2011-05-26,13.3400,74.2000,28.8900,3.879
2011-05-27,13.2600,74.0000,28.8700,3.464
2011-05-31,13.6600,76.7000,28.6400,2.014
2011-06-01,13.6800,77.0000,28.5800,1.552
2011-06-02,13.7000,76.4000,28.7700,3.180
2011-06-03,13.6400,77.2000,28.6600,1.275
2011-06-07,13.8800,77.5000,28.7200,2.873
2011-06-08,13.7200,77.5000,28.7100,1.652
2011-06-09,13.5600,76.9000,28.7100,1.250
2011-06-10,13.0500,75.3000,28.7800,-0.245
2011-06-13,12.9900,74.7000,28.8200,0.233
2011-06-14,13.3300,76.2000,28.8400,0.902
2011-06-15,13.1200,77.0000,28.8200,-1.787
2011-06-16,13.0000,75.5000,28.9200,-0.408
2011-06-17,12.7200,74.2000,28.9900,-0.606
2011-06-20,12.9000,74.9000,28.9500,-0.279
2011-06-21,13.2700,75.9000,28.8600,0.915
2011-06-22,12.9200,75.0000,28.8400,-0.637
2011-06-23,12.8400,74.2000,28.8600,-0.118
2011-06-24,12.4000,72.9000,28.8800,-1.753
2011-06-27,12.5300,72.0000,28.9400,0.727
2011-06-28,12.8200,72.5000,28.9000,2.206
2011-06-29,12.3500,71.4000,28.9000,-0.024
2011-06-30,12.6100,72.2000,28.7900,0.566
2011-07-01,12.9100,72.8000,28.7500,1.968
2011-07-05,12.7200,73.2000,28.7700,-0.012
2011-07-06,12.5300,72.8000,28.8300,-0.758
2011-07-07,12.7600,71.6000,28.8100,2.686
2011-07-08,12.6200,72.5000,28.7500,0.090
2011-07-11,12.3700,71.3000,28.8200,0.001
2011-07-12,12.2400,70.3000,28.9100,0.671
2011-07-13,12.4400,72.2000,28.8700,-0.514
2011-07-14,12.1500,70.7000,28.8100,-0.978
2011-07-15,12.2200,69.9000,28.8700,0.942
2011-07-18,12.1400,69.7000,28.9300,0.778
2011-07-19,12.2200,68.5000,28.8800,3.040
2011-07-20,12.4700,71.6000,28.8600,0.526
2011-07-21,12.5700,71.6000,28.8800,1.403
2011-07-22,12.9800,72.0000,28.8100,3.876
2011-07-25,12.7500,72.0000,28.8500,2.177
2011-07-26,12.9000,73.7000,28.8200,0.890
2011-07-27,12.5600,73.4000,28.7700,-1.539
2011-07-28,12.3100,73.0000,28.8300,-2.768
2011-07-29,12.3600,72.0000,28.8800,-0.845
2011-08-01,12.5300,72.6000,28.8000,-0.588
2011-08-02,12.1900,71.4000,28.8600,-1.456
2011-08-03,12.1600,70.1000,28.9200,0.333
2011-08-04,11.5800,70.0000,28.9400,-4.250
2011-08-05,11.5600,66.6000,29.0100,0.707
2011-08-08,10.9400,65.2000,28.9800,-2.748
2011-08-09,11.5000,63.3000,29.0200,5.444
2011-08-10,11.0700,65.8000,28.9500,-2.591
2011-08-11,11.5200,66.4000,28.9800,0.557
2011-08-12,11.4600,65.1000,28.9700,1.996
2011-08-15,11.6700,66.8000,28.9400,1.117
2011-08-16,11.5200,66.0000,28.9200,0.957
2011-08-17,11.5100,65.8000,28.9500,1.281
2011-08-18,11.0500,64.4000,28.9700,-0.584
2011-08-19,10.9400,63.9000,29.0000,-0.701
2011-08-22,11.2400,65.0000,29.0100,0.330
2011-08-23,11.8400,66.8000,28.9600,2.661
2011-08-24,11.7400,67.5000,29.0100,0.912
2011-08-25,11.3500,67.0000,29.0000,-1.746
2011-08-26,11.8100,67.9000,29.0300,0.985
2011-08-29,12.1300,69.4000,29.0200,1.445
2011-08-30,11.9700,69.0000,29.0200,0.687
2011-08-31,11.9700,69.4000,28.9900,0.003
2011-09-01,11.8900,68.6000,28.9300,0.285
2011-09-02,11.6600,67.5000,29.0000,0.190
2011-09-06,11.5200,66.1000,29.1000,1.432
2011-09-07,12.0500,68.6000,29.1000,2.232
2011-09-08,12.0000,68.7000,29.1400,1.799
2011-09-09,11.8800,69.3000,29.2000,0.114
2011-09-13,11.9600,68.4000,29.4700,3.059
2011-09-14,11.8200,67.2000,29.5700,4.023
2011-09-15,12.1100,69.1000,29.6200,3.820
2011-09-16,12.4100,71.1000,29.5400,3.120
2011-09-19,12.2200,71.2000,29.7300,2.051
2011-09-20,12.1200,70.5000,29.8800,2.736
2011-09-21,11.9200,72.0000,29.9400,-0.865
2011-09-22,11.5200,69.0000,30.4000,1.510
2011-09-23,11.7100,67.5000,30.3800,5.407
2011-09-26,11.5600,67.2000,30.4800,4.866
2011-09-27,12.0200,69.9000,30.4600,4.758
2011-09-28,11.7700,70.3000,30.4100,1.828
2011-09-29,11.8100,70.3000,30.4500,2.309
2011-09-30,11.4300,70.0000,30.4500,-0.559
2011-10-03,11.3100,68.6000,30.6200,0.966
2011-10-04,11.7400,69.1000,30.6700,4.216
2011-10-05,11.8200,69.1000,30.6200,4.755
2011-10-06,11.8300,69.0000,30.6000,4.927
2011-10-07,11.8000,69.1000,30.4700,4.065
2011-10-11,11.8600,70.0000,30.3200,2.741
2011-10-12,12.1600,70.4000,30.3500,4.845
2011-10-13,12.1700,70.4000,30.2600,4.621
2011-10-14,12.3000,70.3000,30.2800,5.958
2011-10-17,12.0100,71.1000,30.1100,1.722
2011-10-18,12.2100,70.7000,30.1600,4.174
2011-10-19,12.1100,71.1000,30.1200,2.603
2011-10-20,11.8100,69.7000,30.2500,2.511
2011-10-21,12.1800,70.3000,30.2700,4.890
2011-10-24,12.4800,71.7000,30.0600,4.644
2011-10-25,12.1900,71.5000,30.1100,2.669
2011-10-26,12.2500,71.9000,30.1000,2.566
2011-10-27,12.9500,71.9000,30.0400,8.211
2011-10-28,12.7400,73.1000,29.8600,4.081
2011-10-31,12.6200,73.6000,29.9100,2.572
2011-11-01,12.4500,73.8000,30.0700,1.456
2011-11-02,12.7200,73.9000,30.0800,3.550
2011-11-03,12.9000,73.5000,30.2000,6.008
2011-11-04,12.9800,74.6000,30.0200,4.466
2011-11-07,13.0000,75.0000,30.1200,4.416
2011-11-08,12.9300,74.5000,30.1000,4.481
2011-11-09,12.4800,74.1000,30.0500,1.221
2011-11-10,12.6700,72.6000,30.2300,5.514
2011-11-11,12.9500,73.4000,30.2300,6.670
2011-11-14,12.9800,75.9000,30.1700,3.190
2011-11-15,13.0800,76.0000,30.2400,4.089
2011-11-16,12.7400,75.4000,30.2100,2.089
2011-11-17,12.7100,75.7000,30.1900,1.378
2011-11-18,12.6600,74.2000,30.2400,3.191
2011-11-21,12.5600,73.3000,30.3300,3.941
2011-11-22,12.5600,74.0000,30.3000,2.856
2011-11-23,12.2000,73.4000,30.3900,1.024
2011-11-25,12.0700,71.6000,30.4300,2.595
2011-11-28,12.5500,73.6000,30.3700,3.572
2011-11-29,12.4000,73.6000,30.3800,2.367
2011-11-30,12.9200,74.6000,30.3100,4.988
2011-12-01,13.2100,76.6000,30.1000,3.817
2011-12-02,13.1200,76.0000,30.1400,4.062
2011-12-05,13.2200,76.3000,30.1300,4.409
2011-12-06,12.9400,75.4000,30.2200,3.726
2011-12-07,13.2200,76.4000,30.1500,4.341
2011-12-08,12.9400,76.3000,30.1600,2.299
2011-12-09,13.0800,74.1000,30.2100,6.652
2011-12-12,12.9300,75.0000,30.2000,4.130
2011-12-13,12.7200,75.2000,30.2400,2.301
2011-12-14,12.5500,74.5000,30.3200,2.152
2011-12-15,12.5000,72.5000,30.3600,4.690
2011-12-16,12.7600,72.7000,30.3500,6.538
2011-12-19,12.3200,72.5000,30.3800,3.250
2011-12-20,12.6600,72.8000,30.3300,5.488
2011-12-21,12.7100,76.0000,30.2800,1.279
2011-12-22,12.9100,75.0000,30.2500,4.141
2011-12-23,12.9200,75.4000,30.2700,3.737
2011-12-27,13.0200,75.5000,30.3000,4.505
2011-12-28,12.9200,75.7000,30.3500,3.599
2011-12-29,13.0200,75.8000,30.2500,3.920
2011-12-30,12.9100,75.8000,30.2700,3.110
2012-01-03,13.2600,70.5000,30.2800,13.904
2012-01-04,13.1400,70.5000,30.2700,12.836
2012-01-05,13.2600,76.0000,30.2400,5.522
2012-01-06,13.1500,75.6000,30.2300,5.165
2012-01-09,13.3800,75.6000,30.1700,6.792
2012-01-10,13.7700,76.5000,30.0300,8.108
2012-01-11,13.6600,76.5000,29.9600,6.994
2012-01-12,13.8300,77.0000,29.9600,7.623
2012-01-13,13.7500,77.5000,29.9800,6.381
2012-01-17,13.4600,75.6000,29.9500,6.647
2012-01-18,13.8300,76.7000,29.9600,8.043
2012-01-30,13.9800,78.7000,29.7800,5.800
2012-01-31,14.0800,78.5000,29.6100,6.219
2012-02-01,14.1900,77.0000,29.6490,9.278
2012-02-02,13.9100,76.8000,29.4700,6.752
2012-02-03,14.0500,76.2000,29.4700,8.675
2012-02-06,13.9900,77.4000,29.6000,7.004
2012-02-07,14.0500,77.4000,29.5300,7.208
2012-02-08,14.1900,77.5000,29.5100,8.064
2012-02-09,14.2800,78.0000,29.4600,7.869
2012-02-10,13.8400,76.9000,29.5600,6.401
2012-02-13,14.1100,76.6000,29.4700,8.570
2012-02-14,14.1800,77.3000,29.5600,8.450
2012-02-15,14.3200,78.5000,29.5100,7.665
2012-02-16,14.5300,78.5000,29.5500,9.391
2012-02-17,14.6200,80.0000,29.5600,8.042
2012-02-21,14.3800,80.0000,29.5800,6.340
2012-02-22,14.4800,79.7000,29.5900,7.519
2012-02-23,14.1400,78.1000,29.5800,7.109
2012-02-24,14.3700,79.1000,29.5300,7.294
2012-02-29,14.5200,81.1000,29.3700,5.167
2012-03-01,14.6400,80.1000,29.3700,7.360
2012-03-02,14.5900,80.0000,29.4300,7.346
2012-03-05,14.3300,78.9000,29.4800,7.085
2012-03-06,14.1600,79.5000,29.5180,5.151
2012-03-07,14.4000,79.1000,29.5200,7.481
2012-03-08,14.6100,79.7000,29.4700,8.044
2012-03-09,14.6000,80.0000,29.4100,7.347
2012-03-12,14.4000,80.0000,29.5500,6.380
2012-03-13,14.8700,81.3000,29.5100,7.949
2012-03-14,14.8100,83.2000,29.5400,5.165
2012-03-15,14.9400,83.2000,29.5300,6.052
2012-03-16,14.7900,81.1000,29.5400,7.743
2012-03-19,15.1600,83.7000,29.4900,6.826
2012-03-20,14.9400,83.2000,29.5600,6.160
2012-03-21,15.2100,84.9000,29.5500,5.879
2012-03-22,15.0300,85.2000,29.5400,4.222
2012-03-23,14.9900,85.4000,29.5600,3.772
2012-03-26,15.3800,83.6000,29.6100,8.948
2012-03-27,15.3700,85.8000,29.5500,5.870
2012-03-28,15.1800,85.5000,29.5400,4.893
2012-03-29,15.0800,84.1000,29.5800,6.080
2012-03-30,15.2800,84.9000,29.5000,6.186
2012-04-02,15.4000,85.1000,29.4900,6.732
2012-04-03,15.2200,85.0000,29.4600,5.501
2012-04-05,15.2400,83.1000,29.5000,8.202
2012-04-09,14.8600,83.0000,29.5500,5.810
2012-04-10,14.6200,82.0000,29.5400,5.335
2012-04-11,14.7900,82.4000,29.5000,5.899
2012-04-12,14.9200,82.6000,29.4500,6.391
2012-04-13,15.1000,84.9000,29.4800,4.864
2012-04-16,15.1000,84.9000,29.4900,4.900
2012-04-17,15.2100,83.8000,29.4800,7.015
2012-04-18,15.2800,85.0000,29.4900,6.025
2012-04-19,15.2500,85.8000,29.4900,4.830
2012-04-20,15.1100,84.3000,29.4500,5.573
2012-04-23,14.8900,84.3000,29.4800,4.142
2012-04-24,14.8600,84.6000,29.4500,3.458
2012-04-25,14.9100,84.2000,29.4100,4.158
2012-04-26,15.8200,84.0000,29.2300,10.100
2012-04-27,16.1500,86.0000,29.2000,9.670
2012-04-30,15.5800,86.8000,29.1500,4.644
2012-05-02,16.1000,88.4000,29.1800,6.289
2012-05-03,15.7000,88.9000,29.2300,3.242
2012-05-04,15.4400,87.6000,29.2400,3.074
2012-05-07,15.4200,85.6000,29.3500,5.742
2012-05-08,15.1600,84.4000,29.3200,5.330
2012-05-09,15.1300,84.6000,29.3500,4.980
2012-05-10,15.3900,85.3000,29.3200,5.799
2012-05-11,15.3900,85.5000,29.3600,5.696
2012-05-14,15.0800,85.4000,29.5500,4.359
2012-05-15,14.7900,85.5000,29.5500,2.233
2012-05-16,14.9200,83.4000,29.6300,6.014
2012-05-17,14.7000,85.1000,29.5600,2.123
2012-05-18,14.2800,81.8000,29.5600,3.207
2012-05-21,14.4200,82.5000,29.4700,3.020
2012-05-22,14.4000,82.2000,29.4900,3.323
2012-05-23,14.0800,79.1000,29.5900,5.342
2012-05-24,13.9600,80.6000,29.5500,2.362
2012-05-25,13.9800,80.0000,29.6000,3.452
2012-05-29,14.1500,82.3000,29.6200,1.852
2012-05-30,13.9300,81.7000,29.7700,1.517
2012-05-31,13.7300,85.1000,29.8700,-3.616
2012-06-01,13.0600,79.9000,29.9300,-2.156
2012-06-04,13.0200,76.5000,30.0200,2.186
2012-06-05,13.2100,78.2000,29.9300,1.119
2012-06-06,13.5000,77.8000,29.8600,3.627
2012-06-07,13.5400,79.8000,29.7800,1.058
2012-06-08,13.4600,77.9000,29.9400,3.464
2012-06-11,13.4100,80.4000,29.9100,-0.226
2012-06-12,13.7000,79.4000,29.9400,3.319
2012-06-13,13.5500,80.0000,29.9200,1.354
2012-06-14,13.4700,79.2000,29.9300,1.807
2012-06-15,13.6700,78.1000,29.8900,4.634
2012-06-18,13.9600,80.8000,29.9300,3.421
2012-06-19,14.1100,80.5000,29.8500,4.642
2012-06-20,14.1300,81.6000,29.8400,3.343
2012-06-21,13.5800,80.6000,29.8300,0.519
2012-06-22,13.8300,80.1000,29.9100,3.285
2012-06-25,13.3800,79.6000,29.9700,0.753
2012-06-26,13.3100,78.7000,29.9700,1.372
2012-06-27,13.5400,79.3000,29.9200,2.173
2012-06-28,13.4400,79.9000,29.9400,0.724
2012-06-29,13.9600,81.3000,29.8000,2.339
2012-07-02,14.2700,83.3000,29.9000,2.442
2012-07-03,14.4400,84.2000,29.8100,2.246
2012-07-05,13.6500,81.0000,29.8500,0.606
2012-07-06,13.5000,80.9000,29.9300,-0.110
2012-07-09,13.5000,80.0000,29.9500,1.081
2012-07-10,13.2800,79.1000,29.9300,0.498
2012-07-11,13.1500,78.1000,29.9200,0.755
2012-07-12,12.8000,75.7000,30.0400,1.588
2012-07-13,12.8900,75.8000,29.9300,1.794
2012-07-16,12.6700,75.5000,29.9600,0.554
2012-07-17,12.6900,74.8000,29.9500,1.622
2012-07-18,13.1400,74.8000,29.9800,5.331
2012-07-19,12.8600,77.5000,29.9400,-0.638
2012-07-20,12.6500,76.7000,29.9700,-1.142
2012-07-23,12.7800,74.3000,30.1100,3.582
2012-07-24,12.9100,74.8000,30.1200,3.970
2012-07-25,13.0100,74.6000,30.1300,5.092
2012-07-26,13.3600,76.3000,30.0800,5.339
2012-07-27,13.6800,79.3000,30.0200,3.575
2012-07-30,13.4900,79.0000,30.0000,2.456
2012-07-31,13.9700,81.0000,29.9100,3.171
2012-08-01,13.8800,80.0000,29.9500,3.927
2012-08-02,13.8700,80.0000,30.0300,4.129
2012-08-03,14.1800,79.8000,29.9200,6.332
2012-08-06,14.2400,80.9000,29.9000,5.260
2012-08-07,14.1700,81.4000,29.9000,4.099
2012-08-08,14.0900,80.5000,29.9700,4.914
2012-08-09,14.3300,82.3000,29.9200,4.193
2012-08-10,14.4900,82.0000,29.9300,5.777
2012-08-13,14.3100,82.7000,29.9700,3.717
2012-08-14,14.4000,83.2000,29.9500,3.673
2012-08-15,14.4200,83.0000,29.9800,4.171
2012-08-16,14.4500,82.9000,29.9700,4.479
2012-08-17,14.4000,82.0000,29.9900,5.331
2012-08-20,14.5000,82.4000,29.9800,5.512
2012-08-21,14.6500,83.6000,29.9100,4.828
2012-08-22,14.4000,82.4000,29.9400,4.645
2012-08-23,14.3300,82.7000,29.9600,3.828
2012-08-24,14.3700,82.0000,29.9400,4.936
2012-08-27,14.3800,83.0000,29.9400,3.744
2012-08-28,14.3100,82.4000,29.9100,3.886
2012-08-29,14.3500,82.7000,29.9200,3.834
2012-08-30,14.2500,82.7000,29.9300,3.145
2012-08-31,14.7000,83.3000,29.8700,5.424
2012-09-04,14.3800,84.0000,29.8200,2.098
2012-09-05,14.1800,82.0000,29.8300,3.168
2012-09-06,14.4100,81.1000,29.7600,5.756
2012-09-07,14.5100,83.8000,29.6800,2.782
2012-09-10,14.7000,83.5000,29.6300,4.326
2012-09-11,14.9200,84.4000,29.5900,4.617
2012-09-12,14.9700,84.5000,29.5800,4.808
2012-09-13,15.0300,85.0000,29.5800,4.609
2012-09-14,15.3600,86.5000,29.3100,4.093
2012-09-17,14.9900,86.5000,29.2700,1.447
2012-09-18,15.0900,85.7000,29.3500,3.359
2012-09-19,15.0400,86.0000,29.3400,2.622
2012-09-20,14.8000,85.3000,29.3200,1.743
2012-09-21,14.8000,85.7000,29.2700,1.096
2012-09-24,14.8300,86.1000,29.3400,1.071
2012-09-25,14.8000,85.9000,29.3200,1.033
2012-09-26,14.9900,86.4000,29.4100,2.050
2012-09-27,15.6000,87.6000,29.3600,4.570
2012-09-28,15.8200,89.8000,29.2900,3.200
2012-10-01,15.9000,88.9000,29.2700,4.700
2012-10-02,16.0000,89.6000,29.2700,4.536
2012-10-03,16.0500,89.8000,29.2900,4.700
2012-10-04,16.1600,90.6000,29.2800,4.451
2012-10-05,16.0700,91.0000,29.1800,3.060
2012-10-08,15.5300,89.1000,29.1800,1.721
2012-10-09,15.3600,87.1000,29.3100,3.376
2012-10-11,15.0300,85.5000,29.2300,2.767
2012-10-12,15.1200,86.3000,29.1900,2.283
2012-10-15,15.2900,86.4000,29.2100,3.384
2012-10-16,15.4500,87.5000,29.1700,3.012
2012-10-17,15.6000,87.4000,29.1500,4.059
2012-10-18,15.5500,88.1000,29.2200,3.149
2012-10-19,15.2200,86.7000,29.2600,2.731
2012-10-22,15.3300,86.0000,29.2200,4.173
2012-10-23,15.2200,85.7000,29.3100,4.107
2012-10-24,15.1500,85.4000,29.2800,3.886
2012-10-25,15.3800,84.8000,29.2200,5.991
2012-10-26,15.5000,87.3000,29.2600,3.901
2012-10-31,15.9000,88.7000,29.2000,4.685
2012-11-01,16.1100,89.2000,29.2000,5.474
2012-11-02,15.7700,89.9000,29.2300,2.549
2012-11-05,15.8800,90.3000,29.2600,2.912
2012-11-06,16.2000,90.4000,29.2400,4.798
2012-11-07,16.1700,91.0000,29.1400,3.559
2012-11-08,16.1300,90.5000,29.1000,3.731
2012-11-09,16.3600,90.8000,29.0200,4.574
2012-11-12,16.4500,91.3000,29.0200,4.574
2012-11-13,16.1800,90.3000,28.9900,3.889
2012-11-14,15.9200,90.5000,28.9600,1.888
2012-11-15,16.0500,90.2000,29.0300,3.311
2012-11-16,16.1900,90.2000,29.1600,4.679
2012-11-19,16.3400,90.0000,29.1100,5.702
2012-11-20,16.2500,90.4000,29.1000,4.618
2012-11-21,16.2600,90.5000,29.1200,4.639
2012-11-23,16.8400,95.5000,29.1200,2.698
2012-11-26,16.6200,95.3000,29.0900,1.464
2012-11-27,16.8300,96.3000,29.1200,1.784
2012-11-28,16.9000,95.9000,29.1500,2.739
2012-11-29,17.1300,96.5000,29.0800,3.242
2012-11-30,17.2700,98.7000,29.0700,1.730
2012-12-03,17.0800,97.9000,29.0700,1.433
2012-12-04,16.7500,96.6000,29.1000,0.916
2012-12-05,16.9600,96.9000,29.0700,1.760
2012-12-06,17.0500,96.6000,29.0600,2.582
2012-12-07,17.0300,98.1000,29.0500,0.861
2012-12-10,16.8800,96.5000,29.0700,1.700
2012-12-11,17.1900,98.3000,29.0400,1.566
2012-12-12,17.0600,98.4000,29.0400,0.696
2012-12-13,17.1100,99.2000,29.0600,0.245
2012-12-14,16.9500,98.4000,29.0400,0.046
2012-12-17,16.9400,97.0000,29.0300,1.396
2012-12-18,16.9800,96.7000,29.0200,1.915
2012-12-19,17.0900,97.3000,29.0000,1.873
2012-12-20,17.1000,96.0000,29.0300,3.419
2012-12-21,16.9500,94.8000,29.0500,3.881
2012-12-24,16.9300,95.2000,29.0500,3.323
2012-12-26,16.9200,96.0000,29.0000,2.225
2012-12-27,16.9800,95.6000,29.0300,3.123
2012-12-28,17.1300,97.0000,29.0300,2.533
2013-01-02,18.1000,99.6000,29.0000,5.402
2013-01-03,18.0900,101.0000,28.9900,3.847
2013-01-04,17.9600,101.5000,29.0200,2.699
2013-01-07,17.7000,100.5000,28.9900,2.114
2013-01-08,17.5400,99.7000,29.0300,2.144
2013-01-09,17.5400,100.0000,29.0000,1.732
2013-01-10,18.1800,101.0000,28.9300,4.148
2013-01-11,18.1500,101.0000,28.9300,3.976
2013-01-14,18.0100,102.0000,28.9500,2.233
2013-01-15,17.8900,100.5000,28.9500,3.068
2013-01-16,17.8000,99.2000,28.9800,4.001
2013-01-17,18.2600,99.3000,28.9600,6.507
2013-01-18,18.1400,101.5000,28.9700,3.550
2013-01-22,18.1600,101.0000,28.9800,4.213
2013-01-23,18.2700,101.0000,29.0000,4.917
2013-01-24,17.8100,99.9000,29.0700,3.651
2013-01-25,17.7500,99.0000,29.3200,5.137
2013-01-28,17.5200,99.3000,29.5100,4.132
2013-01-29,17.7600,101.0000,29.4500,3.571
2013-01-30,17.8000,101.5000,29.5300,3.573
2013-01-31,17.7400,101.5000,29.5400,3.259
2013-02-01,18.0700,101.5000,29.5900,5.358
2013-02-04,17.9000,103.0000,29.6000,2.882
2013-02-05,18.1800,103.0000,29.5200,4.208
2013-02-06,18.0400,105.0000,29.5900,1.677
2013-02-19,19.1500,107.0000,29.5200,5.665
2013-02-20,18.8900,109.0000,29.5500,2.422
2013-02-21,18.6900,107.0000,29.6600,3.616
2013-02-22,18.9000,105.5000,29.6400,6.198
2013-02-25,18.2500,105.0000,29.6500,3.069
2013-02-26,17.8100,103.5000,29.6800,2.145
2013-02-27,18.1800,104.5000,29.6600,3.200
2013-03-01,18.2500,105.0000,29.6600,3.104
2013-03-04,18.1400,102.0000,29.7000,5.639
2013-03-05,18.3300,104.0000,29.6300,4.446
2013-03-06,18.1200,104.0000,29.6400,3.284
2013-03-07,18.0500,103.0000,29.6300,3.849
2013-03-08,17.9100,103.5000,29.6800,2.719
2013-03-11,17.7200,102.0000,29.6900,3.158
2013-03-12,17.7300,102.5000,29.6700,2.644
2013-03-13,18.0000,104.5000,29.7000,2.316
2013-03-14,18.0500,104.0000,29.7200,3.163
2013-03-15,17.6400,103.0000,29.7200,1.798
2013-03-18,17.2400,100.5000,29.7500,2.068
2013-03-19,17.0800,100.0000,29.7600,1.660
2013-03-20,17.2500,98.8000,29.7700,3.954
2013-03-21,16.8900,98.7000,29.8000,1.990
2013-03-22,17.0700,98.0000,29.8700,4.057
2013-03-25,16.9500,99.5000,29.8600,1.734
2013-03-26,17.0700,99.0000,29.8300,2.868
2013-03-27,17.1700,100.5000,29.8800,2.097
2013-03-28,17.1900,100.0000,29.8700,2.693
2013-04-01,17.0800,101.0000,29.8600,0.992
2013-04-02,17.1100,100.5000,29.8700,1.707
2013-04-03,16.7400,100.5000,29.8600,-0.526
2013-04-08,16.8400,98.5000,30.0600,2.784
2013-04-09,16.9500,97.5000,30.0100,4.342
2013-04-10,17.1900,98.3000,29.9600,4.784
2013-04-11,17.3400,101.5000,29.9100,2.195
2013-04-12,17.3100,100.5000,29.9500,3.171
2013-04-15,16.8900,99.4000,29.9000,1.612
2013-04-16,17.2400,100.5000,29.8500,2.411
2013-04-17,17.0800,100.0000,29.8800,2.070
2013-04-18,17.9400,99.9000,29.8600,7.245
2013-04-19,18.8000,106.5000,29.7700,5.103
2013-04-22,18.5000,108.5000,29.8100,1.656
2013-04-23,18.2800,106.0000,29.7900,2.747
2013-04-24,18.4400,106.0000,29.7600,3.542
2013-04-25,18.6900,107.0000,29.6400,3.546
2013-04-26,18.5300,108.5000,29.5900,1.070
2013-04-29,18.8300,108.0000,29.4600,2.728
2013-04-30,19.0800,109.5000,29.5200,2.875
2013-05-02,19.5300,110.5000,29.5500,4.455
2013-05-03,19.4100,110.0000,29.5300,4.214
2013-05-06,19.5500,111.5000,29.5600,3.659
2013-05-07,19.4700,112.5000,29.5200,2.179
2013-05-08,20.2100,114.5000,29.3100,3.468
2013-05-09,20.2100,115.0000,29.4200,3.405
2013-05-10,20.1700,114.5000,29.7000,4.637
2013-05-13,19.9300,114.5000,29.8700,3.984
2013-05-14,19.8900,115.5000,29.8800,2.911
2013-05-15,19.8000,115.0000,29.9600,3.167
2013-05-16,19.4500,113.5000,29.9600,2.682
2013-05-17,19.5100,113.5000,30.0100,3.171
2013-05-20,19.3700,114.0000,29.9000,1.608
2013-05-21,19.2300,112.5000,29.8200,1.945
2013-05-22,18.8900,112.0000,29.9200,0.927
2013-05-23,18.7500,108.0000,29.9000,3.819
2013-05-24,18.8600,109.5000,29.9200,3.067
2013-05-28,19.0500,109.5000,29.9800,4.314
2013-05-29,19.2400,111.0000,29.9600,3.861
2013-05-30,18.9700,110.0000,29.9600,3.335
2013-05-31,18.6600,109.5000,29.9300,2.008
2013-06-03,18.7100,107.5000,29.9100,4.115
2013-06-04,18.9400,109.0000,29.8900,3.875
2013-06-05,18.6600,109.5000,29.8100,1.599
2013-06-06,18.6000,107.5000,29.7600,2.983
2013-06-07,18.6900,108.5000,29.7400,2.459
2013-06-10,18.8100,108.5000,29.9100,3.706
2013-06-11,18.5200,108.0000,29.8500,2.374
2013-06-13,18.2700,104.5000,29.8700,4.445
2013-06-14,17.9900,106.0000,29.8400,1.287
2013-06-17,18.1200,106.0000,29.8500,2.053
2013-06-18,18.4300,106.5000,29.8800,3.416
2013-06-19,17.9900,105.5000,29.7800,1.563
2013-06-20,17.4100,104.0000,30.1600,0.978
2013-06-21,17.1800,103.5000,30.1500,0.092
2013-06-24,16.9300,101.0000,30.2000,1.245
2013-06-25,17.5300,101.0000,30.0500,4.312
2013-06-26,17.6400,101.5000,30.0900,4.589
2013-06-27,17.9300,104.5000,30.0000,2.947
2013-06-28,18.3200,111.0000,29.9600,-1.105
2013-07-01,18.4500,108.0000,29.9600,2.363
2013-07-02,18.5000,110.0000,30.0000,0.909
2013-07-03,18.1200,107.0000,30.0600,1.811
2013-07-05,18.2100,109.0000,30.1200,0.639
2013-07-08,17.6000,105.0000,30.0800,0.840
2013-07-09,17.8400,106.0000,30.0900,1.284
2013-07-10,17.8400,106.0000,29.9600,0.846
2013-07-11,18.5400,109.5000,29.8700,1.149
2013-07-12,18.4400,110.0000,29.8700,0.146
2013-07-15,18.4000,109.5000,29.8200,0.217
2013-07-16,18.4300,108.0000,29.7600,1.570
2013-07-17,18.4500,109.0000,29.7900,0.849
2013-07-18,16.8100,105.5000,29.9300,-4.621
2013-07-19,16.4900,98.2000,29.8800,0.351
2013-07-22,16.6200,97.0000,29.8700,2.359
2013-07-23,16.7400,100.0000,29.9100,0.139
2013-07-24,17.0200,102.0000,29.9100,-0.183
2013-07-25,17.1800,102.5000,29.9400,0.365
2013-07-26,16.9000,102.5000,29.9000,-1.403
2013-07-29,16.7000,100.0000,29.9200,-0.067
2013-07-30,16.9700,102.0000,29.9500,-0.343
2013-07-31,16.9800,102.5000,30.0300,-0.505
2013-08-01,17.2500,100.5000,30.0400,3.122
2013-08-02,16.8000,100.5000,29.9700,0.198
2013-08-05,16.8200,100.5000,29.9200,0.150
2013-08-06,16.5900,98.8000,29.9100,0.447
2013-08-07,16.1700,97.0000,29.9500,-0.146
2013-08-08,16.2200,96.4000,29.8700,0.517
2013-08-09,16.2100,96.4000,29.9100,0.589
2013-08-12,16.0500,96.0000,29.9500,0.145
2013-08-13,16.2700,97.2000,29.9800,0.365
2013-08-14,16.0600,96.8000,29.9700,-0.554
2013-08-15,16.0000,96.0000,29.9800,-0.067
2013-08-16,15.9700,96.5000,29.8800,-1.102
2013-08-19,15.8100,95.5000,29.9600,-0.803
2013-08-20,15.8300,94.4000,29.9000,0.279
2013-08-22,16.0600,94.5000,29.9500,1.798
2013-08-23,16.2200,97.0000,29.8900,-0.038
2013-08-26,16.2600,96.8000,29.9500,0.617
2013-08-27,15.9800,95.6000,29.9900,0.259
2013-08-28,16.2600,96.8000,29.9400,0.584
2013-08-29,16.6700,98.7000,29.9300,1.101
2013-08-30,16.5600,100.5000,29.9300,-1.365
2013-09-03,16.9000,102.0000,29.7800,-1.317
2013-09-04,16.8600,100.5000,29.6900,-0.383
2013-09-05,17.1800,101.5000,29.8100,0.913
2013-09-06,17.0100,102.0000,29.7200,-0.875
2013-09-09,17.3000,103.0000,29.6300,-0.466
2013-09-10,17.4800,104.5000,29.6200,-0.908
2013-09-11,17.4400,104.5000,29.6400,-1.068
2013-09-12,17.2800,103.5000,29.6600,-0.961
2013-09-13,17.3300,102.5000,29.6800,0.362
2013-09-16,17.6200,105.5000,29.5800,-1.194
2013-09-17,17.6800,105.5000,29.6200,-0.724
2013-09-18,17.6100,103.0000,29.6200,1.283
2013-09-23,17.6500,105.5000,29.5500,-1.127
2013-09-24,17.5600,105.0000,29.5700,-1.095
2013-09-25,17.3200,103.0000,29.5500,-0.620
2013-09-26,17.3200,101.5000,29.5600,0.883
2013-09-27,17.0700,103.0000,29.5400,-2.088
2013-09-30,16.9600,100.5000,29.5600,-0.231
2013-10-01,17.4200,101.5000,29.4900,1.225
2013-10-02,17.4700,103.0000,29.4400,-0.133
2013-10-03,17.7000,105.0000,29.3200,-1.150
2013-10-04,17.6800,104.0000,29.3200,-0.312
2013-10-07,17.6200,103.0000,29.3400,0.383
2013-10-08,17.4600,105.0000,29.3500,-2.390
2013-10-09,17.2600,105.0000,29.3800,-3.410
2013-10-11,18.0900,106.5000,29.3300,-0.361
2013-10-14,18.0100,105.0000,29.3300,0.616
2013-10-15,18.1500,107.0000,29.3400,-0.463
2013-10-16,18.2800,106.0000,29.4000,1.402
2013-10-17,18.6500,107.0000,29.3500,2.314
2013-10-18,19.0800,110.0000,29.3600,1.853
2013-10-21,18.9800,110.0000,29.4300,1.560
2013-10-22,19.1600,111.5000,29.3300,0.801
2013-10-23,18.7200,111.0000,29.4100,-0.801
2013-10-24,18.6800,110.0000,29.3700,-0.249
2013-10-25,18.4700,107.0000,29.3800,1.430
2013-10-28,18.6100,109.5000,29.3900,-0.101
2013-10-29,18.7700,109.5000,29.3900,0.758
2013-10-30,18.5800,110.0000,29.3800,-0.749
2013-10-31,18.4100,109.5000,29.4200,-1.074
2013-11-01,18.4700,109.5000,29.4100,-0.785
2013-11-04,18.3400,109.0000,29.3700,-1.166
2013-11-05,18.0800,106.5000,29.4200,-0.110
2013-11-06,18.2700,107.0000,29.4000,0.400
2013-11-07,18.1300,107.0000,29.4500,-0.200
2013-11-08,18.0100,106.0000,29.5100,0.278
2013-11-11,17.7300,104.5000,29.5100,0.136
2013-11-12,17.8100,105.0000,29.5800,0.347
2013-11-13,17.6100,103.0000,29.6000,1.215
2013-11-14,17.5000,103.5000,29.5600,-0.039
2013-11-15,17.6600,104.0000,29.5500,0.356
2013-11-18,17.7000,104.0000,29.4700,0.311
2013-11-19,17.5700,105.0000,29.4300,-1.508
2013-11-20,17.5500,103.0000,29.5000,0.529
2013-11-21,17.0200,101.0000,29.5700,-0.340
2013-11-22,17.1300,100.0000,29.5800,1.341
2013-11-25,17.1700,101.0000,29.6000,0.640
2013-11-26,17.4600,103.5000,29.6000,-0.132
2013-11-27,17.5800,105.0000,29.6500,-0.715
2013-11-29,17.7300,105.0000,29.5900,-0.070
2013-12-02,17.4000,104.5000,29.5900,-1.461
2013-12-03,17.5300,104.0000,29.5500,-0.382
2013-12-04,17.5400,105.0000,29.5700,-1.208
2013-12-05,17.4000,104.0000,29.6100,-0.920
2013-12-06,17.6200,103.0000,29.5700,1.170
2013-12-09,17.5700,105.0000,29.5300,-1.173
2013-12-10,17.3700,104.0000,29.5400,-1.325
2013-12-11,17.4800,105.0000,29.5900,-1.479
2013-12-12,17.1200,103.0000,29.6200,-1.535
2013-12-13,17.0800,102.5000,29.6200,-1.286
2013-12-16,17.1100,102.0000,29.6300,-0.594
2013-12-17,17.0800,103.5000,29.6200,-2.240
2013-12-18,17.0000,101.0000,29.6800,-0.087
2013-12-19,17.0500,102.5000,29.9300,-0.428
2013-12-20,16.9900,102.0000,29.8800,-0.459
2013-12-23,17.1400,104.0000,29.9600,-1.247
2013-12-24,17.1900,103.0000,30.0300,0.236
2013-12-26,17.1800,104.0000,29.9900,-0.918
2013-12-27,17.2600,104.5000,29.9800,-0.966
2013-12-30,17.5800,106.0000,29.8700,-0.922
2013-12-31,17.4400,105.5000,29.8300,-1.377
2014-01-02,17.1500,104.5000,29.9000,-1.859
2014-01-03,16.9500,102.5000,29.9400,-0.979
2014-01-06,16.9000,102.5000,30.0400,-0.941
2014-01-07,16.9100,102.0000,30.1100,-0.165
2014-01-08,17.0900,104.0000,30.1000,-1.075
2014-01-09,16.7600,101.0000,30.0400,-0.303
2014-01-10,16.9000,102.0000,29.9900,-0.621
2014-01-13,16.9100,103.0000,29.9800,-1.561
2014-01-14,17.3800,103.5000,30.0300,0.854
2014-01-15,17.5600,105.0000,30.1200,0.744
2014-01-16,18.1500,107.0000,30.0700,2.013
2014-01-17,17.7700,107.5000,30.1100,-0.455
2014-01-21,17.6900,106.5000,30.2200,0.393
2014-01-22,17.9600,107.5000,30.2300,1.010
2014-01-23,17.7000,107.5000,30.2000,-0.551
2014-01-24,17.5700,108.0000,30.2300,-1.641
2014-01-27,17.1500,105.0000,30.3100,-0.987
2014-02-05,16.4600,100.5000,30.3400,-0.618
2014-02-06,16.9900,102.0000,30.2800,0.874
2014-02-07,17.1600,104.0000,30.2900,-0.043
2014-02-10,17.2600,103.0000,30.3200,1.616
2014-02-11,17.3900,104.5000,30.2900,0.812
2014-02-12,17.3800,105.0000,30.2700,0.208
2014-02-13,17.4500,105.0000,30.3200,0.778
2014-02-14,17.8900,107.5000,30.2500,0.683
2014-02-18,17.7900,108.0000,30.2800,-0.244
2014-02-19,17.7600,108.0000,30.2900,-0.380
2014-02-20,17.6900,106.5000,30.3700,0.891
2014-02-21,17.7400,107.5000,30.3500,0.169
2014-02-24,17.6900,107.0000,30.3500,0.354
2014-02-25,17.6200,108.0000,30.3300,-1.034
2014-02-26,17.8300,107.5000,30.2900,0.478
2014-02-27,18.0100,108.0000,30.2900,1.023
2014-03-03,18.0300,108.0000,30.3100,1.202
2014-03-04,18.0400,107.5000,30.2800,1.628
2014-03-05,18.3900,110.0000,30.2600,1.178
2014-03-06,18.8700,113.0000,30.2500,1.030
2014-03-07,18.7700,114.5000,30.2400,-0.855
2014-03-10,18.9600,113.0000,30.3100,1.713
2014-03-11,18.7700,114.0000,30.3100,-0.190
2014-03-12,19.4300,113.0000,30.3200,4.269
2014-03-13,19.2700,116.5000,30.3200,0.303
2014-03-14,18.9000,115.0000,30.3400,-0.274
2014-03-17,19.1100,114.0000,30.3100,1.618
2014-03-18,19.1800,114.5000,30.4400,1.981
2014-03-19,18.8800,114.5000,30.4500,0.419
2014-03-20,18.8500,112.0000,30.6500,3.170
2014-03-21,18.5300,112.5000,30.5600,0.671
2014-03-24,18.6400,112.5000,30.5700,1.302
2014-03-25,19.1200,113.5000,30.5200,2.827
2014-03-26,19.0900,115.5000,30.5200,0.888
2014-03-27,19.4200,116.0000,30.5200,2.189
2014-03-28,19.6400,117.5000,30.4600,1.827
2014-03-31,20.0200,118.5000,30.4500,2.888
2014-04-01,20.3200,119.5000,30.2800,2.977
2014-04-02,20.0400,120.0000,30.2900,1.169
2014-04-03,19.9400,118.5000,30.2800,1.904
2014-04-07,19.7400,117.5000,30.2300,1.573
2014-04-08,19.9800,119.0000,30.1100,1.109
2014-04-09,20.1500,119.0000,30.0400,1.732
2014-04-10,19.8200,119.5000,29.9900,-0.519
2014-04-11,19.8900,120.0000,30.0800,-0.285
2014-04-14,20.2600,120.5000,30.1800,1.485
2014-04-15,20.5100,122.5000,30.2000,1.127
2014-04-16,20.1500,121.0000,30.1300,0.350
2014-04-17,20.7200,120.0000,30.1400,4.083
2014-04-21,20.5600,121.5000,30.2300,2.309
2014-04-22,20.5600,121.5000,30.3000,2.546
2014-04-23,20.4100,121.0000,30.3100,2.252
2014-04-24,20.5600,121.0000,30.2800,2.902
2014-04-25,19.9100,118.5000,30.2900,1.785
2014-04-28,20.3000,119.0000,30.2200,3.104
2014-04-29,20.1000,120.5000,30.1300,0.517
2014-04-30,20.1000,118.5000,30.1600,2.315
2014-05-02,19.6200,118.0000,30.1700,0.328
2014-05-05,19.6600,117.0000,30.0900,1.123
2014-05-06,20.0000,118.0000,30.0700,1.932
2014-05-07,20.3300,118.5000,30.0900,3.246
2014-05-08,20.5100,119.5000,30.0800,3.254
2014-05-09,20.4100,120.0000,30.1200,2.458
2014-05-12,20.5900,118.5000,30.1500,4.774
2014-05-13,20.6400,120.5000,30.2000,3.457
2014-05-14,20.5800,122.0000,30.1500,1.719
2014-05-15,20.6600,122.0000,30.1700,2.182
2014-05-16,20.7700,122.0000,30.1300,2.590
2014-05-19,20.6600,121.0000,30.1400,2.924
2014-05-20,20.5100,121.0000,30.1600,2.245
2014-05-21,20.5000,120.5000,30.1700,2.653
2014-05-22,20.6400,122.0000,30.1200,1.914
2014-05-23,20.6600,122.0000,30.0900,1.911
2014-05-27,20.8900,123.5000,30.1100,1.862
2014-05-28,20.8600,124.0000,30.0900,1.238
2014-05-29,20.7000,122.0000,29.9700,1.701
2014-05-30,20.5600,119.5000,30.0100,3.265
2014-06-03,21.2400,122.5000,30.0800,4.310
2014-06-04,21.1000,123.5000,30.0500,2.681
2014-06-05,21.2000,123.0000,30.0300,3.518
2014-06-06,21.0900,122.5000,29.9900,3.264
2014-06-09,21.2100,123.0000,30.0000,3.463
2014-06-10,21.3000,124.5000,29.9900,2.616
2014-06-11,21.1300,125.0000,29.9900,1.390
2014-06-12,21.1100,123.5000,29.9700,2.456
2014-06-13,21.0900,123.0000,30.0000,2.878
2014-06-16,21.2100,124.0000,30.0100,2.663
2014-06-17,21.2600,125.0000,30.0700,2.286
2014-06-18,21.3500,125.5000,30.0000,2.072
2014-06-19,21.6900,126.0000,29.9900,3.251
2014-06-20,21.1500,124.5000,30.0100,1.962
2014-06-23,20.8500,123.0000,29.9900,1.673
2014-06-24,20.7800,123.0000,29.9400,1.163
2014-06-25,21.0300,123.5000,29.9600,2.034
2014-06-26,21.0200,124.5000,29.9100,0.997
2014-06-27,21.2800,125.5000,29.8700,1.296
2014-06-30,21.3900,126.5000,29.8700,1.015
2014-07-01,21.9700,128.0000,29.8800,2.572
2014-07-02,22.3800,132.5000,29.8700,0.904
2014-07-03,22.7100,134.5000,29.8500,0.802
2014-07-07,22.6700,136.0000,29.9100,-0.285
2014-07-08,22.5700,134.5000,29.9100,0.382
2014-07-09,22.4200,134.0000,29.8800,-0.013
2014-07-10,22.9500,134.5000,29.9300,2.140
2014-07-11,22.8100,136.5000,29.9400,0.063
2014-07-14,22.6600,132.5000,29.9400,2.406
2014-07-15,22.4700,133.0000,30.0200,1.436
2014-07-16,20.9300,130.5000,29.9900,-3.802
2014-07-17,20.2000,124.5000,30.0000,-2.651
2014-07-18,20.4800,123.5000,30.0000,-0.502
2014-07-21,20.4300,123.5000,29.9700,-0.844
2014-07-22,20.7100,124.5000,29.9800,-0.259
2014-07-23,20.6800,124.5000,29.9400,-0.537
2014-07-24,20.8900,125.0000,29.9500,0.105
2014-07-25,20.3500,123.0000,29.9600,-0.864
2014-07-28,20.3700,121.5000,29.9600,0.458
2014-07-29,20.5400,124.0000,29.9500,-0.779
2014-07-30,20.7200,124.5000,29.9900,-0.178
2014-07-31,20.0000,121.0000,30.0600,-0.628
2014-08-01,20.2000,120.0000,30.0000,1.000
2014-08-04,20.5100,123.5000,29.9900,-0.389
2014-08-05,19.8000,119.5000,30.0000,-0.586
2014-08-06,20.0400,120.5000,30.0100,-0.183
2014-08-07,19.9100,121.5000,30.0200,-1.613
2014-08-08,19.7900,120.5000,29.9900,-1.493
2014-08-11,20.0500,120.5000,30.0200,-0.099
2014-08-12,19.9900,121.5000,30.0200,-1.218
2014-08-13,20.3300,122.5000,30.0000,-0.424
2014-08-14,20.5300,124.0000,29.9600,-0.794
2014-08-15,20.4500,124.0000,29.9500,-1.213
2014-08-18,20.4700,123.0000,29.9800,-0.213
2014-08-19,20.7400,124.0000,29.9900,0.321
2014-08-20,20.8400,125.5000,29.9800,-0.433
2014-08-21,20.6200,124.5000,29.9900,-0.660
2014-08-22,20.8300,125.5000,29.9700,-0.514
2014-08-25,20.6800,125.0000,29.9600,-0.868
2014-08-26,20.8000,124.5000,29.9600,0.107
2014-08-27,20.9100,125.5000,29.8700,-0.465
2014-08-28,20.9100,125.0000,29.8900,-0.000
2014-08-29,20.9400,124.0000,29.8800,0.917
2014-09-02,21.0800,126.0000,29.9400,0.180
2014-09-03,21.3500,128.0000,29.8900,-0.289
2014-09-04,21.1900,127.5000,29.9100,-0.582
2014-09-05,21.1800,127.0000,29.9000,-0.271
2014-09-09,21.0500,127.0000,29.9700,-0.651
2014-09-10,21.0300,125.0000,30.0000,0.944
2014-09-11,20.9000,125.0000,30.0200,0.387
2014-09-12,20.3400,123.0000,30.0400,-0.648
2014-09-15,20.2400,123.5000,30.1400,-1.209
2014-09-16,20.4800,122.5000,30.1300,0.745
2014-09-17,20.6200,124.5000,30.1600,-0.097
2014-09-18,20.9200,125.0000,30.2300,1.186
2014-09-19,20.5200,125.0000,30.2100,-0.815
2014-09-22,20.3600,122.0000,30.2700,1.032
2014-09-23,20.3400,122.5000,30.2200,0.355
2014-09-24,20.5900,123.0000,30.2200,1.176
2014-09-25,20.1100,122.0000,30.3200,-0.043
2014-09-26,20.1400,121.0000,30.3400,1.000
2014-09-29,19.9500,120.5000,30.4700,0.892
2014-09-30,20.1800,120.0000,30.4400,2.380
2014-10-01,20.1000,121.5000,30.4300,0.682
2014-10-02,20.2900,121.0000,30.4300,2.054
2014-10-03,20.8300,124.5000,30.4900,2.025
2014-10-06,20.8200,126.0000,30.4200,0.531
2014-10-07,20.3800,125.0000,30.3800,-0.937
2014-10-08,20.6000,122.5000,30.4300,2.344
2014-10-09,20.4700,125.0000,30.3700,-0.532
2014-10-13,19.6700,120.5000,30.3800,-0.817
2014-10-14,20.1400,121.0000,30.4500,1.366
2014-10-15,20.0700,121.5000,30.3500,0.267
2014-10-16,20.7200,121.5000,30.3800,3.617
2014-10-17,20.7200,123.5000,30.3800,1.939
2014-10-20,20.8700,126.0000,30.3600,0.574
2014-10-21,21.3900,125.0000,30.3800,3.973
2014-10-22,21.2400,129.0000,30.3900,0.075
2014-10-23,21.3000,127.5000,30.4200,1.639
2014-10-24,21.1800,125.5000,30.3900,2.575
2014-10-27,21.3600,128.0000,30.3800,1.393
2014-10-28,21.5900,128.0000,30.3600,2.418
2014-10-29,21.5900,129.0000,30.3100,1.456
2014-10-30,21.1100,128.5000,30.3900,-0.151
2014-10-31,22.0200,130.5000,30.4500,2.760
2014-11-03,21.9000,131.0000,30.4800,1.910
2014-11-04,21.9500,132.0000,30.5100,1.469
2014-11-05,22.0300,132.0000,30.5900,2.106
2014-11-06,21.8000,132.0000,30.5600,0.941
2014-11-07,21.8200,131.0000,30.5800,1.871
2014-11-10,22.2600,134.5000,30.5500,1.122
2014-11-11,22.2000,134.0000,30.5500,1.225
2014-11-12,22.0500,132.0000,30.5800,2.165
2014-11-13,22.3400,134.0000,30.6100,2.064
2014-11-14,22.4000,135.0000,30.7600,2.078
2014-11-17,21.9100,133.0000,30.7000,1.148
2014-11-18,22.0500,131.5000,30.7300,3.056
2014-11-19,22.5300,136.0000,30.9000,2.379
2014-11-20,22.7600,139.0000,30.8900,1.159
2014-11-21,23.0600,138.5000,30.8900,2.863
2014-11-24,22.9400,138.5000,30.9700,2.592
2014-11-25,22.9100,139.0000,30.9300,1.958
2014-11-26,23.1800,139.0000,30.8800,2.993
2014-11-28,23.4700,141.5000,30.9900,2.804
2014-12-01,22.9400,140.0000,31.0300,1.690
2014-12-02,22.5700,137.5000,31.1000,2.098
2014-12-03,22.9300,138.0000,31.1100,3.384
2014-12-04,22.8200,139.0000,31.0900,2.083
2014-12-05,22.7400,137.5000,31.2200,3.264
2014-12-08,22.5000,138.0000,31.1200,1.478
2014-12-09,22.5800,138.0000,31.1200,1.839
2014-12-10,22.1900,136.0000,31.2000,1.813
2014-12-11,22.1400,134.5000,31.2100,2.749
2014-12-12,21.9700,135.0000,31.3200,1.941
2014-12-15,21.9400,136.0000,31.2700,0.892
2014-12-16,21.4400,133.0000,31.2500,0.752
2014-12-17,21.6400,130.5000,31.3200,3.872
2014-12-18,21.7900,131.5000,31.4300,4.161
2014-12-19,22.2000,138.0000,31.5000,1.348
2014-12-22,22.3700,138.5000,31.5600,1.949
2014-12-23,22.2100,137.5000,31.7500,2.570
2014-12-24,22.3500,138.0000,31.8000,3.004
2014-12-26,22.3100,139.0000,31.8000,2.080
2014-12-29,22.3800,141.0000,31.7500,0.789
2014-12-30,22.4400,140.0000,31.6400,1.429
2014-12-31,22.3800,141.0000,31.6000,0.313
2015-01-05,21.7400,139.5000,32.0000,-0.261
2015-01-06,21.3600,133.5000,31.9800,2.336
2015-01-07,21.6700,134.0000,31.9900,3.466
2015-01-08,21.8100,138.0000,31.9900,1.116
2015-01-09,21.2000,134.0000,31.8900,0.906
2015-01-12,20.7900,132.0000,31.8800,0.422
2015-01-13,21.0500,132.5000,31.8400,1.167
2015-01-14,21.0600,130.0000,31.7800,2.967
2015-01-15,22.8900,131.5000,31.6500,10.185
2015-01-16,22.6000,137.0000,31.4600,3.795
2015-01-20,23.0900,138.0000,31.6600,5.946
2015-01-21,23.2100,141.0000,31.4700,3.605
2015-01-22,23.7100,140.0000,31.3500,6.187
2015-01-23,23.9900,145.0000,31.2300,3.339
2015-01-26,24.1600,145.0000,31.3100,4.338
2015-01-27,24.1900,147.0000,31.0600,2.223
2015-01-28,23.9300,146.5000,31.1800,1.862
2015-01-29,23.2900,143.5000,31.5600,2.444
2015-01-30,22.7100,141.0000,31.7500,2.276
2015-02-02,22.9400,142.5000,31.6200,1.805
2015-02-03,23.1500,144.5000,31.5000,0.931
2015-02-04,23.5800,146.0000,31.4600,1.620
2015-02-05,23.6600,145.5000,31.4900,2.413
2015-02-06,23.1000,143.0000,31.5800,2.028
2015-02-09,22.6700,142.0000,31.5900,0.866
2015-02-10,23.8600,142.5000,31.5600,5.687
2015-02-11,24.2900,148.0000,31.6200,3.791
2015-02-12,24.4700,148.5000,31.3100,3.186
2015-02-13,24.8400,148.5000,31.3400,4.847
2015-02-24,25.0400,151.0000,31.6500,4.969
2015-02-25,25.0400,154.5000,31.4300,1.878
2015-02-26,24.6800,150.5000,31.4100,3.016
2015-03-02,24.6300,149.0000,31.4000,3.810
2015-03-03,24.5000,150.5000,31.3500,2.070
2015-03-04,24.3300,150.5000,31.4200,1.588
2015-03-05,24.4600,150.0000,31.4400,2.536
2015-03-06,24.0900,149.0000,31.5900,2.148
2015-03-09,23.4500,145.5000,31.5200,1.601
2015-03-10,23.0500,144.0000,31.6600,1.356
2015-03-11,23.4900,146.0000,31.7100,2.037
2015-03-12,23.5300,148.0000,31.5800,0.416
2015-03-13,23.8800,149.0000,31.7100,1.642
2015-03-16,24.2800,146.0000,31.6300,5.202
2015-03-17,24.3100,149.0000,31.5800,3.048
2015-03-18,24.7100,153.5000,31.4800,1.351
2015-03-19,24.6600,154.0000,31.4800,0.818
2015-03-20,24.7700,154.0000,31.4100,1.042
2015-03-23,24.8000,153.5000,31.2800,1.074
2015-03-24,24.5000,151.5000,31.2400,1.040
2015-03-25,23.1800,151.0000,31.2400,-4.087
2015-03-26,23.2000,145.5000,31.2100,-0.471
2015-03-27,22.9400,142.5000,31.1900,0.421
2015-03-30,23.2500,142.5000,31.2800,2.072
2015-03-31,23.4800,145.5000,31.2400,0.827
2015-04-01,23.2300,144.0000,31.2400,0.792
2015-04-02,23.6900,147.0000,31.0500,0.078
2015-04-07,23.3900,146.0000,31.0600,-0.480
2015-04-08,23.2000,143.0000,31.0800,0.847
2015-04-09,23.4400,143.0000,31.2400,2.415
2015-04-10,23.5000,147.0000,31.2300,-0.149
2015-04-13,23.3300,147.0000,31.3300,-0.554
2015-04-14,23.1800,144.0000,31.2100,0.479
2015-04-15,23.5100,143.0000,31.2300,2.688
2015-04-16,23.2400,147.0000,31.1000,-1.665
2015-04-17,23.2200,142.5000,31.0500,1.190
2015-04-20,23.2700,143.0000,31.0700,1.119
2015-04-21,23.3300,142.5000,31.0800,1.768
2015-04-22,23.8400,143.5000,31.0600,3.201
2015-04-23,24.3000,147.0000,31.0300,2.589
2015-04-24,24.9100,152.5000,30.6800,0.228
2015-04-27,25.4100,151.5000,30.4400,2.110
2015-04-28,25.0100,151.5000,30.4200,0.436
2015-04-29,24.7900,148.5000,30.3700,1.397
2015-04-30,24.4400,147.0000,30.6400,1.883
2015-05-04,24.3200,147.5000,30.7100,1.270
2015-05-05,24.2900,147.0000,30.6300,1.225
2015-05-06,24.4500,147.5000,30.6000,1.447
2015-05-07,24.3700,146.5000,30.7800,2.404
2015-05-08,24.5500,146.5000,30.6800,2.825
2015-05-11,24.3700,148.5000,30.7900,1.058
2015-05-12,24.3800,147.5000,30.7300,1.586
2015-05-13,24.4400,148.0000,30.6400,1.195
2015-05-14,24.4100,146.0000,30.5500,2.154
2015-05-15,24.5600,146.5000,30.4200,1.995
2015-05-18,24.4100,146.5000,30.4700,1.539
2015-05-19,24.5900,146.5000,30.5000,2.388
2015-05-20,24.5800,146.5000,30.5400,2.481
2015-05-21,24.2400,145.5000,30.4300,1.392
2015-05-22,24.2000,145.5000,30.4300,1.224
2015-05-26,24.2600,146.5000,30.6500,1.511
2015-05-27,24.6000,145.0000,30.6600,4.033
2015-05-28,24.4500,147.0000,30.6500,1.958
2015-05-29,24.2800,146.0000,30.8100,2.475
2015-06-01,24.1400,145.0000,30.8700,2.786
2015-06-02,23.6700,144.0000,30.8200,1.321
2015-06-03,23.6600,143.0000,30.7600,1.788
2015-06-04,22.9800,141.0000,30.9000,0.721
2015-06-05,22.8600,140.0000,31.0500,1.400
2015-06-08,22.6500,138.5000,31.1300,1.819
2015-06-09,22.8300,139.0000,31.0900,2.127
2015-06-10,23.3300,139.5000,30.8600,3.221
2015-06-11,23.5100,143.5000,30.9400,1.380
2015-06-12,23.6700,144.5000,30.9300,1.331
2015-06-15,23.2600,143.0000,30.9100,0.555
2015-06-16,23.5800,142.0000,30.8800,2.556
2015-06-17,23.6000,142.5000,30.9700,2.581
2015-06-18,23.7600,142.0000,30.6800,2.670
2015-06-22,23.8400,142.0000,30.7200,3.150
2015-06-23,23.9300,144.5000,30.8700,2.245
2015-06-24,23.9000,145.0000,30.9800,2.127
2015-06-25,24.0800,146.5000,30.9300,1.678
2015-06-26,23.6300,146.0000,31.0100,0.379
2015-06-29,22.3800,138.5000,30.8800,-0.203
2015-06-30,22.7100,140.5000,30.8800,-0.173
2015-07-01,22.9300,141.0000,30.9300,0.599
2015-07-02,23.1500,141.5000,30.8400,0.911
2015-07-06,22.9400,140.5000,30.9100,0.936
2015-07-07,22.9600,140.5000,31.0800,1.580
2015-07-08,22.2300,138.0000,31.0100,-0.094
2015-07-09,22.2200,136.5000,31.0400,1.056
2015-07-10,22.5700,136.5000,31.0300,2.615
2015-07-13,22.8600,138.5000,31.0600,2.532
2015-07-14,22.8000,138.5000,31.0300,2.164
2015-07-15,22.5600,138.5000,31.0800,1.251
2015-07-16,22.7300,136.5000,31.0700,3.476
2015-07-17,23.0300,140.0000,31.1100,2.352
2015-07-20,22.9000,139.0000,31.2400,2.935
2015-07-21,22.8800,140.5000,31.1700,1.519
2015-07-22,22.2200,139.0000,31.2300,-0.154
2015-07-23,22.3100,136.0000,31.2600,2.560
2015-07-24,21.6400,137.0000,31.5000,-0.488
2015-07-27,21.6300,134.0000,31.5900,1.984
2015-07-28,21.8800,134.0000,31.4200,2.607
2015-07-29,22.1100,135.5000,31.4200,2.538
2015-07-30,22.7000,138.5000,31.5900,3.551
2015-07-31,22.1100,139.5000,31.5900,0.137
2015-08-03,21.7200,134.5000,31.7000,2.383
2015-08-04,21.4500,136.5000,31.6300,-0.591
2015-08-05,21.6100,134.0000,31.7000,2.244
2015-08-06,21.2800,134.0000,31.6400,0.492
2015-08-07,21.0300,133.0000,31.6500,0.090
2015-08-10,21.6100,129.0000,31.6300,5.973
2015-08-11,20.8300,130.5000,32.1600,2.666
2015-08-12,20.7500,128.5000,32.1200,3.734
2015-08-13,20.5400,128.0000,32.1700,3.246
2015-08-14,20.3800,126.0000,32.1500,4.003
2015-08-17,20.2800,124.0000,32.4200,6.045
2015-08-18,20.0300,126.0000,32.4600,3.202
2015-08-19,19.9100,125.0000,32.4900,3.500
2015-08-20,19.6100,126.0000,32.5700,1.381
2015-08-21,18.8800,121.0000,32.6300,1.827
2015-08-24,18.7600,115.0000,33.0000,7.666
2015-08-25,18.7600,123.5000,32.5300,-1.172
2015-08-26,19.4500,122.5000,32.4800,3.141
2015-08-27,19.9400,124.0000,32.1600,3.431
2015-08-28,20.0000,125.0000,32.2400,3.168
2015-08-31,19.8800,129.0000,32.4900,0.140
2015-09-01,19.4100,124.0000,32.4200,1.496
2015-09-02,19.9400,125.5000,32.4700,3.180
2015-09-03,20.0700,127.0000,32.4900,2.689
2015-09-04,19.6700,125.0000,32.6500,2.756
2015-09-08,20.0500,123.0000,32.6400,6.412
2015-09-09,19.8800,129.0000,32.4600,0.047
2015-09-10,19.7000,125.0000,32.3700,2.030
2015-09-11,19.9000,127.5000,32.5300,1.545
2015-09-14,20.0400,127.5000,32.5000,2.165
2015-09-15,20.3900,126.0000,32.4800,5.122
2015-09-16,20.6700,129.5000,32.4300,3.526
2015-09-17,20.6600,131.0000,32.4000,2.196
2015-09-18,20.6100,131.5000,32.3100,1.279
2015-09-21,20.5300,129.5000,32.6300,3.459
2015-09-22,19.9500,129.0000,32.9200,1.822
2015-09-23,20.0100,124.5000,32.9600,5.949
2015-09-24,19.9900,127.0000,33.1600,4.389
2015-09-25,20.0500,127.0000,33.0700,4.418
2015-09-29,19.8900,127.0000,33.0200,3.428
2015-09-30,20.7500,130.0000,32.9800,5.282
2015-10-01,20.8600,133.5000,32.8100,2.534
2015-10-02,20.7600,132.0000,32.7900,3.139
2015-10-05,21.4000,132.5000,32.4700,4.884
2015-10-06,21.2300,133.0000,32.5500,3.915
2015-10-07,21.9300,135.0000,32.4000,5.264
2015-10-08,22.2500,136.0000,32.4800,6.276
2015-10-12,22.0900,138.5000,32.3000,3.034
2015-10-13,21.9400,137.5000,32.5100,3.748
2015-10-14,22.3400,136.5000,32.4200,6.119
2015-10-15,21.9500,140.0000,31.9200,0.092
2015-10-16,22.1600,137.5000,32.2100,3.822
2015-10-19,22.2300,138.0000,32.3800,4.320
2015-10-20,22.3100,139.0000,32.3200,3.750
2015-10-21,22.2200,138.5000,32.5000,4.282
2015-10-22,22.5100,137.5000,32.4300,6.182
2015-10-23,22.4700,140.0000,32.4900,4.293
2015-10-26,22.1600,140.0000,32.3400,2.379
2015-10-27,22.2000,139.0000,32.4200,3.557
2015-10-28,22.0800,138.0000,32.4500,3.840
2015-10-29,21.8200,136.5000,32.5200,3.969
2015-10-30,21.9600,136.5000,32.4600,4.443
2015-11-02,22.1000,137.5000,32.4600,4.344
2015-11-03,22.7700,139.5000,32.4600,5.966
2015-11-04,23.5500,144.5000,32.4300,5.706
2015-11-05,22.9800,142.5000,32.4600,4.692
2015-11-06,22.8200,140.0000,32.4600,5.820
2015-11-09,22.9600,142.0000,32.7900,6.036
2015-11-10,22.5100,139.5000,32.7700,5.757
2015-11-11,22.5800,137.5000,32.7700,7.629
2015-11-12,22.2400,138.5000,32.7200,5.082
2015-11-13,21.8900,136.0000,32.8700,5.812
2015-11-16,22.3500,135.0000,32.8300,8.704
2015-11-17,22.5200,138.5000,32.7700,6.568
2015-11-18,22.5200,137.0000,32.7300,7.603
2015-11-19,22.6700,140.5000,32.4800,4.814
2015-11-20,22.8300,141.0000,32.4900,5.212
2015-11-23,22.5700,141.0000,32.6200,4.430
2015-11-24,22.5000,139.5000,32.5300,4.935
2015-11-25,22.5600,141.0000,32.4700,3.904
2015-11-27,22.4500,139.0000,32.6900,5.596
2015-11-30,22.7600,139.0000,32.5300,6.530
2015-12-01,23.2800,142.5000,32.5300,6.287
2015-12-02,23.1900,142.5000,32.5300,5.877
2015-12-03,22.9300,142.5000,32.5300,4.690
2015-12-04,23.3100,140.5000,32.5300,7.939
2015-12-07,23.2400,143.5000,32.8900,6.532
2015-12-08,23.0800,142.5000,32.9400,6.702
2015-12-09,22.7300,140.5000,32.9000,6.451
2015-12-10,22.6500,141.0000,32.7400,5.186
2015-12-11,22.1800,139.5000,33.0100,4.969
2015-12-14,22.2200,139.0000,32.9000,5.185
2015-12-15,22.8200,138.0000,32.7500,8.312
2015-12-16,23.1600,143.5000,32.7000,5.551
2015-12-17,22.9600,145.0000,33.0000,4.508
2015-12-18,22.9300,142.0000,32.8500,6.092
2015-12-21,22.9500,141.5000,32.8700,6.624
2015-12-22,23.0600,142.0000,32.7900,6.498
2015-12-23,23.0800,141.5000,32.8200,7.065
2015-12-24,23.1500,142.0000,32.7700,6.849
2015-12-28,23.0100,143.5000,32.7900,5.157
2015-12-29,23.0800,142.0000,32.7900,6.591
2015-12-30,22.8800,142.5000,32.9700,5.874
2015-12-31,22.7500,143.0000,32.7900,4.332
2016-01-04,22.0900,139.5000,33.1500,4.987
2016-01-05,21.9500,138.0000,33.1400,5.424
2016-01-06,21.3400,135.5000,33.2700,4.794
2016-01-07,21.1000,133.0000,33.2000,5.341
2016-01-08,20.8100,134.0000,33.3400,3.553
2016-01-11,20.9300,133.0000,33.3800,5.059
2016-01-12,20.7500,133.0000,33.4100,4.249
2016-01-13,20.4800,133.5000,33.4100,2.507
2016-01-14,21.8200,131.5000,33.4900,11.141
2016-01-15,21.1000,137.0000,33.6100,3.529
2016-01-19,21.6600,138.0000,33.5700,5.381
2016-01-20,21.0900,134.5000,33.7400,5.811
2016-01-21,21.3300,135.0000,33.5600,6.050
2016-01-22,21.9300,138.5000,33.4900,6.056
2016-01-25,21.7900,139.5000,33.5000,4.654
2016-01-26,21.5900,137.5000,33.4600,5.077
2016-01-27,21.6800,139.5000,33.5500,4.282
2016-01-28,21.6300,140.0000,33.5300,3.608
2016-01-29,22.3500,143.0000,33.4300,4.498
2016-02-01,22.4600,144.0000,33.4100,4.221
2016-02-02,22.5600,142.5000,33.5100,6.103
2016-02-03,22.9200,146.0000,33.4200,4.930
2016-02-16,23.3400,147.5000,33.2100,5.101
2016-02-17,23.6400,148.0000,33.2500,6.220
2016-02-18,23.8000,151.0000,33.2600,4.846
2016-02-19,23.7800,151.0000,33.3000,4.884
2016-02-22,23.9600,151.0000,33.1500,5.202
2016-02-23,23.4000,149.5000,33.2600,4.118
2016-02-24,23.4200,148.0000,33.3000,5.390
2016-02-25,23.6900,150.5000,33.1900,4.488
2016-02-26,23.7700,149.0000,33.2900,6.215
2016-03-01,24.5800,152.0000,33.0400,6.858
2016-03-02,24.6200,153.0000,33.0900,6.494
2016-03-03,24.5600,154.0000,32.9200,5.002
2016-03-04,24.6500,152.5000,32.4900,5.033
2016-03-07,24.7000,152.0000,32.5400,5.755
2016-03-08,24.6500,152.0000,32.7600,6.254
2016-03-09,24.7400,153.0000,32.7500,5.913
2016-03-10,24.7400,154.5000,32.8700,5.269
2016-03-11,25.3500,155.0000,32.5800,6.568
2016-03-14,25.2200,156.0000,32.6800,5.665
2016-03-15,24.8800,154.5000,32.8600,5.833
2016-03-16,25.7800,156.0000,32.7700,8.309
2016-03-17,25.7700,158.5000,32.2400,4.836
2016-03-18,26.0400,159.5000,32.3000,5.466
2016-03-21,25.9300,160.0000,32.3300,4.790
2016-03-22,25.8100,158.5000,32.3400,5.324
2016-03-23,25.6800,159.5000,32.4900,4.620
2016-03-24,25.7300,158.5000,32.5000,5.517
2016-03-28,25.6300,159.0000,32.5600,4.970
2016-03-29,25.9700,159.0000,32.5700,6.395
2016-03-30,26.4600,161.5000,32.1600,5.381
2016-03-31,26.2000,162.0000,32.1800,4.088
2016-04-01,26.1200,158.5000,32.2600,6.326
2016-04-06,25.6200,153.5000,32.3800,8.088
2016-04-07,25.3700,154.5000,32.4000,6.406
2016-04-08,25.2800,157.5000,32.4000,4.009
2016-04-11,25.5100,158.5000,32.3300,4.068
2016-04-12,25.5700,158.5000,32.3300,4.313
2016-04-13,26.1700,161.5000,32.3500,4.842
2016-04-14,25.3000,161.5000,32.4100,1.545
2016-04-15,25.4600,159.5000,32.3200,3.181
2016-04-18,25.5000,158.0000,32.3200,4.324
2016-04-19,25.1600,157.5000,32.1100,2.589
2016-04-20,25.1200,154.0000,32.1800,4.982
2016-04-21,25.1600,157.0000,32.2700,3.428
2016-04-22,25.0700,156.5000,32.3600,3.676
2016-04-25,25.0100,157.5000,32.3400,2.708
2016-04-26,25.0100,158.0000,32.2700,2.161
2016-04-27,25.2500,156.5000,32.3600,4.420
2016-04-28,24.1600,153.0000,32.2300,1.788
2016-04-29,23.5900,150.0000,32.2800,1.531
2016-05-03,23.3200,147.5000,32.3200,2.197
2016-05-04,23.4200,147.0000,32.3900,3.207
2016-05-05,23.5000,147.5000,32.4000,3.241
2016-05-06,23.4100,148.0000,32.3800,2.435
2016-05-09,23.3700,147.5000,32.5400,3.113
2016-05-10,23.3900,147.0000,32.5400,3.552
2016-05-11,23.2200,147.0000,32.4900,2.642
2016-05-12,22.9900,146.0000,32.5900,2.636
2016-05-13,22.8200,144.0000,32.6600,3.514
2016-05-16,23.1100,144.5000,32.6500,4.435
2016-05-17,22.9500,147.0000,32.5600,1.667
2016-05-18,23.5200,147.0000,32.7600,4.832
2016-05-19,23.2500,147.0000,32.7500,3.597
2016-05-20,23.9100,148.5000,32.6900,5.268
2016-05-23,24.2700,154.0000,32.5800,2.690
2016-05-24,24.4700,151.0000,32.6400,5.788
2016-05-25,24.6200,154.5000,32.5500,3.739
2016-05-26,24.7900,155.0000,32.4900,3.926
2016-05-27,24.8000,156.5000,32.5400,3.130
2016-05-31,24.7200,156.5000,32.5800,2.924
2016-06-01,25.2500,159.0000,32.6200,3.604
2016-06-02,25.1800,159.0000,32.6000,3.254
2016-06-03,25.5300,160.5000,32.2800,2.693
2016-06-06,25.4700,161.0000,32.2500,2.038
2016-06-07,26.0600,162.0000,32.1600,3.468
2016-06-08,26.3300,165.5000,32.1300,2.234
2016-06-13,25.6300,162.0000,32.3700,2.425
2016-06-14,25.5700,162.0000,32.3900,2.248
2016-06-15,25.8400,163.0000,32.3100,2.441
2016-06-16,25.8600,160.5000,32.3700,4.310
2016-06-17,25.8500,163.0000,32.3400,2.575
2016-06-20,26.3700,163.0000,32.2200,4.250
2016-06-21,26.5900,165.5000,32.1500,3.307
2016-06-22,26.5400,166.0000,32.0700,2.547
2016-06-23,26.8100,164.0000,31.9900,4.592
2016-06-24,25.6800,159.0000,32.3600,4.529
2016-06-27,24.9000,155.5000,32.5300,4.180
2016-06-28,25.2600,157.0000,32.4100,4.290
2016-06-29,25.8000,159.0000,32.2700,4.725
2016-06-30,26.2300,162.5000,32.2200,4.016
2016-07-01,26.5300,166.0000,32.2000,2.924
2016-07-05,26.2600,164.0000,32.3300,3.535
2016-07-06,26.1500,161.5000,32.3600,4.794
2016-07-07,26.3100,164.5000,32.3200,3.385
2016-07-08,26.7300,164.5000,32.2300,4.743
2016-07-11,27.2000,170.0000,32.2100,3.072
2016-07-12,26.9700,171.0000,32.1300,1.350
2016-07-13,26.8900,168.5000,32.1600,2.645
2016-07-14,27.1100,169.0000,31.9400,2.473
2016-07-15,27.0100,169.5000,31.9200,1.730
2016-07-18,27.6400,169.5000,31.9300,4.135
2016-07-19,27.2700,170.5000,32.0600,2.554
2016-07-20,27.5500,170.0000,32.0700,3.945
2016-07-21,27.4800,172.0000,31.9800,2.187
2016-07-22,27.7400,171.0000,32.0300,3.920
2016-07-25,27.8600,171.5000,32.2000,4.617
2016-07-26,28.3300,173.0000,32.1100,5.165
2016-07-27,28.1000,175.0000,32.0600,2.958
2016-07-28,28.1400,176.5000,31.9600,1.910
2016-07-29,27.7800,172.5000,31.8200,2.488
2016-08-01,28.6200,177.0000,31.5500,2.029
2016-08-02,28.1600,176.0000,31.5700,1.024
2016-08-03,28.1600,172.5000,31.6600,3.368
2016-08-04,28.4000,174.5000,31.6200,2.924
2016-08-05,28.7900,177.0000,31.5400,2.603
2016-08-08,29.0900,178.0000,31.4500,2.796
2016-08-09,29.4000,178.5000,31.2800,3.040
2016-08-10,29.2200,179.5000,31.0500,1.090
2016-08-11,29.1400,176.5000,31.2500,3.187
2016-08-12,29.2400,177.5000,31.3800,3.386
2016-08-15,29.3900,179.0000,31.3100,2.816
2016-08-16,29.0800,175.5000,31.2600,3.594
2016-08-17,28.9800,177.0000,31.5300,3.247
2016-08-18,29.1600,176.0000,31.4000,4.048
2016-08-19,28.6400,174.5000,31.6400,3.859
2016-08-22,28.4000,172.5000,31.8000,4.710
2016-08-23,28.5000,175.0000,31.7800,3.512
2016-08-24,28.3900,173.5000,31.7900,4.037
2016-08-25,28.6000,176.5000,31.6800,2.668
2016-08-26,28.6400,177.0000,31.6400,2.392
2016-08-29,28.7000,176.0000,31.7000,3.385
2016-08-30,28.6200,174.0000,31.7400,4.414
2016-08-31,28.7400,176.5000,31.7400,3.366
2016-09-01,28.9600,174.0000,31.7200,5.587
2016-09-02,29.1400,174.0000,31.6600,6.043
2016-09-06,29.4900,178.0000,31.1800,3.314
2016-09-07,29.8200,185.0000,31.2400,0.711
2016-09-08,29.7900,183.0000,31.3200,1.970
2016-09-09,28.5900,180.5000,31.5800,0.041
2016-09-12,28.9900,175.5000,31.7000,4.727
2016-09-13,28.4900,175.5000,31.7700,3.148
2016-09-14,28.6200,174.0000,31.6800,4.216
2016-09-19,29.9300,183.0000,31.3700,2.612
2016-09-20,29.9000,183.5000,31.3100,2.035
2016-09-21,30.5000,184.0000,31.2800,3.700
2016-09-22,30.6600,185.0000,31.3000,3.747
2016-09-23,30.1200,187.0000,31.3400,0.958
2016-09-26,29.8400,183.5000,31.4100,2.155
2016-09-27,30.4000,183.5000,31.3700,3.940
2016-09-28,30.3300,183.5000,31.3500,3.634
2016-09-29,30.4000,187.0000,31.3500,1.929
2016-09-30,30.5900,184.0000,31.2700,3.973
2016-10-03,30.7200,186.0000,31.3600,3.589
2016-10-04,30.3900,187.0000,31.4300,2.156
2016-10-05,30.5300,186.0000,31.4500,3.244
2016-10-06,30.7700,187.5000,31.5000,3.387
2016-10-07,31.1800,188.0000,31.4700,4.387
2016-10-11,30.7300,187.5000,31.6400,3.712
2016-10-12,31.3500,189.5000,31.6300,4.654
2016-10-13,30.5300,188.5000,31.7400,2.814
2016-10-14,30.6600,188.0000,31.7600,3.592
2016-10-17,30.5700,186.5000,31.7900,4.217
2016-10-18,30.8600,187.0000,31.5300,4.066
2016-10-19,30.9800,189.5000,31.4400,2.798
2016-10-20,31.0600,190.5000,31.5800,2.979
2016-10-21,31.0800,188.5000,31.7500,4.699
2016-10-24,31.4100,191.0000,31.6800,4.196
2016-10-25,31.5500,193.0000,31.5300,3.085
2016-10-26,31.2100,191.5000,31.5900,2.969
2016-10-27,30.7700,188.5000,31.7000,3.492
2016-10-28,30.7700,189.5000,31.6100,2.653
2016-10-31,31.1000,188.5000,31.5400,4.074
2016-11-01,30.7100,189.5000,31.5400,2.226
2016-11-02,30.3900,186.0000,31.5200,2.999
2016-11-03,30.2800,184.5000,31.5400,3.526
2016-11-04,30.2400,184.5000,31.5400,3.390
2016-11-07,31.3500,189.0000,31.4500,4.334
2016-11-08,31.3400,188.5000,31.4100,4.444
2016-11-09,30.5900,182.0000,31.5300,5.989
2016-11-10,29.4400,185.5000,31.7700,0.842
2016-11-11,29.9300,181.5000,31.7700,4.780
2016-11-14,28.8500,180.5000,31.9900,2.262
2016-11-15,29.2000,180.0000,31.8300,3.271
2016-11-16,29.8600,180.0000,31.8500,5.671
2016-11-17,29.4700,181.5000,31.9300,3.689
2016-11-18,29.4700,181.0000,32.0100,4.236
2016-11-21,29.6500,181.0000,31.8900,4.479
2016-11-22,29.9100,184.0000,31.8500,3.547
2016-11-23,29.8900,185.5000,31.9900,3.092
2016-11-25,29.6600,182.0000,31.8500,3.810
2016-11-28,29.6600,184.0000,31.7600,2.391
2016-11-29,29.5500,182.0000,31.8200,3.328
2016-11-30,29.6900,183.0000,31.9200,3.574
2016-12-01,28.5500,183.0000,31.9300,-0.371
2016-12-02,28.8600,178.0000,31.8800,3.377
2016-12-05,29.0200,179.0000,32.0100,3.791
2016-12-06,29.5100,182.0000,31.9200,3.512
2016-12-07,29.9300,181.5000,31.7200,4.615
2016-12-08,30.0400,185.5000,31.7300,2.768
2016-12-09,30.1200,186.0000,31.8000,2.991
2016-12-12,29.9000,185.0000,31.7700,2.694
2016-12-13,30.3600,186.0000,31.7700,3.714
2016-12-14,29.8700,187.5000,31.7300,1.096
2016-12-15,30.1600,187.0000,32.0000,3.221
2016-12-16,29.4800,185.0000,31.9400,1.794
2016-12-19,29.2700,182.5000,31.9800,2.581
2016-12-20,29.3100,182.5000,32.0600,2.978
2016-12-21,29.1400,180.0000,32.0500,3.771
2016-12-22,28.7400,179.0000,32.1900,3.368
2016-12-23,29.0500,178.5000,32.1800,4.743
2016-12-27,29.1000,180.0000,32.2700,4.340
2016-12-28,29.1200,182.0000,32.4200,3.744
2016-12-29,29.1300,180.0000,32.2600,4.415
2016-12-30,28.7500,181.5000,32.4000,2.645
2017-01-03,29.3100,183.0000,32.3700,3.690
2017-01-04,29.3000,183.0000,32.1600,2.982
2017-01-05,29.8000,183.5000,31.7800,3.220
2017-01-06,29.6300,184.0000,32.0000,3.061
2017-01-09,30.0400,184.0000,32.0200,4.552
2017-01-10,30.0700,184.0000,31.9200,4.330
2017-01-11,30.1700,182.0000,31.9000,5.761
2017-01-12,29.2900,184.5000,31.4900,-0.017
2017-01-13,29.4400,181.5000,31.6000,2.513
2017-01-17,29.6200,181.0000,31.3800,2.704
2017-01-18,29.4900,181.0000,31.5300,2.743
2017-01-19,29.6300,180.5000,31.6000,3.746
2017-01-20,30.0700,181.0000,31.6000,4.996
2017-01-23,30.3300,185.0000,31.4100,2.991
2017-01-24,30.8200,185.5000,31.3100,4.040
2017-02-02,30.7800,184.5000,31.0000,3.434
2017-02-03,30.9700,184.5000,30.7900,3.368
2017-02-06,30.8700,184.5000,30.8900,3.368
2017-02-07,30.5200,184.5000,31.0600,2.759
2017-02-08,30.3300,183.5000,31.0300,2.577
2017-02-09,30.2100,184.0000,31.0600,1.992
2017-02-10,30.7100,185.5000,30.9400,2.444
2017-02-13,31.6900,187.5000,30.9600,4.653
2017-02-14,31.3300,187.5000,30.7800,2.863
2017-02-15,31.7500,189.0000,30.7300,3.246
2017-02-16,32.3200,189.0000,30.7500,5.168
2017-02-17,32.3400,189.5000,30.9000,5.468
2017-02-21,32.3300,190.0000,30.8000,4.817
2017-02-22,32.0700,188.5000,30.7700,4.700
2017-02-23,31.7500,188.5000,30.6100,3.116
2017-02-24,31.9200,189.0000,30.6400,3.495
2017-03-01,31.5800,186.0000,30.7600,4.452
2017-03-02,30.8700,186.0000,30.8800,2.502
2017-03-03,30.8500,184.0000,31.0300,4.052
2017-03-06,30.8500,183.5000,30.9500,4.066
2017-03-07,31.3100,185.5000,30.9200,4.378
2017-03-08,31.2200,187.0000,30.9300,3.276
2017-03-09,30.9800,184.5000,31.0100,4.140
2017-03-10,31.0600,183.5000,30.9900,4.910
2017-03-13,31.5000,186.5000,30.9900,4.685
2017-03-14,31.2100,186.0000,30.9400,3.832
2017-03-15,31.9100,186.5000,30.8300,5.500
2017-03-16,32.4100,190.0000,30.9400,5.554
2017-03-17,32.5900,191.5000,30.5200,3.880
2017-03-20,32.8500,191.5000,30.3800,4.228
2017-03-21,32.4800,195.0000,30.4300,1.371
2017-03-22,32.6900,193.5000,30.4500,2.885
2017-03-23,32.5600,193.5000,30.4600,2.509
2017-03-24,32.8100,192.5000,30.3200,3.356
2017-03-27,33.1700,193.0000,30.1400,3.600
2017-03-28,33.3500,194.5000,30.1700,3.462
2017-03-29,32.9300,191.5000,30.2100,3.897
2017-03-30,33.0700,191.5000,30.2900,4.615
2017-03-31,32.8400,189.0000,30.3800,5.575
2017-04-05,32.9000,193.0000,30.4000,3.644
2017-04-06,32.8600,191.5000,30.5100,4.706
2017-04-07,32.8700,191.0000,30.5600,5.184
2017-04-10,32.5200,190.0000,30.5700,4.646
2017-04-11,32.4000,191.0000,30.6300,3.917
2017-04-12,32.2800,191.0000,30.5500,3.262
2017-04-13,31.8300,191.5000,30.3200,0.792
2017-04-17,32.0300,187.5000,30.3200,3.589
2017-04-18,31.7900,188.0000,30.3900,2.776
2017-04-19,31.6100,186.5000,30.4000,3.050
2017-04-20,31.7900,187.0000,30.3700,3.258
2017-04-21,32.0800,190.0000,30.3400,2.453
2017-04-24,32.7000,190.0000,30.2300,4.055
2017-04-25,33.0700,192.0000,30.0600,3.550
2017-04-26,33.0000,191.0000,30.1000,4.010
2017-04-27,33.0200,193.0000,30.1200,3.063
2017-04-28,33.0700,194.5000,30.1900,2.662
2017-05-02,33.9300,196.5000,30.0200,3.672
2017-05-03,34.2900,198.0000,30.0500,4.082
2017-05-04,34.1400,198.0000,30.1200,3.868
2017-05-05,34.4200,197.5000,30.1800,5.194
2017-05-08,34.9800,202.5000,30.1300,4.094
2017-05-09,35.4100,203.5000,30.2400,5.238
2017-05-10,35.4100,205.5000,30.2000,4.076
2017-05-11,35.5600,207.5000,30.1800,3.441
2017-05-12,35.3700,206.0000,30.1500,3.535
2017-05-15,35.0600,206.0000,30.0400,2.253
2017-05-16,35.0300,204.5000,30.0900,3.086
2017-05-17,34.4200,204.0000,30.1000,1.573
2017-05-18,34.9000,203.5000,30.3000,3.928
2017-05-19,35.2000,203.0000,30.0200,4.109
2017-05-22,35.4000,205.0000,30.0100,3.644
2017-05-23,35.4000,205.0000,30.1600,4.162
2017-05-24,35.5200,205.5000,30.1500,4.227
2017-05-25,35.5700,207.0000,30.0800,3.376
2017-05-26,35.5100,207.0000,30.1800,3.545
2017-05-31,35.3600,203.0000,30.1100,4.896
2017-06-01,35.8900,207.0000,30.0900,4.341
2017-06-02,36.1800,209.0000,30.0900,4.178
2017-06-05,36.3900,212.0000,30.0700,3.231
2017-06-06,36.4300,210.5000,30.0900,4.150
2017-06-07,36.4600,211.5000,30.0900,3.743
2017-06-08,36.8300,213.0000,30.1100,4.127
2017-06-09,35.7900,212.0000,30.1200,1.698
2017-06-12,35.2400,207.5000,30.2200,2.646
2017-06-13,35.5600,208.0000,30.2300,3.363
2017-06-14,35.6500,207.0000,30.0800,3.609
2017-06-15,35.4400,208.0000,30.3500,3.423
2017-06-16,35.8700,211.5000,30.3100,2.810
2017-06-19,36.2100,213.0000,30.3700,3.258
2017-06-20,36.1300,216.5000,30.4500,1.631
2017-06-21,36.7100,215.5000,30.4400,3.708
2017-06-22,36.7100,218.0000,30.4400,2.519
2017-06-23,36.7300,217.0000,30.2900,2.539
2017-06-26,36.1300,215.0000,30.3000,1.836
2017-06-27,35.0900,211.5000,30.3200,0.608
2017-06-28,35.3500,208.5000,30.4100,3.117
2017-06-29,34.8100,210.0000,30.4600,0.982
2017-06-30,34.9600,208.5000,30.3800,1.879
2017-07-03,34.8800,209.0000,30.4900,1.769
2017-07-05,34.8200,208.5000,30.5600,2.072
2017-07-06,34.5000,207.5000,30.6100,1.787
2017-07-07,34.6300,206.0000,30.5600,2.747
2017-07-10,35.0000,206.0000,30.5600,3.845
2017-07-11,35.3800,212.0000,30.5300,1.901
2017-07-12,35.6900,210.5000,30.3800,3.018
2017-07-13,36.1500,214.5000,30.3600,2.332
2017-07-14,36.2500,213.0000,30.2600,2.998
2017-07-17,35.9100,213.0000,30.3700,2.403
2017-07-18,35.8700,214.0000,30.3400,1.710
2017-07-19,36.4100,214.5000,30.3700,3.102
2017-07-20,36.1000,215.5000,30.3800,1.784
2017-07-21,35.8500,214.0000,30.4100,1.888
2017-07-24,36.2200,214.5000,30.3400,2.463
2017-07-25,36.1000,214.0000,30.3200,2.295
2017-07-26,36.2200,213.0000,30.3600,3.253
2017-07-27,36.1800,215.5000,30.1800,1.338
2017-07-28,35.8600,213.0000,30.2600,1.890
2017-07-31,35.9600,214.5000,30.2000,1.258
2017-08-01,35.8400,212.0000,30.2400,2.245
2017-08-02,36.0700,216.0000,30.2200,0.929
2017-08-03,35.7900,213.5000,30.1900,1.218
2017-08-04,36.0300,213.0000,30.1800,2.102
2017-08-07,36.7900,216.0000,30.2100,2.910
2017-08-08,36.7000,217.5000,30.1800,1.849
2017-08-09,36.4600,214.5000,30.2400,2.802
2017-08-10,35.3400,214.0000,30.3400,0.207
2017-08-11,36.1400,212.5000,30.3500,3.233
2017-08-14,36.0500,211.0000,30.2800,3.469
2017-08-15,36.4200,214.0000,30.3200,3.201
2017-08-16,36.3400,213.0000,30.3200,3.458
2017-08-17,35.7900,214.0000,30.3200,1.416
2017-08-18,35.8600,212.5000,30.3300,2.366
2017-08-21,35.9800,211.5000,30.3100,3.126
2017-08-22,36.5200,214.5000,30.2800,3.107
2017-08-23,36.5800,215.5000,30.2600,2.730
2017-08-24,36.8300,217.0000,30.2400,2.649
2017-08-25,36.8500,217.5000,30.0900,1.960
2017-08-28,36.7700,216.0000,30.1300,2.581
2017-08-29,36.8800,216.0000,30.0700,2.683
2017-08-30,36.9300,217.5000,30.1300,2.317
2017-08-31,36.9700,216.5000,30.1300,2.901
2017-09-01,37.2200,216.5000,30.0600,3.356
2017-09-05,36.8500,218.0000,30.0500,1.591
2017-09-06,37.2700,217.0000,30.0800,3.325
2017-09-07,37.5400,217.0000,29.9300,3.555
2017-09-08,37.5000,218.0000,30.0500,3.383
2017-09-11,37.8400,217.0000,30.0100,4.662
2017-09-12,37.8600,219.0000,30.0400,3.864
2017-09-13,37.5300,218.0000,30.0500,3.466
2017-09-14,37.3800,218.5000,30.1000,2.987
2017-09-15,37.6500,218.5000,30.0600,3.594
2017-09-18,38.0700,219.5000,30.1400,4.549
2017-09-19,38.3000,221.5000,30.1200,4.162
2017-09-20,37.8200,221.5000,30.0800,2.720
2017-09-21,38.2400,221.0000,30.1900,4.477
2017-09-22,37.7700,218.5000,30.1600,4.269
2017-09-25,37.0700,217.0000,30.2500,3.352
2017-09-26,37.1400,214.0000,30.2300,4.929
2017-09-27,37.2500,215.0000,30.3100,5.028
2017-09-28,37.0500,214.0000,30.3700,5.160
2017-09-29,37.5500,216.5000,30.3300,5.209
2017-10-02,38.1300,220.5000,30.3800,5.069
2017-10-03,38.4400,222.5000,30.4400,5.179
2017-10-05,38.4600,224.5000,30.3300,3.919
2017-10-06,38.4600,224.5000,30.3600,4.022
2017-10-11,40.3500,233.0000,30.2300,4.702
2017-10-12,40.4400,237.5000,30.1700,2.743
2017-10-13,40.8200,237.5000,30.1300,3.571
2017-10-16,40.8900,238.0000,30.1400,3.565
2017-10-17,41.2500,235.5000,30.1800,5.726
2017-10-18,41.5000,237.5000,30.2000,5.541
2017-10-19,41.0700,239.0000,30.2300,3.895
2017-10-20,41.1200,237.5000,30.2200,4.644
2017-10-23,41.2100,239.0000,30.2500,4.318
2017-10-24,41.3200,238.0000,30.2800,5.140
2017-10-25,41.1600,238.0000,30.2400,4.595
2017-10-26,41.2000,236.0000,30.2200,5.514
2017-10-27,42.1500,239.0000,30.2300,6.627
2017-10-30,42.1300,243.0000,30.2300,4.822
2017-10-31,42.3300,243.0000,30.1200,4.937
2017-11-01,42.1000,242.5000,30.1300,4.616
2017-11-02,42.1500,241.0000,30.1900,5.602
2017-11-03,42.1900,239.0000,30.2100,6.658
2017-11-06,42.4300,239.5000,30.1600,6.863
2017-11-07,42.5100,244.0000,30.1900,5.195
2017-11-08,42.4300,242.5000,30.1500,5.506
2017-11-09,41.6400,241.0000,30.2000,4.359
2017-11-10,41.7200,240.5000,30.2000,4.777
2017-11-13,42.0100,239.5000,30.1800,5.876
2017-11-14,41.8600,240.0000,30.1300,5.103
2017-11-15,41.5400,237.5000,30.0600,5.153
2017-11-16,42.1000,238.0000,30.0500,6.311
2017-11-17,42.0700,241.5000,30.0500,4.696
2017-11-20,42.2100,238.5000,30.0500,6.366
2017-11-21,42.5800,243.0000,29.9700,5.031
2017-11-22,42.4100,242.0000,29.9700,5.044
2017-11-24,42.9900,244.0000,29.9800,5.643
2017-11-27,41.0900,237.0000,30.0200,4.095
2017-11-28,40.9300,234.0000,29.9800,4.879
2017-11-29,39.4100,234.5000,30.0200,0.903
2017-11-30,39.6000,226.0000,29.9800,5.063
2017-12-01,39.7000,231.0000,30.0200,3.186
2017-12-04,39.3900,234.0000,29.9800,0.933
2017-12-05,39.2000,229.5000,30.0300,2.586
2017-12-06,38.6800,227.0000,30.0400,2.374
2017-12-07,39.0100,226.5000,30.0300,3.441
2017-12-08,39.0000,227.0000,30.0200,3.152
2017-12-11,39.3700,227.5000,30.0200,3.902
2017-12-12,39.3000,227.5000,30.0500,3.821
2017-12-13,39.2900,227.0000,30.0100,3.885
2017-12-14,39.4000,230.5000,30.0000,2.560
2017-12-15,39.5000,230.0000,29.9500,2.872
2017-12-18,39.4000,227.0000,29.9500,3.967
2017-12-19,39.3400,225.0000,29.9500,4.732
2017-12-20,39.4400,224.5000,29.9600,5.267
2017-12-21,39.2300,225.0000,29.9300,4.369
2017-12-22,39.6300,227.5000,29.8900,4.135
2017-12-26,38.9500,226.0000,29.8900,3.028
2017-12-27,39.0800,225.0000,29.9500,4.040
2017-12-28,39.7400,226.0000,29.7800,4.731
2017-12-29,39.6500,229.5000,29.6400,2.416
2018-01-02,41.0200,232.5000,29.5800,4.376
2018-01-03,41.7100,237.0000,29.5700,4.081
2018-01-04,41.4900,239.5000,29.6000,2.556
2018-01-05,42.4600,240.0000,29.4700,4.275
2018-01-08,42.4400,242.0000,29.5200,3.540
2018-01-09,42.1800,242.0000,29.6100,3.219
2018-01-10,41.3000,236.5000,29.5800,3.311
2018-01-11,41.0300,235.0000,29.5800,3.291
2018-01-12,41.1900,237.0000,29.6000,2.888
2018-01-16,42.2300,240.5000,29.5700,3.845
2018-01-17,43.1300,242.0000,29.5700,5.401
2018-01-18,44.5700,248.5000,29.4800,5.748
2018-01-19,44.6700,255.5000,29.3100,2.487
2018-01-22,46.3800,261.5000,29.2500,3.756
2018-01-23,46.2800,266.0000,29.2300,1.712
2018-01-24,45.3300,258.0000,29.1100,2.291
2018-01-25,45.1000,258.0000,29.0500,1.562
2018-01-26,45.7200,255.0000,29.1200,4.421
2018-01-29,45.4000,258.5000,29.1900,2.532
2018-01-30,44.8800,253.0000,29.2600,3.809
2018-01-31,45.3100,255.0000,29.1600,3.627
2018-02-01,45.4500,259.5000,29.2100,2.319
2018-02-02,44.5100,259.5000,29.3200,0.581
2018-02-05,42.9500,253.0000,29.3200,-0.451
2018-02-06,43.5900,239.0000,29.2700,6.768
2018-02-07,41.8800,240.0000,29.2400,2.048
2018-02-08,40.3600,238.5000,29.4200,-0.428
2018-02-09,41.4700,232.5000,29.3500,4.701
2018-02-12,42.5300,236.5000,29.3400,5.525
2018-02-21,42.8900,242.5000,29.1900,3.254
2018-02-22,42.3900,239.5000,29.2500,3.541
2018-02-23,43.9000,245.0000,29.2700,4.894
2018-02-26,44.4100,246.5000,29.2200,5.287
2018-02-27,43.6200,246.0000,29.2900,3.872
2018-03-01,42.7200,243.0000,29.3100,3.055
2018-03-02,43.0100,240.0000,29.2900,4.980
2018-03-05,43.4900,241.5000,29.2700,5.420
2018-03-06,43.5400,250.0000,29.2100,1.744
2018-03-07,44.2000,247.0000,29.2900,4.827
2018-03-08,43.8000,249.5000,29.3500,3.048
2018-03-09,44.5900,250.5000,29.2400,4.097
2018-03-12,45.2200,254.0000,29.2500,4.148
2018-03-13,44.9900,259.0000,29.2200,1.514
2018-03-14,45.1500,257.0000,29.2300,2.703
2018-03-15,45.3100,255.0000,29.1500,3.591
2018-03-16,44.9700,255.0000,29.1300,2.743
2018-03-19,44.6000,255.0000,29.1700,2.038
2018-03-20,44.8300,253.0000,29.1600,3.339
2018-03-21,44.7000,252.5000,29.1600,3.244
2018-03-22,43.6900,251.5000,29.1900,1.416
2018-03-23,42.5800,245.0000,29.1800,1.427
2018-03-26,44.2700,243.5000,29.1000,5.812
2018-03-27,43.2900,251.0000,29.1300,0.481
2018-03-28,42.6900,245.0000,29.1200,1.480
2018-03-29,43.7600,244.0000,29.1300,4.486
2018-04-02,42.5000,246.5000,29.1400,0.483
2018-04-03,43.4800,244.0000,29.1600,3.924
2018-04-09,43.0700,245.0000,29.2400,2.805
2018-04-10,43.5800,245.5000,29.2000,3.669
2018-04-11,43.3800,248.0000,29.2000,2.153
2018-04-12,43.8500,245.0000,29.3100,4.918
2018-04-13,42.6500,244.5000,29.3200,2.290
2018-04-16,42.8700,243.5000,29.3500,3.346
2018-04-17,42.3100,238.0000,29.3600,4.388
2018-04-18,41.9200,238.0000,29.3100,3.250
2018-04-19,39.5300,244.5000,29.3900,-4.966
2018-04-20,38.9500,229.0000,29.4800,0.283
2018-04-23,38.7500,226.5000,29.5800,1.212
2018-04-24,38.7500,227.0000,29.5700,0.955
2018-04-25,38.1700,225.0000,29.7200,0.837
2018-04-26,38.1700,222.0000,29.6800,2.062
2018-04-27,38.1700,223.5000,29.5400,0.899
2018-04-30,38.4500,227.0000,29.6000,0.275
2018-05-02,37.7500,223.0000,29.7600,0.757
2018-05-03,38.1000,220.5000,29.7100,2.671
2018-05-04,38.5900,223.0000,29.7000,2.791
2018-05-07,38.4500,223.5000,29.8200,2.602
2018-05-08,39.1800,228.0000,29.8000,2.418
2018-05-09,39.3500,229.5000,29.9200,2.601
2018-05-10,39.7700,229.5000,29.7500,3.107
2018-05-11,39.9100,233.0000,29.7700,1.985
2018-05-14,39.9500,233.0000,29.7700,2.087
2018-05-15,39.3000,230.5000,29.8900,1.924
2018-05-16,39.7900,230.5000,29.8700,3.126
2018-05-17,38.9600,226.5000,29.9300,2.964
2018-05-18,38.4200,223.5000,29.9500,2.969
2018-05-21,39.4700,229.0000,29.9800,3.346
2018-05-22,39.6400,229.0000,29.8400,3.306
2018-05-23,39.6500,228.5000,29.9800,4.044
2018-05-24,39.2700,229.0000,29.9700,2.788
2018-05-25,39.3000,228.5000,29.9400,2.988
2018-05-29,38.1600,225.0000,30.0900,2.065
2018-05-30,38.3400,221.0000,29.9700,3.986
2018-05-31,38.7000,224.0000,29.9900,3.626
2018-06-01,39.2000,224.0000,29.8200,4.370
2018-06-04,39.9700,229.0000,29.7700,3.922
2018-06-05,39.5400,229.0000,29.8400,3.046
2018-06-06,39.5600,230.0000,29.7000,2.168
2018-06-07,39.5200,230.0000,29.7500,2.237
2018-06-08,38.9300,227.0000,29.8700,2.453
2018-06-11,38.7600,226.0000,29.8200,2.285
2018-06-12,39.2000,229.0000,29.8300,2.125
2018-06-13,39.0500,232.0000,29.8200,0.385
2018-06-14,38.6000,226.5000,29.9100,1.945
2018-06-15,38.6900,231.0000,30.1300,0.929
2018-06-19,37.5600,225.0000,30.1600,0.694
2018-06-20,38.3500,226.0000,30.1800,2.425
2018-06-21,37.6200,226.5000,30.3300,0.752
2018-06-22,38.1200,227.5000,30.3500,1.709
2018-06-25,36.5100,218.0000,30.3900,1.793
2018-06-26,36.4600,214.5000,30.4100,3.380
2018-06-27,35.5100,213.0000,30.5100,1.729
2018-06-28,35.9400,212.0000,30.5800,3.684
2018-06-29,36.5600,216.5000,30.4300,2.773
2018-07-02,36.5400,214.0000,30.5600,4.361
2018-07-03,36.3900,214.5000,30.5200,3.555
2018-07-05,36.5900,214.5000,30.5300,4.158
2018-07-06,37.2700,217.0000,30.4600,4.631
2018-07-09,37.8300,221.5000,30.3600,3.704
2018-07-10,37.9300,222.0000,30.3800,3.812
2018-07-11,36.9700,220.0000,30.5600,2.709
2018-07-12,37.3100,220.5000,30.4600,3.081
2018-07-13,37.7700,224.5000,30.5800,2.896
2018-07-16,37.7900,223.5000,30.5400,3.276
2018-07-17,38.0400,221.5000,30.5300,4.863
2018-07-18,38.4100,223.0000,30.6100,5.447
2018-07-19,39.8100,224.5000,30.6900,8.844
2018-07-20,40.7300,237.5000,30.5900,4.920
2018-07-23,40.7400,241.0000,30.6400,3.591
2018-07-24,40.3900,241.0000,30.6300,2.668
2018-07-25,40.8900,240.5000,30.5100,3.747
2018-07-26,40.8200,241.0000,30.5800,3.591
2018-07-27,41.4500,244.5000,30.5600,3.617
2018-07-30,41.0900,245.5000,30.5700,2.332
2018-07-31,41.2100,246.0000,30.5400,2.321
2018-08-01,41.7100,248.0000,30.6300,3.030
2018-08-02,41.5500,244.5000,30.7100,4.376
2018-08-03,41.6900,247.0000,30.5700,3.195
2018-08-06,41.0700,245.5000,30.6300,2.483
2018-08-07,41.2400,241.5000,30.5600,4.372
2018-08-08,41.9700,247.5000,30.6000,3.780
2018-08-09,41.8400,247.0000,30.6400,3.804
2018-08-10,41.0300,245.0000,30.7700,3.061
2018-08-13,40.7100,240.5000,30.8300,4.373
2018-08-14,40.9100,243.5000,30.8300,3.594
2018-08-15,40.4500,241.5000,30.8500,3.344
2018-08-16,40.4100,239.0000,30.7600,4.018
2018-08-17,40.1300,239.5000,30.7600,3.081
2018-08-20,40.1000,239.5000,30.7600,3.004
2018-08-21,40.8900,241.0000,30.7000,4.176
2018-08-22,40.9000,242.0000,30.6600,3.636
2018-08-23,40.6800,244.5000,30.8100,2.524
2018-08-24,41.2400,243.5000,30.6600,3.854
2018-08-27,41.5300,245.0000,30.6800,4.011
2018-08-28,42.3500,249.5000,30.6400,4.016
2018-08-29,44.1300,259.0000,30.7100,4.651
2018-08-30,43.4600,263.5000,30.7300,1.368
2018-08-31,43.6000,256.0000,30.7000,4.572
2018-09-04,44.1100,257.5000,30.7900,5.487
2018-09-05,44.2200,264.0000,30.7900,3.147
2018-09-06,44.0500,261.0000,30.7800,3.897
2018-09-07,44.8800,264.0000,30.7700,4.618
2018-09-10,44.6200,264.5000,30.8400,4.051
2018-09-11,44.5500,260.0000,30.8100,5.583
2018-09-12,43.9400,260.5000,30.7400,3.702
2018-09-13,43.4300,255.0000,30.7900,4.879
2018-09-14,44.4100,261.0000,30.7700,4.712
2018-09-17,43.7600,258.0000,30.7700,4.379
2018-09-18,43.5600,254.5000,30.7900,5.400
2018-09-19,44.0200,258.0000,30.7500,4.931
2018-09-20,44.1700,260.0000,30.7600,4.513
2018-09-21,44.0600,261.5000,30.6500,3.284
2018-09-25,44.1700,263.5000,30.6600,2.790
2018-09-26,44.2700,263.5000,30.6500,2.989
2018-09-27,44.7600,265.0000,30.5200,3.100
2018-09-28,44.1600,262.5000,30.4600,2.485
2018-10-01,44.6600,263.0000,30.5400,3.720
2018-10-02,43.6200,257.5000,30.5500,3.502
2018-10-03,43.9600,260.0000,30.7200,3.881
2018-10-04,42.4300,254.0000,30.8400,3.035
2018-10-05,41.6300,250.0000,30.9100,2.943
2018-10-08,40.9600,243.5000,30.9100,3.990
2018-10-09,40.9000,244.0000,30.9700,3.826
2018-10-11,38.9400,227.5000,31.0000,6.122
2018-10-12,39.6600,237.0000,30.8900,3.384
2018-10-15,38.7500,230.5000,30.8500,3.726
2018-10-16,40.0100,237.0000,30.8200,4.060
2018-10-17,39.5700,238.5000,30.8300,2.301
2018-10-18,38.5400,236.5000,30.9800,0.970
2018-10-19,38.4500,236.0000,30.8800,0.622
2018-10-22,38.7200,237.0000,30.9200,1.031
2018-10-23,38.0000,230.0000,30.9700,2.336
2018-10-24,36.4800,229.5000,30.9900,-1.480
2018-10-25,37.3900,219.5000,30.9300,5.373
2018-10-26,36.6700,221.0000,31.0000,2.875
2018-10-29,36.3300,222.5000,30.9600,1.104
2018-10-30,37.7800,223.0000,30.9300,4.801
2018-10-31,38.1000,234.0000,30.9400,0.753
2018-11-01,39.0500,235.5000,30.7500,1.978
2018-11-02,38.7800,236.5000,30.5700,0.254
2018-11-05,38.4800,235.0000,30.7000,0.539
2018-11-06,38.7300,234.5000,30.7900,1.705
2018-11-07,39.1800,234.0000,30.6400,2.605
2018-11-08,38.7000,236.5000,30.6800,0.407
2018-11-09,38.0700,231.0000,30.7900,1.487
2018-11-12,37.0600,231.5000,30.7900,-1.419
2018-11-13,37.4000,227.5000,30.8800,1.531
2018-11-14,37.8400,228.5000,30.8800,2.276
2018-11-15,38.5200,231.0000,30.8100,2.753
2018-11-16,36.8700,226.0000,30.8000,0.495
2018-11-19,36.0500,222.0000,30.8900,0.323
2018-11-20,35.6400,218.0000,30.9400,1.165
2018-11-21,36.1700,219.0000,30.8400,1.871
2018-11-23,35.9600,218.5000,30.9300,1.807
2018-11-26,36.8400,223.0000,30.8500,1.930
2018-11-27,36.8000,224.0000,30.9000,1.529
2018-11-28,38.0100,226.5000,30.8600,3.575
2018-11-29,37.9300,229.0000,30.7900,1.997
2018-11-30,37.5900,225.5000,30.8300,2.785
2018-12-03,38.7300,235.0000,30.6700,1.094
2018-12-04,37.4400,234.0000,30.7100,-1.728
2018-12-06,36.8600,220.0000,30.9100,3.577
2018-12-07,36.5200,221.0000,30.9200,2.190
2018-12-10,36.4300,219.0000,30.9000,2.802
2018-12-11,36.7000,222.5000,30.8600,1.803
2018-12-12,37.3800,226.5000,30.7900,1.627
2018-12-13,37.3300,226.0000,30.8400,1.881
2018-12-14,36.5300,222.5000,30.8600,1.332
2018-12-17,36.2200,223.5000,30.8000,-0.172
2018-12-18,36.7600,222.5000,30.8100,1.805
2018-12-19,36.2300,225.5000,30.7200,-1.287
2018-12-20,35.8800,221.0000,30.7800,-0.056
2018-12-21,35.7100,223.5000,30.7400,-1.770
2018-12-24,35.2900,220.0000,30.7400,-1.380
2018-12-26,36.7600,216.5000,30.8100,4.626
2018-12-27,36.7800,223.0000,30.8000,1.599
2018-12-28,37.1400,225.5000,30.5500,0.632
2019-01-02,36.5200,219.5000,30.7800,2.422
2019-01-03,34.3600,215.5000,30.8600,-1.592
2019-01-04,34.9700,208.0000,30.8000,3.565
2019-01-07,35.2300,213.0000,30.8000,1.886
2019-01-08,34.9400,211.0000,30.8400,2.137
2019-01-09,35.6100,215.5000,30.7700,1.691
2019-01-10,36.4200,216.0000,30.7900,3.831
2019-01-11,36.6100,220.5000,30.7900,2.242
2019-01-14,35.7600,218.5000,30.7900,0.783
2019-01-15,36.0400,221.0000,30.8200,0.521
2019-01-16,35.6400,217.5000,30.8200,1.005
2019-01-17,36.2900,220.5000,30.8600,1.579
2019-01-18,36.8400,218.5000,30.8600,4.062
2019-01-22,36.3700,223.0000,30.8900,0.760
2019-01-23,36.4900,220.5000,30.8600,2.139
2019-01-24,37.6400,222.5000,30.8700,4.445
2019-01-25,38.1400,226.0000,30.7100,3.653
2019-01-28,37.4400,229.0000,30.7800,0.647
2019-01-29,36.3300,222.5000,30.8000,0.581
2019-01-30,37.3800,221.0000,30.7700,4.089
2019-02-11,38.2900,228.0000,30.8800,3.719
2019-02-12,38.6400,230.0000,30.8200,3.555
2019-02-13,38.1300,229.0000,30.8400,2.701
2019-02-14,38.0600,227.0000,30.8600,3.483
2019-02-15,38.0900,227.0000,30.8200,3.430
2019-02-19,38.4600,229.0000,30.8100,3.489
2019-02-20,39.0000,234.5000,30.8100,2.481
2019-02-21,38.9800,236.5000,30.8000,1.529
2019-02-22,39.3900,236.5000,30.7100,2.297
2019-02-25,39.5800,238.0000,30.7400,2.243
2019-02-26,39.6000,239.5000,30.7600,1.720
2019-02-27,39.4500,239.0000,30.7800,1.613
2019-03-04,39.1500,235.5000,30.8300,2.505
2019-03-05,39.0200,233.0000,30.8400,3.294
2019-03-06,38.7900,234.0000,30.8400,2.246
2019-03-07,38.6300,234.0000,30.9100,2.056
2019-03-08,38.2000,230.0000,30.8800,2.575
2019-03-11,38.6400,230.5000,30.9100,3.632
2019-03-12,38.9000,235.5000,30.9100,2.115
2019-03-13,39.2100,237.0000,30.9000,2.244
2019-03-14,38.8200,234.5000,30.9200,2.372
2019-03-15,39.6500,239.0000,30.8500,2.360
2019-03-18,39.8500,241.0000,30.7800,1.791
2019-03-19,39.7600,240.5000,30.8000,1.838
2019-03-20,39.8500,242.0000,30.8000,1.436
2019-03-21,41.0400,245.5000,30.8200,3.043
2019-03-22,40.4300,248.5000,30.8700,0.449
2019-03-25,39.9200,241.5000,30.8200,1.891
2019-03-26,40.4000,244.0000,30.8400,2.126
2019-03-27,40.2000,241.5000,30.8900,2.839
2019-03-28,40.3400,242.0000,30.8800,2.950
2019-03-29,40.9600,245.5000,30.8600,2.976
2019-04-01,41.3700,245.5000,30.8000,3.804
2019-04-02,41.2700,246.0000,30.8400,3.477
2019-04-03,41.7900,246.5000,30.8000,4.433
2019-04-08,42.3900,253.0000,30.8200,3.277
2019-04-09,42.2100,254.0000,30.8300,2.467
2019-04-10,42.3700,254.0000,30.8300,2.856
2019-04-11,42.1000,252.0000,30.8500,3.078
2019-04-12,42.5800,252.0000,30.8400,4.220
2019-04-15,42.6100,255.5000,30.8500,2.898
2019-04-16,43.0100,257.0000,30.8500,3.257
2019-04-17,44.3900,261.5000,30.7900,4.533
2019-04-18,45.4000,264.5000,30.8300,5.836
2019-04-22,45.1500,266.0000,30.8400,4.694
2019-04-23,45.4200,268.0000,30.8600,4.602
2019-04-24,45.4100,269.0000,30.8900,4.291
2019-04-25,44.4800,267.5000,30.9400,2.894
2019-04-26,43.9400,260.0000,30.9000,4.442
2019-04-29,43.8300,259.5000,30.9100,4.415
2019-04-30,43.8200,259.0000,30.9100,4.593
2019-05-02,44.4000,259.0000,30.9200,6.011
2019-05-03,44.7100,265.0000,30.8700,4.166
2019-05-06,43.7600,259.0000,30.9200,4.483
2019-05-07,43.7600,262.5000,30.9500,3.190
2019-05-08,43.7000,260.0000,30.9300,3.972
2019-05-09,43.2500,256.5000,31.0100,4.576
2019-05-10,42.8300,256.0000,30.9500,3.562
2019-05-13,40.9900,250.5000,31.1600,1.976
2019-05-14,41.9700,248.5000,31.0700,4.950
2019-05-15,41.9700,249.0000,31.1100,4.874
2019-05-16,41.5300,247.0000,31.1100,4.615
2019-05-17,40.2500,241.5000,31.3100,4.367
2019-05-20,38.6600,238.0000,31.4000,2.010
2019-05-21,39.3000,234.0000,31.4800,5.741
2019-05-22,38.9000,238.0000,31.5200,3.036
2019-05-23,38.0700,230.0000,31.5200,4.345
2019-05-24,38.2000,233.0000,31.5200,3.353
2019-05-28,37.6500,230.5000,31.4700,2.807
2019-05-29,37.6900,229.5000,31.5800,3.726
2019-05-30,38.0400,231.0000,31.6000,4.075
2019-05-31,38.3500,235.5000,31.5900,2.885
2019-06-03,38.8200,238.0000,31.4100,2.465
2019-06-04,39.0600,233.0000,31.4600,5.479
2019-06-05,38.2300,235.0000,31.3500,2.001
2019-06-06,38.4400,232.0000,31.3200,3.788
2019-06-10,39.6200,240.0000,31.4300,3.771
2019-06-11,39.9600,244.5000,31.3900,2.605
2019-06-12,39.4600,246.0000,31.4100,0.767
2019-06-13,39.4500,240.0000,31.4800,3.491
2019-06-14,37.8400,236.0000,31.5100,1.046
2019-06-17,37.6600,233.0000,31.5100,1.860
2019-06-18,39.2100,235.5000,31.3500,4.394
2019-06-19,39.4000,244.0000,31.5100,1.762
2019-06-20,40.5100,245.0000,30.9900,2.482
2019-06-21,40.5200,248.5000,31.0200,1.161
2019-06-24,39.9800,241.0000,31.0300,2.953
2019-06-25,38.9200,238.5000,31.0900,1.469
2019-06-26,39.0800,234.5000,31.0500,3.491
2019-06-27,39.5900,240.5000,31.0500,2.226
2019-06-28,39.1700,239.0000,31.0100,1.645
2019-07-01,41.3800,248.5000,30.9700,3.142
2019-07-02,40.8000,249.0000,31.0400,1.721
2019-07-03,40.3300,242.5000,31.0800,3.378
2019-07-05,39.9300,243.0000,31.1800,2.471
2019-07-08,39.3200,242.5000,31.1700,1.081
2019-07-09,39.6700,242.0000,31.1700,2.191
2019-07-10,40.7100,247.0000,31.1300,2.616
2019-07-11,40.9000,250.0000,31.0200,1.497
2019-07-12,41.2300,250.5000,31.0700,2.277
2019-07-15,41.8200,254.5000,31.0400,2.011
2019-07-16,41.7700,256.0000,31.0400,1.292
2019-07-17,41.6300,252.0000,31.0700,2.654
2019-07-18,43.1900,254.0000,31.0400,5.560
2019-07-19,43.8300,259.0000,31.0400,5.057
2019-07-22,44.6000,264.0000,31.0700,4.979
2019-07-23,44.4200,264.0000,31.0700,4.555
2019-07-24,44.5400,265.0000,31.0800,4.476
2019-07-25,43.6200,265.0000,31.0800,2.318
2019-07-26,43.4600,261.0000,31.0800,3.505
2019-07-29,43.9400,261.0000,31.1000,4.715
2019-07-30,43.1100,260.0000,31.0600,3.000
2019-07-31,42.6300,259.5000,31.0900,2.148
2019-08-01,41.8700,256.5000,31.1500,1.696
2019-08-02,41.6500,251.5000,31.3800,3.935
2019-08-05,39.8700,246.5000,31.6300,2.320
2019-08-06,41.2600,248.5000,31.4800,4.536
2019-08-07,41.2600,248.0000,31.5100,4.847
2019-08-08,41.9000,253.5000,31.3400,3.601
2019-08-12,40.9600,251.0000,31.4000,2.482
2019-08-13,41.8400,246.5000,31.5000,6.934
2019-08-14,40.4300,249.5000,31.3600,1.634
2019-08-15,40.8600,248.0000,31.3300,3.237
2019-08-16,41.5400,250.0000,31.3000,4.016
2019-08-19,41.7800,252.0000,31.3600,3.986
2019-08-20,41.9400,254.5000,31.3900,3.457
2019-08-21,42.5800,254.5000,31.3300,4.835
2019-08-22,42.1300,254.0000,31.3600,4.031
2019-08-23,40.9500,254.0000,31.4300,1.343
2019-08-26,41.3400,248.5000,31.4100,4.506
2019-08-27,41.3500,250.0000,31.3900,3.838
2019-08-28,41.6500,252.0000,31.4300,3.894
2019-08-29,42.2800,254.0000,31.3400,4.335
2019-08-30,42.6300,259.0000,31.3200,3.102
2019-09-03,41.7200,254.0000,31.3800,3.085
2019-09-04,43.1500,257.5000,31.3000,4.901
2019-09-05,44.2400,263.0000,31.2600,5.167
2019-09-06,43.7100,263.5000,31.2200,3.577
2019-09-10,44.1000,261.5000,31.2200,5.300
2019-09-11,44.2200,263.0000,31.1300,4.682
2019-09-12,44.0700,262.5000,31.0300,4.190
2019-09-16,44.6000,265.5000,30.9000,3.815
2019-09-17,45.1300,265.0000,30.9500,5.417
2019-09-18,45.0400,267.0000,30.9500,4.419
2019-09-19,44.9000,265.0000,30.9800,4.981
2019-09-20,43.8700,264.0000,30.9300,2.795
2019-09-23,44.0700,264.0000,30.9800,3.431
2019-09-24,44.1200,265.0000,31.0100,3.257
2019-09-25,45.0100,266.0000,31.0400,5.046
2019-09-26,46.4600,268.0000,31.0200,7.551
2019-09-27,45.5100,272.0000,31.0500,3.903
2019-10-01,47.1900,280.0000,31.0700,4.728
2019-10-02,46.4300,279.5000,31.0600,3.193
2019-10-03,47.1300,276.5000,30.9700,5.578
2019-10-04,47.4200,276.5000,30.9200,6.056
2019-10-07,47.9500,278.0000,30.8900,6.559
2019-10-08,47.8600,286.5000,30.8100,2.937
2019-10-09,48.6800,282.0000,30.8300,6.440
2019-10-14,49.9100,290.0000,30.7500,5.844
2019-10-15,50.3900,293.5000,30.6200,5.141
2019-10-16,50.1300,296.5000,30.6900,3.777
2019-10-17,49.7500,293.5000,30.6300,3.839
2019-10-18,49.2800,293.0000,30.5900,2.899
2019-10-21,50.0000,290.0000,30.5600,5.379
2019-10-22,50.6400,294.0000,30.5800,5.345
2019-10-23,50.1700,293.0000,30.6000,4.792
2019-10-24,50.9500,293.0000,30.5700,6.317
2019-10-25,51.1300,293.5000,30.5900,6.580
2019-10-28,51.3100,294.5000,30.5600,6.488
2019-10-29,51.4700,298.5000,30.5200,5.251
2019-10-30,51.9100,299.5000,30.4300,5.484
2019-10-31,51.6300,298.5000,30.4400,5.301
2019-11-01,52.1000,299.0000,30.4500,6.117
2019-11-04,53.4900,307.0000,30.4200,6.004
2019-11-05,53.5500,310.5000,30.3900,4.823
2019-11-06,53.6400,311.0000,30.3900,4.831
2019-11-07,53.6700,309.0000,30.3500,5.429
2019-11-08,52.8300,305.5000,30.3700,5.037
2019-11-11,52.6000,301.0000,30.3700,6.144
2019-11-12,52.1500,305.0000,30.4100,3.992
2019-11-13,52.8800,304.0000,30.5000,6.108
2019-11-14,52.4800,303.5000,30.5500,5.652
2019-11-15,53.2900,307.0000,30.5000,5.886
2019-11-18,53.4200,311.0000,30.5000,4.779
2019-11-19,53.7600,315.0000,30.5000,4.107
2019-11-20,53.5000,313.5000,30.5000,4.099
2019-11-21,52.9800,311.0000,30.5200,3.984
2019-11-22,52.7900,309.0000,30.5100,4.247
2019-11-25,53.7600,307.0000,30.5100,6.855
2019-11-26,53.6300,307.0000,30.5100,6.596
2019-11-27,53.8900,311.0000,30.5000,5.701
2019-11-29,53.0900,305.0000,30.5000,6.180
2019-12-02,52.9800,307.5000,30.5100,5.133
2019-12-03,52.7800,307.0000,30.5000,4.872
2019-12-04,53.1800,306.0000,30.5000,6.012
2019-12-05,54.4000,312.0000,30.4800,6.289
2019-12-06,54.9400,313.0000,30.4800,7.001
2019-12-09,54.4600,316.0000,30.4700,5.025
2019-12-10,54.5200,313.5000,30.4700,5.979
2019-12-11,55.9000,319.0000,30.4500,6.718
2019-12-12,58.6100,331.5000,30.2200,6.859
2019-12-13,58.2500,339.0000,30.2400,3.922
2019-12-16,58.5400,336.0000,30.1100,4.919
2019-12-17,59.2300,345.0000,30.1300,3.455
2019-12-18,59.1000,344.5000,30.1500,3.446
2019-12-19,57.9600,335.0000,30.1600,4.363
2019-12-20,57.9300,329.0000,30.1400,6.140
2019-12-23,58.2200,334.0000,30.1400,5.075
2019-12-24,57.7600,332.0000,30.1400,4.873
2019-12-26,58.2500,333.0000,30.1100,5.340
2019-12-27,58.4600,338.0000,30.0900,4.086
2019-12-30,57.8500,334.5000,30.0400,3.905
2019-12-31,58.1000,331.0000,29.9100,5.001
2020-01-02,60.0400,339.0000,29.9900,6.230
2020-01-03,58.0600,339.5000,30.0300,2.712
2020-01-06,57.3900,332.0000,30.0600,3.924
2020-01-07,58.3200,329.5000,30.0500,6.374
2020-01-08,58.7500,329.5000,30.0200,7.052
2020-01-09,59.2300,337.5000,29.9500,5.122
2020-01-10,58.8600,339.5000,29.9700,3.920
2020-01-13,60.0600,341.5000,29.8800,5.101
2020-01-14,60.3200,346.0000,29.8900,4.218
2020-01-15,58.3900,340.0000,29.9100,2.732
2020-01-16,58.7500,334.5000,29.9300,5.135
2020-01-17,58.5800,333.0000,29.9300,5.303
2020-01-30,55.8000,316.5000,30.2600,6.699
2020-01-31,53.9400,320.0000,30.2300,1.913
2020-02-03,54.7700,315.0000,30.2900,5.332
2020-02-04,57.5200,325.0000,30.1200,6.616
2020-02-05,57.9200,327.5000,30.0000,6.113
2020-02-06,58.0200,332.5000,30.0400,4.837
2020-02-07,56.2000,328.0000,30.1000,3.148
2020-02-10,57.0200,327.5000,30.0800,4.743
2020-02-11,58.6600,331.5000,30.0200,6.243
2020-02-12,59.6300,335.0000,29.9800,6.729
2020-02-13,59.3300,335.0000,29.9800,6.192
2020-02-14,58.1900,335.0000,30.0200,4.290
2020-02-18,56.1800,322.0000,30.1100,5.067
2020-02-19,57.6400,326.5000,30.1100,6.312
2020-02-20,56.4800,325.5000,30.2600,5.013
2020-02-21,55.5900,325.0000,30.4000,3.996
2020-02-24,54.1200,320.0000,30.4500,2.997
2020-02-25,53.8600,322.0000,30.3400,1.498
2020-02-26,55.0300,318.5000,30.2800,4.635
2020-02-27,53.2900,316.0000,30.2300,1.959
2020-03-02,55.9800,311.0000,29.8800,7.568
2020-03-03,54.8800,317.5000,29.8200,3.088
2020-03-04,57.0800,320.5000,29.9200,6.573
2020-03-05,55.7300,323.0000,29.9100,3.213
2020-03-06,55.0700,315.0000,29.9400,4.685
2020-03-09,51.8300,305.5000,29.9700,1.692
2020-03-10,54.5100,307.0000,29.9100,6.215
2020-03-11,52.2400,302.0000,30.0700,4.030
2020-03-12,48.6900,294.0000,30.1800,-0.036
2020-03-13,52.2300,290.0000,30.1300,8.530
2020-03-16,44.9000,276.5000,30.1900,-1.951
2020-03-17,48.5400,268.0000,30.2100,9.432
2020-03-18,44.3700,260.0000,30.3700,3.655
2020-03-19,43.8900,248.0000,30.4000,7.601
2020-03-20,44.5300,270.0000,30.3000,-0.055
2020-03-23,45.2600,255.0000,30.3300,7.666
2020-03-24,48.8700,267.5000,30.1600,10.200
2020-03-25,49.0000,277.0000,30.2900,7.163
2020-03-26,49.8700,280.0000,30.1900,7.541
2020-03-27,46.9100,273.0000,30.2100,3.821
2020-03-30,47.8200,267.5000,30.2400,8.118
2020-03-31,47.7900,274.0000,30.2500,5.522
2020-04-01,46.5100,271.5000,30.2900,3.778
2020-04-06,49.9700,275.5000,30.2100,9.589
2020-04-07,49.7200,283.0000,30.0800,5.695
2020-04-08,50.2700,285.0000,30.1100,6.220
2020-04-09,48.3300,283.0000,30.0100,2.501
2020-04-13,48.7500,278.5000,30.0600,5.237
2020-04-14,50.6300,285.0000,30.0700,6.838
2020-04-15,49.6600,287.5000,30.0400,3.776
2020-04-16,52.4000,286.5000,30.1100,10.141
2020-04-17,53.6900,306.5000,30.0700,5.348
2020-04-20,52.5900,304.0000,30.0400,3.934
2020-04-21,51.3700,295.0000,30.1000,4.830
2020-04-22,52.9500,294.0000,30.1000,8.421
2020-04-23,52.6400,295.5000,30.0800,7.168
2020-04-24,52.7300,294.0000,30.1000,7.971
2020-04-27,53.5100,298.0000,30.0200,7.810
2020-04-28,52.7600,296.5000,29.9900,6.730
2020-04-29,54.4800,299.0000,29.8900,8.924
2020-04-30,53.1300,304.5000,29.7200,3.713
2020-05-04,52.1500,295.0000,29.8200,5.431
2020-05-05,51.7100,295.5000,29.8400,4.435
2020-05-06,52.1300,296.0000,29.9000,5.317
2020-05-07,52.3300,297.5000,29.9000,5.188
2020-05-08,52.9100,297.5000,29.8700,6.247
2020-05-11,52.4000,301.0000,29.8700,3.999
2020-05-12,51.1000,295.0000,29.8800,3.516
2020-05-13,50.9200,297.0000,29.9100,2.560
2020-05-14,52.1000,293.0000,29.9100,6.369
2020-05-15,49.8000,298.0000,29.9400,0.068
2020-05-18,51.8700,290.0000,29.9600,7.174
2020-05-19,50.8100,291.5000,29.9400,4.374
2020-05-20,51.8400,294.0000,29.9700,5.690
2020-05-21,50.7500,297.5000,29.9100,2.046
2020-05-22,49.8000,292.0000,30.0800,2.602
2020-05-26,50.8200,295.5000,29.9700,3.085
2020-05-27,51.7400,296.5000,30.0400,4.841
2020-05-28,50.2800,294.0000,29.9700,2.510
2020-05-29,50.3300,292.0000,30.0100,3.452
2020-06-01,51.0300,295.5000,29.9100,3.303
2020-06-02,52.0100,296.5000,29.9100,4.932
2020-06-03,53.0600,301.0000,29.8800,5.344
2020-06-04,54.2800,306.0000,29.9000,6.077
2020-06-05,55.2000,311.5000,29.7800,5.545
2020-06-08,55.5700,318.0000,29.7500,3.975
2020-06-09,56.6100,319.0000,29.6800,5.341
2020-06-10,57.5500,322.5000,29.5400,5.428
2020-06-11,55.0400,320.5000,29.6500,1.837
2020-06-12,56.0000,316.0000,29.6300,5.018
2020-06-15,56.0200,309.5000,29.6700,7.406
2020-06-16,55.8000,315.0000,29.6500,5.046
2020-06-17,56.6000,315.0000,29.6400,6.516
2020-06-18,56.1500,314.5000,29.5900,5.658
2020-06-19,55.3100,314.5000,29.5900,4.078
2020-06-22,56.0000,312.0000,29.6000,6.256
2020-06-23,56.7600,315.0000,29.5400,6.457
2020-06-24,56.5800,317.5000,29.5200,5.212
2020-06-29,56.3900,312.0000,29.4500,6.454
2020-06-30,56.7700,313.0000,29.4400,6.793
2020-07-01,56.8200,317.5000,29.4300,5.336
2020-07-02,58.6200,322.0000,29.4500,7.227
2020-07-06,61.8800,338.0000,29.4000,7.649
2020-07-07,60.7100,338.5000,29.4500,5.637
2020-07-08,62.5900,341.0000,29.4300,8.037
2020-07-09,64.7800,345.0000,29.4200,10.483
2020-07-10,63.8500,348.5000,29.4500,7.913
2020-07-13,65.0700,354.5000,29.4200,8.003
2020-07-14,66.9600,363.5000,29.4500,8.499
2020-07-15,66.0600,363.0000,29.5000,7.370
2020-07-16,66.5900,357.5000,29.4400,9.673
2020-07-17,66.4000,367.0000,29.4600,6.602
2020-07-20,66.8900,366.0000,29.4500,7.645
2020-07-21,67.8100,383.0000,29.4000,4.105
2020-07-22,68.5300,384.0000,29.4100,4.972
2020-07-23,67.3700,381.5000,29.4100,3.872
2020-07-24,73.9000,386.0000,29.4500,12.765
2020-07-27,83.2500,424.5000,29.3100,14.961
2020-07-28,76.9200,435.0000,29.3000,3.621
2020-07-29,82.6700,422.0000,29.2600,14.641
2020-07-30,79.9300,434.0000,29.3200,7.998
2020-07-31,78.8900,425.5000,29.3400,8.796
2020-08-03,78.9500,416.0000,29.3500,11.403
2020-08-04,80.1900,425.5000,29.3800,10.739
2020-08-05,81.6300,429.0000,29.3400,11.656
2020-08-06,80.5200,435.0000,29.3700,8.730
2020-08-07,80.0300,433.0000,29.3900,8.641
2020-08-10,79.8700,435.5000,29.3900,7.802
2020-08-11,77.9400,429.0000,29.3900,6.791
2020-08-12,79.3900,419.0000,29.3700,11.298
2020-08-13,78.3000,429.0000,29.4300,7.430
2020-08-14,78.4100,427.0000,29.3800,7.901
2020-08-17,80.1900,435.0000,29.3800,8.321
2020-08-18,79.4100,433.0000,29.3900,7.800
2020-08-19,78.5400,427.5000,29.3700,7.917
2020-08-20,76.8100,415.0000,29.4200,8.904
2020-08-21,78.3400,424.5000,29.4000,8.513
2020-08-24,78.9000,428.0000,29.3800,8.322
2020-08-25,80.0400,434.5000,29.3800,8.243
2020-08-26,81.7500,442.0000,29.3400,8.531
2020-08-27,80.6000,444.0000,29.3600,6.595
2020-08-28,80.4400,435.0000,29.3400,8.511
2020-08-31,79.2500,426.5000,29.3700,9.148
2020-09-01,81.5500,435.0000,29.3600,10.083
2020-09-02,82.1700,433.0000,29.3600,11.432
2020-09-03,81.1800,436.0000,29.3500,9.295
2020-09-04,78.9100,429.0000,29.3200,7.862
2020-09-08,77.3200,431.0000,29.2500,4.947
2020-09-09,79.4000,427.0000,29.2900,8.929
2020-09-10,78.9000,435.0000,29.2700,6.179
2020-09-11,78.8200,436.5000,29.3000,5.816
2020-09-14,80.5000,441.0000,29.2300,6.713
2020-09-15,85.8500,445.0000,29.2300,12.782
2020-09-16,83.1300,458.0000,29.2100,6.036
2020-09-17,81.9100,448.5000,29.1400,6.437
2020-09-18,80.2300,444.0000,29.0200,4.877
2020-09-21,80.5900,440.0000,28.9900,6.196
2020-09-22,80.4800,437.0000,29.0500,7.000
2020-09-23,77.9200,433.5000,29.1500,4.792
2020-09-24,78.3800,423.0000,29.3100,8.620
2020-09-25,78.8800,424.0000,29.2500,8.832
2020-09-28,79.7700,431.5000,29.0800,7.518
2020-09-29,80.5100,431.0000,29.0300,8.455
2020-09-30,81.0700,433.0000,28.9500,8.405
2020-10-05,84.5400,432.5000,28.7500,12.394
2020-10-06,83.1200,439.5000,28.7900,8.898
2020-10-07,86.9200,443.0000,28.6600,12.466
2020-10-08,87.8000,453.0000,28.6500,11.058
2020-10-12,90.9100,460.0000,28.6200,13.124
2020-10-13,89.6400,462.0000,28.7400,11.526
2020-10-14,88.6000,459.0000,28.7600,11.030
2020-10-15,88.1500,453.0000,28.7700,11.968
2020-10-16,86.7000,449.0000,28.7500,11.030
2020-10-19,87.5600,457.5000,28.7300,9.972
2020-10-20,88.2600,451.0000,28.7000,12.331
2020-10-21,87.6400,453.0000,28.6700,10.933
2020-10-22,88.2100,455.0000,28.6800,11.203
2020-10-23,88.3100,452.0000,28.6500,11.951
2020-10-26,86.7300,450.0000,28.6200,10.321
2020-10-27,86.7100,447.0000,28.5600,10.803
2020-10-28,83.8500,444.0000,28.5700,7.910
2020-10-29,84.8900,437.0000,28.5900,11.076
2020-10-30,83.8700,432.0000,28.5700,10.934
2020-11-02,85.7100,435.5000,28.5500,12.378
2020-11-03,87.6900,441.0000,28.6100,13.778
2020-11-04,89.4500,450.0000,28.6000,13.701
2020-11-05,90.4300,451.0000,28.5400,14.451
2020-11-06,91.4100,452.5000,28.5900,15.510
2020-11-09,89.0300,458.5000,28.5800,10.991
2020-11-10,87.6600,451.0000,28.5500,10.984
2020-11-11,90.8800,457.0000,28.5500,13.550
2020-11-12,89.8200,458.0000,28.5000,11.785
2020-11-13,93.2200,462.0000,28.5100,15.052
2020-11-16,99.2700,484.0000,28.5200,16.991
2020-11-17,95.7100,485.5000,28.5300,12.486
2020-11-18,96.9300,497.0000,28.5000,11.167
2020-11-19,96.6100,490.0000,28.5200,12.462
2020-11-20,95.3300,488.0000,28.5200,11.427
2020-11-23,98.1300,496.5000,28.5200,12.736
2020-11-24,96.6400,492.0000,28.5000,11.961
2020-11-25,97.4900,487.0000,28.4800,14.025
2020-11-27,98.7400,489.0000,28.4800,15.015
2020-11-30,97.0200,480.5000,28.5500,15.293
2020-12-01,100.8600,490.0000,28.5400,17.492
2020-12-02,99.5400,499.0000,28.4900,13.663
2020-12-03,99.5000,497.0000,28.3900,13.674
2020-12-04,103.7300,503.0000,28.2100,16.351
2020-12-07,106.3900,514.0000,28.2500,16.946
2020-12-08,105.6400,524.0000,28.2400,13.865
2020-12-09,104.4200,520.0000,28.1900,13.215
2020-12-10,104.2300,512.0000,28.2300,14.938
2020-12-11,104.0300,516.0000,28.1700,13.586
2020-12-14,103.5600,508.0000,28.1400,14.731
2020-12-15,105.0900,504.0000,28.1200,17.267
2020-12-16,105.2000,512.0000,28.1500,15.679
2020-12-17,103.9000,508.0000,28.1300,15.067
2020-12-18,104.2800,510.0000,28.1400,15.076
2020-12-21,104.8300,516.0000,28.1600,14.419
2020-12-22,103.9400,509.0000,28.1800,15.090
2020-12-23,103.7600,509.0000,28.1400,14.727
2020-12-24,105.9700,510.0000,28.1400,16.941
2020-12-28,106.1500,515.0000,28.1100,15.879
2020-12-29,105.5600,515.0000,28.1000,15.194
2020-12-30,108.9000,525.0000,28.1000,16.575
2020-12-31,109.0400,530.0000,28.0800,15.541
2021-01-04,111.7000,536.0000,28.0800,17.035
2021-01-05,112.7700,542.0000,27.9900,16.474
2021-01-06,115.6100,549.0000,28.0000,17.926
2021-01-07,121.4300,565.0000,28.0200,20.441
2021-01-08,118.6900,580.0000,27.9800,14.515
2021-01-11,122.6000,584.0000,28.0000,17.562
2021-01-12,123.0000,591.0000,28.0000,16.548
2021-01-13,119.2300,605.0000,28.0100,10.401
2021-01-14,126.4500,592.0000,28.0100,19.658
2021-01-15,125.2300,601.0000,28.0200,16.770
2021-01-19,131.3000,627.0000,28.0200,17.353
2021-01-20,130.6400,647.0000,28.0200,13.154
2021-01-21,134.1600,673.0000,27.9700,11.514
2021-01-22,129.1400,649.0000,27.9600,11.271
2021-01-25,130.5200,633.0000,27.9900,15.427
2021-01-26,126.6500,617.0000,28.0200,15.032
2021-01-27,121.7400,615.0000,28.0000,10.853
2021-01-28,125.8300,601.0000,28.0300,17.372
2021-01-29,121.5200,591.0000,28.0100,15.187
2021-02-01,126.6600,611.0000,27.9900,16.046
2021-02-02,128.4400,632.0000,27.9600,13.645
2021-02-03,127.5000,630.0000,27.9400,13.090
2021-02-04,128.1500,627.0000,27.9800,14.374
2021-02-05,127.7800,632.0000,27.9500,13.021
2021-02-17,136.2700,663.0000,28.0000,15.100
2021-02-18,134.6300,660.0000,27.9400,13.987
2021-02-19,136.6600,652.0000,27.9000,16.957
2021-02-22,133.5700,650.0000,27.9200,14.747
2021-02-23,129.1000,641.0000,27.8500,12.182
2021-02-24,132.3000,625.0000,27.8400,17.863
2021-02-25,126.0000,635.0000,27.8100,10.364
2021-02-26,125.9400,606.0000,27.8700,15.840
2021-03-02,126.0000,609.0000,27.8700,15.324
2021-03-03,122.8900,622.0000,27.7600,9.692
2021-03-04,115.5900,601.0000,27.8300,7.051
2021-03-05,120.8000,601.0000,27.8900,12.117
2021-03-08,113.9300,598.0000,28.2300,7.567
2021-03-09,116.3800,595.0000,28.2900,10.669
2021-03-10,113.8300,597.0000,28.3400,8.072
2021-03-11,120.5800,609.0000,28.2100,11.710
2021-03-12,118.3000,614.0000,28.2100,8.705
2021-03-15,119.0800,611.0000,28.2400,10.076
2021-03-16,119.3500,613.0000,28.2700,10.082
2021-03-17,118.7600,604.0000,28.3300,11.406
2021-03-18,114.5000,602.0000,28.3800,7.957
2021-03-19,113.6300,591.0000,28.4200,9.285
2021-03-22,117.1800,593.0000,28.4000,12.240
2021-03-23,114.8900,594.0000,28.4400,10.016
2021-03-24,108.9600,576.0000,28.4800,7.749
2021-03-25,110.4500,575.0000,28.5900,9.835
2021-03-26,116.5600,590.0000,28.5900,12.964
2021-03-29,114.3900,599.0000,28.5400,9.005
2021-03-30,115.0700,597.0000,28.5100,9.904
2021-03-31,118.2800,587.0000,28.4800,14.774
2021-04-01,124.8000,602.0000,28.5300,18.291
2021-04-07,119.8900,610.0000,28.4200,11.714
2021-04-08,123.4300,613.0000,28.4500,14.570
2021-04-09,122.8000,610.0000,28.4300,14.466
2021-04-12,120.9000,605.0000,28.4400,13.666
2021-04-13,121.2700,605.0000,28.4800,14.174
2021-04-14,120.8400,612.0000,28.4500,12.350
2021-04-15,118.3500,619.0000,28.3300,8.331
2021-04-16,118.8400,610.0000,28.3400,10.424
2021-04-19,115.4000,603.0000,28.1500,7.745
2021-04-20,114.9500,602.0000,28.1200,7.389
2021-04-21,117.4000,592.0000,28.0900,11.411
2021-04-22,115.3200,591.0000,28.0900,9.622
2021-04-23,118.6400,602.0000,28.0900,10.718
2021-04-26,121.5200,610.0000,27.8900,11.121
2021-04-27,121.2700,610.0000,27.8900,10.892
2021-04-28,119.6600,602.0000,27.9000,10.914
2021-04-29,119.1000,600.0000,27.8500,10.564
2021-05-03,115.9400,588.0000,27.9300,10.143
2021-05-04,115.3600,591.0000,27.9800,9.231
2021-05-05,115.3800,585.0000,27.9600,10.291
2021-05-06,117.0000,587.0000,27.9500,11.419
2021-05-07,116.8300,599.0000,27.8900,8.794
2021-05-10,112.3100,589.0000,27.7700,5.903
2021-05-11,112.8500,571.0000,27.9200,10.360
2021-05-12,108.2100,560.0000,27.9500,8.017
2021-05-13,108.7500,547.0000,27.9500,11.136
2021-05-14,112.4600,557.0000,27.9600,12.904
2021-05-17,109.8000,549.0000,28.0900,12.360
2021-05-18,110.8400,572.0000,27.9600,8.360
2021-05-19,112.4000,567.0000,27.9800,10.933
2021-05-20,113.2800,567.0000,27.9600,11.722
2021-05-21,111.8500,573.0000,27.9700,9.195
2021-05-24,113.6300,568.0000,27.9300,11.750
2021-05-25,114.2800,583.0000,27.9000,9.379
2021-05-26,116.0000,585.0000,27.7800,10.170
2021-05-27,115.7700,582.0000,27.8000,10.598
2021-05-28,117.3600,590.0000,27.7000,10.199
2021-06-01,118.5100,598.0000,27.5600,9.235
2021-06-02,118.9500,595.0000,27.6300,10.474
2021-06-03,116.8200,596.0000,27.6800,8.509
2021-06-04,119.5100,595.0000,27.6600,11.114
2021-06-07,118.2200,592.0000,27.7300,10.751
2021-06-08,115.9200,589.0000,27.7100,9.071
2021-06-09,117.1300,586.0000,27.7300,10.854
2021-06-10,118.2400,599.0000,27.6600,9.199
2021-06-11,118.2500,602.0000,27.6900,8.782
2021-06-15,119.4500,609.0000,27.6700,8.545
2021-06-16,118.0200,605.0000,27.6400,7.837
2021-06-17,119.1200,606.0000,27.7800,9.213
2021-06-18,115.7900,603.0000,27.8100,6.803
2021-06-21,114.1400,583.0000,27.9300,9.363
2021-06-22,114.3300,578.0000,28.0100,10.809
2021-06-23,116.0500,595.0000,27.9600,9.067
2021-06-24,117.2400,590.0000,27.9800,11.199
2021-06-25,116.5300,591.0000,27.9100,10.063
2021-06-28,119.6100,590.0000,27.8900,13.082
2021-06-29,120.2300,595.0000,27.9300,12.875
2021-06-30,120.1600,595.0000,27.9100,12.728
2021-07-01,118.4200,593.0000,27.9100,11.471
2021-07-02,118.9100,588.0000,27.9400,13.005
2021-07-06,120.0500,592.0000,28.0000,13.561
2021-07-07,118.2500,594.0000,28.0100,11.521
2021-07-08,117.8700,588.0000,28.0100,12.297
2021-07-09,120.5600,584.0000,27.9800,15.523
2021-07-12,122.6300,593.0000,28.0000,15.806
2021-07-13,123.9000,607.0000,28.0000,14.306
2021-07-14,124.3900,613.0000,27.9900,13.595
2021-07-15,117.5300,614.0000,27.8900,6.772
2021-07-16,115.7400,589.0000,27.9800,9.963
2021-07-19,115.3500,582.0000,28.0500,11.188
2021-07-20,116.4000,581.0000,28.0600,12.433
2021-07-21,117.8700,585.0000,28.0600,13.075
2021-07-22,116.5600,591.0000,28.0200,10.525
2021-07-23,116.7900,585.0000,28.0300,11.919
2021-07-26,115.6500,580.0000,28.0600,11.901
2021-07-27,113.5400,580.0000,28.0800,9.938
2021-07-28,115.0700,579.0000,28.0000,11.294
2021-07-29,116.1500,583.0000,27.9100,11.209
2021-07-30,116.6400,580.0000,27.9600,12.457
2021-08-02,116.8600,590.0000,27.9200,10.601
2021-08-03,118.4100,594.0000,27.9000,11.234
2021-08-04,118.7400,596.0000,27.7700,10.651
2021-08-05,119.2200,596.0000,27.7600,11.059
2021-08-06,118.2100,591.0000,27.8600,11.449
2021-08-09,118.2200,595.0000,27.8100,10.511
2021-08-10,116.3600,591.0000,27.8400,9.626
2021-08-11,115.9900,590.0000,27.8400,9.463
2021-08-12,115.7000,586.0000,27.7900,9.737
2021-08-13,115.5000,581.0000,27.8400,10.689
2021-08-16,114.6300,584.0000,27.8400,9.291
2021-08-17,111.1100,584.0000,27.8500,5.973
2021-08-18,110.4500,574.0000,27.8400,7.140
2021-08-19,110.5200,559.0000,27.9800,10.639
2021-08-20,108.1200,552.0000,28.0300,9.804
2021-08-23,110.9600,566.0000,27.9700,9.666
2021-08-24,112.1100,572.0000,27.9200,9.444
2021-08-25,117.0300,585.0000,27.9100,11.669
2021-08-26,118.1000,594.0000,27.9200,11.022
2021-08-27,118.4900,599.0000,27.8700,10.261
2021-08-30,118.9900,605.0000,27.7800,9.274
2021-08-31,119.0100,614.0000,27.6600,7.225
2021-09-01,120.4600,613.0000,27.7000,8.866
2021-09-02,120.7900,607.0000,27.6600,10.084
2021-09-03,123.9700,620.0000,27.6100,10.413
2021-09-07,124.7000,623.0000,27.6400,10.649
2021-09-08,121.8900,619.0000,27.7200,9.169
2021-09-09,122.6800,619.0000,27.6700,9.679
2021-09-10,122.9700,622.0000,27.6500,9.329
2021-09-13,123.6200,615.0000,27.6700,11.238
2021-09-14,123.0900,613.0000,27.6900,11.203
2021-09-15,121.5000,607.0000,27.6700,10.771
2021-09-16,120.7900,600.0000,27.7500,11.731
2021-09-17,117.7500,600.0000,27.7700,8.997
2021-09-22,115.8700,586.0000,27.7500,9.740
2021-09-23,116.1900,588.0000,27.7500,9.669
2021-09-24,115.6400,598.0000,27.7300,7.247
2021-09-27,116.1500,602.0000,27.7000,6.889
2021-09-28,111.9000,594.0000,27.7300,4.478
2021-09-29,111.6200,580.0000,27.8300,7.117
2021-09-30,111.6500,580.0000,27.8400,7.184
2021-10-01,111.5600,574.0000,27.8100,8.100
2021-10-04,109.0200,572.0000,27.9400,6.504
2021-10-05,109.2600,572.0000,27.9100,6.624
2021-10-06,109.3400,571.0000,27.9700,7.119
2021-10-07,110.8300,580.0000,27.9900,6.970
2021-10-08,110.0400,575.0000,28.0800,7.476
2021-10-12,109.2000,575.0000,28.1300,6.845
2021-10-13,109.9800,571.0000,28.0700,8.131
2021-10-14,112.5600,573.0000,28.0500,10.203
2021-10-15,114.8600,600.0000,27.9900,7.164
2021-10-18,115.3400,590.0000,27.9800,9.397
2021-10-19,116.9600,600.0000,27.8300,8.500
2021-10-20,115.5900,598.0000,27.8700,7.742
2021-10-21,116.2900,596.0000,27.8600,8.719
2021-10-22,114.2300,600.0000,27.8900,6.196
2021-10-25,113.6400,593.0000,27.8700,6.818
2021-10-26,114.1800,599.0000,27.7800,5.907
2021-10-27,113.7500,599.0000,27.8200,5.660
2021-10-28,116.0100,595.0000,27.7800,8.328
2021-10-29,113.7000,590.0000,27.8300,7.263
2021-11-01,114.1200,590.0000,27.8500,7.737
2021-11-02,114.1100,592.0000,27.8600,7.402
2021-11-03,114.0100,592.0000,27.8500,7.270
2021-11-04,117.7900,587.0000,27.8800,11.890
2021-11-05,117.8000,600.0000,27.8700,9.436
2021-11-08,120.9100,602.0000,27.8500,11.872
2021-11-09,121.7800,611.0000,27.7800,10.738
2021-11-10,118.2000,612.0000,27.7500,7.191
2021-11-11,118.1900,606.0000,27.7500,8.243
2021-11-12,118.6900,604.0000,27.8200,9.336
2021-11-15,118.1200,608.0000,27.8000,8.018
2021-11-16,118.0800,610.0000,27.7800,7.550
2021-11-17,119.0600,610.0000,27.8100,8.559
2021-11-18,123.3900,613.0000,27.8300,12.037
2021-11-19,124.2600,618.0000,27.7800,11.713
2021-11-22,124.7500,615.0000,27.8000,12.782
2021-11-23,121.3600,612.0000,27.7800,10.176
2021-11-24,120.7100,603.0000,27.7800,11.221
2021-11-26,117.0900,596.0000,27.8400,9.389
2021-11-29,119.2800,593.0000,27.7800,11.757
2021-11-30,117.1500,596.0000,27.6900,8.855
2021-12-01,120.6300,600.0000,27.6900,11.341
2021-12-02,121.7000,615.0000,27.7400,9.787
2021-12-03,119.3300,608.0000,27.7100,8.771
2021-12-06,119.1400,600.0000,27.7300,10.125
2021-12-07,122.3200,607.0000,27.7500,11.841
2021-12-08,121.8000,602.0000,27.7200,12.169
2021-12-09,119.5000,608.0000,27.7100,8.926
2021-12-10,119.1300,605.0000,27.7300,9.206
2021-12-13,116.4200,601.0000,27.7800,7.626
2021-12-14,116.2900,599.0000,27.8000,7.942
2021-12-15,120.4000,600.0000,27.8200,11.651
2021-12-16,116.5700,605.0000,27.8000,7.129
2021-12-17,116.3200,607.0000,27.8200,6.623
2021-12-20,114.9400,598.0000,27.8700,7.136
2021-12-21,117.4400,597.0000,27.8100,9.414
2021-12-22,121.3000,600.0000,27.8100,12.445
2021-12-23,120.6800,606.0000,27.7400,10.484
2021-12-27,122.7000,606.0000,27.6600,12.009
2021-12-28,122.0600,615.0000,27.6400,9.715
2021-12-29,121.4100,616.0000,27.6400,8.954
2021-12-30,120.4200,615.0000,27.7400,8.633
2022-01-03,128.8000,631.0000,27.6200,12.756
2022-01-04,133.4000,656.0000,27.5200,11.926
2022-01-05,127.0600,650.0000,27.6000,7.903
2022-01-06,128.4700,644.0000,27.6400,10.277
2022-01-07,123.5000,634.0000,27.6600,7.761
2022-01-10,125.0100,643.0000,27.6700,7.590
2022-01-11,129.1700,651.0000,27.6900,9.884
2022-01-12,132.2300,660.0000,27.6700,10.873
2022-01-13,139.1900,661.0000,27.6100,16.279
2022-01-14,140.6600,672.0000,27.5800,15.458
2022-01-18,133.8300,662.0000,27.5800,11.512
2022-01-19,131.0100,654.0000,27.6200,10.657
2022-01-20,128.3300,651.0000,27.6200,8.893
2022-01-21,124.5300,641.0000,27.7000,7.628
2022-01-24,125.9600,653.0000,27.7400,7.018
2022-01-25,122.4800,641.0000,27.7100,5.895
2022-01-26,123.0800,636.0000,27.7300,7.327
2022-02-07,122.3100,635.0000,27.8600,7.325
2022-02-08,123.7100,628.0000,27.7900,9.487
2022-02-09,125.5200,633.0000,27.8000,10.251
2022-02-10,124.7100,649.0000,27.8200,6.916
2022-02-11,121.0100,650.0000,27.8300,3.622
2022-02-14,119.7700,637.0000,27.8900,4.879
2022-02-15,124.5200,633.0000,27.8700,9.648
2022-02-16,123.6000,646.0000,27.8400,6.533
2022-02-17,119.7600,645.0000,27.8600,3.458
2022-02-18,119.3100,637.0000,27.8500,4.326
2022-02-22,116.9100,627.0000,27.8400,3.821
2022-02-23,115.9000,625.0000,27.8600,3.327
2022-02-24,111.8800,604.0000,28.1300,4.211
2022-02-25,111.2300,604.0000,27.9800,3.053
2022-03-01,108.0500,604.0000,28.0200,0.250
2022-03-02,109.6100,601.0000,28.0400,2.278
2022-03-03,108.7900,602.0000,28.0600,1.417
2022-03-04,105.0600,595.0000,28.1600,-0.555
2022-03-07,99.2900,576.0000,28.2500,-2.606
2022-03-08,100.0000,563.0000,28.3600,0.746
2022-03-09,104.9500,568.0000,28.4100,4.987
2022-03-10,103.9600,587.0000,28.2800,0.170
2022-03-11,101.4100,575.0000,28.4100,0.211
2022-03-14,99.3000,572.0000,28.4700,-1.151
2022-03-15,102.0900,558.0000,28.5800,4.578
2022-03-16,105.6900,558.0000,28.5700,8.228
2022-03-17,106.4900,582.0000,28.3600,3.782
2022-03-18,106.7200,581.0000,28.3500,4.148
2022-03-21,106.9200,586.0000,28.4600,3.855
2022-03-22,107.0400,583.0000,28.5400,4.800
2022-03-23,105.3500,590.0000,28.5900,2.100
2022-03-24,107.9200,591.0000,28.6100,4.487
2022-03-25,106.7300,598.0000,28.6700,2.339
2022-03-28,106.3300,584.0000,28.7800,4.801
2022-03-29,109.2500,589.0000,28.7800,6.765
2022-03-30,106.7300,600.0000,28.5500,1.571
2022-03-31,104.2600,597.0000,28.6200,-0.036
2022-04-01,102.7900,589.0000,28.6800,0.102
2022-04-06,101.1800,578.0000,28.6700,0.375
2022-04-07,100.5200,566.0000,28.8200,2.367
2022-04-08,99.2900,567.0000,28.9400,1.356
2022-04-11,97.5700,558.0000,29.0700,1.662
2022-04-12,97.4400,557.0000,29.1200,1.883
2022-04-13,101.5000,573.0000,29.0100,2.775
2022-04-14,98.3600,573.0000,28.9900,-0.473
2022-04-18,98.7700,561.0000,29.2200,2.890
2022-04-19,99.4500,565.0000,29.2200,2.865
2022-04-20,99.0100,570.0000,29.2300,1.546
2022-04-21,97.6600,565.0000,29.2900,1.255
2022-04-22,95.6800,558.0000,29.3200,0.550
2022-04-25,96.2400,547.0000,29.3300,3.207
2022-04-26,92.7700,546.0000,29.2900,-0.468
2022-04-27,90.2600,526.0000,29.3900,0.865
2022-04-28,95.2200,531.0000,29.5200,5.872
2022-04-29,92.9300,538.0000,29.4300,1.670
2022-05-03,93.6300,531.0000,29.4800,3.963
2022-05-04,95.9900,534.0000,29.5300,6.164
2022-05-05,92.1500,542.0000,29.6900,0.957
2022-05-06,91.6300,528.0000,29.6800,3.014
2022-05-09,87.3000,520.0000,29.7800,-0.008
2022-05-10,88.8200,518.0000,29.7100,1.886
2022-05-11,87.8300,521.0000,29.6900,0.103
2022-05-12,87.6900,505.0000,29.8400,3.630
2022-05-13,90.9600,511.0000,29.7900,6.055
2022-05-16,90.4100,520.0000,29.7700,3.519
2022-05-17,93.3200,530.0000,29.6700,4.483
2022-05-18,90.5300,538.0000,29.7400,0.088
2022-05-19,90.2100,522.0000,29.7600,2.860
2022-05-20,90.7800,530.0000,29.6100,1.434
2022-05-23,91.5000,528.0000,29.6000,2.591
2022-05-24,88.7200,520.0000,29.5900,0.970
2022-05-25,90.4100,524.0000,29.5000,1.798
2022-05-26,91.0000,514.0000,29.4400,4.243
2022-05-27,93.7700,530.0000,29.3000,3.678
2022-05-31,95.3000,560.0000,28.9900,-1.330
2022-06-01,94.7500,549.0000,29.1900,0.756
2022-06-02,96.3400,540.0000,29.3400,4.689
2022-06-06,93.1100,540.0000,29.3700,1.283
2022-06-07,93.8400,535.0000,29.4900,3.452
2022-06-08,93.4700,544.0000,29.5000,1.374
2022-06-09,90.8500,541.0000,29.5700,-0.686
2022-06-10,88.6800,530.0000,29.5600,-1.080
2022-06-13,85.5500,516.0000,29.7400,-1.385
2022-06-14,87.1900,513.0000,29.6600,0.821
2022-06-15,89.1300,509.0000,29.7200,4.084
2022-06-16,84.5200,508.0000,29.7700,-0.939
2022-06-17,85.0000,501.0000,29.7300,0.880
2022-06-21,86.9500,505.0000,29.7100,2.308
2022-06-22,84.9100,494.5000,29.8100,2.373
2022-06-23,84.1200,485.5000,29.7500,3.092
2022-06-24,85.9200,486.5000,29.7200,4.976
2022-06-27,85.8600,498.5000,29.6100,1.999
2022-06-28,84.3400,497.5000,29.6700,0.598
2022-06-29,83.6500,491.0000,29.6700,1.096
2022-06-30,81.7500,476.0000,29.7400,2.153
2022-07-01,77.0000,453.5000,29.7800,1.127
2022-07-05,76.1100,446.0000,29.8300,1.810
2022-07-06,75.5600,435.5000,29.8000,3.407
2022-07-07,80.6500,457.5000,29.7800,4.995
2022-07-08,81.5100,467.0000,29.7500,3.851
2022-07-11,79.1100,462.0000,29.8300,2.158
2022-07-12,79.1000,449.5000,29.9000,5.232
2022-07-13,81.2900,470.5000,29.8200,3.042
2022-07-14,83.6700,475.0000,29.8900,5.301
2022-07-15,85.6300,492.5000,29.9300,4.077
2022-07-18,83.5800,495.5000,29.8900,0.836
2022-07-19,86.1500,491.0000,29.8800,4.854
2022-07-20,86.5600,495.0000,29.9200,4.641
2022-07-21,87.7900,501.0000,29.9100,4.822
2022-07-22,86.3200,503.0000,29.9000,2.623
2022-07-25,86.3000,499.5000,29.9100,3.353
2022-07-26,84.4200,495.0000,29.9600,2.191
2022-07-27,87.6300,502.0000,29.9500,4.562
2022-07-28,88.6100,501.0000,29.9500,5.943
2022-07-29,88.4800,509.0000,29.9100,3.986
2022-08-01,86.3100,504.0000,29.9800,2.681
2022-08-02,86.0500,492.0000,29.9700,4.834
2022-08-03,86.5100,501.0000,29.9800,3.536
2022-08-04,88.4200,500.0000,30.0000,6.104
2022-08-05,89.7700,516.0000,29.9400,4.175
2022-08-08,87.9400,512.0000,30.0300,3.158
2022-08-09,85.2100,510.0000,30.0300,0.347
2022-08-10,88.6700,500.0000,30.0300,6.510
2022-08-11,89.5200,514.0000,29.9500,4.324
2022-08-12,90.8600,517.0000,29.9800,5.377
2022-08-15,91.5700,523.0000,30.0000,5.052
2022-08-16,89.9500,525.0000,29.9800,2.731
2022-08-17,89.2000,527.0000,29.9800,1.488
2022-08-18,89.2700,520.0000,30.0000,3.004
2022-08-19,87.2000,519.0000,30.0200,0.876
2022-08-22,85.2400,512.0000,30.1600,0.423
2022-08-23,86.0300,504.0000,30.1100,2.792
2022-08-24,85.5600,503.0000,30.2700,2.978
2022-08-25,87.5700,508.0000,30.2400,4.257
2022-08-26,84.7400,512.0000,30.2000,-0.033
2022-08-29,82.8500,498.5000,30.4000,1.049
2022-08-30,82.7900,496.0000,30.4400,1.618
2022-08-31,83.3500,505.0000,30.3800,0.284
2022-09-01,81.6400,490.5000,30.5200,1.596
2022-09-02,80.9000,485.0000,30.5900,2.051
2022-09-06,80.0300,489.0000,30.8200,0.880
2022-09-07,79.9500,472.5000,30.9000,4.570
2022-09-08,80.2400,475.0000,30.9100,4.430
2022-09-12,82.1500,486.5000,30.9300,4.456
2022-09-13,78.8100,493.0000,31.1100,-0.536
2022-09-14,79.6600,480.0000,31.1100,3.259
2022-09-15,77.9800,476.5000,31.1400,1.922
2022-09-16,77.8900,472.0000,31.3500,3.468
2022-09-19,78.2300,467.0000,31.4200,5.267
2022-09-20,78.1500,476.5000,31.3700,2.899
2022-09-21,77.1400,471.0000,31.4700,3.083
2022-09-22,75.6300,464.5000,31.6000,2.902
2022-09-23,73.8700,455.0000,31.8200,3.321
2022-09-26,73.0100,446.5000,31.8300,4.094
2022-09-27,73.0300,448.0000,31.7000,3.350
2022-09-28,72.1300,438.0000,31.7500,4.572
2022-09-29,69.2800,435.0000,31.8100,1.324
2022-09-30,68.5600,422.0000,31.7800,3.262
2022-10-03,69.2500,417.0000,31.8300,5.718
2022-10-04,72.8100,429.0000,31.7300,7.704
2022-10-05,74.4800,445.0000,31.5200,5.511
2022-10-06,74.3500,451.0000,31.5300,3.958
2022-10-07,69.7500,438.0000,31.6500,0.803
2022-10-11,63.4500,401.5000,31.8500,0.667
2022-10-12,64.1100,397.5000,31.8400,2.705
2022-10-13,66.6200,395.0000,31.8800,7.536
2022-10-14,63.9200,412.0000,31.9500,-0.862
2022-10-17,64.8900,397.0000,31.9500,4.445
2022-10-18,63.7100,407.0000,32.0300,0.277
2022-10-19,63.6600,395.5000,32.0000,3.015
2022-10-20,63.5800,397.5000,32.0600,2.560
2022-10-21,63.7500,389.5000,32.1700,5.306
2022-10-24,61.2900,387.0000,32.3700,2.530
2022-10-25,61.1400,371.0000,32.3400,6.591
2022-10-26,60.8400,376.0000,32.1000,3.881
2022-10-27,60.9500,385.5000,31.9900,1.156
2022-10-28,62.0100,379.5000,32.1300,5.000
2022-10-31,61.5500,390.0000,32.2600,1.826
2022-11-01,61.5800,391.5000,32.1800,1.233
2022-11-02,60.5200,395.0000,32.1400,-1.513
2022-11-03,60.2800,384.0000,32.2700,1.314
2022-11-04,62.4800,382.0000,32.2600,5.529
2022-11-07,62.7600,390.0000,32.0100,3.023
2022-11-08,65.0200,399.0000,31.9400,4.097
2022-11-09,65.0000,417.0000,31.7800,-0.926
2022-11-10,70.8400,407.5000,31.5100,9.554
2022-11-11,73.8300,441.5000,31.5100,5.385
2022-11-14,72.8000,445.0000,30.9800,1.364
2022-11-15,80.4600,480.0000,31.0500,4.095
2022-11-16,79.4500,487.0000,31.0300,1.246
2022-11-17,81.4800,485.0000,31.0900,4.462
2022-11-18,82.2700,487.0000,31.1200,5.143
2022-11-21,79.9300,482.0000,31.1900,3.445
2022-11-22,82.5400,491.0000,31.1600,4.764
2022-11-23,81.9700,492.0000,31.1500,3.795
2022-11-25,81.4000,498.0000,30.9400,1.145
2022-11-28,79.2200,480.5000,30.9900,2.186
2022-11-29,79.3300,487.0000,30.9800,0.930
2022-11-30,82.9800,490.0000,30.8900,4.623
2022-12-01,82.6800,498.5000,30.6000,1.505
2022-12-02,81.5000,492.5000,30.5800,1.209
2022-12-05,81.6200,489.0000,30.4800,1.750
2022-12-06,79.5600,478.0000,30.6400,1.997
2022-12-07,79.2400,475.0000,30.6200,2.161
2022-12-08,80.8000,471.5000,30.6600,5.083
2022-12-09,80.6900,481.5000,30.6100,2.593
2022-12-12,80.4300,475.0000,30.6700,3.865
2022-12-13,80.5100,471.5000,30.6300,4.603
2022-12-14,80.0200,480.5000,30.5000,1.586
2022-12-15,77.6100,480.5000,30.6200,-1.086
2022-12-16,76.3000,471.0000,30.7200,-0.470
2022-12-19,76.1000,466.5000,30.7300,0.260
2022-12-20,75.6200,457.5000,30.6800,1.422
2022-12-21,77.1400,459.0000,30.6500,3.021
2022-12-22,75.2800,468.0000,30.6700,-1.332
2022-12-23,74.8900,455.0000,30.7300,1.159
2022-12-27,74.3200,457.0000,30.7100,-0.115
2022-12-28,73.0600,451.0000,30.7600,-0.340
2022-12-29,76.0000,446.0000,30.7100,4.662
2022-12-30,74.4900,448.5000,30.7300,2.077
2023-01-03,74.0300,453.0000,30.7100,0.374
2023-01-04,76.3200,449.5000,30.6600,4.114
2023-01-05,75.7300,458.5000,30.7000,1.414
2023-01-06,78.0700,458.5000,30.7200,4.616
2023-01-09,80.3100,481.0000,30.5200,1.915
2023-01-10,81.2700,486.0000,30.4600,1.872
2023-01-11,81.7800,484.5000,30.4400,2.761
2023-01-12,87.0000,486.5000,30.4400,8.871
2023-01-13,86.8000,500.0000,30.2800,5.132
2023-01-17,88.9900,503.0000,30.2900,7.177
2023-01-30,93.1300,543.0000,30.0500,3.078
2023-01-31,92.7300,522.0000,30.0300,6.693
2023-02-01,94.7400,530.0000,29.8100,6.574
2023-02-02,96.6500,540.0000,29.7000,6.315
2023-02-03,94.6600,542.0000,29.9200,4.510
2023-02-06,91.8300,526.0000,29.9800,4.679
2023-02-07,94.5500,523.0000,30.0500,8.651
2023-02-08,94.2800,540.0000,30.0500,4.930
2023-02-09,96.6900,540.0000,30.0700,7.684
2023-02-10,95.3700,545.0000,30.1800,5.624
2023-02-13,96.1100,541.0000,30.2100,7.338
2023-02-14,97.9600,545.0000,30.2800,8.852
2023-02-15,92.7600,525.0000,30.3100,7.107
2023-02-16,90.8200,528.0000,30.2800,4.168
2023-02-17,90.1000,518.0000,30.3900,5.720
2023-02-21,87.6400,516.0000,30.4200,3.334
2023-02-22,86.8300,507.0000,30.5200,4.539
2023-02-23,90.0800,518.0000,30.4200,5.801
2023-02-24,88.1100,511.0000,30.5400,5.318
2023-03-01,88.4200,522.0000,30.5200,3.394
2023-03-02,89.0300,519.0000,30.6300,5.086
2023-03-03,89.7900,516.0000,30.5900,6.460
2023-03-06,89.5800,521.0000,30.6400,5.364
2023-03-07,88.8500,524.0000,30.7400,4.246
2023-03-08,90.8300,521.0000,30.7100,7.078
2023-03-09,88.8800,522.0000,30.7700,4.783
2023-03-10,87.2500,513.0000,30.7500,4.598
2023-03-13,87.7400,516.0000,30.4700,3.622
2023-03-14,89.2900,510.0000,30.5300,6.903
2023-03-15,86.7000,511.0000,30.7100,4.210
2023-03-16,89.3000,505.0000,30.5300,7.973
2023-03-17,89.4700,518.0000,30.5400,5.499
2023-03-20,90.0400,512.0000,30.5300,7.380
2023-03-21,92.5000,517.0000,30.5200,9.211
2023-03-22,92.6200,533.0000,30.4000,5.653
2023-03-23,94.5900,538.0000,30.2900,6.510
2023-03-24,92.7900,539.0000,30.3000,4.324
2023-03-27,90.6600,531.0000,30.3600,3.670
2023-03-28,90.8100,525.0000,30.3500,4.994
2023-03-29,92.7600,530.0000,30.4700,6.657
2023-03-30,92.4700,535.0000,30.4800,5.364
2023-03-31,93.0200,533.0000,30.4800,6.388
2023-04-06,90.2400,530.0000,30.5400,3.997
2023-04-10,89.0200,529.0000,30.4400,2.449
2023-04-11,89.2400,524.0000,30.4800,3.818
2023-04-12,86.8700,520.0000,30.4800,1.838
2023-04-13,87.0500,510.0000,30.4600,3.982
2023-04-14,87.2000,516.0000,30.5200,3.153
2023-04-17,87.9900,520.0000,30.5400,3.354
2023-04-18,88.1400,515.0000,30.5100,4.433
2023-04-19,87.2300,510.0000,30.5700,4.573
2023-04-20,89.2900,513.0000,30.5800,6.452
2023-04-21,85.3700,511.0000,30.6400,2.377
2023-04-24,84.6400,507.0000,30.6400,2.303
2023-04-25,82.2900,498.0000,30.7200,1.524
2023-04-26,82.2500,491.5000,30.6700,2.649
2023-04-27,83.6700,493.5000,30.7000,4.100
2023-04-28,84.3000,502.0000,30.7200,3.175
2023-05-02,82.9600,501.0000,30.8000,2.003
2023-05-03,82.7000,496.0000,30.6800,2.308
2023-05-04,83.4900,498.0000,30.7000,2.937
2023-05-05,84.9700,500.0000,30.6400,4.139
2023-05-08,85.5400,504.0000,30.6900,4.176
2023-05-09,85.0600,510.0000,30.7300,2.506
2023-05-10,84.9000,503.0000,30.6800,3.568
2023-05-11,83.4300,499.0000,30.7800,2.925
2023-05-12,83.4300,496.0000,30.7500,3.446
2023-05-15,85.6600,495.5000,30.8100,6.526
2023-05-16,85.8800,505.0000,30.7900,4.723
2023-05-17,90.8800,519.0000,30.7800,7.795
2023-05-18,92.6500,530.0000,30.7500,7.509
2023-05-19,92.5800,532.0000,30.6200,6.571
2023-05-22,91.7200,531.0000,30.6700,5.953
2023-05-23,90.4400,530.0000,30.7300,4.876
2023-05-24,90.1300,525.0000,30.8400,5.890
2023-05-25,100.9500,543.0000,30.8000,14.522
2023-05-26,103.2100,566.0000,30.7200,12.036
2023-05-30,101.9800,566.0000,30.5500,10.088
2023-05-31,98.5900,558.0000,30.7400,8.626
2023-06-01,98.8400,551.0000,30.7500,10.321
2023-06-02,98.9400,562.0000,30.6600,7.954
2023-06-05,98.0500,555.0000,30.7100,8.509
2023-06-06,99.8200,560.0000,30.7100,9.481
2023-06-07,100.2900,568.0000,30.7400,8.553
2023-06-08,99.9400,559.0000,30.7400,9.916
2023-06-09,102.8000,565.0000,30.7400,11.861
2023-06-12,107.0600,574.0000,30.7600,14.744
2023-06-13,106.8000,593.0000,30.6700,10.474
2023-06-14,107.4100,590.0000,30.7300,11.888
2023-06-15,105.1800,591.0000,30.6800,9.202
2023-06-16,104.5700,589.0000,30.7000,9.008
2023-06-20,103.9800,583.0000,30.9100,10.258
2023-06-21,101.6400,581.0000,30.9400,8.253
2023-06-26,100.1100,574.0000,31.0300,8.237
2023-06-27,102.0800,572.0000,31.0200,10.718
2023-06-28,100.9200,574.0000,31.0800,9.289
2023-06-29,100.6400,573.0000,31.0600,9.106
2023-06-30,100.9200,576.0000,31.1400,9.120
2023-07-03,103.1500,579.0000,31.1000,10.811
2023-07-05,100.9900,582.0000,31.1400,8.070
2023-07-06,99.4100,565.0000,31.3200,10.213
2023-07-07,100.2300,565.0000,31.2400,10.838
2023-07-10,99.7700,565.0000,31.3700,10.789
2023-07-11,101.2600,577.0000,31.3000,9.859
2023-07-12,103.9000,578.0000,31.2400,12.313
2023-07-13,105.5700,585.0000,30.9400,11.670
2023-07-14,105.1400,591.0000,30.9000,9.943
2023-07-17,104.7900,591.0000,31.0200,10.003
2023-07-18,103.1500,581.0000,30.9600,9.932
2023-07-19,103.0600,581.0000,31.1300,10.439
2023-07-20,97.8600,579.0000,31.0900,5.094
2023-07-21,97.2500,560.0000,31.2500,8.538
2023-07-24,98.2500,558.0000,31.3600,10.434
2023-07-25,100.3200,569.0000,31.2900,10.334
2023-07-26,99.4100,566.0000,31.1900,9.562
2023-07-27,99.3500,569.0000,31.3200,9.372
2023-07-28,100.8600,567.0000,31.4000,11.711
2023-07-31,99.1500,565.0000,31.4500,10.381
2023-08-01,98.4000,567.0000,31.5600,9.542
2023-08-02,95.7000,561.0000,31.6400,7.948
2023-08-04,96.1600,554.0000,31.6300,9.803
2023-08-07,96.3500,558.0000,31.7100,9.507
2023-08-08,94.4900,552.0000,31.8500,9.040
2023-08-09,93.9800,554.0000,31.7700,7.789
2023-08-10,94.8000,551.0000,31.7800,9.356
2023-08-11,91.9900,546.0000,31.8700,7.389
2023-08-14,93.0700,541.0000,31.9400,9.895
2023-08-15,91.6800,542.0000,31.9100,7.952
2023-08-16,91.7800,542.0000,31.9600,8.239
2023-08-17,91.6400,544.0000,31.9500,7.643
2023-08-18,91.1000,539.0000,31.9100,7.866
2023-08-21,92.5600,537.0000,31.9300,10.072
2023-08-22,92.2400,541.0000,31.9800,9.051
2023-08-23,94.2200,552.0000,31.8700,8.797
2023-08-24,92.5300,564.0000,31.8200,4.408
2023-08-25,93.1000,546.0000,31.8000,8.446
2023-08-28,94.0000,549.0000,31.8800,9.170
2023-08-29,95.0800,552.0000,31.8500,9.721
2023-08-30,94.7800,555.0000,31.8200,8.681
2023-08-31,93.5700,549.0000,31.8700,8.637
2023-09-01,93.1900,548.0000,31.8700,8.393
2023-09-05,94.6000,552.0000,31.9200,9.407
2023-09-06,92.2600,550.0000,31.9500,7.189
2023-09-07,90.0500,542.0000,32.0400,6.465
2023-09-08,89.6400,539.0000,32.0600,6.637
2023-09-11,89.6000,536.0000,31.9700,6.885
2023-09-12,90.4800,544.0000,32.0400,6.580
2023-09-13,91.2200,541.0000,31.9500,7.744
2023-09-14,91.4700,550.0000,31.9100,6.138
2023-09-15,89.2500,558.0000,31.8900,2.014
2023-09-18,88.8300,540.0000,31.9400,5.083
2023-09-19,88.1700,538.0000,32.0300,4.985
2023-09-20,87.2900,535.0000,32.0200,4.487
2023-09-21,85.3600,527.0000,32.1200,4.052
2023-09-22,85.6400,522.0000,32.1200,5.393
2023-09-25,86.2400,525.0000,32.1300,5.558
2023-09-26,84.2900,519.0000,32.2000,4.591
2023-09-27,85.4400,522.0000,32.2300,5.507
2023-09-28,86.4100,523.0000,32.2400,6.534
2023-10-02,87.6500,533.0000,32.2100,5.936
2023-10-03,85.4100,529.0000,32.3400,4.429
2023-10-04,86.6700,520.0000,32.3500,7.837
2023-10-05,87.0300,528.0000,32.2800,6.414
2023-10-06,89.2900,532.0000,32.1300,7.853
2023-10-11,92.0000,544.0000,32.0900,8.540
2023-10-12,92.4200,550.0000,32.1900,8.182
2023-10-13,90.4600,553.0000,32.2100,5.379
2023-10-16,91.2200,545.0000,32.2800,8.058
2023-10-17,91.0000,551.0000,32.3400,6.822
2023-10-18,89.6000,540.0000,32.3000,7.188
2023-10-19,92.9100,546.0000,32.3800,10.199
2023-10-20,91.3100,556.0000,32.3600,6.287
2023-10-23,91.1100,544.0000,32.3100,8.227
2023-10-24,91.6400,544.0000,32.3000,8.822
2023-10-25,87.6400,544.0000,32.3800,4.330
2023-10-26,87.4500,531.0000,32.4700,6.949
2023-10-27,85.9900,533.0000,32.4300,4.640
2023-10-30,86.0600,532.0000,32.4000,4.825
2023-10-31,86.3100,529.0000,32.4700,5.954
2023-11-01,87.8000,528.0000,32.4700,7.987
2023-11-02,90.4800,547.0000,32.3600,7.054
2023-11-03,91.7900,549.0000,32.2700,7.908
2023-11-06,92.6000,550.0000,32.1000,8.089
2023-11-07,92.4100,555.0000,32.2200,7.296
2023-11-08,92.0000,556.0000,32.2100,6.594
2023-11-09,91.6200,557.0000,32.3000,6.259
2023-11-10,97.4400,557.0000,32.3000,13.009
2023-11-13,96.4200,571.0000,32.3200,9.152
2023-11-14,98.9100,572.0000,32.1400,11.153
2023-11-15,98.8000,581.0000,31.9500,8.663
2023-11-16,98.5400,583.0000,31.8400,7.633
2023-11-17,99.5800,580.0000,31.8000,9.195
2023-11-20,99.9600,577.0000,31.5100,9.176
2023-11-21,98.4100,585.0000,31.3000,5.307
2023-11-22,98.6500,577.0000,31.6300,8.156
2023-11-24,97.8300,575.0000,31.6300,7.630
2023-11-27,97.2100,568.0000,31.5500,7.992
2023-11-28,97.9800,575.0000,31.4500,7.182
2023-11-29,98.8800,574.0000,31.1900,7.459
2023-11-30,97.3100,577.0000,31.2600,5.439
2023-12-01,98.5500,579.0000,31.3400,6.686
2023-12-04,97.0100,574.0000,31.4500,6.305
2023-12-05,96.6900,570.0000,31.4900,6.834
2023-12-06,97.8500,570.0000,31.4800,8.081
2023-12-07,99.2900,566.0000,31.4000,10.166
2023-12-08,100.3500,570.0000,31.5000,10.913
2023-12-11,100.9500,574.0000,31.5000,10.799
2023-12-12,101.6000,578.0000,31.4700,10.635
2023-12-13,102.1200,577.0000,31.5200,11.571
2023-12-14,103.4500,582.0000,31.2200,10.987
2023-12-15,102.5400,585.0000,31.2200,9.446
2023-12-18,102.9300,585.0000,31.3800,10.425
2023-12-19,103.8700,585.0000,31.2900,11.114
2023-12-20,100.0400,585.0000,31.2800,6.983
2023-12-21,102.5500,577.0000,31.2100,10.939
2023-12-22,103.1500,582.0000,31.1100,10.275
2023-12-26,104.4500,586.0000,30.9700,10.403
2023-12-27,104.6500,592.0000,30.8900,9.211
2023-12-28,104.7000,593.0000,30.6900,8.372
2023-12-29,104.0000,593.0000,30.6200,7.402
2024-01-02,101.5300,593.0000,30.8100,5.502
2024-01-03,100.1700,578.0000,31.0700,7.691
2024-01-04,99.1300,580.0000,31.0800,6.240
2024-01-05,99.6100,576.0000,30.9600,7.081
2024-01-08,102.2400,583.0000,30.9400,8.518
2024-01-09,101.8900,586.0000,31.0300,7.906
2024-01-10,100.8000,584.0000,31.1100,7.393
2024-01-11,101.2200,586.0000,31.0900,7.404
2024-01-12,101.2400,584.0000,31.1200,7.897
2024-01-16,101.6700,580.0000,31.4200,10.154
2024-01-17,102.9500,581.0000,31.6000,11.987
2024-01-18,113.0300,588.0000,31.5700,21.373
2024-01-19,114.2000,626.0000,31.4000,14.565
2024-01-22,113.0300,626.0000,31.3300,13.138
2024-01-23,114.1300,628.0000,31.3400,13.912
2024-01-24,116.5200,627.0000,31.3400,16.483
2024-01-25,116.5600,642.0000,31.3000,13.655
2024-01-26,117.2600,644.0000,31.2900,13.946
2024-01-29,116.9800,648.0000,31.2200,12.720
2024-01-30,116.0600,642.0000,31.1300,12.553
2024-01-31,112.9600,628.0000,31.2900,12.564
2024-02-01,113.3900,628.0000,31.3300,13.137
2024-02-02,115.7500,635.0000,31.2200,13.818
2024-02-05,118.7900,646.0000,31.3600,15.333
2024-02-15,129.0300,697.0000,31.4200,16.331
2024-02-16,126.6900,683.0000,31.3500,16.303
2024-02-20,125.3300,687.0000,31.5000,14.931
2024-02-21,125.3400,681.0000,31.5300,16.064
2024-02-22,129.0700,692.0000,31.5100,17.543
2024-02-23,129.5300,697.0000,31.5100,17.116
2024-02-26,130.6400,698.0000,31.5700,18.175
2024-02-27,128.5900,698.0000,31.6000,16.431
2024-02-29,128.6700,690.0000,31.6200,17.929
2024-03-01,133.9000,689.0000,31.6100,22.862
2024-03-04,138.2600,725.0000,31.5200,20.219
2024-03-05,134.9700,730.0000,31.5800,16.777
2024-03-06,141.5700,735.0000,31.5700,21.615
2024-03-07,149.2000,760.0000,31.5300,23.797
2024-03-08,146.3700,784.0000,31.4100,17.283
2024-03-11,139.0200,766.0000,31.4100,14.011
2024-03-12,144.4000,770.0000,31.4300,17.883
2024-03-13,142.1400,779.0000,31.4700,14.843
2024-03-14,139.6200,784.0000,31.5000,12.195
2024-03-15,136.9800,753.0000,31.6600,15.187
2024-03-18,136.6400,764.0000,31.6600,13.247
2024-03-19,134.8700,762.0000,31.7800,12.498
2024-03-20,136.7500,758.0000,31.8600,14.957
2024-03-21,139.4500,784.0000,31.9300,13.588
2024-03-22,140.5400,785.0000,31.9600,14.437
2024-03-25,140.2300,780.0000,31.8300,14.449
2024-03-26,138.8400,782.0000,31.9000,13.274
2024-03-27,136.6900,779.0000,32.0100,12.335
2024-03-28,136.0500,769.0000,31.9900,13.192
2024-04-01,141.4900,770.0000,32.0700,17.859
2024-04-02,140.2200,790.0000,32.0500,13.773
2024-04-03,142.0000,780.0000,32.0200,16.586
2024-04-08,142.7900,783.0000,32.1000,17.077
2024-04-09,145.4000,819.0000,32.0200,13.692
2024-04-10,146.2200,815.0000,32.2000,15.541
2024-04-11,147.2000,820.0000,32.2100,15.642
2024-04-12,142.5200,818.0000,32.2600,12.413
2024-04-15,140.1400,806.0000,32.3700,12.564
2024-04-16,139.8000,788.0000,32.4900,15.282
2024-04-17,139.0300,804.0000,32.4600,12.262
2024-04-18,132.2700,804.0000,32.4700,6.836
2024-04-19,127.7000,750.0000,32.5200,10.741
2024-04-22,129.7500,742.0000,32.5300,13.767
2024-04-23,133.4300,754.0000,32.5600,15.238
2024-04-24,132.9700,783.0000,32.6400,10.859
2024-04-25,136.5800,766.0000,32.5800,16.182
2024-04-26,138.3000,782.0000,32.5800,15.238
2024-04-29,138.5000,795.0000,32.5400,13.378
2024-04-30,137.3400,790.0000,32.5800,13.279
2024-05-02,136.2300,772.0000,32.5000,14.701
2024-05-03,141.5600,780.0000,32.3500,17.422
2024-05-06,142.8300,786.0000,32.3500,17.571
2024-05-07,141.1100,800.0000,32.3700,14.193
2024-05-08,143.6000,802.0000,32.3700,15.919
2024-05-09,142.7900,796.0000,32.4300,16.349
2024-05-10,149.2600,802.0000,32.4200,20.674
2024-05-13,146.4100,819.0000,32.4100,15.877
2024-05-14,151.9500,825.0000,32.3300,19.092
2024-05-15,155.5800,839.0000,32.1700,19.309
2024-05-16,152.2300,841.0000,32.1200,16.281
2024-05-17,151.6800,835.0000,32.2000,16.984
2024-05-20,153.5500,835.0000,32.2400,18.574
2024-05-21,153.6700,841.0000,32.2900,18.002
2024-05-22,156.1500,864.0000,32.2700,16.643
2024-05-23,157.0900,875.0000,32.2200,15.690
2024-05-24,160.0000,867.0000,32.2100,18.884
2024-05-28,159.4100,865.0000,32.1800,18.608
2024-05-29,154.3400,857.0000,32.3800,16.628
2024-05-30,152.9600,838.0000,32.3800,18.206
2024-05-31,151.0400,821.0000,32.4800,19.507
2024-06-03,154.9500,846.0000,32.4000,18.685
2024-06-04,152.4700,839.0000,32.3500,17.578
2024-06-05,162.9200,854.0000,32.3400,23.392
2024-06-06,162.0700,894.0000,32.2600,16.966
2024-06-07,164.3900,879.0000,32.4100,21.226
2024-06-11,165.7100,883.0000,32.2300,20.970
2024-06-12,172.9800,909.0000,32.3700,23.198
2024-06-13,172.9100,919.0000,32.3600,21.771
2024-06-14,172.5100,922.0000,32.3400,21.019
2024-06-17,177.2400,921.0000,32.3700,24.588
2024-06-18,179.6900,943.0000,32.3600,23.325
2024-06-20,175.3800,981.0000,32.3700,15.740
2024-06-21,173.9600,970.0000,32.3700,16.105
2024-06-24,167.8100,940.0000,32.3600,15.539
2024-06-25,172.6000,945.0000,32.5000,18.720
2024-06-26,172.0700,960.0000,32.5500,16.685
2024-06-27,171.6300,960.0000,32.5400,16.351
2024-06-28,173.8100,966.0000,32.4500,16.773
2024-07-01,172.3300,968.0000,32.5200,15.789
2024-07-02,175.7000,960.0000,32.6200,19.403
2024-07-03,182.4900,979.0000,32.6400,21.685
2024-07-05,183.9900,1005.0000,32.4200,18.706
2024-07-08,186.6300,1035.0000,32.4500,17.027
2024-07-09,184.5200,1040.0000,32.5500,15.502
2024-07-10,191.0500,1045.0000,32.5900,19.164
2024-07-11,184.5000,1080.0000,32.5100,11.076
2024-07-12,187.3500,1040.0000,32.5200,17.166
2024-07-15,185.2200,1040.0000,32.5700,16.012
2024-07-16,186.0400,1055.0000,32.5700,14.869
2024-07-17,171.2000,1030.0000,32.5800,8.305
2024-07-18,171.8700,1005.0000,32.6100,11.536
2024-07-19,165.7700,970.0000,32.7400,11.903
2024-07-22,169.3500,939.0000,32.8600,18.527
2024-07-23,169.8200,979.0000,32.7800,13.722
2024-07-26,161.9400,924.0000,32.8000,14.970
2024-07-29,160.0100,944.0000,32.8800,11.465
2024-07-30,154.5400,940.0000,32.8500,8.014
2024-07-31,165.8000,934.0000,32.6900,16.060
2024-08-01,158.1800,960.0000,32.7900,8.057
2024-08-02,149.8600,903.0000,32.6400,8.337
2024-08-05,147.9500,815.0000,32.6700,18.614
2024-08-06,155.3900,880.0000,32.7800,15.766
2024-08-07,155.0400,920.0000,32.6500,10.045
2024-08-08,164.5500,896.0000,32.4300,19.115
2024-08-09,167.1200,934.0000,32.4100,15.982
2024-08-12,167.6300,940.0000,32.4300,15.665
2024-08-13,172.3400,941.0000,32.3900,18.642
2024-08-14,169.9700,948.0000,32.2800,15.752
2024-08-15,173.9600,943.0000,32.2700,19.060
2024-08-16,174.5400,969.0000,32.2800,16.288
2024-08-19,175.4500,973.0000,32.0100,15.440
2024-08-20,172.0400,973.0000,31.9400,12.949
2024-08-21,171.4400,958.0000,31.9000,14.174
2024-08-22,166.4400,951.0000,31.9500,11.835
2024-08-23,171.2800,949.0000,31.8200,14.860
2024-08-26,169.0700,950.0000,31.8500,13.366
2024-08-27,170.5500,942.0000,31.9300,15.619
2024-08-28,169.2000,964.0000,31.9600,12.192
2024-08-29,169.1500,943.0000,31.8600,14.297
2024-08-30,171.7000,944.0000,31.9500,16.225
2024-09-03,160.4900,940.0000,32.0600,9.475
2024-09-04,160.8700,889.0000,32.1200,16.246
2024-09-05,163.7000,902.0000,32.0700,16.405
2024-09-06,156.8200,918.0000,31.9900,9.296
2024-09-09,162.7800,899.0000,32.0900,16.209
2024-09-10,162.4300,904.0000,32.1700,15.606
2024-09-11,170.2300,901.0000,32.1500,21.485
2024-09-12,171.4300,940.0000,32.1500,17.265
2024-09-13,172.5000,947.0000,31.9800,16.506
2024-09-16,169.0800,947.0000,31.8800,13.839
2024-09-18,167.2800,941.0000,31.9700,13.665
2024-09-19,176.2200,960.0000,31.9300,17.223
2024-09-20,174.0800,973.0000,31.9800,14.431
2024-09-23,174.7600,977.0000,32.0400,14.623
2024-09-24,181.9700,987.0000,31.8600,17.479
2024-09-25,182.3500,1005.0000,31.9400,15.906
2024-09-26,186.8300,1015.0000,31.6600,16.552
2024-09-27,177.9700,1000.0000,31.5500,12.299
2024-09-30,173.6700,957.0000,31.6500,14.873
2024-10-01,172.0700,972.0000,31.8900,12.908
2024-10-04,181.1600,977.0000,32.3100,19.821
2024-10-07,184.5100,1005.0000,32.1600,18.086
2024-10-08,186.0500,1010.0000,32.2200,18.704
2024-10-09,187.1400,1020.0000,32.2400,18.302
2024-10-11,190.8100,1045.0000,32.1600,17.444
2024-10-14,192.2100,1045.0000,32.1600,18.306
2024-10-15,187.1300,1070.0000,32.2100,12.663
2024-10-16,187.4800,1045.0000,32.1700,15.430
2024-10-17,205.8400,1035.0000,32.1600,27.919
2024-10-18,200.7800,1085.0000,32.0400,18.580
2024-10-21,201.9500,1085.0000,31.9600,18.974
2024-10-22,198.4800,1075.0000,32.0500,18.349
2024-10-23,200.8600,1060.0000,32.0800,21.577
2024-10-24,197.9300,1060.0000,32.1000,19.878
2024-10-25,203.4400,1065.0000,32.0600,22.484
2024-10-28,194.6800,1050.0000,32.0900,18.996
2024-10-29,196.9400,1040.0000,32.1000,21.573
2024-10-30,194.4800,1030.0000,32.0100,20.880
2024-11-01,192.9500,1025.0000,31.8600,19.949
2024-11-04,191.5600,1040.0000,31.9000,17.515
2024-11-05,195.7600,1050.0000,31.9400,19.097
2024-11-06,193.2200,1060.0000,32.3300,17.864
2024-11-07,201.1900,1065.0000,32.2400,21.810
2024-11-08,201.2000,1090.0000,32.1100,18.542
2024-11-11,194.0500,1085.0000,32.1100,14.856
2024-11-12,191.7700,1050.0000,32.4300,18.459
2024-11-13,186.6600,1035.0000,32.4600,17.082
2024-11-14,188.5000,1035.0000,32.5400,18.527
2024-11-15,186.0100,1035.0000,32.4700,16.710
2024-11-18,187.4800,1025.0000,32.5300,18.999
2024-11-19,189.6700,1040.0000,32.3800,18.106
2024-11-20,188.3600,1025.0000,32.4900,19.411
2024-11-21,191.2400,1010.0000,32.5500,23.265
2024-11-22,190.0800,1040.0000,32.5500,18.983
2024-11-25,185.0800,1030.0000,32.4600,16.654
2024-11-26,183.8400,1010.0000,32.4700,18.204
2024-11-27,181.1900,1000.0000,32.5400,17.918
2024-11-29,184.6600,996.0000,32.5000,20.511
2024-12-02,194.4000,1035.0000,32.6300,22.575
2024-12-03,198.8900,1055.0000,32.5500,22.727
2024-12-04,200.6900,1070.0000,32.3900,21.502
2024-12-05,204.3000,1075.0000,32.4000,23.150
2024-12-06,203.0200,1065.0000,32.3700,23.413
2024-12-09,199.1700,1075.0000,32.4300,20.169
2024-12-10,191.9400,1065.0000,32.4600,17.002
2024-12-11,194.6000,1045.0000,32.5500,21.229
2024-12-12,191.4600,1060.0000,32.5000,17.405
2024-12-13,200.9900,1065.0000,32.5000,22.670
2024-12-16,202.2200,1085.0000,32.4800,21.071
2024-12-17,200.6600,1075.0000,32.4900,21.292
2024-12-18,195.5600,1085.0000,32.4700,17.048
2024-12-19,194.6400,1070.0000,32.6700,18.858
2024-12-20,197.2100,1035.0000,32.6900,24.576
2024-12-23,207.3600,1080.0000,32.7100,25.606
2024-12-24,206.3300,1080.0000,32.6900,24.906
2024-12-26,203.0600,1085.0000,32.7300,22.510
2024-12-27,201.6300,1090.0000,32.7800,21.274
2024-12-30,200.3900,1090.0000,32.7800,20.528
2024-12-31,197.4900,1075.0000,32.7900,20.478
2025-01-02,201.5800,1065.0000,32.8800,24.469
2025-01-03,208.6100,1075.0000,32.9600,27.922
2025-01-06,220.0100,1125.0000,32.8600,28.525
2025-01-07,211.4200,1130.0000,32.7100,22.399
2025-01-08,207.1200,1105.0000,32.8900,23.297
2025-01-10,208.3700,1100.0000,33.0800,25.325
2025-01-13,201.3600,1075.0000,33.1100,24.038
2025-01-14,201.4500,1090.0000,32.9700,21.868
2025-01-15,206.8000,1065.0000,32.9600,28.002
2025-01-16,214.7900,1105.0000,32.9200,27.980
2025-01-17,211.5000,1120.0000,32.9200,24.332
2025-01-21,218.7000,1120.0000,32.7400,27.861
2025-01-22,223.2000,1135.0000,32.7700,28.886
2025-02-03,199.8000,1070.0000,33.0600,23.465
2025-02-04,204.0500,1095.0000,32.8500,22.430
2025-02-05,208.5700,1110.0000,32.9700,23.902
2025-02-06,210.5000,1115.0000,32.8400,23.997
2025-02-07,206.1200,1125.0000,32.7600,20.044
2025-02-10,207.9500,1105.0000,32.8300,23.566
2025-02-11,208.7400,1110.0000,32.8200,23.439
2025-02-12,206.3800,1100.0000,32.8400,23.228
2025-02-13,201.8300,1090.0000,32.8000,21.468
2025-02-14,203.9000,1060.0000,32.7300,25.918
2025-02-18,202.7400,1100.0000,32.7300,20.649
2025-02-19,200.9500,1090.0000,32.7400,20.717
2025-02-20,200.1000,1080.0000,32.7100,21.209
2025-02-21,198.2400,1095.0000,32.7500,18.582
2025-02-24,191.6500,1075.0000,32.7000,16.595
2025-02-25,189.3700,1055.0000,32.7900,17.715
2025-02-26,194.6200,1060.0000,32.7900,20.407
2025-02-27,181.0900,1040.0000,32.8100,14.261
2025-03-03,172.9700,1020.0000,32.9000,11.583
2025-03-04,180.0000,1000.0000,32.9100,18.476
2025-03-05,184.2800,1020.0000,32.7900,18.481
2025-03-06,175.8500,1005.0000,32.8600,14.994
2025-03-07,177.1000,1005.0000,32.8100,15.635
2025-03-10,170.6500,998.0000,32.8800,12.444
2025-03-11,170.9700,971.0000,32.8700,15.753
2025-03-12,177.1700,988.0000,32.9400,18.137
2025-03-13,171.5900,965.0000,32.9800,17.286
2025-03-14,174.0900,959.0000,32.9700,19.703
2025-03-17,176.2400,970.0000,33.0100,19.952
2025-03-18,173.1300,971.0000,33.0000,17.678
2025-03-19,173.7600,952.0000,33.0300,20.573
2025-03-20,177.4700,985.0000,33.0000,18.914
2025-03-21,176.7300,972.0000,33.0000,20.002
2025-03-24,181.1600,972.0000,33.0200,23.084
2025-03-25,180.9000,990.0000,33.0700,20.856
2025-03-26,173.5000,980.0000,33.1000,17.201
2025-03-27,168.2400,958.0000,33.1100,16.293
2025-03-28,165.2500,952.0000,33.1200,14.981
2025-03-31,166.0000,910.0000,33.1900,21.089
2025-04-01,168.6400,944.0000,33.2100,18.655
2025-04-02,170.3900,942.0000,33.1300,19.852
2025-04-07,146.1700,848.0000,33.0200,13.833
2025-04-08,141.3700,816.0000,33.0100,14.378
2025-04-09,158.7500,785.0000,32.8500,32.865
2025-04-10,151.1300,863.0000,32.8600,15.090
2025-04-11,157.0800,889.0000,32.5000,14.850
2025-04-14,155.8400,865.0000,32.3600,16.601
2025-04-15,157.3300,877.0000,32.4800,16.535
2025-04-16,151.6700,855.0000,32.4800,15.234
2025-04-17,151.7400,847.0000,32.4900,16.412
2025-04-21,147.8600,835.0000,32.3800,14.676
2025-04-22,151.4000,816.0000,32.4800,20.526
2025-04-23,157.8100,873.0000,32.5000,17.499
2025-04-24,164.1800,864.0000,32.5200,23.591
2025-04-25,165.1000,888.0000,32.5200,20.925
2025-04-28,163.4000,897.0000,32.4500,18.224
2025-04-29,164.4800,902.0000,32.2200,17.507
2025-04-30,166.6900,908.0000,31.9600,17.344
2025-05-02,179.2800,950.0000,30.7900,16.211
2025-05-05,176.4000,938.0000,29.9300,12.573
2025-05-06,172.2800,920.0000,29.9200,12.057
2025-05-07,174.5400,928.0000,30.2700,13.865
2025-05-08,175.2200,918.0000,30.2700,15.554
2025-05-09,176.5200,949.0000,30.1900,12.311
2025-05-12,186.9800,957.0000,30.3700,18.675
2025-05-13,193.9900,969.0000,30.4300,21.839
2025-05-14,194.7600,999.0000,30.2900,18.104
2025-05-15,194.2200,993.0000,30.1500,17.940
2025-05-16,194.2200,998.0000,30.1200,17.233
2025-05-19,193.5000,984.0000,30.1500,18.578
2025-05-20,193.4500,978.0000,30.1600,19.314
2025-05-21,191.7600,990.0000,30.1400,16.761
2025-05-22,196.1900,982.0000,30.0500,20.071
2025-05-23,191.9800,984.0000,29.9200,16.749
2025-05-27,197.6800,965.0000,29.9600,22.746
2025-05-28,196.1400,967.0000,29.8800,21.213
2025-05-29,197.1500,967.0000,29.7200,21.185
2025-06-02,194.8400,946.0000,29.9500,23.371
2025-06-03,197.6100,950.0000,30.0000,24.806
2025-06-04,202.4000,990.0000,29.9700,22.544
2025-06-05,203.3400,998.0000,29.9300,21.963
2025-06-06,205.1800,995.0000,29.9200,23.397
2025-06-09,207.0000,1005.0000,29.9100,23.211
2025-06-10,212.4600,1045.0000,29.9400,21.743
2025-06-11,214.1000,1065.0000,29.8300,19.936
2025-06-12,215.4300,1045.0000,29.5000,21.630
2025-06-13,211.1000,1030.0000,29.5600,21.167
2025-06-16,215.6800,1025.0000,29.4000,23.727
2025-06-17,213.9000,1045.0000,29.4800,20.685
2025-06-18,213.5000,1055.0000,29.5400,19.560
2025-06-20,209.5100,1055.0000,29.5700,17.445
2025-06-23,210.3200,1020.0000,29.7300,22.604
2025-06-24,220.0900,1050.0000,29.4600,23.502
2025-06-25,222.7400,1070.0000,29.3800,22.320
2025-06-26,224.0100,1075.0000,29.1800,21.611
2025-06-27,228.5700,1080.0000,29.0300,22.878
2025-06-30,226.4900,1060.0000,29.1800,24.698
2025-07-01,224.6800,1085.0000,29.2400,21.099
2025-07-02,233.6000,1085.0000,28.9800,24.788
2025-07-03,234.8000,1090.0000,28.8800,24.422
2025-07-07,229.1700,1080.0000,29.0300,23.200
2025-07-08,227.8600,1080.0000,29.0300,22.496
2025-07-09,231.8400,1090.0000,29.1900,24.173
2025-07-10,229.7600,1100.0000,29.2300,22.107
2025-07-11,230.4000,1100.0000,29.1900,22.280
2025-07-14,228.6700,1095.0000,29.2800,22.291
2025-07-15,236.9500,1110.0000,29.3900,25.477
2025-07-16,237.5600,1130.0000,29.4000,23.615
2025-07-17,245.6000,1130.0000,29.3800,27.712
2025-07-18,240.4000,1155.0000,29.3900,22.344
2025-07-21,238.8500,1150.0000,29.4300,22.250
2025-07-22,234.6000,1130.0000,29.3700,21.950
2025-07-23,240.3300,1145.0000,29.3400,23.167
2025-07-24,241.6000,1145.0000,29.3400,23.817
2025-07-25,245.6000,1145.0000,29.4800,26.468
2025-07-28,242.7500,1145.0000,29.5800,25.424
2025-07-29,241.3300,1135.0000,29.7000,26.300
2025-07-30,242.9100,1155.0000,29.7100,24.967
2025-07-31,241.6200,1160.0000,29.9100,24.601
2025-08-04,239.0000,1135.0000,29.8900,25.880
2025-08-05,232.4700,1150.0000,29.8700,20.763
2025-08-06,231.3700,1125.0000,29.9600,23.233
2025-08-07,242.6200,1180.0000,29.7600,22.379
2025-08-08,241.8300,1175.0000,29.8300,22.788
2025-08-11,242.0900,1180.0000,29.9200,22.768
2025-08-12,244.2900,1180.0000,29.9900,24.174
2025-08-13,241.4400,1200.0000,29.9400,20.479
2025-08-14,241.0000,1175.0000,30.0500,23.269
2025-08-15,238.8800,1180.0000,29.9900,21.424
2025-08-18,241.4100,1180.0000,30.0300,22.874
2025-08-19,232.7000,1185.0000,30.1100,18.255
2025-08-20,228.6000,1135.0000,30.2800,21.974
2025-08-21,227.3300,1150.0000,30.5000,20.584
2025-08-22,232.9900,1135.0000,30.5700,25.507
2025-08-25,235.5900,1170.0000,30.4400,22.587
2025-08-26,238.7200,1175.0000,30.5500,24.134
2025-08-27,239.2900,1190.0000,30.5800,22.983
2025-08-28,238.2700,1160.0000,30.5500,25.503
2025-08-29,230.8700,1160.0000,30.5900,21.764
2025-09-02,228.3900,1160.0000,30.7600,21.125
2025-09-03,231.3900,1160.0000,30.7000,22.477
2025-09-04,235.2100,1160.0000,30.6900,24.459
2025-09-05,243.4100,1180.0000,30.5500,26.037
2025-09-08,247.1900,1180.0000,30.4400,27.533
2025-09-09,250.9200,1200.0000,30.3200,26.798
2025-09-10,260.4400,1225.0000,30.2800,28.753
2025-09-11,258.9100,1240.0000,30.2700,26.407
2025-09-12,259.3300,1260.0000,30.3300,24.849
2025-09-15,261.3800,1255.0000,30.2400,25.962
2025-09-16,262.0600,1280.0000,30.1000,23.250
2025-09-17,262.7900,1265.0000,30.0400,24.810
2025-09-18,268.6400,1285.0000,30.1300,25.979
2025-09-19,264.8700,1265.0000,30.2000,26.468
2025-09-22,272.6300,1295.0000,30.2300,27.283
2025-09-23,282.7100,1340.0000,30.2800,27.768
2025-09-24,280.7100,1340.0000,30.3400,27.116
2025-09-25,276.6600,1320.0000,30.4300,27.557
2025-09-26,273.3600,1300.0000,30.5100,28.311
2025-09-30,279.2900,1305.0000,30.4600,30.378
2025-10-01,288.4700,1325.0000,30.4400,32.544
2025-10-02,288.1100,1365.0000,30.4000,28.330
2025-10-03,292.1900,1400.0000,30.3800,26.810
2025-10-07,294.0300,1435.0000,30.4900,24.947
2025-10-08,304.5200,1415.0000,30.5600,31.535
2025-10-09,299.8800,1440.0000,30.5200,27.116
2025-10-13,302.8900,1415.0000,30.5700,30.874
2025-10-14,295.9400,1425.0000,30.7600,27.763
2025-10-15,304.7100,1465.0000,30.5500,27.084
2025-10-16,299.8400,1485.0000,30.6300,23.692
2025-10-17,295.0800,1450.0000,30.6400,24.707
2025-10-20,297.7000,1480.0000,30.5500,22.902
2025-10-21,294.5100,1480.0000,30.6500,21.983
2025-10-22,288.8800,1460.0000,30.7200,21.567
2025-10-23,290.7300,1450.0000,30.7800,23.430
2025-10-27,298.2500,1480.0000,30.6600,23.572
2025-10-28,301.5300,1475.0000,30.6100,25.150
2025-10-29,305.0900,1505.0000,30.5900,24.023
2025-10-30,303.2200,1505.0000,30.7400,23.867
2025-10-31,300.4300,1500.0000,30.7500,23.176
2025-11-03,304.8600,1510.0000,30.8200,24.447
2025-11-04,294.0500,1505.0000,30.8700,20.629
2025-11-05,293.6400,1460.0000,30.9200,24.375
2025-11-06,289.2400,1465.0000,30.9300,22.132
2025-11-07,286.5000,1460.0000,30.9800,21.586
2025-11-10,295.2700,1475.0000,30.9600,23.953
2025-11-11,291.1700,1465.0000,30.9600,23.067
2025-11-12,290.6200,1475.0000,31.0500,22.356
2025-11-13,282.2000,1460.0000,31.0500,20.032
2025-11-14,284.8200,1430.0000,31.1400,24.046
2025-11-17,282.0100,1445.0000,31.1500,21.586
2025-11-18,277.9100,1405.0000,31.1900,23.388
2025-11-19,282.3700,1395.0000,31.2200,26.388
2025-11-20,277.5000,1455.0000,31.2300,19.125
2025-11-21,275.0600,1385.0000,31.4100,24.760
2025-11-24,284.6400,1375.0000,31.4300,30.127
2025-11-25,284.6800,1415.0000,31.4400,26.507
2025-11-26,289.9600,1440.0000,31.2600,25.891
2025-11-28,291.5100,1440.0000,31.3700,27.009
2025-12-01,287.6800,1410.0000,31.4200,28.211
2025-12-02,292.0900,1430.0000,31.3900,28.234
2025-12-03,295.4500,1450.0000,31.3100,27.594
2025-12-04,292.9300,1445.0000,31.3000,26.903
2025-12-05,294.7200,1460.0000,31.2600,26.205
2025-12-08,301.8700,1495.0000,31.1700,25.877
2025-12-09,303.4100,1480.0000,31.1800,27.842
2025-12-10,310.1400,1505.0000,31.1800,28.507
2025-12-11,304.8500,1470.0000,31.2600,29.655
2025-12-12,292.0400,1480.0000,31.1800,23.051
2025-12-15,287.7400,1450.0000,31.3500,24.423
2025-12-16,286.8700,1435.0000,31.4900,25.903
2025-12-17,276.9600,1430.0000,31.4800,21.940
2025-12-18,284.6800,1430.0000,31.5000,25.418
2025-12-19,288.9500,1430.0000,31.5100,27.340
2025-12-22,293.2800,1465.0000,31.5300,26.241
2025-12-23,296.9500,1490.0000,31.4400,25.317
2025-12-24,298.8000,1495.0000,31.4200,25.596
2025-12-26,302.8400,1510.0000,31.4200,26.030
2025-12-29,300.9200,1530.0000,31.3300,23.240
2025-12-30,299.5800,1520.0000,31.2600,23.222
2025-12-31,303.8900,1550.0000,31.3700,23.007
2026-01-02,319.6100,1585.0000,31.4000,26.634
2026-01-05,322.2500,1670.0000,31.4600,21.413
2026-01-06,327.4300,1705.0000,31.4800,20.909
2026-01-07,318.6800,1675.0000,31.4500,19.671
2026-01-08,318.0100,1685.0000,31.5700,19.164
2026-01-09,323.6300,1680.0000,31.6100,21.785
2026-01-12,331.7700,1690.0000,31.6300,24.188
2026-01-13,331.2100,1710.0000,31.6300,22.528
2026-01-14,327.1100,1710.0000,31.6000,20.897
2026-01-15,341.6400,1690.0000,31.5700,27.640
2026-01-16,342.4000,1740.0000,31.5400,24.130
2026-01-20,327.1600,1775.0000,31.6000,16.487
2026-01-21,326.1200,1740.0000,31.5900,18.415
2026-01-22,327.3700,1760.0000,31.6100,17.593
2026-01-23,334.8700,1770.0000,31.5600,19.418
2026-01-26,332.7100,1755.0000,31.4900,19.396
2026-01-27,338.3400,1780.0000,31.3700,19.255
2026-01-28,342.3000,1820.0000,31.2700,17.623
2026-01-29,339.5500,1805.0000,31.4200,18.212
2026-01-30,330.5600,1775.0000,31.5100,17.363
2026-02-02,341.3600,1765.0000,31.5800,22.155
2026-02-03,335.7500,1800.0000,31.5100,17.550
2026-02-04,325.7400,1785.0000,31.5500,15.150
2026-02-05,330.7300,1765.0000,31.6600,18.651
2026-02-06,348.8500,1780.0000,31.6700,24.136
2026-02-09,355.4100,1815.0000,31.5700,23.640
2026-02-10,361.9100,1880.0000,31.5500,21.471
2026-02-11,374.0900,1915.0000,31.4300,22.795
2026-02-23,370.0400,1900.0000,31.4300,22.425
2026-02-24,385.7500,1965.0000,31.4500,23.479
2026-02-25,387.7300,2015.0000,31.3100,20.495
2026-02-26,376.8100,1995.0000,31.2800,18.162
2026-03-02,369.1100,1975.0000,31.5100,17.779
2026-03-03,353.1300,1935.0000,31.7000,15.703
2026-03-04,357.4400,1865.0000,31.6900,21.472
2026-03-05,353.8600,1900.0000,31.7800,18.375
2026-03-06,338.8900,1890.0000,31.8000,14.039
2026-03-09,348.7000,1810.0000,31.8700,22.796
2026-03-10,347.0900,1850.0000,31.7500,19.136
2026-03-11,354.5600,1940.0000,31.7600,16.091
2026-03-12,336.7100,1885.0000,31.8000,13.606
2026-03-13,338.3100,1865.0000,32.1000,16.458
2026-03-16,340.2300,1845.0000,32.0400,18.168
2026-03-17,345.9800,1870.0000,31.9200,18.114
2026-03-18,339.5700,1905.0000,31.8400,13.511
2026-03-19,338.7900,1850.0000,31.9000,16.837
2026-03-20,329.2400,1840.0000,31.9100,14.196
2026-03-23,338.4500,1810.0000,31.8800,19.224
2026-03-24,343.2500,1810.0000,31.9800,21.294
2026-03-25,347.7500,1845.0000,31.9700,20.516
2026-03-26,326.1100,1840.0000,31.9200,13.146
2026-03-27,326.7400,1820.0000,31.9400,14.682
2026-03-30,316.5000,1780.0000,32.0300,13.904
2026-03-31,337.9500,1760.0000,32.0500,23.083
2026-04-01,341.4900,1855.0000,31.9600,17.671
2026-04-02,339.0400,1810.0000,31.9200,19.582
2026-04-07,345.3200,1860.0000,31.9600,18.671
2026-04-08,365.9000,1950.0000,31.7600,19.190
2026-04-09,365.4900,1955.0000,31.8100,18.938
2026-04-10,370.6000,2000.0000,31.7900,17.814
2026-04-13,369.5700,1990.0000,31.7900,18.077
2026-04-14,379.8900,2055.0000,31.6300,16.943
2026-04-15,375.1000,2080.0000,31.6400,14.117
2026-04-16,363.3500,2085.0000,31.5500,9.963
2026-04-17,370.5000,2030.0000,31.5900,15.311
2026-04-20,366.2400,2025.0000,31.5300,14.050
2026-04-21,368.0800,2050.0000,31.4400,12.902
2026-04-22,387.4400,2050.0000,31.4800,18.991
2026-04-23,382.6600,2080.0000,31.5700,16.159
2026-04-24,402.4600,2185.0000,31.5100,16.078
2026-04-27,404.9800,2265.0000,31.4200,12.357
2026-04-28,392.3400,2215.0000,31.5200,11.662
2026-04-29,393.8300,2180.0000,31.5600,14.030
2026-04-30,396.0600,2135.0000,31.6100,17.278
2026-05-04,401.6100,2275.0000,31.6300,11.674
2026-05-05,394.4100,2250.0000,31.6100,10.820
2026-05-06,419.5000,2250.0000,31.4700,17.348
2026-05-07,414.1500,2310.0000,31.3900,12.556
2026-05-08,411.6800,2290.0000,31.4100,12.933
2026-05-11,404.5400,2235.0000,31.4000,13.669
2026-05-12,397.2800,2255.0000,31.5500,11.168
2026-05-13,399.8000,2220.0000,31.5100,13.493
2026-05-14,417.7200,2270.0000,31.5000,15.931
2026-05-15,404.3500,2265.0000,31.5300,12.575
2026-05-18,395.9500,2240.0000,31.5500,11.538
2026-05-19,392.6100,2205.0000,31.6700,12.780
2026-05-20,401.6200,2185.0000,31.6600,16.387
2026-05-21,407.1500,2230.0000,31.6000,15.390
2026-05-22,404.5200,2255.0000,31.4500,12.835
2026-05-26,412.3200,2270.0000,31.4300,14.178
2026-05-27,422.7300,2300.0000,31.3900,15.387
2026-05-28,424.8600,2295.0000,31.3600,16.110
2026-05-29,418.4500,2355.0000,31.3700,11.480
2026-06-01,435.6300,2355.0000,31.3700,16.057
2026-06-02,446.6900,2380.0000,31.4500,18.054
2026-06-03,436.6900,2425.0000,31.4200,13.161
2026-06-04,444.9200,2385.0000,31.4600,17.377
2026-06-05,415.1700,2365.0000,31.5000,10.595
2026-06-08,426.8000,2295.0000,31.5800,17.458
2026-06-09,427.9200,2305.0000,31.6200,17.404
2026-06-10,408.7500,2255.0000,31.6800,14.849
2026-06-11,421.0700,2250.0000,31.6200,18.349
2026-06-12,423.9300,2310.0000,31.6300,16.094
2026-06-15,441.4000,2375.0000,31.5500,17.273
2026-06-16,425.8300,2400.0000,31.5700,12.029
2026-06-17,432.1500,2385.0000,31.5700,14.407
2026-06-18,462.1200,2410.0000,31.5800,21.110
2026-06-22,467.6700,2510.0000,31.6300,17.868
2026-06-23,436.3900,2490.0000,31.6300,10.868
2026-06-24,440.8300,2390.0000,31.7600,17.161
2026-06-25,434.9900,2390.0000,31.8400,15.900
2026-06-26,432.3500,2340.0000,31.8500,17.695
2026-06-29,455.1000,2370.0000,31.8500,22.320
2026-06-30,477.5700,2410.0000,31.8500,26.229
2026-07-01,444.2300,2505.0000,31.8800,13.070
2026-07-02,434.1600,2465.0000,31.8600,12.230
2026-07-06,451.7900,2460.0000,32.0400,17.686
2026-07-07,432.5700,2440.0000,32.1700,14.064
2026-07-08,436.9800,2465.0000,32.0900,13.774
2026-07-09,436.9600,2415.0000,32.1600,16.378
2026-07-10,434.1100,2415.0000,32.0900,15.367
2026-07-13,421.5800,2440.0000,32.1600,11.131
2026-07-14,420.3900,2420.0000,32.1500,11.699
2026-07-15,419.4800,2440.0000,32.2000,10.715
2026-07-16,409.7400,2470.0000,32.2500,6.997
2026-07-17,398.3700,2290.0000,32.3700,12.622
2026-07-20,402.3000,2320.0000,32.2600,11.881
2026-07-21,424.6100,2410.0000,32.3600,14.028
2026-07-22,421.2100,2400.0000,32.4200,13.797
2026-07-23,415.5800,2405.0000,32.2800,11.559
2026-07-24,403.4100,2350.0000,32.3900,11.204
2026-07-27,399.0900,2350.0000,32.2800,9.639
2026-07-28,392.3100,2280.0000,32.3400,11.292
2026-07-29,374.6700,2200.0000,32.3700,10.255
2026-07-30,403.3100,2205.0000,32.3800,18.451
2026-07-31,404.2500,2425.0000,32.2700,7.589
2026-08-03,406.1100,2370.0000,32.4400,11.175
2026-08-04,417.1700,2320.0000,32.4000,16.520
2026-08-05,414.0000,2405.0000,32.2900,11.169
2026-08-06,418.2000,2365.0000,32.2400,14.019
2026-08-07,420.0400,2370.0000,32.2500,14.315
2026-08-10,418.4700,2380.0000,32.2000,13.233
2026-08-11,422.0600,2395.0000,32.2900,13.806
2026-08-12,429.1500,2415.0000,32.2500,14.618
2026-08-13,430.4900,2435.0000,32.1500,13.678
2026-08-14,426.3500,2395.0000,32.0200,14.002
2026-08-17,430.9700,2400.0000,31.8200,14.279
2026-08-18,413.4100,2380.0000,31.9500,10.995
2026-08-19,412.0900,2350.0000,31.8500,11.703
2026-08-20,416.0000,2375.0000,31.9400,11.891
2026-08-21,418.9500,2410.0000,31.8500,10.735
2026-08-24,410.1200,2375.0000,31.8800,10.102
2026-08-25,417.4100,2400.0000,31.8700,10.857
2026-08-26,417.6900,2415.0000,31.8200,10.070
2026-08-27,427.3000,2410.0000,31.6900,12.375
2026-08-28,417.5200,2420.0000,31.6100,9.073
2026-08-31,415.3200,2405.0000,31.6880,9.444
2026-09-01,414.0000,2440.0000,31.6750,7.487
2026-09-02,415.5000,2385.0000,31.7262,10.543
2026-09-03,417.0100,2390.0000,31.6954,10.605
2026-09-04,428.9100,2410.0000,31.6954,12.817
