date,adr_usd,local_px,fx,premium_pct
2002-03-21,2.2500,5.2492,2.3490,0.687
2002-03-22,2.1792,5.1583,2.3570,-0.427
2002-03-25,2.1792,5.1667,2.3630,-0.335
2002-03-26,2.2367,5.2167,2.3430,0.457
2002-03-27,2.2708,5.2917,2.3290,-0.055
2002-03-28,2.2825,5.2917,2.3250,0.286
2002-04-01,2.2708,5.2408,2.3250,0.741
2002-04-02,2.2500,5.1917,2.2990,-0.364
2002-04-03,2.2167,5.1250,2.3100,-0.088
2002-04-04,2.2667,5.2083,2.3060,0.357
2002-04-05,2.3092,5.2917,2.2970,0.236
2002-04-08,2.3000,5.2900,2.2910,-0.391
2002-04-09,2.3250,5.3750,2.2900,-0.944
2002-04-10,2.3592,5.3750,2.2745,-0.169
2002-04-11,2.3525,5.3750,2.2730,-0.517
2002-04-12,2.3583,5.4142,2.2970,0.054
2002-04-15,2.3417,5.4167,2.3240,0.468
2002-04-16,2.3717,5.4917,2.3150,-0.023
2002-04-17,2.3608,5.5417,2.3190,-1.207
2002-04-18,2.3208,5.4000,2.3340,0.312
2002-04-19,2.3000,5.3458,2.3235,-0.033
2002-04-22,2.3583,5.5000,2.3420,0.422
2002-04-23,2.3467,5.5417,2.3490,-0.530
2002-04-24,2.3333,5.5000,2.3580,0.036
2002-04-25,2.2792,5.3750,2.3750,0.707
2002-04-26,2.2708,5.3575,2.3700,0.455
2002-04-29,2.2708,5.3750,2.3670,0.001
2002-04-30,2.2742,5.3667,2.3600,0.007
2002-05-01,2.3125,5.3667,2.3610,1.736
2002-05-02,2.2500,5.3833,2.3820,-0.443
2002-05-03,2.2500,5.4583,2.4150,-0.450
2002-05-06,2.2917,5.5333,2.4360,0.889
2002-05-07,2.2642,5.5250,2.4115,-1.176
2002-05-08,2.3000,5.6250,2.4275,-0.742
2002-05-09,2.2792,5.7083,2.4560,-1.939
2002-05-10,2.3042,5.7083,2.4820,0.186
2002-05-13,2.3167,5.8325,2.4910,-1.058
2002-05-14,2.3208,5.8317,2.5160,0.129
2002-05-15,2.3167,5.7917,2.5030,0.120
2002-05-16,2.3050,5.6667,2.4930,1.406
2002-05-17,2.2958,5.7375,2.4770,-0.884
2002-05-20,2.3008,5.7250,2.4720,-0.652
2002-05-21,2.3425,5.8167,2.4745,-0.346
2002-05-22,2.3417,5.8800,2.5070,-0.161
2002-05-23,2.3592,5.9333,2.5380,0.914
2002-05-24,2.3542,5.9333,2.5340,0.541
2002-05-28,2.3958,6.0417,2.5250,0.129
2002-05-29,2.4992,6.2417,2.5200,0.901
2002-05-30,2.4583,6.2417,2.5120,-1.063
2002-05-31,2.5000,6.3325,2.5220,-0.434
2002-06-03,2.5000,6.3325,2.5500,0.671
2002-06-04,2.4800,6.4750,2.5720,-1.489
2002-06-05,2.4792,6.4583,2.6060,0.037
2002-06-06,2.4183,6.4083,2.6560,0.230
2002-06-07,2.4300,6.4083,2.6480,0.411
2002-06-10,2.4183,6.3750,2.6390,0.110
2002-06-11,2.3858,6.4500,2.6700,-1.238
2002-06-12,2.3500,6.5083,2.7520,-0.632
2002-06-13,2.3458,6.3292,2.6350,-2.337
2002-06-14,2.3508,6.3333,2.7190,0.925
2002-06-17,2.3750,6.2917,2.6810,1.203
2002-06-18,2.3425,6.3333,2.6990,-0.173
2002-06-19,2.3392,6.3000,2.6920,-0.047
2002-06-20,2.2725,6.2833,2.7590,-0.215
2002-06-21,2.1958,6.2083,2.8090,-0.648
2002-06-24,2.1400,5.9167,2.8290,2.322
2002-06-25,2.1658,6.0750,2.8135,0.306
2002-06-26,2.1442,6.0833,2.8570,0.699
2002-06-27,2.2950,6.3750,2.8710,3.356
2002-06-28,2.3058,6.4750,2.8300,0.780
2002-07-01,2.2633,6.5250,2.8575,-0.882
2002-07-02,2.2517,6.5158,2.9080,0.491
2002-07-03,2.2958,6.5417,2.8680,0.654
2002-07-05,2.2792,6.5417,2.8800,0.341
2002-07-08,2.2500,6.4583,2.8590,-0.396
2002-07-09,2.2750,6.4583,2.8455,0.235
2002-07-10,2.2517,6.3333,2.8540,1.467
2002-07-11,2.2542,6.2583,2.8320,2.005
2002-07-12,2.2592,6.3333,2.8215,0.646
2002-07-15,2.2658,6.4083,2.8600,1.123
2002-07-16,2.2933,6.5175,2.8690,0.952
2002-07-17,2.2583,6.5167,2.8980,0.429
2002-07-18,2.2500,6.3342,2.8620,1.663
2002-07-19,2.2208,6.3500,2.8710,0.410
2002-07-22,2.1875,6.2550,2.8790,0.684
2002-07-23,2.1667,6.2750,2.9050,0.305
2002-07-24,2.1000,6.2083,2.9350,-0.722
2002-07-25,2.0750,6.2075,3.0000,0.282
2002-07-26,2.0083,5.9583,3.0200,1.793
2002-07-29,1.9025,5.9583,3.1365,0.149
2002-07-30,1.9667,6.4583,3.2650,-0.575
2002-07-31,2.0417,6.9167,3.4850,2.871
2002-08-01,2.0917,6.5417,3.2700,4.557
2002-08-02,2.1142,6.3350,3.0700,2.454
2002-08-05,2.0083,6.3750,3.0900,-2.655
2002-08-06,2.0250,6.3000,3.2200,3.500
2002-08-07,2.0950,6.2500,3.0700,2.906
2002-08-08,2.1492,6.2250,2.9245,0.968
2002-08-09,2.1125,6.4000,2.9850,-1.472
2002-08-12,2.0683,6.4833,3.1150,-0.624
2002-08-13,2.0292,6.4167,3.1750,0.404
2002-08-14,2.0433,6.5000,3.1950,0.438
2002-08-15,2.0458,6.4167,3.2000,2.026
2002-08-16,2.1592,6.7167,3.1550,1.422
2002-08-19,2.1000,6.3333,3.0825,2.209
2002-08-20,2.0908,6.3333,3.0885,1.961
2002-08-21,2.1133,6.4917,3.0800,0.268
2002-08-22,2.0850,6.5000,3.1730,1.780
2002-08-23,2.1125,6.4842,3.0950,0.833
2002-08-26,2.1142,6.4758,3.0760,0.422
2002-08-27,2.1042,6.5758,3.0720,-1.701
2002-08-28,2.1183,6.5650,3.1300,0.996
2002-08-29,2.1083,6.3333,3.1100,3.530
2002-08-30,2.1333,6.2500,3.0030,2.502
2002-09-03,2.0433,6.3333,3.1020,0.080
2002-09-04,2.0875,6.4083,3.1340,2.089
2002-09-05,2.0792,6.5433,3.1425,-0.146
2002-09-06,2.1042,6.5917,3.1750,1.351
2002-09-09,2.1533,6.6667,3.1225,0.857
2002-09-10,2.1125,6.6583,3.1510,-0.028
2002-09-11,2.1333,6.6500,3.1100,-0.231
2002-09-12,2.1008,6.5842,3.1110,-0.736
2002-09-13,2.1000,6.6667,3.1450,-0.932
2002-09-16,2.1058,6.7333,3.1900,-0.234
2002-09-17,2.0725,6.6650,3.2245,0.267
2002-09-18,2.0492,6.8750,3.3450,-0.299
2002-09-19,2.0058,6.9167,3.4110,-1.081
2002-09-20,2.0542,6.8750,3.4350,2.634
2002-09-23,2.0133,7.1917,3.5690,-0.085
2002-09-24,1.9875,7.4583,3.6100,-3.801
2002-09-25,2.0125,7.3417,3.7100,1.699
2002-09-26,1.9867,7.4583,3.7700,0.421
2002-09-27,1.9058,7.4167,3.8350,-1.453
2002-09-30,1.8958,7.2167,3.8030,-0.094
2002-10-01,1.9625,6.9583,3.6920,4.128
2002-10-02,1.9333,7.0583,3.5810,-1.914
2002-10-03,1.9658,7.2500,3.6650,-0.624
2002-10-04,1.9625,7.1083,3.6350,0.357
2002-10-07,1.9125,7.1342,3.6790,-1.375
2002-10-08,1.9167,7.0833,3.7260,0.821
2002-10-09,1.8550,7.2475,3.8495,-1.472
2002-10-10,1.8442,7.3250,3.9450,-0.679
2002-10-11,1.8858,7.1667,3.9300,3.414
2002-10-14,1.8125,7.0833,3.9300,0.562
2002-10-15,1.8450,7.1075,3.8550,0.070
2002-10-16,1.8125,7.2083,3.8800,-2.439
2002-10-17,1.8925,7.3342,3.8800,0.119
2002-10-18,1.9392,7.4167,3.8800,1.447
2002-10-21,1.9483,7.5833,3.9130,0.534
2002-10-22,1.9692,7.5833,3.9310,2.076
2002-10-23,2.0250,7.8242,3.9010,0.963
2002-10-24,2.0792,7.8833,3.8570,1.725
2002-10-25,2.1650,8.0000,3.7860,2.459
2002-10-28,2.1458,8.0583,3.7510,-0.116
2002-10-29,2.1358,8.1167,3.8350,0.915
2002-10-30,2.1500,7.9667,3.7300,0.663
2002-10-31,2.1958,8.0000,3.6240,-0.529
2002-11-01,2.2042,7.8292,3.5950,1.211
2002-11-04,2.2017,7.8342,3.5240,-0.964
2002-11-05,2.0550,7.4733,3.5530,-2.300
2002-11-06,2.1567,7.6767,3.6120,1.475
2002-11-07,2.2150,7.9167,3.6260,1.452
2002-11-08,2.1958,7.8750,3.5250,-1.710
2002-11-11,2.2075,7.7825,3.5250,-0.014
2002-11-12,2.1667,7.8250,3.5930,-0.513
2002-11-13,2.1550,7.8342,3.6510,0.431
2002-11-14,2.1875,7.9167,3.7050,2.375
2002-11-15,2.2250,7.9167,3.6900,3.708
2002-11-18,2.3083,8.2083,3.5635,0.212
2002-11-19,2.2342,7.9583,3.5720,0.278
2002-11-20,2.1983,7.6683,3.5130,0.710
2002-11-21,2.2875,8.0667,3.5420,0.442
2002-11-22,2.2567,8.0000,3.5758,0.867
2002-11-25,2.2342,7.9167,3.5540,0.298
2002-11-26,2.2067,7.9583,3.6010,-0.152
2002-11-27,2.2350,8.0250,3.5900,-0.017
2002-11-29,2.2483,8.3333,3.6710,-0.956
2002-12-02,2.3542,8.4583,3.6225,0.823
2002-12-03,2.3008,8.5733,3.6760,-1.347
2002-12-04,2.2742,8.4583,3.7160,-0.089
2002-12-05,2.2708,8.5825,3.7530,-0.700
2002-12-06,2.3417,8.6833,3.7180,0.265
2002-12-09,2.3167,8.6925,3.7950,1.142
2002-12-10,2.3417,8.9583,3.7860,-1.036
2002-12-11,2.3983,9.0833,3.7830,-0.115
2002-12-12,2.3992,9.0667,3.7790,-0.002
2002-12-13,2.3600,8.8750,3.7200,-1.079
2002-12-16,2.3883,8.6167,3.5980,-0.272
2002-12-17,2.3875,8.5833,3.5800,-0.420
2002-12-18,2.3958,8.4167,3.5325,0.554
2002-12-19,2.4000,8.3417,3.4650,-0.308
2002-12-20,2.3983,8.2917,3.4390,-0.528
2002-12-23,2.3708,8.3425,3.5100,-0.250
2002-12-24,2.3825,8.3425,3.5100,0.241
2002-12-26,2.3817,8.5000,3.5410,-0.783
2002-12-27,2.3958,8.5000,3.5540,0.174
2002-12-30,2.4000,8.5750,3.5450,-0.781
2002-12-31,2.4092,8.5750,3.5400,-0.543
2003-01-02,2.4083,8.5000,3.5425,0.371
2003-01-03,2.4083,8.2217,3.4306,0.491
2003-01-06,2.4167,8.1667,3.3390,-1.193
2003-01-07,2.4292,7.9425,3.3130,1.326
2003-01-08,2.3458,7.9167,3.2950,-2.364
2003-01-09,2.4125,7.9667,3.3090,0.205
2003-01-10,2.3667,7.7500,3.2940,0.591
2003-01-13,2.3375,7.6833,3.3070,0.609
2003-01-14,2.3833,7.7175,3.2650,0.830
2003-01-15,2.3325,7.7508,3.3200,-0.089
2003-01-16,2.3125,7.6842,3.2890,-1.020
2003-01-17,2.2900,7.7083,3.3730,0.205
2003-01-21,2.2325,7.8333,3.4610,-1.361
2003-01-22,2.2542,7.9183,3.5120,-0.021
2003-01-23,2.1792,7.6958,3.5305,-0.030
2003-01-24,2.1425,7.8333,3.6160,-1.099
2003-01-27,2.1542,7.7833,3.6590,1.269
2003-01-28,2.1758,7.7958,3.6380,1.537
2003-01-29,2.1800,7.8075,3.6170,0.993
2003-01-30,2.2708,7.8667,3.5630,2.851
2003-01-31,2.3042,8.0667,3.5130,0.346
2003-02-03,2.3375,8.1133,3.5350,1.845
2003-02-04,2.3425,8.2733,3.5580,0.741
2003-02-05,2.3500,8.4833,3.5740,-0.995
2003-02-06,2.3792,8.5833,3.6060,-0.047
2003-02-07,2.4125,8.5008,3.5860,1.769
2003-02-10,2.3917,8.5158,3.6050,1.246
2003-02-11,2.4317,8.7508,3.5810,-0.492
2003-02-12,2.4042,8.6008,3.5950,0.490
2003-02-13,2.3050,8.3958,3.6400,-0.067
2003-02-14,2.2500,8.2333,3.6640,0.130
2003-02-18,2.3458,8.4000,3.5975,0.466
2003-02-19,2.2850,8.2500,3.6100,-0.014
2003-02-20,2.3008,8.2233,3.6260,1.453
2003-02-21,2.3583,8.5000,3.6130,0.243
2003-02-24,2.3958,8.5000,3.5970,1.386
2003-02-25,2.4125,8.5825,3.6080,1.419
2003-02-26,2.4292,8.6833,3.5885,0.388
2003-02-27,2.3750,8.4167,3.5660,0.625
2003-02-28,2.4167,8.6667,3.5650,-0.591
2003-03-03,2.4583,8.6667,3.5700,1.264
2003-03-04,2.4458,8.6667,3.5700,0.750
2003-03-05,2.4417,8.6667,3.5700,0.578
2003-03-06,2.4367,8.4917,3.5300,1.293
2003-03-07,2.3858,8.2925,3.5100,0.986
2003-03-10,2.3417,8.2700,3.5250,-0.189
2003-03-11,2.3750,8.2500,3.4890,0.441
2003-03-12,2.3883,8.2025,3.4800,1.328
2003-03-13,2.3917,8.0833,3.4225,1.264
2003-03-14,2.3333,8.0167,3.3880,-1.389
2003-03-17,2.3458,8.0083,3.4050,-0.259
2003-03-18,2.3267,7.9750,3.4450,0.506
2003-03-19,2.2867,7.8592,3.4760,1.136
2003-03-20,2.3117,8.0167,3.4860,0.521
2003-03-21,2.3167,7.8167,3.4250,1.509
2003-03-24,2.2833,7.7167,3.4070,0.812
2003-03-25,2.3017,7.7500,3.3950,0.828
2003-03-26,2.2583,7.6750,3.3930,-0.163
2003-03-27,2.2925,7.8000,3.4020,-0.012
2003-03-28,2.2875,7.7083,3.3710,0.037
2003-03-31,2.2458,7.5833,3.3320,-1.322
2003-04-01,2.3050,7.6333,3.3290,0.524
2003-04-02,2.3292,7.5500,3.2850,1.342
2003-04-03,2.2658,7.3750,3.2400,-0.457
2003-04-04,2.2542,7.2825,3.2330,0.072
2003-04-07,2.3000,7.2625,3.1750,0.551
2003-04-08,2.3208,7.3583,3.1750,0.140
2003-04-09,2.3417,7.5000,3.1750,-0.869
2003-04-10,2.3583,7.6658,3.2200,-0.939
2003-04-11,2.3333,7.4167,3.2230,1.398
2003-04-14,2.3500,7.3833,3.1825,1.294
2003-04-15,2.3750,7.3333,3.1150,0.884
2003-04-16,2.3433,7.2500,3.0640,-0.966
2003-04-17,2.3383,7.1158,3.0350,-0.267
2003-04-21,2.3583,7.1158,3.0400,0.752
2003-04-22,2.3208,7.0500,3.0570,0.635
2003-04-23,2.3208,6.9583,3.0070,0.293
2003-04-24,2.2375,6.7417,3.0030,-0.333
2003-04-25,2.2667,6.7833,3.0140,0.714
2003-04-28,2.2917,6.8250,2.9910,0.430
2003-04-29,2.3333,6.7492,2.9085,0.553
2003-04-30,2.3300,6.8325,2.8870,-1.548
2003-05-01,2.3417,6.8325,2.9125,-0.181
2003-05-02,2.3192,6.8167,2.9100,-0.996
2003-05-05,2.3442,7.1250,2.9950,-1.463
2003-05-06,2.3892,7.1917,2.9980,-0.402
2003-05-07,2.3917,7.0308,2.9650,0.860
2003-05-08,2.3750,6.8817,2.9050,0.257
2003-05-09,2.4033,6.8758,2.8780,0.596
2003-05-12,2.4375,7.0667,2.8750,-0.833
2003-05-13,2.4408,7.0583,2.8800,-0.407
2003-05-14,2.3883,6.9092,2.9000,0.246
2003-05-15,2.3500,7.0542,2.9260,-2.524
2003-05-16,2.3833,7.0417,2.9630,0.286
2003-05-19,2.4008,7.1667,2.9825,-0.086
2003-05-20,2.4383,7.3425,3.0100,-0.042
2003-05-21,2.4358,7.3333,3.0025,-0.269
2003-05-22,2.4450,7.2025,2.9900,1.500
2003-05-23,2.4833,7.2492,2.9270,0.270
2003-05-27,2.4642,7.4175,3.0340,0.792
2003-05-28,2.4792,7.4408,3.0200,0.622
2003-05-29,2.5083,7.3333,2.9330,0.322
2003-05-30,2.5000,7.3333,2.9790,1.557
2003-06-02,2.4417,7.2917,2.9770,-0.313
2003-06-03,2.4808,7.2750,2.9620,1.007
2003-06-04,2.5042,7.2667,2.9250,0.798
2003-06-05,2.5333,7.2083,2.8970,1.814
2003-06-06,2.5667,7.4075,2.8850,-0.036
2003-06-09,2.5333,7.3000,2.8750,-0.228
2003-06-10,2.5267,7.2167,2.8710,0.518
2003-06-11,2.5292,7.1675,2.8770,1.520
2003-06-12,2.4992,7.0667,2.8650,1.322
2003-06-13,2.4583,6.9583,2.8560,0.901
2003-06-16,2.4892,7.1000,2.8550,0.093
2003-06-17,2.5208,7.2833,2.8860,-0.113
2003-06-18,2.5358,7.3158,2.9070,0.763
2003-06-19,2.5292,7.3158,2.8890,-0.124
2003-06-20,2.5033,7.2075,2.8830,0.133
2003-06-23,2.5133,7.1667,2.8870,1.246
2003-06-24,2.5050,7.1667,2.8610,0.002
2003-06-25,2.4992,7.0917,2.8600,0.789
2003-06-26,2.4983,7.0833,2.9000,2.285
2003-06-27,2.4792,7.0833,2.8820,0.870
2003-06-30,2.4717,7.0000,2.8620,1.056
2003-07-01,2.4933,7.0833,2.8490,0.285
2003-07-02,2.5467,7.0917,2.8230,1.376
2003-07-03,2.5717,7.2258,2.8330,0.826
2003-07-07,2.5950,7.4425,2.8775,0.331
2003-07-08,2.6225,7.5583,2.8900,0.274
2003-07-09,2.7083,7.5583,2.8600,2.481
2003-07-10,2.6783,7.7058,2.8950,0.622
2003-07-11,2.6375,7.5917,2.9070,0.995
2003-07-14,2.6458,7.5000,2.8790,1.565
2003-07-15,2.6625,7.5667,2.8400,-0.068
2003-07-16,2.6592,7.5250,2.8640,1.207
2003-07-17,2.6575,7.6083,2.8600,-0.104
2003-07-18,2.6533,7.6492,2.8700,-0.446
2003-07-21,2.6625,7.5833,2.8845,1.274
2003-07-22,2.6333,7.5758,2.8810,0.143
2003-07-23,2.6417,7.6125,2.8980,0.566
2003-07-24,2.7425,7.7917,2.8850,1.546
2003-07-25,2.8158,8.1083,2.8935,0.484
2003-07-28,2.8333,8.1917,2.8985,0.253
2003-07-29,2.8150,8.2492,2.9290,-0.049
2003-07-30,2.8325,8.4167,2.9500,-0.722
2003-07-31,2.9025,8.5750,2.9650,0.360
2003-08-01,2.8867,8.6500,3.0050,0.282
2003-08-04,2.8317,8.6833,3.1130,1.516
2003-08-05,2.8083,8.3833,3.0370,1.736
2003-08-06,2.7825,8.2917,3.0390,1.982
2003-08-07,2.7642,8.2117,2.9975,0.900
2003-08-08,2.8175,8.3708,2.9900,0.639
2003-08-11,2.8708,8.5633,2.9960,0.440
2003-08-12,2.9192,8.7842,3.0250,0.527
2003-08-13,2.9383,8.7833,3.0300,1.364
2003-08-14,3.0650,9.1492,3.0000,0.501
2003-08-15,3.0958,9.2333,3.0000,0.587
2003-08-18,3.1242,9.3333,2.9940,0.219
2003-08-19,3.1708,9.4342,2.9920,0.561
2003-08-20,3.2500,9.6917,3.0040,0.736
2003-08-21,3.1958,9.5000,3.0125,1.342
2003-08-22,3.0900,9.2250,2.9950,0.320
2003-08-25,3.0625,9.1250,2.9920,0.416
2003-08-26,3.0542,9.0933,2.9910,0.458
2003-08-27,3.0525,9.0750,2.9815,0.287
2003-08-28,3.1125,9.1917,2.9520,-0.039
2003-08-29,3.1208,9.2333,2.9650,0.216
2003-09-02,3.2083,9.3333,2.9750,2.266
2003-09-03,3.1567,9.3750,2.9570,-0.435
2003-09-04,3.2092,9.4167,2.9420,0.262
2003-09-05,3.2925,9.5000,2.9100,0.854
2003-09-08,3.3183,9.6675,2.9230,0.331
2003-09-09,3.2792,9.5667,2.9300,0.432
2003-09-10,3.2692,9.4333,2.9060,0.709
2003-09-11,3.2625,9.5000,2.9050,-0.236
2003-09-12,3.3250,9.5833,2.9000,0.617
2003-09-15,3.2875,9.3092,2.8860,1.918
2003-09-16,3.2917,9.5833,2.8970,-0.494
2003-09-17,3.3042,9.6258,2.9225,0.318
2003-09-18,3.4417,9.8750,2.8990,1.037
2003-09-19,3.4667,9.9167,2.9100,1.728
2003-09-22,3.3983,9.9558,2.9030,-0.909
2003-09-23,3.3725,9.7925,2.9220,0.633
2003-09-24,3.3842,9.7917,2.9130,0.678
2003-09-25,3.2683,9.6017,2.9320,-0.197
2003-09-26,3.2792,9.5025,2.9325,1.196
2003-09-29,3.3542,9.8333,2.9360,0.147
2003-09-30,3.4017,9.7508,2.9280,2.146
2003-10-01,3.5250,10.1792,2.9060,0.633
2003-10-02,3.6833,10.5667,2.8960,0.949
2003-10-03,3.7875,10.7917,2.8860,1.289
2003-10-06,3.8400,10.9583,2.8760,0.780
2003-10-07,3.8542,10.9575,2.8640,0.738
2003-10-08,3.7708,10.6667,2.8525,0.840
2003-10-09,3.7583,10.6667,2.8350,-0.111
2003-10-10,3.7350,10.5058,2.8415,1.020
2003-10-13,3.9050,11.1667,2.8415,-0.632
2003-10-14,3.9658,11.1250,2.8350,1.062
2003-10-15,3.9317,11.1125,2.8270,0.021
2003-10-16,3.8958,11.0000,2.8450,0.760
2003-10-17,3.8583,11.0083,2.8660,0.451
2003-10-20,3.8083,10.9167,2.8780,0.400
2003-10-21,3.8375,10.8508,2.8700,1.500
2003-10-22,3.7292,10.5833,2.8620,0.846
2003-10-23,3.6750,10.4292,2.8700,1.132
2003-10-24,3.6375,10.3342,2.8670,0.915
2003-10-27,3.6608,10.3583,2.8710,1.467
2003-10-28,3.7125,10.4617,2.8625,1.581
2003-10-29,3.7808,10.6258,2.8540,1.550
2003-10-30,3.8667,10.9767,2.8530,0.500
2003-10-31,3.8125,10.8333,2.8645,0.808
2003-11-03,3.8250,10.9175,2.8550,0.026
2003-11-04,3.8583,11.0167,2.8570,0.060
2003-11-05,3.7667,10.8083,2.8610,-0.295
2003-11-06,3.6667,10.5250,2.8830,0.437
2003-11-07,3.6700,10.4167,2.8670,1.010
2003-11-10,3.5625,10.1250,2.8850,1.509
2003-11-11,3.5350,10.2000,2.8850,-0.015
2003-11-12,3.6083,10.4167,2.9190,1.114
2003-11-13,3.6550,10.6467,2.9375,0.844
2003-11-14,3.6325,10.6667,2.9480,0.393
2003-11-17,3.5333,10.3975,2.9485,0.197
2003-11-18,3.5050,10.4042,2.9480,-0.687
2003-11-19,3.5000,10.2850,2.9450,0.219
2003-11-20,3.5125,10.3333,2.9465,0.157
2003-11-21,3.5058,10.2750,2.9240,-0.233
2003-11-24,3.5125,10.2833,2.9190,-0.295
2003-11-25,3.6250,10.6333,2.9370,0.125
2003-11-26,3.6208,10.6500,2.9450,0.125
2003-11-28,3.6492,10.7500,2.9450,-0.030
2003-12-01,3.8333,11.1708,2.9315,0.596
2003-12-02,3.8608,11.1675,2.9300,1.296
2003-12-03,3.8417,11.2042,2.9310,0.498
2003-12-04,3.9675,11.5550,2.9430,1.050
2003-12-05,4.0425,11.8583,2.9400,0.224
2003-12-08,4.2417,12.2333,2.9450,2.112
2003-12-09,4.4442,13.0833,2.9355,-0.286
2003-12-10,4.3000,12.6667,2.9450,-0.025
2003-12-11,4.3275,12.5125,2.9450,1.854
2003-12-12,4.4833,13.1667,2.9440,0.245
2003-12-15,4.5025,13.2917,2.9220,-1.018
2003-12-16,4.5242,13.3167,2.9375,-0.202
2003-12-17,4.5167,13.3500,2.9360,-0.667
2003-12-18,4.5792,13.3092,2.9330,0.913
2003-12-19,4.6958,13.5200,2.9300,1.766
2003-12-22,4.8875,14.2333,2.9250,0.440
2003-12-23,4.8217,13.9083,2.9100,0.882
2003-12-24,4.8650,13.9083,2.9140,1.929
2003-12-26,4.9142,14.1500,2.9000,0.714
2003-12-29,4.9658,14.2083,2.8700,0.307
2003-12-30,4.8542,14.1250,2.8990,-0.374
2003-12-31,4.8750,14.1250,2.8950,-0.084
2004-01-02,5.0667,14.5417,2.8840,0.486
2004-01-05,5.2392,15.0000,2.8580,-0.176
2004-01-06,5.1750,14.9833,2.8575,-1.307
2004-01-07,5.0358,14.2500,2.8690,1.388
2004-01-08,5.1417,14.5333,2.8500,0.829
2004-01-09,5.0700,14.4992,2.8450,-0.517
2004-01-12,5.1042,14.1667,2.8070,1.135
2004-01-13,5.1083,14.3333,2.8100,0.147
2004-01-14,5.0583,14.1667,2.8215,0.744
2004-01-15,4.9125,13.7917,2.8100,0.090
2004-01-16,4.8850,13.8167,2.8250,-0.120
2004-01-20,4.9992,14.0842,2.8380,0.735
2004-01-21,4.8750,13.8750,2.8460,-0.005
2004-01-22,4.8150,13.6667,2.8440,0.199
2004-01-23,4.7500,13.4625,2.8440,0.345
2004-01-26,4.6875,13.3750,2.8430,-0.362
2004-01-27,4.8167,13.8208,2.8650,-0.153
2004-01-28,4.6833,13.9167,2.8800,-3.080
2004-01-29,4.5483,13.2917,2.9450,0.776
2004-01-30,4.4725,13.0000,2.9240,0.597
2004-02-02,4.5467,13.1917,2.9525,1.761
2004-02-03,4.8500,14.0008,2.9280,1.428
2004-02-04,4.9083,14.3583,2.9100,-0.523
2004-02-05,4.6875,13.8425,2.9320,-0.713
2004-02-06,4.7292,13.6300,2.9420,2.078
2004-02-09,4.8383,14.0092,2.9320,1.262
2004-02-10,4.9083,14.3542,2.9170,-0.255
2004-02-11,5.0317,14.5667,2.9190,0.829
2004-02-12,5.0833,14.7917,2.9040,-0.201
2004-02-13,4.9700,14.3750,2.9200,0.956
2004-02-17,5.0033,14.6167,2.9120,-0.321
2004-02-18,4.8667,14.3333,2.9360,-0.313
2004-02-19,4.7583,13.8425,2.9490,1.371
2004-02-20,4.7400,14.0583,2.9720,0.206
2004-02-23,4.6458,14.0583,2.9620,-2.115
2004-02-24,4.6758,14.0583,2.9625,-1.467
2004-02-25,4.7758,14.0000,2.9430,0.395
2004-02-26,4.7850,13.9333,2.9425,1.052
2004-02-27,4.8250,14.0417,2.9150,0.165
2004-03-01,5.0358,14.5750,2.8905,-0.130
2004-03-02,5.0075,14.4167,2.9070,0.972
2004-03-03,4.9325,14.1083,2.8820,0.759
2004-03-04,4.9208,14.1667,2.8925,0.472
2004-03-05,4.8325,13.8750,2.8770,0.203
2004-03-08,4.7208,13.5842,2.8825,0.174
2004-03-09,4.6342,13.3333,2.8680,-0.319
2004-03-10,4.3542,12.5000,2.8900,0.668
2004-03-11,4.2150,12.2917,2.9100,-0.212
2004-03-12,4.3692,12.6842,2.9060,0.100
2004-03-15,4.3083,12.4667,2.9075,0.480
2004-03-16,4.2833,12.4200,2.9020,0.082
2004-03-17,4.4875,13.0417,2.9130,0.233
2004-03-18,4.4983,13.0167,2.9200,0.910
2004-03-19,4.4767,13.0000,2.9010,-0.101
2004-03-22,4.3708,12.6258,2.9120,0.808
2004-03-23,4.3458,12.5833,2.9210,0.881
2004-03-24,4.2458,12.3667,2.9290,0.561
2004-03-25,4.1633,12.0917,2.9400,1.228
2004-03-26,4.3417,12.7583,2.9380,-0.020
2004-03-29,4.4417,13.0083,2.9390,0.352
2004-03-30,4.5417,13.2083,2.9190,0.369
2004-03-31,4.5750,13.2925,2.9070,0.053
2004-04-01,4.6233,13.3300,2.8925,0.323
2004-04-02,4.6933,13.7442,2.8985,-1.023
2004-04-05,4.7333,13.5417,2.8820,0.737
2004-04-06,4.7575,13.6417,2.8740,0.230
2004-04-07,4.6875,13.2508,2.8760,1.739
2004-04-08,4.6100,13.2508,2.8770,0.092
2004-04-12,4.6117,13.1758,2.8880,1.083
2004-04-13,4.4542,12.8342,2.8880,0.230
2004-04-14,4.3833,12.5833,2.8955,0.863
2004-04-15,4.3550,12.5833,2.9160,0.921
2004-04-16,4.4167,12.6667,2.9150,1.641
2004-04-19,4.3942,12.7083,2.9150,0.792
2004-04-20,4.2458,12.3000,2.9210,0.830
2004-04-21,4.0892,12.3000,2.9325,-2.508
2004-04-22,4.0625,11.8500,2.9270,0.345
2004-04-23,4.1375,11.8500,2.9135,1.727
2004-04-26,4.0417,11.7500,2.9130,0.199
2004-04-27,4.0750,11.8333,2.9185,0.503
2004-04-28,3.8058,11.0842,2.9395,0.930
2004-04-29,3.7750,11.0850,2.9590,0.769
2004-04-30,3.7917,10.8592,2.9440,2.795
2004-05-03,3.6750,10.9167,2.9620,-0.287
2004-05-04,3.8125,11.3167,2.9680,-0.010
2004-05-05,3.8792,11.4167,2.9640,0.711
2004-05-06,3.7208,11.0433,2.9950,0.911
2004-05-07,3.5917,10.8342,3.0840,2.239
2004-05-10,3.5208,10.8333,3.1050,0.912
2004-05-11,3.6817,11.2758,3.0850,0.728
2004-05-12,3.6167,11.2083,3.1265,0.885
2004-05-13,3.8167,11.9167,3.1200,-0.073
2004-05-14,3.7642,11.6167,3.0920,0.191
2004-05-17,3.6675,11.4167,3.1260,0.420
2004-05-18,3.9392,12.1750,3.1220,1.011
2004-05-19,3.9875,12.5000,3.1140,-0.663
2004-05-20,3.9192,12.4992,3.2085,0.604
2004-05-21,3.9458,12.5917,3.1870,-0.129
2004-05-24,4.0450,12.7917,3.2015,1.238
2004-05-25,4.0833,12.7083,3.1475,1.133
2004-05-26,4.1650,13.1667,3.1800,0.593
2004-05-27,4.2925,13.4167,3.1475,0.700
2004-05-28,4.2250,13.0833,3.1110,0.464
2004-06-01,4.1750,13.0833,3.1550,0.679
2004-06-02,4.1000,12.8250,3.1300,0.062
2004-06-03,3.9708,12.4583,3.1440,0.208
2004-06-04,4.1150,12.7925,3.1300,0.684
2004-06-07,4.3175,13.3758,3.1160,0.579
2004-06-08,4.2500,13.2342,3.1195,0.179
2004-06-09,4.0700,12.6250,3.1130,0.356
2004-06-10,4.1375,12.6250,3.1130,2.020
2004-06-14,3.9008,12.3333,3.1620,0.009
2004-06-15,3.7792,11.8675,3.1280,-0.390
2004-06-16,3.6667,11.5042,3.1495,0.382
2004-06-17,3.7850,11.8008,3.1240,0.199
2004-06-18,3.8292,11.8833,3.1425,1.261
2004-06-21,3.7833,11.7250,3.1290,0.964
2004-06-22,3.7917,11.7500,3.1350,1.165
2004-06-23,3.8900,12.1250,3.1285,0.370
2004-06-24,4.0250,12.4167,3.1030,0.587
2004-06-25,4.0833,12.6833,3.1100,0.125
2004-06-28,3.8583,12.0417,3.1375,0.530
2004-06-29,3.8975,12.0417,3.1200,0.984
2004-06-30,3.9625,12.1250,3.1050,1.473
2004-07-01,3.9042,11.9067,3.0830,1.091
2004-07-02,3.9417,11.8875,3.0410,0.834
2004-07-06,3.8667,11.7508,3.0435,0.148
2004-07-07,4.0833,12.3333,3.0300,0.318
2004-07-08,3.9625,12.1258,3.0430,-0.560
2004-07-09,3.9667,12.1258,3.0440,-0.423
2004-07-12,4.0000,12.1667,3.0425,0.027
2004-07-13,4.0833,12.3425,3.0460,0.772
2004-07-14,4.1250,12.5000,3.0270,-0.109
2004-07-15,4.3342,13.0942,3.0250,0.127
2004-07-16,4.4958,13.2500,3.0000,1.792
2004-07-19,4.3958,13.1667,2.9980,0.091
2004-07-20,4.4833,13.4167,3.0025,0.332
2004-07-21,4.3083,13.1667,3.0435,-0.412
2004-07-22,4.2792,12.8750,3.0430,1.138
2004-07-23,4.1917,12.6917,3.0455,0.584
2004-07-26,4.1308,12.5833,3.0720,0.847
2004-07-27,4.2583,12.9167,3.0630,0.980
2004-07-28,4.3758,13.3333,3.0540,0.228
2004-07-29,4.4692,13.5250,3.0330,0.222
2004-07-30,4.4917,13.6583,3.0275,-0.438
2004-08-02,4.4942,13.6758,3.0505,0.246
2004-08-03,4.4633,13.5583,3.0540,0.536
2004-08-04,4.3500,13.3442,3.0580,-0.314
2004-08-05,4.2958,13.0083,3.0580,0.986
2004-08-06,4.3317,13.1517,3.0400,0.126
2004-08-09,4.3167,13.0842,3.0395,0.278
2004-08-10,4.4325,13.3500,3.0220,0.337
2004-08-11,4.3875,13.3083,3.0380,0.157
2004-08-12,4.4625,13.5833,3.0345,-0.308
2004-08-13,4.4708,13.6492,3.0200,-1.079
2004-08-16,4.5817,13.7317,3.0155,0.614
2004-08-17,4.7067,14.0000,2.9960,0.723
2004-08-18,4.7817,14.2592,2.9890,0.233
2004-08-19,4.8758,14.5250,2.9780,-0.033
2004-08-20,4.8200,14.3250,2.9780,0.202
2004-08-23,4.6892,13.8500,2.9680,0.487
2004-08-24,4.6092,13.6250,2.9540,-0.070
2004-08-25,4.7283,13.9100,2.9490,0.243
2004-08-26,4.6950,13.8150,2.9560,0.459
2004-08-27,4.7317,14.0200,2.9585,-0.152
2004-08-30,4.7417,13.9525,2.9440,0.050
2004-08-31,4.8142,14.0000,2.9400,1.098
2004-09-01,4.7875,13.8750,2.9280,1.029
2004-09-02,4.7917,14.0925,2.9370,-0.137
2004-09-03,4.8183,14.0000,2.9285,0.789
2004-09-07,4.9650,14.3000,2.9120,1.105
2004-09-08,4.9400,14.1375,2.9020,1.403
2004-09-09,4.9800,14.3975,2.9070,0.551
2004-09-10,4.8975,14.2250,2.9020,-0.088
2004-09-13,4.9200,14.3275,2.9070,-0.175
2004-09-14,5.0900,14.6800,2.9150,1.072
2004-09-15,5.0900,14.5075,2.9075,2.011
2004-09-16,5.0550,14.6500,2.8910,-0.246
2004-09-17,5.1700,14.8250,2.8755,0.279
2004-09-20,5.1850,14.7500,2.8640,0.677
2004-09-21,5.1900,14.9000,2.8755,0.160
2004-09-22,5.1375,14.7500,2.8710,-0.002
2004-09-23,5.0425,14.6500,2.8725,-1.129
2004-09-24,5.1500,14.8725,2.8670,-0.722
2004-09-27,5.0075,14.4250,2.8720,-0.301
2004-09-28,5.4375,15.5250,2.8650,0.344
2004-09-29,5.6650,16.2500,2.8560,-0.435
2004-09-30,5.6175,16.0500,2.8640,0.240
2004-10-01,5.6850,16.2250,2.8400,-0.491
2004-10-04,5.8000,16.4825,2.8240,-0.627
2004-10-05,5.9100,16.8750,2.8230,-1.132
2004-10-06,5.8250,16.5725,2.8370,-0.283
2004-10-07,5.7350,16.3750,2.8545,-0.027
2004-10-08,5.6025,15.9375,2.8175,-0.957
2004-10-11,5.6075,15.9250,2.8175,-0.790
2004-10-12,5.4375,15.9250,2.8260,-3.508
2004-10-13,5.2100,14.8000,2.8410,0.011
2004-10-14,5.0800,14.6250,2.8675,-0.397
2004-10-15,5.4125,15.4500,2.8570,0.087
2004-10-18,5.3175,15.3000,2.8575,-0.688
2004-10-19,5.1375,14.9250,2.8760,-1.002
2004-10-20,5.1925,14.8750,2.8870,0.778
2004-10-21,5.3875,15.4225,2.8510,-0.407
2004-10-22,5.3375,15.4000,2.8520,-1.152
2004-10-25,5.3100,15.3500,2.8820,-0.303
2004-10-26,5.4500,15.7375,2.8710,-0.575
2004-10-27,5.4450,15.5025,2.8600,0.453
2004-10-28,5.1950,14.9000,2.8640,-0.144
2004-10-29,5.2900,15.2500,2.8520,-1.068
2004-11-01,5.3250,15.2500,2.8630,-0.030
2004-11-03,5.4275,15.3450,2.8250,-0.080
2004-11-04,5.4600,15.4225,2.8120,-0.447
2004-11-05,5.6250,15.8725,2.8150,-0.240
2004-11-08,5.6250,15.8000,2.8330,0.858
2004-11-09,5.7750,16.3000,2.8260,0.124
2004-11-10,5.7250,16.3875,2.8180,-1.553
2004-11-11,5.7175,16.2925,2.8180,-1.108
2004-11-12,6.0400,16.8050,2.7920,0.349
2004-11-15,6.1050,16.8050,2.7910,1.393
2004-11-16,5.7700,16.1275,2.7780,-0.610
2004-11-17,6.0100,16.6225,2.7600,-0.210
2004-11-18,5.9125,16.3250,2.7675,0.232
2004-11-19,6.0000,16.6750,2.7753,-0.139
2004-11-22,5.9350,16.3250,2.7595,0.322
2004-11-23,5.9375,16.2525,2.7490,0.429
2004-11-24,6.0150,16.5250,2.7425,-0.175
2004-11-26,6.2250,16.7750,2.7277,1.222
2004-11-29,6.1200,16.8250,2.7440,-0.189
2004-11-30,6.2050,16.6500,2.7310,1.777
2004-12-01,6.1850,16.6775,2.7030,0.243
2004-12-02,6.0475,16.5000,2.7285,0.004
2004-12-03,6.1000,16.5250,2.6965,-0.462
2004-12-06,5.9925,16.3000,2.7170,-0.113
2004-12-07,5.9400,16.3000,2.7370,-0.259
2004-12-08,5.9250,16.4000,2.7610,-0.250
2004-12-09,6.0275,16.5725,2.7800,1.110
2004-12-10,6.1675,17.0625,2.7780,0.415
2004-12-13,6.3425,17.3250,2.7600,1.041
2004-12-14,6.2850,17.3250,2.7678,0.408
2004-12-15,6.3325,17.2000,2.7350,0.694
2004-12-16,6.5650,17.9875,2.7350,-0.179
2004-12-17,6.6175,17.7375,2.7130,1.217
2004-12-20,6.6750,17.8500,2.6840,0.368
2004-12-21,6.9525,18.6525,2.6890,0.229
2004-12-22,7.0175,18.7000,2.7040,1.472
2004-12-23,6.9525,18.7500,2.6930,-0.144
2004-12-27,6.9650,18.7450,2.6940,0.100
2004-12-28,7.2475,19.2500,2.6900,1.277
2004-12-29,7.2375,19.0250,2.6825,2.048
2004-12-30,7.1525,18.8750,2.6510,0.457
2004-12-31,7.2525,18.8750,2.6550,2.015
2005-01-03,7.0000,18.7125,2.6695,-0.139
2005-01-04,6.6700,17.9500,2.7020,0.403
2005-01-05,6.5125,17.8250,2.6970,-1.463
2005-01-06,6.5125,17.7500,2.7190,-0.240
2005-01-07,6.6700,18.2250,2.7095,-0.838
2005-01-10,6.6200,18.0750,2.6955,-1.277
2005-01-11,6.5725,17.9750,2.7120,-0.837
2005-01-12,6.6675,17.8700,2.6961,0.595
2005-01-13,6.8525,18.7475,2.6990,-1.347
2005-01-14,7.2575,19.6250,2.7040,-0.004
2005-01-18,7.2450,19.5500,2.7130,0.541
2005-01-19,7.0925,19.4250,2.7040,-1.271
2005-01-20,6.9950,19.2250,2.7227,-0.935
2005-01-21,7.4225,20.0250,2.6902,-0.285
2005-01-24,7.6250,20.4375,2.6795,-0.031
2005-01-26,7.6725,20.3750,2.6673,0.441
2005-01-27,7.5750,20.2500,2.6635,-0.365
2005-01-28,7.4800,19.8250,2.6477,-0.102
2005-01-31,7.5625,19.8000,2.6115,-0.255
2005-02-01,7.6625,19.9000,2.6050,0.306
2005-02-02,7.5875,19.7000,2.6175,0.814
2005-02-03,7.4650,19.4500,2.6042,-0.050
2005-02-04,7.4225,19.4225,2.6000,-0.638
2005-02-09,7.3375,19.1250,2.6075,0.039
2005-02-10,7.2750,19.0275,2.6110,-0.171
2005-02-11,7.2500,18.9500,2.6065,-0.279
2005-02-14,7.4975,19.2525,2.5820,0.551
2005-02-15,7.6175,19.6250,2.5728,-0.136
2005-02-16,7.5950,19.5000,2.5910,0.916
2005-02-17,7.8075,19.9500,2.5640,0.343
2005-02-18,7.9975,20.3250,2.5660,0.967
2005-02-22,8.3525,21.6500,2.5922,0.006
2005-02-23,8.7250,22.5275,2.5800,-0.075
2005-02-24,9.1375,23.9375,2.6025,-0.657
2005-02-25,8.8925,23.1250,2.6265,1.000
2005-02-28,8.7500,22.6250,2.5846,-0.043
2005-03-01,8.3775,21.9000,2.6103,-0.147
2005-03-02,8.5225,22.4250,2.6270,-0.162
2005-03-03,8.6675,23.1250,2.6980,1.124
2005-03-04,9.0250,23.8750,2.6513,0.222
2005-03-07,8.8375,23.7175,2.6539,-1.112
2005-03-08,8.6400,23.3000,2.6925,-0.158
2005-03-09,8.5650,23.1225,2.7186,0.702
2005-03-10,8.2900,22.6000,2.7290,0.104
2005-03-11,8.3425,22.5750,2.6975,-0.315
2005-03-14,8.1275,22.2500,2.7530,0.562
2005-03-15,8.0275,22.0750,2.7755,0.930
2005-03-16,7.9775,21.8750,2.7440,0.070
2005-03-17,8.4200,22.9250,2.7345,0.434
2005-03-18,8.4100,22.5325,2.7090,1.110
2005-03-21,8.2500,22.2750,2.7220,0.815
2005-03-22,8.1750,22.1750,2.7080,-0.167
2005-03-23,7.6400,20.8500,2.7455,0.602
2005-03-24,7.9000,21.5750,2.7415,0.384
2005-03-28,7.7325,21.0375,2.7439,0.854
2005-03-29,7.4025,20.0500,2.7053,-0.120
2005-03-30,7.7100,20.6775,2.6755,-0.239
2005-03-31,7.9025,21.2500,2.6660,-0.856
2005-04-01,8.0000,21.1250,2.6572,0.628
2005-04-04,7.7500,20.5250,2.6570,0.325
2005-04-05,7.7000,20.3000,2.6248,-0.439
2005-04-06,7.6975,20.0000,2.6023,0.156
2005-04-07,7.8675,20.3750,2.5950,0.202
2005-04-08,7.8750,20.3750,2.5910,0.143
2005-04-11,7.8050,20.2750,2.5753,-0.862
2005-04-12,7.6750,19.8125,2.5980,0.642
2005-04-13,7.3525,18.8775,2.5550,-0.487
2005-04-14,6.9525,17.9750,2.5710,-0.557
2005-04-15,6.7400,17.8750,2.5875,-2.435
2005-04-18,6.8350,17.9500,2.6190,-0.274
2005-04-19,7.1475,18.3750,2.5840,0.512
2005-04-20,7.0625,18.1500,2.5600,-0.386
2005-04-22,7.0625,18.0750,2.5339,-0.992
2005-04-25,7.3650,18.5750,2.5260,0.156
2005-04-26,7.1600,18.2000,2.5420,0.004
2005-04-27,7.0425,17.8750,2.5135,-0.972
2005-04-28,6.6500,16.9250,2.5230,-0.869
2005-04-29,6.7375,17.1250,2.5330,-0.344
2005-05-02,6.7550,17.0000,2.5147,-0.078
2005-05-03,6.7625,16.9125,2.5020,0.043
2005-05-04,7.0000,17.3750,2.4750,-0.288
2005-05-05,6.9225,17.1500,2.4700,-0.300
2005-05-06,7.0250,17.3500,2.4668,-0.119
2005-05-09,7.1425,17.6250,2.4528,-0.601
2005-05-10,6.8900,17.0500,2.4742,-0.016
2005-05-11,6.8900,16.9250,2.4800,0.958
2005-05-12,6.5375,16.1500,2.4610,-0.379
2005-05-13,6.4000,16.0000,2.4630,-1.480
2005-05-16,6.7000,16.7000,2.4780,-0.583
2005-05-17,6.7575,16.7500,2.4775,-0.050
2005-05-18,7.1625,17.6875,2.4625,-0.282
2005-05-19,7.1950,17.6250,2.4455,-0.168
2005-05-20,7.0550,17.3500,2.4525,-0.274
2005-05-23,7.1550,17.3125,2.4300,0.428
2005-05-24,7.3325,17.7250,2.4339,0.686
2005-05-25,7.2500,17.5475,2.4075,-0.531
2005-05-27,7.4025,17.6600,2.3960,0.433
2005-05-31,7.2575,17.4875,2.4110,0.059
2005-06-01,7.3400,17.9500,2.4420,-0.143
2005-06-02,7.4625,18.1975,2.4166,-0.899
2005-06-03,7.4825,18.2375,2.4081,-1.200
2005-06-06,7.2850,17.8000,2.4760,1.335
2005-06-07,7.1250,17.6000,2.4560,-0.574
2005-06-08,7.1000,17.4950,2.4398,-0.986
2005-06-09,6.9025,17.3000,2.4887,-0.704
2005-06-10,6.9800,17.4000,2.4670,-1.036
2005-06-13,7.0025,17.3375,2.4588,-0.691
2005-06-14,7.1500,17.5000,2.4610,0.549
2005-06-15,7.2225,17.6125,2.4443,0.235
2005-06-16,7.5575,18.1000,2.4095,0.607
2005-06-17,7.6900,18.4475,2.3920,-0.287
2005-06-20,7.6125,18.1975,2.3825,-0.334
2005-06-21,7.4600,17.6750,2.3790,0.409
2005-06-22,7.3550,17.5650,2.3760,-0.510
2005-06-23,7.0900,17.0750,2.3925,-0.657
2005-06-24,6.9950,16.7500,2.3800,-0.608
2005-06-27,7.2125,17.2000,2.3812,-0.149
2005-06-28,7.3925,17.6475,2.3693,-0.751
2005-06-29,7.4175,17.5000,2.3493,-0.423
2005-06-30,7.3200,17.3250,2.3570,-0.414
2005-07-01,7.4925,17.6225,2.3480,-0.171
2005-07-05,7.3775,17.5100,2.3623,-0.469
2005-07-06,7.5025,17.9375,2.3867,-0.174
2005-07-07,7.5450,17.9225,2.3854,0.420
2005-07-08,7.7625,18.4500,2.3693,-0.316
2005-07-11,7.9175,18.5500,2.3455,0.110
2005-07-12,7.8675,18.4625,2.3353,-0.485
2005-07-13,7.9525,18.7475,2.3455,-0.506
2005-07-14,7.8825,18.5750,2.3370,-0.827
2005-07-15,7.7375,18.1250,2.3384,-0.175
2005-07-18,7.7650,18.1675,2.3265,-0.563
2005-07-19,7.8725,18.5950,2.3420,-0.848
2005-07-20,8.1250,19.0200,2.3575,0.708
2005-07-21,8.2750,19.5000,2.3500,-0.276
2005-07-22,8.3050,19.7750,2.3773,-0.159
2005-07-25,7.9750,19.7450,2.4190,-2.297
2005-07-26,7.9475,19.5975,2.4365,-1.191
2005-07-27,7.9750,19.6500,2.4430,-0.850
2005-07-28,8.1725,19.7500,2.4140,-0.109
2005-07-29,8.1400,19.6225,2.3855,-1.042
2005-08-01,8.2500,19.5025,2.3770,0.552
2005-08-02,8.4625,19.8750,2.3497,0.047
2005-08-03,8.6000,19.9875,2.3090,-0.651
2005-08-04,8.5225,19.7500,2.2965,-0.902
2005-08-05,8.4450,19.6250,2.3005,-1.005
2005-08-08,8.5675,20.0750,2.3095,-1.436
2005-08-09,8.8250,20.3950,2.3120,0.041
2005-08-10,8.9825,20.5000,2.2745,-0.338
2005-08-11,8.7125,20.4325,2.3305,-0.627
2005-08-12,8.6675,20.5500,2.3735,0.109
2005-08-15,8.8200,20.6875,2.3420,-0.150
2005-08-16,8.5400,20.1875,2.3450,-0.799
2005-08-17,8.5400,20.1000,2.3510,-0.112
2005-08-18,8.3275,19.8750,2.3690,-0.740
2005-08-19,8.2875,20.2975,2.4500,0.034
2005-08-22,8.6475,20.7225,2.3971,0.031
2005-08-23,8.4400,20.3775,2.4020,-0.513
2005-08-24,8.1200,19.8750,2.4205,-1.110
2005-08-25,8.4525,20.2500,2.4186,0.954
2005-08-26,8.3575,20.1250,2.4200,0.498
2005-08-29,8.4675,20.2750,2.4106,0.675
2005-08-30,8.4900,20.2500,2.3884,0.136
2005-08-31,8.5975,20.2750,2.3540,-0.180
2005-09-01,8.7275,20.5750,2.3645,0.297
2005-09-02,8.9450,20.9375,2.3405,-0.008
2005-09-06,9.0850,21.1875,2.3281,-0.173
2005-09-08,9.0625,21.0750,2.3153,-0.439
2005-09-09,9.2975,21.4875,2.3209,0.424
2005-09-12,9.3000,21.5000,2.3193,0.323
2005-09-13,9.1075,21.2500,2.3288,-0.190
2005-09-14,9.1500,21.4250,2.3345,-0.300
2005-09-15,9.5350,21.9750,2.3010,-0.159
2005-09-16,9.9625,22.8750,2.2920,-0.179
2005-09-19,9.8250,22.7250,2.2875,-1.101
2005-09-20,9.8050,22.5850,2.2963,-0.309
2005-09-21,10.4750,23.8000,2.2823,0.450
2005-09-22,10.4650,23.8000,2.2870,0.561
2005-09-23,10.7825,24.3875,2.2725,0.475
2005-09-26,10.9725,24.6625,2.2628,0.673
2005-09-27,10.9000,24.5725,2.2555,0.051
2005-09-28,11.0100,24.6725,2.2417,0.035
2005-09-29,11.1950,24.7000,2.2215,0.687
2005-09-30,10.9650,24.7500,2.2125,-1.980
2005-10-03,10.9500,24.4700,2.2350,0.013
2005-10-04,10.6500,24.0875,2.2440,-0.784
2005-10-05,10.0325,22.8525,2.2630,-0.652
2005-10-06,9.5075,21.9225,2.2755,-1.315
2005-10-07,9.8375,22.1250,2.2530,0.176
2005-10-10,10.1950,22.9000,2.2530,0.303
2005-10-11,10.3500,23.1750,2.2350,-0.184
2005-10-13,9.7750,22.1625,2.2625,-0.210
2005-10-14,9.9700,22.4975,2.2475,-0.400
2005-10-17,9.8650,22.2500,2.2295,-1.150
2005-10-18,9.5575,21.5225,2.2405,-0.506
2005-10-19,9.7025,21.5500,2.2513,1.361
2005-10-20,9.2125,20.9375,2.2360,-1.616
2005-10-21,9.6775,21.8000,2.2760,1.037
2005-10-24,9.9425,22.6150,2.2630,-0.509
2005-10-25,9.8175,22.2375,2.2582,-0.304
2005-10-26,9.8900,22.7250,2.2686,-1.270
2005-10-27,9.6775,22.3625,2.2868,-1.037
2005-10-28,9.9600,22.4625,2.2665,0.498
2005-10-31,10.3325,23.2925,2.2478,-0.288
2005-11-01,10.5650,23.9500,2.2515,-0.680
2005-11-03,10.8750,24.2475,2.2200,-0.433
2005-11-04,10.7275,23.6225,2.2220,0.906
2005-11-07,10.7600,23.8975,2.1979,-1.038
2005-11-08,10.7750,23.6475,2.2025,0.357
2005-11-09,10.6700,23.3500,2.1698,-0.849
2005-11-10,10.3250,22.6000,2.1714,-0.798
2005-11-11,10.5125,22.8250,2.1714,0.008
2005-11-14,10.3225,22.7275,2.2025,0.034
2005-11-16,10.5900,23.0500,2.1980,0.984
2005-11-17,10.7900,23.7500,2.1840,-0.777
2005-11-18,10.6750,23.8250,2.2259,-0.267
2005-11-21,10.8000,23.9500,2.2130,-0.207
2005-11-22,10.9475,24.2125,2.2545,1.936
2005-11-23,10.9925,24.8725,2.2335,-1.290
2005-11-25,11.1475,24.7225,2.2304,0.570
2005-11-28,10.8975,24.0750,2.2040,-0.236
2005-11-29,10.9025,24.1475,2.1908,-1.086
2005-11-30,10.8400,23.9250,2.2010,-0.277
2005-12-01,11.2350,24.6975,2.2090,0.488
2005-12-02,11.2700,24.7125,2.2040,0.512
2005-12-05,11.0250,24.2750,2.1945,-0.332
2005-12-06,10.9950,23.9250,2.1695,-0.298
2005-12-07,10.5000,23.0625,2.1870,-0.429
2005-12-08,10.4500,23.1500,2.2120,-0.149
2005-12-09,10.5550,23.6975,2.2420,-0.140
2005-12-12,10.5650,23.7000,2.2590,0.702
2005-12-13,10.5500,23.9500,2.2550,-0.667
2005-12-14,10.4250,23.7525,2.2848,0.280
2005-12-15,10.3075,23.6625,2.2965,0.037
2005-12-16,10.2900,24.0000,2.3365,0.177
2005-12-19,10.0300,23.9750,2.3755,-0.620
2005-12-20,10.0750,23.6875,2.3523,0.050
2005-12-21,10.3700,24.0500,2.3085,-0.461
2005-12-22,10.2950,24.1250,2.3230,-0.869
2005-12-23,10.2875,23.9000,2.3115,-0.504
2005-12-27,10.1925,23.8200,2.3640,1.155
2005-12-28,10.2225,23.9250,2.3500,0.409
2005-12-29,10.3425,23.8750,2.3297,0.921
2006-01-03,10.7500,24.9000,2.3320,0.679
2006-01-04,11.0300,25.2875,2.3020,0.410
2006-01-05,11.0950,25.2500,2.2810,0.228
2006-01-06,11.2500,25.5525,2.2875,0.712
2006-01-09,11.4000,25.5000,2.2600,1.035
2006-01-10,11.3750,25.3750,2.2564,1.149
2006-01-11,11.5500,26.3500,2.2720,-0.411
2006-01-12,11.8925,26.8750,2.2616,0.078
2006-01-13,11.8300,26.8025,2.2652,-0.019
2006-01-17,11.7425,27.0025,2.2945,-0.220
2006-01-18,11.5100,26.6750,2.3230,0.235
2006-01-19,11.9850,27.5050,2.3310,1.571
2006-01-20,11.6150,26.7875,2.2780,-1.226
2006-01-23,11.7950,26.4025,2.2570,0.829
2006-01-24,11.9575,27.2750,2.2360,-1.973
2006-01-25,11.8950,27.2750,2.2430,-2.180
2006-01-26,12.4025,27.5975,2.2304,0.236
2006-01-27,12.4500,27.6250,2.2045,-0.648
2006-01-30,12.5025,27.7250,2.2075,-0.453
2006-01-31,12.8175,28.2975,2.2094,0.076
2006-02-01,12.5950,28.1750,2.2170,-0.894
2006-02-02,12.3250,27.3250,2.2250,0.359
2006-02-03,12.2125,26.9250,2.2184,0.621
2006-02-06,12.4000,26.8125,2.1845,1.027
2006-02-07,11.8375,25.9525,2.1901,-0.105
2006-02-08,11.8525,25.6750,2.1952,1.338
2006-02-09,11.8200,25.9875,2.1700,-1.301
2006-02-10,11.7075,25.1750,2.1632,0.598
2006-02-13,11.4650,24.5150,2.1519,0.639
2006-02-14,11.7625,24.9625,2.1375,0.720
2006-02-15,11.9225,25.4750,2.1295,-0.338
2006-02-16,11.9750,25.4500,2.1160,-0.436
2006-02-17,11.8100,25.0750,2.1170,-0.292
2006-02-21,11.7000,25.2300,2.1240,-1.503
2006-02-22,11.9975,25.5000,2.1430,0.826
2006-02-23,12.1100,25.7750,2.1375,0.427
2006-02-24,12.1575,25.9750,2.1293,-0.339
2006-02-27,11.8775,25.9750,2.1485,-1.756
2006-02-28,11.6075,25.9750,2.1180,-5.353
2006-03-01,12.0000,25.5250,2.1200,-0.333
2006-03-02,11.9900,25.1875,2.1141,0.637
2006-03-03,11.9750,25.2225,2.1220,0.747
2006-03-06,11.6400,24.9250,2.1190,-1.042
2006-03-07,11.1850,24.0475,2.1667,0.778
2006-03-08,10.9100,23.5500,2.1933,1.609
2006-03-09,10.5700,22.8450,2.1650,0.171
2006-03-10,10.8125,23.0075,2.1485,0.970
2006-03-13,10.8300,23.2000,2.1320,-0.476
2006-03-14,11.0350,23.3950,2.1231,0.143
2006-03-15,11.2775,23.8725,2.1256,0.415
2006-03-16,11.2500,23.7975,2.1030,-0.583
2006-03-17,11.2300,23.8750,2.1207,-0.249
2006-03-20,11.2250,24.1500,2.1349,-0.769
2006-03-21,11.0375,23.8775,2.1557,-0.352
2006-03-22,11.0550,23.9500,2.1594,-0.325
2006-03-23,11.0000,23.9600,2.1540,-1.110
2006-03-24,11.3200,24.3750,2.1520,-0.059
2006-03-27,11.4600,24.9500,2.2010,1.096
2006-03-28,11.2650,25.1250,2.2233,-0.317
2006-03-29,11.6350,25.7000,2.2175,0.391
2006-03-30,12.0650,26.4750,2.1910,-0.153
2006-03-31,12.1325,26.4000,2.1720,-0.183
2006-04-03,12.3175,26.5000,2.1430,-0.391
2006-04-04,12.2375,26.2350,2.1300,-0.645
2006-04-05,12.3625,26.3750,2.1290,-0.209
2006-04-06,12.4500,26.5000,2.1355,0.328
2006-04-07,12.1750,26.3225,2.1390,-1.064
2006-04-10,12.0575,26.1000,2.1483,-0.754
2006-04-11,11.9700,25.6225,2.1485,0.371
2006-04-12,12.0475,25.6875,2.1385,0.296
2006-04-13,11.9800,25.7000,2.1380,-0.338
2006-04-17,12.1550,26.0025,2.1339,-0.250
2006-04-18,12.6050,26.6650,2.1280,0.594
2006-04-19,12.5775,26.5000,2.1200,0.620
2006-04-20,12.3625,26.3625,2.1235,-0.420
2006-04-21,12.9325,26.3625,2.1199,3.995
2006-04-24,12.9200,27.1550,2.1154,0.648
2006-04-25,12.8025,27.1875,2.1195,-0.193
2006-04-26,12.9375,27.7000,2.1190,-1.030
2006-04-27,12.6175,26.5000,2.1040,0.178
2006-04-28,12.8800,26.7550,2.0900,0.614
2006-05-01,13.2325,26.7550,2.0785,2.799
2006-05-02,13.5725,28.0000,2.0680,0.243
2006-05-03,13.4375,27.8875,2.0685,-0.330
2006-05-04,13.6900,28.4100,2.0635,-0.566
2006-05-05,13.9900,28.8000,2.0549,-0.180
2006-05-08,14.1200,29.2750,2.0605,-0.617
2006-05-09,14.5450,29.9975,2.0600,-0.116
2006-05-10,14.4325,29.7725,2.0555,-0.358
2006-05-11,13.9700,29.3025,2.0925,-0.240
2006-05-12,13.4500,28.9950,2.1340,-1.009
2006-05-15,12.8750,28.0000,2.1680,-0.311
2006-05-16,12.7875,27.1750,2.1446,0.917
2006-05-17,12.2625,26.8750,2.1870,-0.212
2006-05-18,11.9375,26.1000,2.2045,0.828
2006-05-19,11.9275,26.4525,2.2000,-0.801
2006-05-22,11.4400,26.0000,2.2973,1.081
2006-05-23,11.2550,25.8300,2.2535,-1.807
2006-05-24,10.9700,26.2500,2.3580,-1.458
2006-05-25,11.8775,27.2500,2.3105,0.708
2006-05-26,12.1575,27.8100,2.2580,-1.289
2006-05-30,11.6625,26.7550,2.3150,0.911
2006-05-31,11.6475,26.3500,2.3007,1.698
2006-06-01,11.7575,26.5500,2.2697,0.512
2006-06-02,11.8500,26.9300,2.2855,0.569
2006-06-05,11.4900,26.0950,2.2510,-0.885
2006-06-06,11.2625,25.2500,2.2695,1.229
2006-06-07,10.6950,24.0250,2.2585,0.540
2006-06-08,10.6600,24.1750,2.2865,0.824
2006-06-09,10.8600,24.4450,2.2645,0.603
2006-06-12,10.2700,23.6000,2.2625,-1.543
2006-06-13,10.0350,22.7500,2.2920,1.100
2006-06-14,10.3500,23.5050,2.2825,0.506
2006-06-15,11.1350,23.5050,2.2610,7.110
2006-06-16,10.8950,24.3950,2.2510,0.531
2006-06-19,10.5250,23.7500,2.2320,-1.087
2006-06-20,10.4800,23.5000,2.2416,-0.034
2006-06-21,11.1800,24.8550,2.2415,0.825
2006-06-22,11.1750,24.6550,2.2335,1.234
2006-06-23,11.0050,24.6000,2.2470,0.521
2006-06-26,11.1500,24.7500,2.2277,0.359
2006-06-27,10.9050,24.3050,2.2300,0.054
2006-06-28,11.1750,24.6750,2.2275,0.881
2006-06-29,11.8000,25.7000,2.2055,1.264
2006-06-30,12.0200,26.1400,2.1640,-0.492
2006-07-03,12.2150,26.8000,2.1595,-1.574
2006-07-05,11.7850,25.8050,2.1910,0.062
2006-07-06,11.8500,25.6750,2.1815,0.685
2006-07-07,11.6850,25.6250,2.1683,-1.126
2006-07-10,11.7250,25.5600,2.1712,-0.402
2006-07-11,11.7300,25.5750,2.1835,0.146
2006-07-12,11.5400,25.1850,2.1890,0.302
2006-07-13,11.1900,24.7300,2.2053,-0.213
2006-07-14,11.1550,24.7500,2.2130,-0.259
2006-07-17,10.8750,23.9250,2.2117,0.532
2006-07-18,10.9500,23.8250,2.1963,0.942
2006-07-19,11.6250,25.4500,2.1853,-0.180
2006-07-20,11.1750,24.3300,2.1847,0.345
2006-07-21,10.7350,23.7750,2.1909,-1.075
2006-07-24,11.0700,24.0700,2.1886,0.656
2006-07-25,11.3150,24.9500,2.2018,-0.147
2006-07-26,11.3250,24.7500,2.2054,0.914
2006-07-27,11.4150,25.0600,2.1870,-0.381
2006-07-28,11.8300,25.7500,2.1776,0.043
2006-07-31,11.6000,25.2750,2.1745,-0.201
2006-08-01,11.5400,25.2000,2.1875,0.174
2006-08-02,11.7450,25.5000,2.1769,0.265
2006-08-03,11.8650,25.9000,2.1812,-0.077
2006-08-04,12.0250,26.3000,2.1720,-0.691
2006-08-07,11.8250,25.8500,2.1775,-0.391
2006-08-08,11.7400,25.6000,2.1849,0.198
2006-08-09,11.5050,25.0000,2.1670,-0.275
2006-08-10,11.4450,24.6500,2.1655,0.544
2006-08-11,11.2050,24.2000,2.1615,0.081
2006-08-14,11.0050,23.7750,2.1555,-0.226
2006-08-15,10.9100,23.3500,2.1458,0.260
2006-08-16,11.1700,23.9700,2.1290,-0.789
2006-08-17,11.3000,24.3900,2.1315,-1.247
2006-08-18,11.2800,24.1750,2.1490,0.272
2006-08-21,11.1300,23.6850,2.1364,0.393
2006-08-22,10.9050,23.2000,2.1303,0.133
2006-08-23,10.4450,22.4850,2.1346,-0.841
2006-08-24,10.4750,22.5250,2.1633,0.602
2006-08-25,10.4500,22.6700,2.1593,-0.465
2006-08-28,10.6400,23.0500,2.1468,-0.903
2006-08-29,10.6750,22.9250,2.1431,-0.207
2006-08-30,10.7000,23.0750,2.1325,-1.115
2006-08-31,10.7200,23.0000,2.1410,-0.211
2006-09-01,11.1300,23.8950,2.1397,-0.335
2006-09-05,11.4350,24.1500,2.1250,0.619
2006-09-06,11.0650,23.6500,2.1452,0.366
2006-09-07,10.8650,23.6500,2.1530,-1.089
2006-09-08,10.8350,23.3050,2.1545,0.167
2006-09-11,10.2000,22.4500,2.1756,-1.153
2006-09-12,10.2150,22.2600,2.1696,-0.438
2006-09-13,10.5250,22.7000,2.1630,0.289
2006-09-14,10.4000,22.5500,2.1550,-0.612
2006-09-15,10.4250,22.5000,2.1535,-0.221
2006-09-18,10.4850,22.6000,2.1405,-0.694
2006-09-19,10.2700,22.3350,2.1560,-0.864
2006-09-20,10.0200,21.9500,2.1729,-0.809
2006-09-21,10.1400,22.3950,2.1805,-1.271
2006-09-22,10.0200,22.0250,2.2126,0.659
2006-09-25,9.8800,21.8600,2.2308,0.825
2006-09-26,10.3100,22.6750,2.2050,0.258
2006-09-27,10.5550,23.0750,2.1851,-0.049
2006-09-28,10.6650,23.2450,2.1740,-0.255
2006-09-29,10.7800,23.4250,2.1664,-0.304
2006-10-02,10.9150,23.7200,2.1570,-0.743
2006-10-03,10.4500,22.8000,2.1713,-0.482
2006-10-04,10.8700,23.6750,2.1670,-0.506
2006-10-05,11.1250,24.1900,2.1656,-0.404
2006-10-06,11.1050,24.0550,2.1660,-0.007
2006-10-09,11.4100,24.5050,2.1660,0.853
2006-10-10,11.6000,24.8850,2.1451,-0.007
2006-10-11,11.6950,25.1500,2.1500,-0.023
2006-10-12,11.9600,25.1500,2.1490,2.195
2006-10-13,11.9250,25.3750,2.1410,0.616
2006-10-16,12.1900,25.9950,2.1320,-0.023
2006-10-17,11.9450,25.4950,2.1360,0.077
2006-10-18,12.0250,25.6050,2.1310,0.079
2006-10-19,12.2200,26.0250,2.1355,0.272
2006-10-20,12.0000,25.7200,2.1425,-0.039
2006-10-23,12.1400,25.9950,2.1375,-0.176
2006-10-24,12.6850,27.2000,2.1435,-0.036
2006-10-25,12.9150,27.5000,2.1463,0.798
2006-10-26,12.8850,27.4000,2.1340,0.353
2006-10-27,12.7600,27.2500,2.1350,-0.027
2006-10-30,12.4600,26.8500,2.1405,-0.668
2006-10-31,12.7200,27.0750,2.1350,0.304
2006-11-01,13.0150,27.8500,2.1388,-0.049
2006-11-02,13.0700,27.8500,2.1425,0.547
2006-11-03,13.2250,28.2000,2.1432,0.510
2006-11-06,13.5500,28.9950,2.1337,-0.288
2006-11-07,13.3850,28.6800,2.1350,-0.359
2006-11-08,13.4550,28.6500,2.1428,0.633
2006-11-09,13.7250,29.5000,2.1410,-0.389
2006-11-10,13.4200,29.0000,2.1490,-0.553
2006-11-13,13.0900,28.4000,2.1635,-0.281
2006-11-14,13.2450,28.4750,2.1555,0.262
2006-11-15,13.4800,28.4750,2.1475,1.662
2006-11-16,13.1050,28.4000,2.1490,-0.836
2006-11-17,13.0250,28.4950,2.1640,-1.084
2006-11-20,13.0200,28.4950,2.1580,-1.396
2006-11-21,13.5150,29.0950,2.1640,0.521
2006-11-22,13.4900,29.4000,2.1620,-0.798
2006-11-24,13.5750,29.4500,2.1659,-0.163
2006-11-27,13.3500,29.2500,2.1805,-0.480
2006-11-28,13.4300,29.0550,2.1850,0.997
2006-11-29,13.8050,30.0000,2.1775,0.201
2006-11-30,13.8800,29.8600,2.1665,0.707
2006-12-01,13.7900,29.3500,2.1610,1.534
2006-12-04,14.2900,30.7950,2.1675,0.580
2006-12-05,14.8950,31.7250,2.1550,1.178
2006-12-06,14.7700,31.6500,2.1474,0.212
2006-12-07,14.5700,31.3450,2.1410,-0.481
2006-12-08,14.6300,31.1000,2.1382,0.585
2006-12-11,14.7350,31.5500,2.1360,-0.241
2006-12-12,14.5400,31.2500,2.1490,-0.011
2006-12-13,14.5550,31.2250,2.1427,-0.122
2006-12-14,15.0150,32.1000,2.1410,0.147
2006-12-15,14.9600,31.9500,2.1450,0.436
2006-12-18,14.5500,31.5500,2.1460,-1.032
2006-12-19,14.7650,31.6000,2.1575,0.809
2006-12-20,14.5300,31.4450,2.1565,-0.353
2006-12-21,14.5900,31.3000,2.1580,0.592
2006-12-22,14.6100,31.3500,2.1500,0.196
2006-12-26,14.7300,31.4050,2.1430,0.514
2006-12-27,15.1700,32.1500,2.1472,1.316
2006-12-28,14.9700,31.8500,2.1360,0.395
2007-01-03,14.4100,31.1000,2.1390,-0.891
2007-01-04,14.2350,30.6000,2.1420,-0.355
2007-01-05,13.7550,29.3000,2.1505,0.956
2007-01-08,14.2350,30.4000,2.1500,0.675
2007-01-09,13.8200,29.6250,2.1520,0.390
2007-01-10,14.1900,30.7500,2.1516,-0.712
2007-01-11,14.4300,30.9400,2.1450,0.040
2007-01-12,14.8500,31.8000,2.1410,-0.019
2007-01-16,14.6750,31.4000,2.1426,0.136
2007-01-17,14.7900,31.5500,2.1317,-0.070
2007-01-18,14.7300,31.3750,2.1300,-0.000
2007-01-19,15.0600,32.3600,2.1280,-0.965
2007-01-22,15.3100,32.8150,2.1320,-0.530
2007-01-23,16.4050,34.4750,2.1340,1.547
2007-01-24,16.7300,35.6700,2.1280,-0.192
2007-01-26,16.5000,35.2000,2.1350,0.078
2007-01-29,16.2250,34.7500,2.1370,-0.222
2007-01-30,16.3050,34.7750,2.1330,0.010
2007-01-31,16.9650,35.5500,2.1225,1.289
2007-02-01,17.0500,35.6750,2.1052,0.613
2007-02-02,17.0100,35.6000,2.0960,0.149
2007-02-05,17.0100,35.4250,2.0925,0.475
2007-02-06,17.3200,36.3000,2.0852,-0.508
2007-02-07,16.9600,35.4000,2.0850,-0.108
2007-02-08,16.8550,35.5900,2.0970,-0.689
2007-02-09,16.6350,35.0000,2.0993,-0.223
2007-02-12,16.4900,34.8250,2.1135,0.076
2007-02-13,17.4900,36.5500,2.1080,0.873
2007-02-14,17.8900,37.5500,2.0980,-0.045
2007-02-15,18.0600,37.8250,2.0870,-0.354
2007-02-16,17.9500,37.6500,2.0898,-0.367
2007-02-21,18.5100,38.2000,2.0791,0.744
2007-02-22,18.5500,38.4450,2.0740,0.072
2007-02-23,18.3450,38.3200,2.0870,-0.089
2007-02-26,18.4450,38.3500,2.0828,0.175
2007-02-27,16.5050,35.1700,2.1045,-1.237
2007-02-28,17.0500,36.2550,2.1200,-0.301
2007-03-01,16.7500,35.3800,2.1230,0.509
2007-03-02,16.3500,34.7250,2.1210,-0.134
2007-03-05,15.9250,33.7550,2.1385,0.891
2007-03-06,17.0650,36.2000,2.1235,0.104
2007-03-07,17.1350,36.1500,2.1140,0.203
2007-03-08,17.1450,36.2600,2.1034,-0.544
2007-03-09,17.4800,36.7000,2.0955,-0.193
2007-03-12,17.8200,37.1950,2.0915,0.203
2007-03-13,17.0850,35.8550,2.0885,-0.482
2007-03-14,17.5400,36.6500,2.1060,0.789
2007-03-15,17.9600,37.4250,2.0900,0.298
2007-03-16,17.7300,36.9500,2.0900,0.286
2007-03-19,18.2250,37.9500,2.0790,-0.159
2007-03-20,18.1950,37.7800,2.0753,-0.053
2007-03-21,18.5550,38.1500,2.0720,0.776
2007-03-22,18.4750,37.9300,2.0555,0.120
2007-03-23,18.4900,37.9250,2.0670,0.775
2007-03-26,18.8000,38.5000,2.0610,0.641
2007-03-27,18.5050,38.0050,2.0612,0.362
2007-03-28,18.0100,37.0550,2.0740,0.804
2007-03-29,18.5100,37.6500,2.0540,0.982
2007-03-30,18.4950,38.1500,2.0580,-0.229
2007-04-02,18.6850,38.2300,2.0465,0.023
2007-04-03,19.3900,39.4750,2.0370,0.057
2007-04-04,19.8700,40.2500,2.0308,0.253
2007-04-05,19.8750,40.4500,2.0304,-0.237
2007-04-09,20.0300,40.4500,2.0215,0.100
2007-04-10,20.1500,40.7500,2.0310,0.429
2007-04-11,20.1150,41.0000,2.0305,-0.382
2007-04-12,20.4600,41.5000,2.0367,0.412
2007-04-13,20.6250,41.5400,2.0192,0.255
2007-04-16,20.9500,42.7200,2.0316,-0.370
2007-04-17,20.8900,42.9500,2.0317,-1.182
2007-04-18,20.7450,42.2500,2.0380,0.067
2007-04-19,20.5400,41.7450,2.0310,-0.068
2007-04-20,20.8800,42.5000,2.0240,-0.562
2007-04-23,20.9950,42.7250,2.0231,-0.585
2007-04-24,20.9300,42.6500,2.0359,-0.091
2007-04-25,21.2150,42.7750,2.0221,0.290
2007-04-26,20.7450,41.9000,2.0210,0.061
2007-04-27,20.3550,41.9200,2.0305,-1.405
2007-04-30,20.3050,42.0000,2.0308,-1.820
2007-05-02,20.8300,42.2300,2.0243,-0.151
2007-05-03,21.3850,43.4000,2.0220,-0.368
2007-05-04,21.9400,44.7200,2.0283,-0.490
2007-05-07,21.7250,43.8500,2.0235,0.252
2007-05-08,21.4650,43.3250,2.0245,0.302
2007-05-09,22.3550,45.2050,2.0220,-0.007
2007-05-10,21.7050,44.1750,2.0167,-0.911
2007-05-11,22.2700,44.8500,2.0173,0.168
2007-05-14,21.8600,43.7750,2.0103,0.389
2007-05-15,22.0700,43.6500,1.9888,0.556
2007-05-16,22.6950,44.3500,1.9636,0.482
2007-05-17,22.4800,43.8000,1.9541,0.293
2007-05-18,22.5450,44.3000,1.9631,-0.095
2007-05-21,22.5400,43.8350,1.9426,-0.111
2007-05-22,22.2600,43.5500,1.9376,-0.962
2007-05-23,21.9700,42.9000,1.9415,-0.572
2007-05-24,21.0650,41.5000,1.9650,-0.258
2007-05-25,21.6900,42.4000,1.9456,-0.472
2007-05-29,21.7000,42.2500,1.9420,-0.257
2007-05-30,22.3150,43.0050,1.9498,1.174
2007-05-31,22.7250,43.5100,1.9225,0.411
2007-06-01,23.5100,44.8250,1.9010,-0.296
2007-06-04,23.5500,45.1500,1.9182,0.052
2007-06-05,23.1500,45.1800,1.9401,-0.590
2007-06-06,22.5600,44.0500,1.9680,0.790
2007-06-08,22.2100,43.4750,1.9666,0.467
2007-06-11,22.4250,43.7950,1.9430,-0.510
2007-06-12,21.6900,42.4300,1.9390,-0.879
2007-06-13,22.3850,43.5750,1.9467,0.004
2007-06-14,22.8850,44.0750,1.9310,0.263
2007-06-15,23.4750,44.7550,1.9098,0.173
2007-06-18,23.7750,45.4500,1.9029,-0.459
2007-06-19,22.9000,43.7450,1.9017,-0.448
2007-06-20,22.5000,43.4750,1.9175,-0.762
2007-06-21,23.0050,44.0500,1.9190,0.219
2007-06-22,22.5850,43.9000,1.9230,-1.068
2007-06-25,22.1600,43.5000,1.9362,-1.365
2007-06-26,21.8200,42.5000,1.9430,-0.244
2007-06-27,22.2000,43.2200,1.9500,0.162
2007-06-28,22.0050,42.2000,1.9239,0.321
2007-06-29,22.2750,43.0900,1.9301,-0.225
2007-07-02,23.1450,44.2750,1.9160,0.160
2007-07-03,23.2000,44.3950,1.9142,0.033
2007-07-05,23.7350,45.3750,1.9134,0.087
2007-07-06,24.0150,45.8950,1.9015,-0.502
2007-07-10,23.9350,45.6250,1.8910,-0.798
2007-07-11,24.6850,46.6950,1.8890,-0.139
2007-07-12,26.1450,48.9050,1.8758,0.282
2007-07-13,25.9700,48.3750,1.8713,0.460
2007-07-16,25.3800,47.6250,1.8694,-0.377
2007-07-17,25.5250,47.6200,1.8639,-0.092
2007-07-18,25.6050,47.5000,1.8573,0.118
2007-07-19,25.9050,48.1250,1.8538,-0.213
2007-07-20,25.4850,47.5000,1.8619,-0.104
2007-07-23,26.5500,48.7000,1.8413,0.383
2007-07-24,25.3700,47.5000,1.8490,-1.244
2007-07-25,25.0100,46.8000,1.8705,-0.040
2007-07-26,23.7250,45.5000,1.8953,-1.174
2007-07-27,23.5700,44.4900,1.9170,1.559
2007-07-30,24.2750,45.8100,1.8865,-0.033
2007-07-31,24.5050,46.4000,1.8690,-1.293
2007-08-01,24.2450,45.7500,1.8810,-0.317
2007-08-02,24.5500,46.2750,1.8692,-0.834
2007-08-03,23.3800,44.2500,1.8781,-0.768
2007-08-06,23.2750,44.2750,1.8985,-0.197
2007-08-07,23.6200,45.2450,1.9070,-0.446
2007-08-08,24.5000,46.2600,1.8851,-0.162
2007-08-09,23.4400,44.9500,1.9144,-0.170
2007-08-10,22.6700,43.6650,1.9423,0.840
2007-08-13,22.8000,43.9250,1.9380,0.595
2007-08-14,21.2350,41.9950,1.9752,-0.123
2007-08-15,19.8050,40.2450,1.9963,-1.760
2007-08-16,19.1050,39.7450,2.1050,1.185
2007-08-17,20.0500,40.4000,2.0320,0.846
2007-08-20,20.1600,40.5850,2.0370,1.185
2007-08-21,20.3700,41.5250,2.0286,-0.487
2007-08-22,22.1400,44.1250,2.0131,1.009
2007-08-23,22.5100,44.9500,1.9992,0.116
2007-08-24,23.7650,46.3350,1.9745,1.271
2007-08-27,24.1600,47.5000,1.9550,-0.563
2007-08-28,22.5200,45.2500,1.9876,-1.081
2007-08-29,23.9650,46.9000,1.9741,0.873
2007-08-30,23.9850,47.1000,1.9665,0.141
2007-08-31,24.6650,48.4900,1.9672,0.064
2007-09-04,25.5500,50.0000,1.9465,-0.534
2007-09-05,25.0700,48.8500,1.9678,0.988
2007-09-06,26.0400,50.5100,1.9490,0.479
2007-09-10,25.2000,49.0000,1.9600,0.800
2007-09-11,26.2000,50.3900,1.9305,0.375
2007-09-12,26.5250,50.7400,1.9095,-0.178
2007-09-13,27.5000,52.5500,1.8979,-0.681
2007-09-14,27.2500,51.3100,1.8945,0.614
2007-09-17,26.9200,51.8500,1.9129,-0.684
2007-09-18,29.6000,55.1900,1.9005,1.929
2007-09-19,29.8100,55.8400,1.8700,-0.171
2007-09-20,29.8500,56.3000,1.8560,-1.596
2007-09-21,30.4500,56.7000,1.8620,-0.004
2007-09-24,31.7600,59.3000,1.8700,0.154
2007-09-25,32.0400,59.5500,1.8650,0.344
2007-09-26,32.9800,60.6200,1.8530,0.812
2007-09-27,33.9800,63.1400,1.8380,-1.085
2007-09-28,33.9300,61.9500,1.8360,0.558
2007-10-01,36.1400,65.6000,1.8179,0.151
2007-10-02,35.4500,65.0000,1.8220,-0.631
2007-10-03,32.3000,60.1000,1.8270,-1.810
2007-10-04,32.0500,58.2000,1.8288,0.710
2007-10-05,33.5600,60.5400,1.8057,0.098
2007-10-08,33.2700,60.6500,1.8057,-0.947
2007-10-09,34.3500,62.1700,1.8010,-0.492
2007-10-10,34.2500,61.4000,1.8015,0.491
2007-10-11,34.1000,61.6000,1.7897,-0.927
2007-10-15,35.2000,63.6000,1.8068,-0.001
2007-10-16,34.2300,62.0100,1.8229,0.625
2007-10-17,34.6600,63.0000,1.8060,-0.641
2007-10-18,35.4900,63.6000,1.8048,0.711
2007-10-19,33.2600,59.6300,1.7963,0.193
2007-10-22,32.7300,59.0300,1.8187,0.840
2007-10-23,33.9600,60.8500,1.7970,0.289
2007-10-24,32.8200,59.0000,1.8033,0.312
2007-10-25,33.4900,59.8000,1.7931,0.420
2007-10-26,35.5000,62.9300,1.7779,0.295
2007-10-29,37.1700,65.6000,1.7555,-0.531
2007-10-30,36.4700,63.9400,1.7502,-0.172
2007-10-31,37.6800,65.0000,1.7386,0.785
2007-11-01,36.4300,64.0900,1.7473,-0.680
2007-11-05,35.5400,61.6100,1.7540,1.180
2007-11-06,37.7500,64.6100,1.7298,1.068
2007-11-07,35.8400,63.5700,1.7304,-2.442
2007-11-08,36.9600,63.1000,1.7352,1.637
2007-11-09,35.7000,63.7000,1.7505,-1.895
2007-11-12,32.8500,60.2900,1.7505,-4.621
2007-11-13,35.2600,60.9000,1.7682,2.376
2007-11-14,35.7300,63.4000,1.7335,-2.306
2007-11-16,35.4000,62.0000,1.7422,-0.526
2007-11-19,33.6400,59.5000,1.7610,-0.437
2007-11-21,32.4300,57.5500,1.7859,0.637
2007-11-23,32.5600,58.5500,1.8020,0.210
2007-11-26,31.0000,57.5000,1.8302,-1.328
2007-11-27,31.2000,56.8000,1.8380,0.961
2007-11-28,33.9700,60.3400,1.7976,1.201
2007-11-29,34.3600,61.3500,1.7760,-0.532
2007-11-30,34.5800,62.7000,1.7800,-1.830
2007-12-03,34.9000,62.2000,1.7840,0.099
2007-12-04,34.4200,62.3100,1.8204,0.559
2007-12-05,35.5500,63.3000,1.7928,0.686
2007-12-06,36.5200,64.5500,1.7868,1.091
2007-12-07,36.5000,63.5000,1.7620,1.280
2007-12-10,36.1800,63.5000,1.7625,0.421
2007-12-11,34.3800,61.8500,1.7580,-2.280
2007-12-12,34.9000,61.0500,1.7583,0.515
2007-12-13,33.5900,58.6500,1.7760,1.715
2007-12-14,32.9000,58.7000,1.7959,0.656
2007-12-17,31.0600,56.6500,1.8158,-0.444
2007-12-18,31.7700,57.4000,1.8092,0.136
2007-12-19,31.9300,58.2300,1.8025,-1.161
2007-12-20,32.4600,59.1400,1.8021,-1.089
2007-12-21,33.3000,59.8100,1.7906,-0.306
2007-12-26,34.2600,60.8900,1.7735,-0.213
2007-12-27,33.6100,59.6000,1.7655,-0.439
2007-12-28,33.3800,59.3100,1.7771,0.016
2008-01-02,32.7100,57.9000,1.7681,-0.113
2008-01-03,33.0900,58.2000,1.7496,-0.525
2008-01-04,31.7600,56.1000,1.7607,-0.321
2008-01-07,31.5300,55.1000,1.7679,1.165
2008-01-08,31.2300,56.2000,1.7565,-2.392
2008-01-09,31.4000,55.6000,1.7725,0.102
2008-01-10,32.5600,56.8100,1.7640,1.102
2008-01-11,32.0000,56.1000,1.7490,-0.235
2008-01-14,32.3000,56.0000,1.7346,0.049
2008-01-15,31.0500,53.9000,1.7481,0.702
2008-01-16,29.0000,51.4100,1.7685,-0.240
2008-01-17,28.2900,51.0500,1.7769,-1.531
2008-01-18,28.8300,51.5900,1.7930,0.198
2008-01-22,26.8500,47.6000,1.8013,1.607
2008-01-23,26.5700,45.0000,1.8175,7.313
2008-01-24,28.3200,50.1200,1.7848,0.849
2008-01-28,27.8000,50.2500,1.7828,-1.369
2008-01-29,28.7100,51.0800,1.7728,-0.358
2008-01-30,29.1500,52.3900,1.7778,-1.083
2008-01-31,30.0100,51.8300,1.7578,1.778
2008-02-01,31.6300,54.9000,1.7438,0.467
2008-02-06,29.9600,53.1100,1.7508,-1.235
2008-02-07,29.8800,52.4000,1.7610,0.417
2008-02-08,30.3500,53.5000,1.7655,0.155
2008-02-11,31.9100,55.5000,1.7605,1.221
2008-02-12,32.0000,55.9100,1.7450,-0.125
2008-02-13,32.6800,56.7900,1.7458,0.463
2008-02-14,32.2100,56.3100,1.7463,-0.110
2008-02-15,32.0300,55.2200,1.7513,1.583
2008-02-19,33.5000,57.9100,1.7315,0.164
2008-02-20,35.0500,60.0000,1.7340,1.294
2008-02-21,34.7900,59.8000,1.7070,-0.691
2008-02-22,35.6300,60.7000,1.7086,0.292
2008-02-25,35.7200,60.7000,1.7052,0.346
2008-02-26,36.2100,60.7000,1.6860,0.577
2008-02-27,36.6500,60.5100,1.6671,0.974
2008-02-28,37.2200,62.5000,1.6800,0.047
2008-02-29,34.8400,58.6600,1.6845,0.048
2008-03-03,35.0000,58.3000,1.6779,0.732
2008-03-04,33.9600,57.0600,1.6818,0.095
2008-03-05,35.4100,58.7700,1.6673,0.458
2008-03-06,34.1100,57.2300,1.6690,-0.525
2008-03-07,33.1400,56.0200,1.6873,-0.184
2008-03-10,31.6700,54.5000,1.7037,-0.998
2008-03-11,33.5500,56.7400,1.7011,0.585
2008-03-12,34.2300,57.3000,1.6802,0.372
2008-03-13,34.1800,57.6000,1.6994,0.843
2008-03-14,33.8200,58.9000,1.7040,-2.157
2008-03-17,32.1600,55.3300,1.7221,0.095
2008-03-18,33.8200,57.0800,1.7060,1.081
2008-03-19,31.0500,53.1600,1.6996,-0.729
2008-03-20,30.8300,52.7300,1.7392,1.687
2008-03-24,31.7500,55.4500,1.7303,-0.925
2008-03-25,33.0100,57.0200,1.7403,0.749
2008-03-26,34.6800,59.5100,1.7353,1.126
2008-03-27,34.2900,59.7500,1.7313,-0.642
2008-03-28,34.1500,59.8000,1.7393,-0.674
2008-03-31,34.6400,60.5000,1.7441,-0.139
2008-04-01,35.4200,61.7500,1.7410,-0.136
2008-04-02,35.6000,61.1000,1.7241,0.455
2008-04-03,35.9500,61.8700,1.7211,0.006
2008-04-04,36.6700,62.5100,1.7100,0.313
2008-04-07,36.7700,62.4100,1.6985,0.070
2008-04-08,37.1300,62.7000,1.6983,0.571
2008-04-09,36.6500,61.6000,1.6914,0.633
2008-04-10,36.3600,61.2100,1.6775,-0.353
2008-04-11,35.8200,60.1100,1.6810,0.172
2008-04-14,35.4100,59.3200,1.6795,0.255
2008-04-15,36.0800,60.7700,1.6845,0.011
2008-04-16,37.8800,62.6100,1.6720,1.159
2008-04-17,37.9800,62.6500,1.6625,0.785
2008-04-18,37.9300,63.2000,1.6640,-0.134
2008-04-22,39.5700,65.2600,1.6547,0.332
2008-04-23,39.2300,64.8000,1.6571,0.321
2008-04-24,37.3300,62.2500,1.6690,0.086
2008-04-25,37.9200,63.0000,1.6686,0.434
2008-04-28,38.0200,63.8600,1.6778,-0.110
2008-04-29,36.8400,62.3000,1.7060,0.881
2008-04-30,39.0800,65.6400,1.6950,0.915
2008-05-02,39.9100,65.4000,1.6463,0.465
2008-05-05,40.3100,66.6000,1.6599,0.466
2008-05-06,40.9000,67.8200,1.6605,0.139
2008-05-07,39.0600,65.9500,1.6743,-0.837
2008-05-08,40.0100,66.7400,1.6790,0.654
2008-05-09,39.5800,66.4100,1.6880,0.604
2008-05-12,40.5800,67.3100,1.6670,0.500
2008-05-13,40.9100,67.5000,1.6600,0.608
2008-05-14,40.5000,67.2600,1.6618,0.064
2008-05-15,42.2000,69.6000,1.6518,0.152
2008-05-16,43.9100,72.0900,1.6430,0.075
2008-05-19,43.4600,71.5000,1.6470,0.110
2008-05-20,43.3700,71.5000,1.6539,0.321
2008-05-21,41.7800,69.2000,1.6500,-0.380
2008-05-23,41.0100,68.2500,1.6550,-0.555
2008-05-27,39.6400,66.1900,1.6709,0.067
2008-05-28,40.6600,67.6600,1.6684,0.262
2008-05-29,39.5600,64.4500,1.6476,1.131
2008-05-30,39.7800,65.5100,1.6252,-1.312
2008-06-02,39.9300,65.2900,1.6305,-0.282
2008-06-03,38.5200,62.9600,1.6227,-0.720
2008-06-04,37.2300,60.7400,1.6293,-0.134
2008-06-05,38.7100,63.4400,1.6345,-0.266
2008-06-06,37.4400,61.7900,1.6261,-1.471
2008-06-09,36.8200,59.7000,1.6226,0.074
2008-06-10,35.2500,58.4000,1.6403,-0.992
2008-06-11,34.4400,56.5900,1.6405,-0.161
2008-06-12,34.5200,58.1500,1.6392,-2.691
2008-06-13,34.5700,56.7600,1.6316,-0.626
2008-06-16,34.8400,56.8000,1.6249,-0.332
2008-06-17,36.1800,58.4800,1.6128,-0.220
2008-06-18,36.0300,58.1700,1.6088,-0.352
2008-06-19,36.0800,58.0500,1.6036,-0.331
2008-06-20,34.8100,55.4400,1.6018,0.575
2008-06-23,35.0600,56.4800,1.6137,0.171
2008-06-24,35.6700,57.4900,1.6030,-0.541
2008-06-25,36.6800,58.6800,1.5996,-0.011
2008-06-26,35.5300,56.6000,1.5925,-0.033
2008-06-27,35.4800,56.2300,1.6038,1.197
2008-06-30,35.8200,57.4000,1.5945,-0.497
2008-07-01,34.5000,55.0100,1.6090,0.910
2008-07-02,32.3300,52.1900,1.6003,-0.867
2008-07-03,32.0800,50.9500,1.6061,1.126
2008-07-07,32.2700,51.5600,1.5999,0.133
2008-07-08,31.9200,51.0000,1.6110,0.830
2008-07-10,31.5200,51.0000,1.6082,-0.607
2008-07-11,31.5100,50.1700,1.6030,0.679
2008-07-14,31.7500,51.0000,1.5928,-0.840
2008-07-15,31.3100,49.9100,1.5935,-0.035
2008-07-16,30.6500,49.2000,1.5954,-0.612
2008-07-17,28.9600,46.5400,1.5877,-1.204
2008-07-18,29.1300,46.0100,1.5898,0.654
2008-07-21,29.9000,47.7000,1.5842,-0.697
2008-07-22,29.2300,45.9100,1.5841,0.857
2008-07-23,28.8500,45.8700,1.5838,-0.387
2008-07-24,27.6500,43.7300,1.5775,-0.256
2008-07-25,27.7800,43.5000,1.5728,0.442
2008-07-28,27.8900,43.9900,1.5752,-0.131
2008-07-29,28.3700,45.0500,1.5715,-1.036
2008-07-30,30.7100,48.1000,1.5605,-0.368
2008-07-31,30.0300,47.3400,1.5660,-0.661
2008-08-01,28.2800,44.3900,1.5580,-0.743
2008-08-04,26.3600,41.1900,1.5683,0.365
2008-08-05,26.1600,41.6300,1.5734,-1.129
2008-08-06,26.6800,42.2000,1.5801,-0.102
2008-08-07,26.4100,42.4000,1.5897,-0.981
2008-08-08,25.7500,41.6900,1.6107,-0.514
2008-08-11,24.7600,40.1500,1.6089,-0.781
2008-08-12,24.6200,39.9200,1.6223,0.053
2008-08-13,25.9100,41.7500,1.6240,0.785
2008-08-14,25.9200,42.2000,1.6225,-0.343
2008-08-15,25.3400,41.4000,1.6361,0.142
2008-08-18,24.8100,40.4800,1.6303,-0.080
2008-08-19,25.4100,41.1000,1.6380,1.269
2008-08-20,26.9000,43.3600,1.6240,0.751
2008-08-21,27.4600,44.2000,1.6135,0.241
2008-08-22,26.6300,43.4800,1.6184,-0.879
2008-08-25,25.9900,42.1600,1.6269,0.292
2008-08-26,25.9200,42.2000,1.6390,0.670
2008-08-27,26.7400,43.5800,1.6220,-0.477
2008-08-28,26.9000,43.8000,1.6265,-0.108
2008-08-29,26.5500,43.4700,1.6349,-0.146
2008-09-02,25.2300,41.8000,1.6573,0.033
2008-09-03,24.9900,41.6000,1.6741,0.567
2008-09-04,23.5700,40.3400,1.6968,-0.859
2008-09-05,23.5200,40.7900,1.7339,-0.021
2008-09-08,22.7300,39.3100,1.7429,0.779
2008-09-09,20.9600,37.3600,1.7569,-1.433
2008-09-10,22.0800,39.5500,1.7823,-0.498
2008-09-11,22.8900,41.6000,1.8163,-0.060
2008-09-12,24.2600,42.6600,1.7810,1.282
2008-09-15,21.5300,38.9000,1.8050,-0.099
2008-09-16,22.1500,39.9000,1.8281,1.485
2008-09-17,19.6900,37.1000,1.8785,-0.303
2008-09-18,20.5600,39.8000,1.9095,-1.358
2008-09-19,23.7600,43.1000,1.8230,0.498
2008-09-22,23.5300,41.9000,1.7985,0.999
2008-09-23,21.2100,38.8300,1.8167,-0.767
2008-09-24,21.1500,39.5000,1.8432,-1.307
2008-09-25,22.2600,40.8800,1.8327,-0.206
2008-09-26,20.8900,38.5000,1.8540,0.598
2008-09-29,16.7000,33.8000,1.9115,-5.556
2008-09-30,19.1500,36.5500,1.9225,0.727
2008-10-01,18.6100,36.3900,1.9350,-1.043
2008-10-02,15.8300,32.5500,1.9958,-2.939
2008-10-03,15.7700,32.7400,2.0080,-3.280
2008-10-06,14.4600,30.2500,2.1646,3.471
2008-10-07,12.4800,29.0200,2.2310,-4.056
2008-10-08,12.7300,29.0000,2.4060,5.615
2008-10-09,12.1900,27.9400,2.2000,-4.016
2008-10-10,12.0600,28.3000,2.2972,-2.105
2008-10-13,15.4900,32.0000,2.2972,11.199
2008-10-14,14.6200,31.4900,2.0855,-3.176
2008-10-15,11.1400,25.6400,2.1650,-5.936
2008-10-16,11.6400,25.0000,2.1925,2.083
2008-10-17,12.2800,25.2000,2.1200,3.308
2008-10-20,13.8100,28.5500,2.1060,1.870
2008-10-21,13.1200,28.8400,2.2130,0.675
2008-10-22,11.2200,27.2000,2.3760,-1.990
2008-10-23,11.4500,25.6500,2.2770,1.644
2008-10-24,10.5000,24.3900,2.3881,2.809
2008-10-27,10.1100,22.1000,2.2550,3.159
2008-10-28,11.8000,25.1600,2.1862,2.532
2008-10-29,12.4200,25.9400,2.1260,1.792
2008-10-30,13.2600,27.7900,2.1310,1.681
2008-10-31,13.1200,28.3900,2.1230,-1.889
2008-11-03,13.3800,29.0000,2.1736,0.285
2008-11-04,15.1000,31.0400,2.0995,2.134
2008-11-05,12.7800,28.4000,2.1210,-4.555
2008-11-06,11.9800,27.5000,2.1865,-4.748
2008-11-07,12.7500,26.6500,2.1523,2.971
2008-11-10,13.0200,27.9000,2.1700,1.267
2008-11-11,12.3800,28.2500,2.1700,-4.904
2008-11-12,11.1800,26.4100,2.2785,-3.546
2008-11-13,12.6700,27.2900,2.3325,8.292
2008-11-14,11.4700,27.0500,2.2756,-3.508
2008-11-17,11.3200,26.7000,2.3035,-2.339
2008-11-18,11.0900,25.5500,2.2985,-0.233
2008-11-19,10.0200,25.0000,2.3894,-4.233
2008-11-21,10.0300,22.8000,2.4560,8.042
2008-11-24,11.2300,26.1100,2.3213,-0.160
2008-11-25,11.4400,26.8100,2.3012,-1.806
2008-11-26,12.5500,27.5900,2.3060,4.894
2008-11-28,11.9400,27.5300,2.3074,0.074
2008-12-01,10.4600,25.5000,2.3625,-3.091
2008-12-02,10.5500,24.5500,2.3780,2.191
2008-12-03,10.1400,24.8700,2.3955,-2.331
2008-12-04,9.6500,24.0900,2.4790,-0.696
2008-12-05,9.8200,23.5500,2.6187,9.196
2008-12-08,10.6700,26.5000,2.4625,-0.850
2008-12-09,10.8300,26.8700,2.4835,0.098
2008-12-10,12.0500,28.7100,2.4330,2.117
2008-12-11,11.9500,28.1100,2.2905,-2.627
2008-12-12,11.9300,28.2100,2.3990,1.454
2008-12-15,11.9900,28.3900,2.3585,-0.393
2008-12-16,13.5700,29.9000,2.3670,7.425
2008-12-17,12.9300,30.3000,2.3690,1.093
2008-12-18,11.9800,28.8100,2.3560,-2.031
2008-12-19,12.0000,28.6900,2.3785,-0.516
2008-12-22,11.3400,26.8800,2.4050,1.461
2008-12-23,11.1400,25.8600,2.3752,2.319
2008-12-26,11.5000,27.1000,2.3727,0.687
2008-12-29,11.2400,27.0400,2.3975,-0.341
2008-12-30,11.8300,27.6900,2.3291,-0.494
2009-01-02,13.1900,30.5000,2.3230,0.460
2009-01-05,14.1000,32.1600,2.2640,-0.739
2009-01-06,15.1100,33.0500,2.1895,0.101
2009-01-07,13.6800,31.0000,2.2209,-1.994
2009-01-08,14.0500,32.3800,2.2650,-1.719
2009-01-09,13.8700,31.8500,2.2888,-0.328
2009-01-12,12.7500,29.3100,2.3194,0.895
2009-01-13,13.0600,30.1000,2.2945,-0.445
2009-01-14,12.0600,28.7000,2.3537,-1.095
2009-01-15,12.6000,29.4500,2.3698,1.390
2009-01-16,12.9600,30.0000,2.3380,1.002
2009-01-20,11.9000,28.3600,2.3617,-0.902
2009-01-21,12.8800,29.1900,2.3525,3.803
2009-01-22,12.7400,29.2300,2.3515,2.491
2009-01-23,13.0300,30.2500,2.3467,1.083
2009-01-26,13.1600,30.8200,2.3123,-1.266
2009-01-27,13.8900,32.1100,2.3183,0.284
2009-01-28,14.9600,33.9400,2.2890,0.894
2009-01-29,14.3900,33.0300,2.2871,-0.359
2009-01-30,14.1100,32.5000,2.3130,0.420
2009-02-02,14.0800,32.3100,2.3262,1.371
2009-02-03,14.7500,33.9100,2.3151,0.701
2009-02-04,15.5200,35.4100,2.2910,0.413
2009-02-05,16.3300,36.9500,2.2966,1.498
2009-02-06,17.7000,38.7500,2.2620,3.322
2009-02-09,16.9700,37.6000,2.2375,0.985
2009-02-10,15.7900,36.5000,2.2663,-1.959
2009-02-11,15.7200,35.4800,2.2649,0.350
2009-02-12,15.7500,34.8100,2.2940,3.793
2009-02-13,16.1000,36.3900,2.2765,0.719
2009-02-17,14.6400,34.1100,2.3192,-0.460
2009-02-18,14.7200,34.8000,2.3572,-0.293
2009-02-19,14.7200,35.0200,2.3554,-0.995
2009-02-20,13.6000,32.2300,2.3898,0.842
2009-02-25,12.8500,30.5000,2.3880,0.609
2009-02-26,12.9400,30.5000,2.3508,-0.264
2009-02-27,12.8900,30.8700,2.3750,-0.830
2009-03-02,11.9400,29.1200,2.4365,-0.097
2009-03-03,12.2700,29.6800,2.4420,0.955
2009-03-04,13.7800,32.6900,2.3738,0.064
2009-03-05,13.1300,31.2200,2.3860,0.347
2009-03-06,12.8200,30.4000,2.3735,0.093
2009-03-09,12.5200,29.7000,2.3698,-0.101
2009-03-10,13.6500,31.9000,2.3472,0.437
2009-03-11,13.7300,32.2200,2.3357,-0.468
2009-03-12,13.8600,31.6600,2.3265,1.849
2009-03-13,13.4900,30.8200,2.3125,1.219
2009-03-16,13.4500,30.6800,2.2635,-0.769
2009-03-17,13.7900,31.4500,2.2792,-0.063
2009-03-18,13.8500,31.1400,2.3033,2.443
2009-03-19,14.1400,31.8000,2.2516,0.118
2009-03-20,13.9300,31.3500,2.2500,-0.024
2009-03-23,14.9600,33.3200,2.2709,1.959
2009-03-24,14.3300,32.1100,2.2548,0.627
2009-03-25,14.3800,32.2000,2.2383,-0.041
2009-03-26,14.8600,33.0900,2.2371,0.463
2009-03-27,14.0800,32.2500,2.2761,-0.628
2009-03-30,13.0500,30.4300,2.3251,-0.287
2009-03-31,13.3000,31.0000,2.3007,-1.293
2009-04-01,13.8200,31.5000,2.2860,0.294
2009-04-02,15.0100,33.5700,2.2400,0.156
2009-04-03,15.3400,33.9500,2.2024,-0.487
2009-04-06,14.9200,33.0600,2.2274,0.523
2009-04-07,14.4500,32.3400,2.2255,-0.561
2009-04-08,14.7600,32.6000,2.1950,-0.619
2009-04-09,15.9700,34.7000,2.1774,0.211
2009-04-13,16.3700,35.6000,2.1745,-0.010
2009-04-14,16.1400,35.6300,2.1778,-1.348
2009-04-15,16.2700,35.8900,2.1955,-0.471
2009-04-16,16.3500,35.5900,2.1756,-0.053
2009-04-17,16.0900,35.3000,2.1856,-0.379
2009-04-20,14.9200,33.8800,2.2322,-1.699
2009-04-22,15.4700,34.2800,2.2045,-0.515
2009-04-23,15.8800,35.2500,2.2185,-0.057
2009-04-24,16.4300,35.9100,2.1960,0.474
2009-04-27,15.7200,34.9100,2.1963,-1.100
2009-04-28,15.5700,34.3000,2.2060,0.138
2009-04-29,16.0600,35.0100,2.1617,-0.837
2009-04-30,16.5100,36.0800,2.1724,-0.592
2009-05-04,18.6800,40.0000,2.1363,-0.235
2009-05-05,18.7000,39.7000,2.1495,1.248
2009-05-06,19.0400,40.0000,2.1199,0.907
2009-05-07,18.3200,38.5000,2.1052,0.175
2009-05-08,18.8100,39.0500,2.0742,-0.088
2009-05-11,18.9400,39.1700,2.0528,-0.740
2009-05-12,18.4200,38.1200,2.0687,-0.038
2009-05-13,17.3600,36.6000,2.1010,-0.346
2009-05-14,17.6200,36.8400,2.0939,0.148
2009-05-15,17.3700,36.6000,2.0815,-1.214
2009-05-18,18.8200,39.0000,2.0798,0.364
2009-05-19,19.3900,39.3000,2.0489,1.089
2009-05-20,19.4500,39.4200,2.0205,-0.308
2009-05-21,18.6700,37.8200,2.0332,0.370
2009-05-22,18.7200,37.7500,2.0274,0.538
2009-05-26,19.2600,38.8800,2.0221,0.169
2009-05-27,18.7600,37.8500,2.0148,-0.138
2009-05-28,19.3900,38.7800,2.0074,0.370
2009-05-29,19.1500,38.0200,1.9678,-0.885
2009-06-01,20.4400,39.9000,1.9452,-0.351
2009-06-02,20.0700,38.5400,1.9402,1.037
2009-06-03,18.7500,36.9400,1.9474,-1.154
2009-06-04,19.3700,37.7800,1.9457,-0.243
2009-06-05,19.5000,38.1800,1.9606,0.135
2009-06-08,19.5700,38.4000,1.9779,0.801
2009-06-09,19.7900,38.4100,1.9448,0.202
2009-06-10,19.8900,38.7500,1.9494,0.061
2009-06-12,20.0600,38.5200,1.9214,0.060
2009-06-15,19.2400,37.7600,1.9480,-0.743
2009-06-16,18.8000,37.1000,1.9475,-1.313
2009-06-17,18.6000,36.8100,1.9855,0.327
2009-06-18,18.5000,36.5900,1.9611,-0.846
2009-06-19,18.5400,36.5500,1.9540,-0.883
2009-06-22,16.9800,34.5700,2.0138,-1.087
2009-06-23,17.5600,34.8500,2.0026,0.906
2009-06-24,17.4100,34.0600,1.9650,0.442
2009-06-25,18.0800,35.2000,1.9632,0.837
2009-06-26,17.8600,34.6000,1.9444,0.367
2009-06-29,17.8200,34.9100,1.9570,-0.104
2009-06-30,17.6300,34.5000,1.9653,0.430
2009-07-01,17.9100,34.6300,1.9299,-0.189
2009-07-02,17.4500,34.3500,1.9565,-0.609
2009-07-06,17.1200,33.5700,1.9727,0.604
2009-07-07,15.8800,31.8900,1.9667,-2.066
2009-07-08,16.1200,32.5600,2.0035,-0.810
2009-07-09,16.2700,32.5600,1.9910,-0.511
2009-07-10,16.1200,32.5000,2.0141,-0.101
2009-07-13,16.4500,32.5000,1.9897,0.709
2009-07-14,16.3700,32.2200,1.9721,0.196
2009-07-15,18.0700,34.7200,1.9358,0.749
2009-07-16,18.0400,34.7800,1.9362,0.429
2009-07-17,17.9800,34.7500,1.9278,-0.254
2009-07-20,19.0000,36.0800,1.9056,0.350
2009-07-21,19.0600,36.4900,1.9085,-0.312
2009-07-22,18.7000,35.7500,1.9046,-0.375
2009-07-23,19.3200,36.5000,1.8870,-0.118
2009-07-24,19.4000,36.8000,1.8958,-0.058
2009-07-27,19.6600,37.0500,1.8857,0.062
2009-07-28,19.6000,36.9400,1.8785,-0.329
2009-07-29,18.9900,36.1500,1.8987,-0.259
2009-07-30,19.4500,36.6000,1.8780,-0.199
2009-07-31,19.7300,37.0500,1.8653,-0.668
2009-08-03,20.7700,38.0800,1.8353,0.103
2009-08-04,20.9400,38.0200,1.8326,0.933
2009-08-05,20.8700,38.0800,1.8291,0.245
2009-08-06,20.4100,37.5500,1.8304,-0.510
2009-08-07,20.7900,37.9500,1.8211,-0.235
2009-08-10,20.4900,37.8500,1.8435,-0.203
2009-08-11,20.0100,36.8900,1.8530,0.511
2009-08-12,20.2700,37.2300,1.8318,-0.267
2009-08-13,20.8200,38.1900,1.8340,-0.016
2009-08-14,20.7100,38.5000,1.8440,-0.807
2009-08-17,19.6500,36.9000,1.8665,-0.605
2009-08-18,19.7900,36.7000,1.8683,0.746
2009-08-19,19.8500,36.6800,1.8325,-0.831
2009-08-20,19.9700,36.9700,1.8453,-0.323
2009-08-21,20.5200,37.5000,1.8297,0.121
2009-08-24,20.6200,37.9500,1.8333,-0.388
2009-08-25,20.2100,37.6800,1.8300,-1.846
2009-08-26,20.0600,37.5800,1.8672,-0.330
2009-08-27,20.0300,37.3500,1.8810,0.874
2009-08-28,20.0600,37.8900,1.8730,-0.838
2009-08-31,19.2100,36.6800,1.8700,-2.065
2009-09-01,19.1100,36.5600,1.8936,-1.021
2009-09-02,19.2500,36.0100,1.8936,1.227
2009-09-03,19.5200,36.4800,1.8730,0.222
2009-09-04,20.1700,37.1000,1.8458,0.350
2009-09-08,20.9300,38.3000,1.8245,-0.296
2009-09-09,20.8300,38.1500,1.8295,-0.109
2009-09-10,21.3600,38.8500,1.8206,0.098
2009-09-11,21.1900,38.4000,1.8129,0.040
2009-09-14,21.4000,38.9000,1.8161,-0.091
2009-09-15,21.8200,39.4800,1.8058,-0.196
2009-09-16,22.4500,40.2500,1.7983,0.303
2009-09-17,22.0100,39.7500,1.8097,0.205
2009-09-18,22.0600,39.9900,1.8080,-0.264
2009-09-21,22.2700,40.6800,1.8137,-0.710
2009-09-22,23.2800,41.7700,1.8028,0.477
2009-09-23,23.0100,41.3600,1.7877,-0.544
2009-09-24,22.4600,40.6400,1.8025,-0.383
2009-09-25,22.5400,40.6900,1.8002,-0.279
2009-09-28,23.0100,41.3700,1.7886,-0.518
2009-09-29,22.8900,41.0000,1.7905,-0.038
2009-09-30,23.1300,41.1900,1.7743,-0.365
2009-10-01,22.3000,40.0500,1.7810,-0.833
2009-10-02,22.9200,40.9600,1.7814,-0.318
2009-10-05,23.4900,41.5000,1.7702,0.198
2009-10-06,23.8700,41.8800,1.7493,-0.297
2009-10-07,24.4100,42.8900,1.7613,0.241
2009-10-08,24.9700,43.5000,1.7450,0.167
2009-10-09,25.2200,43.7200,1.7395,0.344
2009-10-13,25.0000,43.3000,1.7310,-0.058
2009-10-14,26.6900,45.3000,1.7055,0.485
2009-10-15,26.9100,45.7900,1.7010,-0.035
2009-10-16,26.5800,45.2500,1.7070,0.270
2009-10-19,27.2900,46.6100,1.7085,0.032
2009-10-20,26.4500,45.7700,1.7555,1.448
2009-10-21,26.9300,46.1100,1.7335,1.243
2009-10-22,27.2000,46.9200,1.7258,0.046
2009-10-23,26.9500,46.1100,1.7143,0.196
2009-10-26,26.7200,46.4000,1.7166,-1.148
2009-10-27,25.8500,44.6500,1.7308,0.204
2009-10-28,24.2200,42.7100,1.7541,-0.528
2009-10-29,26.6800,46.5000,1.7380,-0.280
2009-10-30,25.4900,44.8000,1.7445,-0.743
2009-11-03,26.6400,46.5000,1.7530,0.430
2009-11-04,26.8500,46.9400,1.7229,-1.449
2009-11-05,27.5500,47.1400,1.7222,0.650
2009-11-06,27.4900,46.8400,1.7165,0.740
2009-11-09,28.5400,48.4500,1.6995,0.111
2009-11-10,28.2900,47.9200,1.7088,0.881
2009-11-11,28.0500,47.8300,1.7088,0.213
2009-11-12,27.1200,46.1000,1.7350,2.068
2009-11-13,27.7800,46.9000,1.7270,2.294
2009-11-16,28.6900,48.7700,1.7102,0.606
2009-11-17,29.1200,49.4100,1.7205,1.398
2009-11-18,28.7600,48.5600,1.7078,1.146
2009-11-19,28.4400,48.6700,1.7325,1.238
2009-11-23,28.6400,49.1900,1.7255,0.464
2009-11-24,28.8300,49.4700,1.7308,0.867
2009-11-25,29.5300,50.3000,1.7271,1.394
2009-11-27,28.8500,49.6000,1.7369,1.027
2009-11-30,28.6700,49.0200,1.7505,2.380
2009-12-01,29.3800,49.9000,1.7253,1.582
2009-12-02,29.4000,49.5000,1.7195,2.128
2009-12-03,28.8900,48.9500,1.7050,0.628
2009-12-04,28.2200,48.0500,1.7234,1.216
2009-12-07,28.2100,48.1300,1.7265,1.194
2009-12-08,27.4800,47.7000,1.7500,0.818
2009-12-09,28.0200,48.2000,1.7630,2.488
2009-12-10,28.2400,49.0000,1.7723,2.142
2009-12-11,28.5900,49.4000,1.7605,1.888
2009-12-14,29.2000,50.2800,1.7465,1.428
2009-12-15,29.0000,50.2200,1.7510,1.113
2009-12-16,28.9700,49.9600,1.7469,1.296
2009-12-17,27.4700,48.4100,1.7905,1.601
2009-12-18,27.4700,48.3000,1.7890,1.747
2009-12-21,27.4500,48.1400,1.7820,1.612
2009-12-22,28.0300,49.0500,1.7827,1.874
2009-12-23,28.5300,49.7100,1.7605,1.040
2009-12-24,28.9300,49.7100,1.7618,2.532
2009-12-28,29.0400,49.8000,1.7385,1.378
2009-12-29,28.7500,49.6600,1.7380,0.619
2009-12-30,28.7400,49.6600,1.7423,0.833
2010-01-04,30.2500,51.4900,1.7200,1.049
2010-01-05,30.5700,51.9700,1.7296,1.739
2010-01-06,31.0600,53.0700,1.7292,1.204
2010-01-07,31.1500,53.2900,1.7409,1.762
2010-01-08,31.4800,53.8100,1.7342,1.454
2010-01-11,31.3300,53.6500,1.7330,1.202
2010-01-12,31.1400,53.5000,1.7407,1.318
2010-01-13,31.2300,54.1600,1.7480,0.794
2010-01-14,30.8500,54.1500,1.7684,0.748
2010-01-15,30.3300,53.4500,1.7681,0.330
2010-01-19,31.2000,54.9500,1.7767,0.879
2010-01-20,30.2400,53.4500,1.7920,1.385
2010-01-21,28.6900,51.6000,1.8021,0.198
2010-01-22,27.6400,50.5100,1.8210,-0.352
2010-01-26,26.7400,49.4900,1.8466,-0.226
2010-01-27,26.5200,48.8100,1.8529,0.674
2010-01-28,26.1800,48.7800,1.8525,-0.577
2010-01-29,25.7900,48.9100,1.8755,-1.106
2010-02-01,27.2500,50.3900,1.8645,0.829
2010-02-02,27.5600,50.3900,1.8325,0.226
2010-02-03,27.0000,50.2800,1.8507,-0.619
2010-02-04,25.2000,47.5600,1.8865,-0.042
2010-02-05,25.7400,47.1600,1.8845,2.856
2010-02-08,25.1800,47.5000,1.8648,-1.146
2010-02-09,26.3300,48.5000,1.8450,0.163
2010-02-10,26.2000,48.5500,1.8575,0.240
2010-02-11,27.1000,49.6900,1.8551,1.174
2010-02-12,26.9300,49.3500,1.8624,1.630
2010-02-17,28.2300,51.3000,1.8355,1.006
2010-02-18,28.6800,52.1700,1.8229,0.212
2010-02-19,28.8200,52.0000,1.8050,0.039
2010-02-22,28.1300,51.0000,1.8080,-0.276
2010-02-23,27.5200,50.2200,1.8225,-0.129
2010-02-24,27.6600,50.4000,1.8203,-0.100
2010-02-25,27.9200,50.7000,1.8400,1.327
2010-02-26,27.8600,50.4500,1.8010,-0.543
2010-03-01,28.4600,50.9700,1.7971,0.344
2010-03-02,29.1700,51.9900,1.7822,-0.006
2010-03-03,29.1400,51.8800,1.7763,-0.229
2010-03-04,29.5300,52.6000,1.7895,0.464
2010-03-05,30.6700,54.3000,1.7781,0.432
2010-03-08,30.4400,53.9000,1.7870,0.921
2010-03-09,30.7100,54.3000,1.7894,1.202
2010-03-10,30.3900,53.6000,1.7685,0.270
2010-03-11,30.1500,52.9000,1.7698,0.869
2010-03-12,30.0300,52.6000,1.7630,0.652
2010-03-15,30.1600,52.9000,1.7660,0.685
2010-03-16,30.8700,54.2200,1.7620,0.319
2010-03-17,30.7200,54.2800,1.7655,-0.081
2010-03-18,30.0500,53.7500,1.7895,0.046
2010-03-19,29.7700,53.1700,1.7988,0.715
2010-03-22,30.0400,53.8900,1.8022,0.460
2010-03-23,31.5700,55.8000,1.7815,0.792
2010-03-24,31.3200,55.7000,1.7882,0.550
2010-03-25,30.7900,55.3000,1.8050,0.499
2010-03-26,30.7900,55.8000,1.8207,0.465
2010-03-29,32.0000,57.0500,1.8080,1.413
2010-03-30,32.2900,57.4500,1.7970,1.001
2010-03-31,32.1900,57.1500,1.7821,0.378
2010-04-01,32.9600,57.7300,1.7659,0.821
2010-04-05,32.9100,57.5700,1.7585,0.525
2010-04-06,32.9900,57.4900,1.7593,0.955
2010-04-07,33.0900,58.0700,1.7635,0.489
2010-04-08,33.6700,59.2000,1.7780,1.124
2010-04-09,33.9500,59.2900,1.7709,1.403
2010-04-12,33.8600,58.8800,1.7575,1.068
2010-04-13,33.9800,59.3500,1.7583,0.669
2010-04-14,34.5500,59.8500,1.7445,0.706
2010-04-15,34.0000,59.3500,1.7428,-0.160
2010-04-16,33.4600,58.5300,1.7610,0.672
2010-04-19,32.9800,57.5000,1.7622,1.074
2010-04-20,32.5000,56.7000,1.7509,0.360
2010-04-22,32.3700,56.9000,1.7690,0.637
2010-04-23,32.3000,56.4000,1.7633,0.983
2010-04-26,32.3200,56.1700,1.7450,0.407
2010-04-27,30.4600,53.3100,1.7652,0.859
2010-04-28,30.3900,52.9500,1.7622,1.139
2010-04-29,31.4200,54.4000,1.7305,-0.051
2010-04-30,30.6200,53.1000,1.7270,-0.413
2010-05-03,30.1000,51.7000,1.7360,1.071
2010-05-04,28.4800,49.3600,1.7515,1.059
2010-05-05,28.4000,50.5900,1.7819,0.032
2010-05-06,27.4100,49.8700,1.8365,0.939
2010-05-07,27.1900,49.7000,1.8360,0.444
2010-05-10,29.5800,51.8100,1.7783,1.529
2010-05-11,28.9400,51.3100,1.7764,0.193
2010-05-12,28.9600,51.1300,1.7734,0.445
2010-05-13,28.5900,50.3900,1.7721,0.544
2010-05-14,27.6500,48.9000,1.8035,1.977
2010-05-17,26.9900,48.1400,1.8204,2.062
2010-05-18,26.0500,46.4000,1.7980,0.944
2010-05-19,25.3700,45.5000,1.8498,3.142
2010-05-20,23.9800,43.8500,1.8885,3.275
2010-05-21,25.7000,46.8000,1.8499,1.586
2010-05-24,25.1700,46.3100,1.8520,0.658
2010-05-25,25.4700,46.7200,1.8785,2.409
2010-05-26,25.5900,46.4700,1.8560,2.206
2010-05-27,27.5500,49.4000,1.8274,1.913
2010-05-28,27.1900,48.9500,1.8170,0.928
2010-06-01,26.8400,48.9200,1.8235,0.046
2010-06-02,27.7900,49.9500,1.8287,1.741
2010-06-04,25.5400,47.5900,1.8420,-1.146
2010-06-07,24.7400,46.1000,1.8651,0.092
2010-06-08,25.4100,46.5900,1.8608,1.487
2010-06-09,25.6400,46.7600,1.8380,0.783
2010-06-10,26.6400,47.6100,1.8140,1.502
2010-06-11,27.0300,48.1900,1.8045,1.215
2010-06-14,26.9400,48.2200,1.8017,0.659
2010-06-15,27.7800,48.9100,1.7902,1.680
2010-06-16,27.3400,48.3000,1.7854,1.062
2010-06-17,26.9000,47.4500,1.7819,1.018
2010-06-18,26.8800,46.9200,1.7723,1.533
2010-06-21,27.7300,48.4700,1.7624,0.828
2010-06-22,27.2100,48.0000,1.7670,0.167
2010-06-23,27.3800,48.5900,1.7870,0.696
2010-06-24,26.7800,47.5000,1.7915,1.003
2010-06-25,27.3500,48.0800,1.7820,1.368
2010-06-28,26.6300,47.1800,1.7773,0.317
2010-06-29,24.9100,44.9000,1.8060,0.195
2010-06-30,24.3500,43.6500,1.7941,0.083
2010-07-01,24.6400,43.8400,1.8010,1.224
2010-07-02,24.7900,43.6200,1.7765,0.962
2010-07-06,24.6300,43.5400,1.7628,-0.281
2010-07-07,25.4900,44.5900,1.7706,1.217
2010-07-08,25.7200,44.7400,1.7595,1.150
2010-07-12,25.2200,43.7700,1.7648,1.687
2010-07-13,25.4500,44.1600,1.7510,0.912
2010-07-14,25.3200,44.1700,1.7603,0.907
2010-07-15,24.9900,43.8200,1.7715,1.026
2010-07-16,24.3400,42.8500,1.7858,1.438
2010-07-19,24.7700,44.0500,1.7857,0.413
2010-07-20,26.4400,46.5400,1.7789,1.062
2010-07-21,26.4900,46.8100,1.7735,0.363
2010-07-22,27.3900,47.8000,1.7639,1.074
2010-07-23,27.7200,48.1700,1.7618,1.385
2010-07-26,27.5900,48.1900,1.7680,1.222
2010-07-27,27.4400,48.0000,1.7640,0.842
2010-07-28,27.7800,48.8500,1.7623,0.218
2010-07-29,27.5600,48.4000,1.7678,0.662
2010-07-30,27.8000,48.5500,1.7585,0.693
2010-08-02,29.0700,50.5300,1.7460,0.448
2010-08-03,29.0700,50.4700,1.7568,1.189
2010-08-04,29.0500,50.4300,1.7582,1.280
2010-08-05,29.1500,50.6500,1.7565,1.090
2010-08-06,29.0000,50.5800,1.7585,0.823
2010-08-09,29.1500,50.7100,1.7540,0.826
2010-08-10,28.6800,50.0000,1.7613,1.028
2010-08-11,27.5200,48.3100,1.7670,0.658
2010-08-12,27.7100,48.7200,1.7685,0.585
2010-08-13,27.7500,48.8000,1.7718,0.753
2010-08-16,28.4000,49.4400,1.7580,0.985
2010-08-17,28.6600,50.0100,1.7513,0.364
2010-08-18,28.8700,50.3500,1.7513,0.417
2010-08-19,28.6200,49.8500,1.7626,1.195
2010-08-20,28.1600,49.2400,1.7615,0.739
2010-08-23,27.1900,47.8300,1.7640,0.278
2010-08-24,26.6700,46.8000,1.7622,0.423
2010-08-25,26.4200,46.3800,1.7680,0.713
2010-08-26,26.1500,45.8600,1.7590,0.301
2010-08-27,27.1600,47.4500,1.7493,0.129
2010-08-30,26.4100,46.1300,1.7570,0.590
2010-08-31,26.7500,46.8800,1.7529,0.021
2010-09-01,28.3700,49.1900,1.7406,0.388
2010-09-02,28.4100,48.5800,1.7339,1.400
2010-09-03,28.1600,48.4000,1.7238,0.294
2010-09-08,27.4300,47.1900,1.7230,0.152
2010-09-09,27.6100,47.3000,1.7256,0.727
2010-09-10,27.4300,46.8600,1.7183,0.583
2010-09-13,28.3600,48.2000,1.7165,0.996
2010-09-14,28.1700,47.8000,1.7037,0.404
2010-09-15,28.0800,48.0800,1.7176,0.312
2010-09-16,28.0700,47.7700,1.7198,1.057
2010-09-17,27.8500,47.1300,1.7145,1.313
2010-09-20,28.0700,48.1000,1.7158,0.130
2010-09-21,28.5100,48.2500,1.7276,2.081
2010-09-22,28.9000,49.3000,1.7226,0.980
2010-09-23,28.9900,49.1400,1.7187,1.394
2010-09-24,30.0400,50.8300,1.7119,1.172
2010-09-27,30.4700,51.7600,1.7089,0.599
2010-09-28,30.8600,52.1600,1.7071,0.999
2010-09-29,30.7800,52.1900,1.7039,0.491
2010-09-30,31.2700,52.3000,1.6960,1.403
2010-10-01,31.7000,52.8000,1.6810,0.924
2010-10-04,31.6800,52.8400,1.6887,1.245
2010-10-05,32.3300,53.5100,1.6733,1.098
2010-10-06,32.5600,53.6700,1.6721,1.441
2010-10-07,32.1900,53.4800,1.6798,1.108
2010-10-08,32.1800,53.3000,1.6748,1.116
2010-10-11,32.4900,53.6000,1.6748,1.519
2010-10-13,32.8000,53.5500,1.6574,1.518
2010-10-14,32.7600,53.7500,1.6633,1.376
2010-10-15,32.3400,53.3500,1.6576,0.481
2010-10-18,32.9000,54.5000,1.6632,0.402
2010-10-19,31.7400,53.2000,1.6914,0.912
2010-10-20,32.8900,54.7800,1.6749,0.561
2010-10-21,32.1000,53.9000,1.6930,0.826
2010-10-22,32.0700,53.9500,1.6948,0.746
2010-10-25,32.4400,54.4000,1.7078,1.840
2010-10-26,32.8400,55.2000,1.7053,1.453
2010-10-27,32.0300,54.6500,1.7164,0.597
2010-10-28,31.8000,53.6000,1.7119,1.564
2010-10-29,32.1400,53.6000,1.6982,1.829
2010-11-01,32.4200,54.8000,1.7042,0.821
2010-11-03,32.4600,54.2000,1.6985,1.722
2010-11-04,33.8000,55.5900,1.6790,2.087
2010-11-05,33.8200,55.7000,1.6831,2.195
2010-11-08,33.8200,56.1000,1.6974,2.328
2010-11-09,33.3100,55.9000,1.6987,1.223
2010-11-10,33.2700,55.8000,1.7090,1.897
2010-11-11,33.3800,56.0400,1.7090,1.796
2010-11-12,32.3700,55.0000,1.7200,1.230
2010-11-16,31.5100,53.8900,1.7378,1.611
2010-11-17,31.4700,53.8100,1.7227,0.750
2010-11-18,32.5800,55.2400,1.7137,1.072
2010-11-19,32.5900,55.4500,1.7204,1.114
2010-11-22,32.6800,55.3000,1.7223,1.781
2010-11-23,31.7000,53.9000,1.7378,2.205
2010-11-24,32.5700,55.2700,1.7230,1.534
2010-11-26,31.8000,54.0900,1.7268,1.520
2010-11-29,32.2600,54.2100,1.7282,2.844
2010-11-30,31.6800,53.5600,1.7146,1.416
2010-12-01,32.8400,55.3000,1.7030,1.133
2010-12-02,33.5700,55.9000,1.7015,2.181
2010-12-03,34.3200,56.6000,1.6859,2.226
2010-12-06,34.2600,56.8500,1.6848,1.533
2010-12-07,33.9300,56.7200,1.6809,0.552
2010-12-08,33.5900,55.4600,1.6901,2.363
2010-12-09,33.4100,56.0700,1.7064,1.678
2010-12-10,33.9100,56.7700,1.7183,2.638
2010-12-13,34.6500,58.1900,1.7054,1.550
2010-12-14,34.5300,57.6800,1.6945,1.441
2010-12-15,34.1200,56.8000,1.6979,1.994
2010-12-16,34.0900,56.7500,1.7048,2.408
2010-12-17,33.9300,56.9000,1.7134,2.172
2010-12-20,33.6600,56.5000,1.7081,1.760
2010-12-21,34.2000,57.1900,1.6970,1.482
2010-12-22,34.5500,57.0300,1.6958,2.735
2010-12-23,34.4000,56.8500,1.6938,2.492
2010-12-27,33.5700,55.2300,1.6897,2.704
2010-12-28,33.1700,54.7400,1.6898,2.394
2010-12-29,33.7700,55.1200,1.6810,2.989
2010-12-30,34.2600,55.3300,1.6631,2.978
2011-01-03,35.1300,56.9700,1.6452,1.450
2011-01-04,35.8200,58.1500,1.6687,2.791
2011-01-05,35.9100,59.2000,1.6694,1.264
2011-01-06,35.1300,58.4400,1.6880,1.471
2011-01-07,34.9800,58.0000,1.6850,1.623
2011-01-10,34.7400,57.8900,1.6921,1.544
2011-01-11,35.3300,58.5000,1.6899,2.058
2011-01-12,36.6100,60.1200,1.6761,2.066
2011-01-13,35.9900,59.7000,1.6666,0.471
2011-01-14,36.1500,59.9600,1.6819,1.402
2011-01-18,37.0800,60.9200,1.6725,1.800
2011-01-19,36.3800,59.6000,1.6704,1.962
2011-01-20,35.6700,58.6000,1.6735,1.866
2011-01-21,35.4800,59.0000,1.6705,0.457
2011-01-24,36.0400,59.4000,1.6695,1.294
2011-01-26,36.1900,59.3500,1.6682,1.722
2011-01-27,35.5000,58.7600,1.6746,1.171
2011-01-28,34.2000,57.0700,1.6845,0.946
2011-01-31,34.8300,57.0800,1.6739,2.141
2011-02-01,35.6200,58.7500,1.6620,0.767
2011-02-02,34.8900,57.4000,1.6641,1.151
2011-02-03,34.7000,57.3000,1.6676,0.987
2011-02-04,34.4000,56.3400,1.6745,2.241
2011-02-07,34.3400,56.7600,1.6780,1.520
2011-02-08,34.3900,56.4300,1.6679,1.646
2011-02-09,33.5000,54.6000,1.6621,1.979
2011-02-10,33.8200,55.3100,1.6670,1.931
2011-02-11,34.3700,56.4500,1.6655,1.405
2011-02-14,35.1300,57.5500,1.6665,1.727
2011-02-15,35.1400,57.3600,1.6680,2.185
2011-02-16,35.3100,57.9100,1.6724,1.973
2011-02-17,35.5700,57.9900,1.6605,1.852
2011-02-18,35.0300,57.4000,1.6645,1.581
2011-02-22,33.4400,54.9800,1.6660,1.330
2011-02-23,33.9400,56.0000,1.6737,1.438
2011-02-24,34.2100,56.0000,1.6617,1.512
2011-02-25,34.2700,55.7000,1.6597,2.115
2011-02-28,34.2300,56.3000,1.6598,0.915
2011-03-01,33.7600,55.2400,1.6600,1.451
2011-03-02,34.3200,56.1800,1.6600,1.408
2011-03-03,34.8700,56.6000,1.6550,1.961
2011-03-04,34.5000,55.6500,1.6432,1.870
2011-03-09,32.8800,55.6500,1.6553,-2.199
2011-03-10,31.9100,52.1000,1.6589,1.604
2011-03-11,32.1700,52.8200,1.6612,1.175
2011-03-14,32.4400,53.0000,1.6658,1.960
2011-03-15,31.9100,52.0500,1.6673,2.216
2011-03-16,31.0400,50.7500,1.6685,2.050
2011-03-17,31.5100,52.1900,1.6723,0.966
2011-03-18,32.1400,52.8800,1.6727,1.665
2011-03-21,32.4200,53.2000,1.6638,1.392
2011-03-22,32.2500,52.7000,1.6632,1.780
2011-03-23,32.7000,53.4900,1.6609,1.536
2011-03-24,32.3600,52.1700,1.6565,2.749
2011-03-25,32.3400,52.8000,1.6560,1.430
2011-03-28,32.2100,52.5100,1.6591,1.770
2011-03-29,32.9700,53.5900,1.6559,1.875
2011-03-30,32.9200,52.9000,1.6274,1.274
2011-03-31,33.3500,53.3500,1.6287,1.813
2011-04-01,33.4400,53.3500,1.6156,1.266
2011-04-04,33.8800,54.1500,1.6099,0.727
2011-04-05,34.2700,54.4000,1.6083,1.317
2011-04-06,33.6000,53.5500,1.6021,0.524
2011-04-07,33.6700,53.1100,1.5925,0.959
2011-04-08,33.9300,53.0000,1.5765,0.926
2011-04-11,33.9600,53.0700,1.5790,1.042
2011-04-12,32.9700,52.0000,1.5895,0.780
2011-04-13,32.3900,51.2500,1.5923,0.633
2011-04-14,32.6500,51.2800,1.5825,0.758
2011-04-15,32.7800,51.1500,1.5721,0.750
2011-04-18,32.0500,50.6400,1.5950,0.947
2011-04-19,32.6400,51.1000,1.5800,0.922
2011-04-20,33.2200,52.0300,1.5683,0.132
2011-04-25,33.5700,52.5400,1.5701,0.320
2011-04-26,33.7800,52.5800,1.5636,0.453
2011-04-27,33.4500,51.9000,1.5685,1.091
2011-04-28,33.0900,51.5000,1.5870,1.969
2011-04-29,33.4000,51.7900,1.5670,1.058
2011-05-02,32.8600,51.2200,1.5745,1.011
2011-05-03,32.0000,50.0500,1.5835,1.243
2011-05-04,30.9000,49.1200,1.6030,0.840
2011-05-05,30.9100,49.7400,1.6172,0.498
2011-05-06,31.0200,49.7500,1.6037,-0.006
2011-05-09,31.3200,50.0800,1.6210,1.377
2011-05-10,31.4700,50.0800,1.6069,0.977
2011-05-11,30.3400,48.3600,1.6190,1.572
2011-05-12,30.3100,48.4500,1.6192,1.296
2011-05-13,29.6900,47.6600,1.6382,2.052
2011-05-16,29.4000,47.6600,1.6266,0.340
2011-05-17,29.8600,47.9600,1.6335,1.702
2011-05-18,30.3200,48.1100,1.6115,1.560
2011-05-19,30.4500,48.5400,1.6179,1.494
2011-05-20,30.4100,48.7500,1.6155,0.774
2011-05-23,30.2100,48.7000,1.6345,1.393
2011-05-24,30.7200,49.1600,1.6287,1.777
2011-05-25,30.6100,49.2800,1.6264,1.023
2011-05-26,31.2800,50.0500,1.6232,1.446
2011-05-27,31.8800,50.3500,1.5985,1.212
2011-05-31,32.2600,50.2500,1.5833,1.646
2011-06-01,31.5900,49.7700,1.5831,0.482
2011-06-02,31.8900,49.8500,1.5813,1.159
2011-06-03,31.7000,49.4300,1.5722,0.827
2011-06-06,31.2600,49.0500,1.5799,0.688
2011-06-07,31.1900,48.9600,1.5748,0.323
2011-06-08,31.1700,49.0000,1.5810,0.571
2011-06-09,31.4000,49.5400,1.5832,0.348
2011-06-10,30.9200,48.9900,1.5974,0.820
2011-06-13,30.4500,48.0800,1.5892,0.647
2011-06-14,30.7600,48.3200,1.5808,0.632
2011-06-15,30.2400,48.0000,1.5940,0.422
2011-06-16,29.8300,47.4600,1.6106,1.231
2011-06-17,29.8600,47.2200,1.5960,0.925
2011-06-20,30.1900,47.9500,1.5932,0.310
2011-06-21,30.6600,48.3900,1.5882,0.629
2011-06-22,30.7400,48.5500,1.5872,0.495
2011-06-24,30.6600,48.8800,1.5949,0.040
2011-06-27,30.6800,48.5200,1.5941,0.798
2011-06-28,31.3300,49.1100,1.5790,0.733
2011-06-29,31.5700,49.1400,1.5690,0.800
2011-06-30,31.9500,49.4900,1.5595,0.679
2011-07-01,33.4300,51.6900,1.5558,0.620
2011-07-05,33.1400,51.3000,1.5636,1.009
2011-07-06,32.8800,51.1300,1.5655,0.672
2011-07-07,33.3500,51.4500,1.5543,0.750
2011-07-08,33.1300,51.1000,1.5631,1.341
2011-07-11,32.3700,50.6600,1.5776,0.803
2011-07-12,32.4800,50.7000,1.5760,0.963
2011-07-13,32.8800,51.3300,1.5708,0.619
2011-07-14,32.2100,50.6300,1.5733,0.091
2011-07-15,32.4400,50.6000,1.5740,0.910
2011-07-18,32.3300,50.7500,1.5833,0.863
2011-07-19,32.8500,50.8600,1.5675,1.243
2011-07-20,32.9800,50.8600,1.5655,1.514
2011-07-21,33.3300,51.0100,1.5538,1.526
2011-07-22,33.3800,51.1700,1.5509,1.171
2011-07-25,33.5200,51.1600,1.5402,0.914
2011-07-26,33.5500,51.0800,1.5375,0.985
2011-07-27,32.8400,50.6900,1.5660,1.455
2011-07-28,32.8900,51.1500,1.5620,0.438
2011-07-29,32.4400,50.1300,1.5495,0.271
2011-08-01,32.5000,50.2000,1.5610,1.061
2011-08-02,31.5400,49.1500,1.5651,0.434
2011-08-03,30.9500,47.8600,1.5645,1.173
2011-08-04,28.7900,45.1000,1.5790,0.797
2011-08-05,27.9800,44.0000,1.5993,1.701
2011-08-08,24.9800,39.8100,1.5990,0.334
2011-08-09,26.5100,41.8500,1.6290,3.189
2011-08-10,25.6600,41.8900,1.6240,-0.521
2011-08-11,26.9600,43.7000,1.6277,0.418
2011-08-12,26.5500,42.5900,1.6125,0.521
2011-08-15,27.2200,43.3700,1.5937,0.024
2011-08-16,27.0500,43.0700,1.5871,-0.323
2011-08-17,27.7600,43.8000,1.5841,0.399
2011-08-18,26.0500,41.6000,1.6046,0.480
2011-08-19,25.6300,41.0000,1.5986,-0.068
2011-08-22,25.5900,40.9400,1.6058,0.372
2011-08-23,26.4900,42.3000,1.5991,0.142
2011-08-24,26.5800,42.5700,1.6051,0.220
2011-08-25,26.2300,42.1000,1.6115,0.403
2011-08-26,26.9300,42.8100,1.6055,0.995
2011-08-29,27.5900,43.9000,1.5957,0.286
2011-08-30,27.8300,44.0000,1.5867,0.359
2011-08-31,28.2400,44.8000,1.5841,-0.145
2011-09-01,28.1900,45.0700,1.6005,0.107
2011-09-02,27.2600,44.4100,1.6345,0.330
2011-09-06,27.0800,44.6200,1.6610,0.807
2011-09-08,27.6500,45.6000,1.6545,0.322
2011-09-09,26.6800,44.9000,1.6798,-0.185
2011-09-12,26.6500,45.1600,1.6964,0.109
2011-09-13,26.7700,45.5000,1.7132,0.796
2011-09-14,26.8000,46.0500,1.7280,0.565
2011-09-15,27.2900,46.5600,1.7115,0.315
2011-09-16,27.1400,46.8000,1.7097,-0.852
2011-09-19,26.7100,47.4400,1.7866,0.590
2011-09-20,26.7500,47.9200,1.7891,-0.128
2011-09-21,25.3200,47.1200,1.8355,-1.369
2011-09-22,23.6300,44.6200,1.8787,-0.507
2011-09-23,23.9900,44.3000,1.8585,0.644
2011-09-26,24.0400,43.7100,1.8452,1.484
2011-09-27,24.5700,44.2200,1.8067,0.386
2011-09-28,24.1600,43.9800,1.8150,-0.295
2011-09-29,23.8700,43.7100,1.8261,-0.277
2011-09-30,22.8000,42.6500,1.8485,-1.182
2011-10-03,21.8600,41.3700,1.8815,-0.581
2011-10-04,21.9900,41.0000,1.8810,0.886
2011-10-05,22.8500,41.8500,1.8356,0.223
2011-10-06,23.8700,42.4500,1.8081,1.671
2011-10-07,23.3600,41.2100,1.7662,0.118
2011-10-10,24.2300,42.5000,1.7662,0.694
2011-10-11,24.5800,43.1200,1.7529,-0.078
2011-10-13,25.1200,43.9500,1.7450,-0.263
2011-10-14,25.4200,44.0200,1.7373,0.323
2011-10-17,23.3100,41.3800,1.7491,-1.470
2011-10-18,23.6900,41.5500,1.7568,0.165
2011-10-19,22.6100,40.1500,1.7655,-0.578
2011-10-20,22.2100,39.6500,1.7983,0.732
2011-10-21,22.8100,40.5500,1.7702,-0.424
2011-10-24,24.5800,42.9500,1.7522,0.277
2011-10-25,24.0900,42.9500,1.7611,-1.223
2011-10-26,24.8800,42.9500,1.7645,2.214
2011-10-27,26.4600,42.9500,1.7207,6.006
2011-10-28,26.6200,44.6000,1.6916,0.965
2011-10-31,25.4100,43.7100,1.6933,-1.563
2011-11-01,24.6100,43.3000,1.7525,-0.395
2011-11-03,25.7400,44.6900,1.7433,0.408
2011-11-04,26.1200,45.6000,1.7545,0.499
2011-11-07,26.3200,46.0000,1.7516,0.222
2011-11-08,26.4700,45.7100,1.7388,0.691
2011-11-09,25.1800,44.9600,1.7596,-1.453
2011-11-10,25.4100,44.9600,1.7627,-0.378
2011-11-11,25.9900,45.4200,1.7627,0.864
2011-11-14,25.7500,45.2000,1.7623,0.397
2011-11-16,25.4900,45.5800,1.7723,-0.887
2011-11-17,24.8300,44.3500,1.7671,-1.066
2011-11-18,24.8000,44.2000,1.7817,-0.031
2011-11-21,24.3200,43.9400,1.8064,-0.019
2011-11-22,23.9300,43.5500,1.8141,-0.318
2011-11-23,22.6600,42.4000,1.8606,-0.563
2011-11-25,21.9000,41.4800,1.8865,-0.399
2011-11-28,22.8000,41.8900,1.8545,0.937
2011-11-29,22.1800,41.3000,1.8461,-0.856
2011-11-30,23.2500,41.6500,1.8072,0.882
2011-12-01,23.1600,41.9000,1.7965,-0.699
2011-12-02,23.5000,42.4200,1.8002,-0.272
2011-12-05,24.2000,43.2000,1.7841,-0.057
2011-12-06,23.9700,43.1500,1.7940,-0.343
2011-12-07,22.9800,41.2700,1.7908,-0.285
2011-12-08,22.0500,40.4200,1.8137,-1.059
2011-12-09,22.8000,41.2300,1.8072,-0.063
2011-12-12,22.0000,41.2300,1.8385,-1.899
2011-12-13,21.4500,40.4800,1.8527,-1.827
2011-12-14,21.1400,39.8400,1.8812,-0.179
2011-12-15,20.9900,39.2000,1.8603,-0.389
2011-12-16,21.0900,39.2000,1.8548,-0.210
2011-12-19,20.5100,38.5900,1.8662,-0.814
2011-12-20,21.5100,40.0000,1.8459,-0.737
2011-12-21,21.5200,40.1300,1.8574,-0.396
2011-12-22,22.0000,40.7000,1.8523,0.124
2011-12-23,22.1300,40.9500,1.8595,0.490
2011-12-27,22.0100,40.9000,1.8591,0.046
2011-12-28,21.2500,39.7200,1.8779,0.467
2011-12-29,21.2900,39.4500,1.8662,0.713
2012-01-03,23.2000,42.7200,1.8338,-0.412
2012-01-04,23.3900,43.0100,1.8205,-0.996
2012-01-05,22.7500,41.8600,1.8399,-0.005
2012-01-06,22.3600,41.5000,1.8487,-0.393
2012-01-09,22.5000,41.4500,1.8411,-0.061
2012-01-10,22.8500,41.4000,1.8041,-0.426
2012-01-11,23.1800,41.7100,1.8057,0.350
2012-01-12,23.2900,41.2900,1.7825,0.544
2012-01-13,22.6100,40.4500,1.7945,0.306
2012-01-17,23.8300,40.7100,1.7778,4.065
2012-01-18,24.4700,43.1000,1.7688,0.424
2012-01-19,24.5300,42.9800,1.7593,0.409
2012-01-20,24.2100,42.9200,1.7629,-0.560
2012-01-23,24.3600,42.6100,1.7534,0.241
2012-01-24,24.5200,43.0100,1.7637,0.549
2012-01-26,24.6400,42.7900,1.7392,0.149
2012-01-27,24.7200,43.0400,1.7401,-0.057
2012-01-30,24.7700,43.4900,1.7507,-0.288
2012-01-31,25.3000,44.7000,1.7527,-0.798
2012-02-01,26.0600,45.6000,1.7383,-0.658
2012-02-02,26.3000,45.5700,1.7233,-0.542
2012-02-03,26.6100,45.8700,1.7232,-0.034
2012-02-06,26.5300,45.8500,1.7154,-0.742
2012-02-07,26.5100,45.8400,1.7214,-0.449
2012-02-08,26.4200,45.5200,1.7185,-0.258
2012-02-09,26.2000,45.1000,1.7200,-0.080
2012-02-10,25.7500,44.3300,1.7260,0.258
2012-02-13,26.2400,45.4500,1.7202,-0.686
2012-02-14,25.7600,44.2500,1.7159,-0.109
2012-02-15,25.2600,43.4700,1.7173,-0.209
2012-02-16,25.3300,43.6300,1.7221,-0.021
2012-02-17,24.9600,42.9300,1.7135,-0.375
2012-02-23,25.5400,43.8600,1.7096,-0.449
2012-02-24,25.6900,44.0900,1.7065,-0.567
2012-02-27,25.4900,43.6200,1.7058,-0.319
2012-02-28,25.9000,44.0800,1.6997,-0.131
2012-02-29,25.1400,43.5500,1.7148,-1.010
2012-03-01,25.6300,44.0500,1.7108,-0.459
2012-03-02,25.6800,44.4500,1.7263,-0.267
2012-03-05,24.7400,43.1500,1.7353,-0.507
2012-03-06,23.3600,41.0600,1.7584,0.040
2012-03-07,23.0400,41.0000,1.7626,-0.950
2012-03-08,23.2900,41.1500,1.7747,0.444
2012-03-09,23.0700,41.1100,1.7865,0.254
2012-03-12,22.4800,40.6200,1.8202,0.734
2012-03-13,23.6200,42.7000,1.7969,-0.602
2012-03-14,23.3800,42.3000,1.8175,0.457
2012-03-15,23.6700,42.7000,1.8052,0.068
2012-03-16,23.7600,42.9700,1.8025,-0.332
2012-03-19,23.7800,42.9700,1.8073,0.018
2012-03-20,23.3100,42.6100,1.8214,-0.359
2012-03-21,23.2000,42.4500,1.8265,-0.177
2012-03-22,22.7400,41.5700,1.8230,-0.277
2012-03-23,22.8500,41.5500,1.8158,-0.142
2012-03-26,23.1700,42.1100,1.8155,-0.107
2012-03-27,23.2400,42.4100,1.8112,-0.749
2012-03-28,22.7800,41.6000,1.8253,-0.047
2012-03-29,23.0200,42.1600,1.8332,0.096
2012-03-30,23.3300,42.9000,1.8205,-0.997
2012-04-02,23.9300,44.0100,1.8257,-0.729
2012-04-03,23.4700,43.0200,1.8232,-0.533
2012-04-04,22.9300,42.1700,1.8293,-0.532
2012-04-05,22.9100,42.0600,1.8296,-0.342
2012-04-09,22.7400,41.6200,1.8218,-0.462
2012-04-10,22.3400,41.2400,1.8340,-0.651
2012-04-11,22.4100,41.2400,1.8311,-0.497
2012-04-12,23.8500,43.8600,1.8261,-0.701
2012-04-13,23.8500,43.8000,1.8363,-0.010
2012-04-16,22.7000,42.1600,1.8384,-1.016
2012-04-17,23.2400,43.0600,1.8503,-0.137
2012-04-18,23.1900,43.5000,1.8703,-0.294
2012-04-19,22.9600,43.1800,1.8846,0.209
2012-04-20,22.9800,43.0800,1.8662,-0.452
2012-04-23,22.7000,42.8000,1.8854,-0.003
2012-04-24,22.7300,42.9000,1.8765,-0.576
2012-04-25,22.5500,42.2800,1.8828,0.419
2012-04-26,22.7800,42.9000,1.8865,0.174
2012-04-27,22.4900,42.6200,1.8843,-0.568
2012-04-30,22.2000,42.6000,1.8930,-1.351
2012-05-02,22.3400,43.2000,1.9151,-0.965
2012-05-03,22.2500,42.7600,1.9275,0.297
2012-05-04,21.5400,41.5300,1.9258,-0.116
2012-05-07,21.4400,41.5000,1.9240,-0.601
2012-05-08,20.9000,40.4000,1.9365,0.180
2012-05-09,20.5000,40.3000,1.9560,-0.501
2012-05-10,20.5500,40.3100,1.9545,-0.360
2012-05-11,19.9900,39.1000,1.9404,-0.796
2012-05-14,19.3200,38.4500,1.9884,-0.089
2012-05-15,19.0200,38.1600,1.9935,-0.638
2012-05-16,18.5800,37.1000,2.0000,0.162
2012-05-17,17.9300,35.8300,1.9940,-0.217
2012-05-18,18.1000,36.6800,2.0190,-0.371
2012-05-21,18.5200,37.8500,2.0455,0.086
2012-05-22,18.0400,37.3800,2.0460,-1.258
2012-05-23,18.3500,37.6800,2.0675,0.686
2012-05-24,18.2200,37.2500,2.0306,-0.678
2012-05-25,18.2700,36.5500,1.9917,-0.442
2012-05-29,18.7800,37.5000,1.9973,0.025
2012-05-30,18.4300,37.2800,2.0095,-0.657
2012-05-31,18.3100,37.5900,2.0160,-1.801
2012-06-01,18.0600,37.0000,2.0325,-0.792
2012-06-04,17.9600,36.9200,2.0439,-0.573
2012-06-05,18.1700,36.8900,2.0299,-0.018
2012-06-06,18.7500,37.9600,2.0170,-0.372
2012-06-08,18.8400,38.3400,2.0257,-0.459
2012-06-11,18.3500,37.8600,2.0369,-1.275
2012-06-12,18.6600,38.7500,2.0586,-0.868
2012-06-13,18.6300,38.8000,2.0628,-0.954
2012-06-14,18.7900,38.9000,2.0724,0.104
2012-06-15,19.4100,39.5200,2.0397,0.179
2012-06-18,19.3600,39.5200,2.0660,1.209
2012-06-19,20.0900,40.8100,2.0352,0.189
2012-06-20,20.1600,40.9300,2.0306,0.017
2012-06-21,19.2500,39.8000,2.0446,-1.109
2012-06-22,19.1600,39.7100,2.0573,-0.736
2012-06-25,18.7000,38.9500,2.0745,-0.403
2012-06-26,19.1400,39.8500,2.0735,-0.410
2012-06-27,19.0200,39.6900,2.0791,-0.367
2012-06-28,18.7800,39.2200,2.0904,0.096
2012-06-29,19.8500,40.1300,2.0090,-0.626
2012-07-02,20.1000,40.2400,1.9887,-0.664
2012-07-03,20.5900,41.0000,1.9968,0.278
2012-07-05,20.5400,41.7700,2.0271,-0.319
2012-07-06,19.9200,40.7900,2.0369,-0.527
2012-07-10,19.4200,39.6000,2.0343,-0.237
2012-07-11,19.3600,39.5600,2.0367,-0.327
2012-07-12,19.2400,39.3900,2.0477,0.020
2012-07-13,19.6400,40.2300,2.0376,-0.526
2012-07-16,19.4200,39.6000,2.0391,-0.002
2012-07-17,19.4900,39.4500,2.0327,0.424
2012-07-18,19.5100,39.5000,2.0214,-0.158
2012-07-19,19.5700,39.5500,2.0212,0.012
2012-07-20,19.0800,38.5900,2.0217,-0.041
2012-07-23,18.3600,37.6800,2.0393,-0.633
2012-07-24,17.5400,35.8400,2.0428,-0.026
2012-07-25,17.4100,35.6500,2.0381,-0.468
2012-07-26,17.6500,36.0900,2.0268,-0.878
2012-07-27,18.3900,37.5500,2.0138,-1.375
2012-07-30,18.2700,37.5200,2.0354,-0.888
2012-07-31,18.0500,37.1500,2.0514,-0.329
2012-08-01,18.1800,37.3900,2.0384,-0.888
2012-08-02,17.8300,36.7500,2.0514,-0.472
2012-08-03,18.2800,37.3000,2.0237,-0.822
2012-08-06,18.4900,37.7000,2.0260,-0.635
2012-08-07,18.4900,37.6400,2.0270,-0.427
2012-08-08,18.6900,37.9300,2.0228,-0.327
2012-08-09,18.9400,38.3000,2.0175,-0.231
2012-08-10,19.2100,38.5800,2.0150,0.332
2012-08-13,19.0800,38.6100,2.0279,0.213
2012-08-14,18.3100,37.0500,2.0256,0.105
2012-08-15,18.0200,36.3000,2.0230,0.426
2012-08-16,18.1800,36.8000,2.0203,-0.193
2012-08-17,17.8100,35.6500,2.0176,0.795
2012-08-20,17.9800,35.6500,2.0196,1.858
2012-08-21,17.8500,36.0900,2.0171,-0.235
2012-08-22,17.8700,36.1000,2.0206,0.023
2012-08-23,17.1700,34.7000,2.0242,0.160
2012-08-24,17.0100,34.5300,2.0213,-0.428
2012-08-27,16.6800,34.0000,2.0301,-0.406
2012-08-28,16.5600,33.9200,2.0492,0.043
2012-08-29,16.1000,32.9100,2.0480,0.191
2012-08-30,16.0400,32.8000,2.0463,0.069
2012-08-31,16.3700,33.7800,2.0301,-1.620
2012-09-04,15.8800,32.4500,2.0420,-0.071
2012-09-05,16.1800,33.0000,2.0385,-0.052
2012-09-06,16.8900,34.5200,2.0330,-0.529
2012-09-10,17.7800,34.5200,2.0225,4.172
2012-09-11,18.2600,36.8000,2.0209,0.276
2012-09-12,18.4100,37.2800,2.0191,-0.291
2012-09-13,18.9900,38.2300,2.0250,0.588
2012-09-14,19.3600,38.6500,2.0172,1.043
2012-09-17,19.3700,39.1900,2.0300,0.335
2012-09-18,19.5500,39.5500,2.0251,0.103
2012-09-19,19.3200,39.1000,2.0218,-0.099
2012-09-20,19.1000,38.7700,2.0237,-0.303
2012-09-21,18.6400,37.8000,2.0230,-0.241
2012-09-24,18.6100,37.8800,2.0245,-0.539
2012-09-25,18.0500,36.8200,2.0244,-0.759
2012-09-26,18.1000,36.9500,2.0338,-0.374
2012-09-27,18.1600,36.8800,2.0307,-0.007
2012-09-28,17.9000,36.4900,2.0277,-0.532
2012-10-01,17.9900,36.3300,2.0254,0.294
2012-10-02,17.8400,36.1900,2.0260,-0.128
2012-10-03,17.6300,35.7000,2.0244,-0.028
2012-10-04,17.9600,36.1000,2.0210,0.546
2012-10-05,17.7100,35.9100,2.0273,-0.018
2012-10-08,18.2100,37.1000,2.0273,-0.493
2012-10-09,18.2700,37.3000,2.0354,-0.304
2012-10-10,18.0900,36.9000,2.0399,0.005
2012-10-11,18.2600,37.4000,2.0360,-0.595
2012-10-15,18.3700,37.4000,2.0355,-0.021
2012-10-16,18.7700,38.1100,2.0326,0.110
2012-10-17,18.5800,37.5800,2.0323,0.479
2012-10-18,18.4500,37.4000,2.0280,0.044
2012-10-19,18.1100,36.6000,2.0269,0.293
2012-10-22,18.2700,36.6000,2.0240,1.034
2012-10-23,17.5200,35.5700,2.0284,-0.091
2012-10-24,17.4400,35.3200,2.0267,0.073
2012-10-25,18.3400,37.3100,2.0254,-0.440
2012-10-26,18.2800,37.0300,2.0250,-0.035
2012-10-31,18.3200,37.4500,2.0298,-0.705
2012-11-01,18.8600,38.3900,2.0304,-0.252
2012-11-05,18.6900,38.0500,2.0344,-0.071
2012-11-06,18.7800,38.2300,2.0330,-0.131
2012-11-07,18.4700,37.8300,2.0335,-0.717
2012-11-08,18.1500,36.9800,2.0397,0.110
2012-11-09,18.1000,37.3000,2.0475,-0.644
2012-11-12,17.9800,37.0000,2.0475,-0.503
2012-11-13,17.7000,37.2600,2.0638,-1.961
2012-11-14,17.4400,36.5900,2.0680,-1.432
2012-11-16,17.1100,35.4800,2.0781,0.215
2012-11-19,17.4200,35.9500,2.0725,0.425
2012-11-21,17.2400,36.4500,2.0962,-0.855
2012-11-23,17.5200,36.9200,2.0872,-0.954
2012-11-26,17.6600,36.6100,2.0838,0.519
2012-11-27,17.3000,36.4800,2.0750,-1.597
2012-11-28,17.2800,35.8700,2.0900,0.684
2012-11-29,17.6500,37.4600,2.1028,-0.923
2012-11-30,17.4300,37.6000,2.1118,-2.105
2012-12-03,17.4300,37.3800,2.1141,-1.421
2012-12-04,17.1800,36.7000,2.1133,-1.072
2012-12-05,17.7700,37.3000,2.1005,0.069
2012-12-06,17.8800,37.0500,2.0790,0.331
2012-12-07,17.9800,37.4800,2.0800,-0.218
2012-12-10,18.3800,38.1500,2.0815,0.283
2012-12-11,18.7700,39.0000,2.0785,0.034
2012-12-12,18.8800,39.4000,2.0791,-0.372
2012-12-13,19.0600,39.6200,2.0790,0.014
2012-12-14,19.7000,41.2000,2.0827,-0.415
2012-12-17,20.0000,42.0000,2.0930,-0.333
2012-12-18,20.4800,42.8200,2.0852,-0.269
2012-12-19,20.2700,42.0500,2.0747,0.010
2012-12-20,20.4600,42.2500,2.0596,-0.262
2012-12-21,20.1000,41.8900,2.0767,-0.354
2012-12-26,20.4200,42.1700,2.0495,-0.757
2012-12-27,20.6200,42.1600,2.0517,0.346
2012-12-28,20.5200,42.2800,2.0445,-0.773
2013-01-02,21.4900,44.1000,2.0425,-0.469
2013-01-03,21.2500,43.3500,2.0360,-0.196
2013-01-04,21.0700,42.6800,2.0350,0.463
2013-01-07,20.6800,41.8400,2.0260,0.138
2013-01-08,20.3700,41.5100,2.0393,0.074
2013-01-09,20.4100,41.7000,2.0384,-0.231
2013-01-10,20.7100,42.1400,2.0325,-0.111
2013-01-11,20.3200,41.2700,2.0375,0.320
2013-01-14,20.2700,41.2600,2.0301,-0.266
2013-01-15,20.2500,41.1600,2.0375,0.241
2013-01-16,19.9500,40.9000,2.0405,-0.469
2013-01-17,20.0000,40.9800,2.0425,-0.317
2013-01-18,20.0200,40.6100,2.0441,0.770
2013-01-22,20.1200,41.0700,2.0478,0.321
2013-01-23,19.9400,40.8500,2.0375,-0.544
2013-01-24,19.7500,40.0000,2.0285,0.157
2013-01-28,19.3500,38.7900,2.0028,-0.092
2013-01-29,19.6500,39.2400,1.9893,-0.383
2013-01-30,19.4700,38.7500,1.9860,-0.213
2013-01-31,20.1700,40.2600,1.9875,-0.428
2013-02-01,20.5200,40.8500,1.9810,-0.489
2013-02-04,20.2200,40.4500,1.9913,-0.460
2013-02-05,19.8500,39.7000,1.9840,-0.800
2013-02-06,20.1900,40.1500,1.9847,-0.197
2013-02-07,19.8800,39.0300,1.9708,0.383
2013-02-08,19.8500,39.3400,1.9725,-0.472
2013-02-13,19.9500,39.1100,1.9663,0.301
2013-02-14,19.7900,38.5800,1.9590,0.489
2013-02-15,19.5100,38.3000,1.9615,-0.081
2013-02-19,19.3300,37.6500,1.9564,0.444
2013-02-20,18.5900,36.4400,1.9605,0.016
2013-02-21,18.4100,36.7000,1.9727,-1.042
2013-02-22,18.0900,35.7200,1.9710,-0.181
2013-02-25,18.0100,35.8800,1.9688,-1.176
2013-02-26,18.4200,36.6000,1.9905,0.178
2013-02-27,18.5300,37.0000,1.9776,-0.960
2013-02-28,18.9900,37.8000,1.9767,-0.694
2013-03-01,18.5500,36.7500,1.9829,0.089
2013-03-04,18.0200,35.6400,1.9798,0.101
2013-03-05,17.9800,35.4500,1.9654,-0.316
2013-03-06,18.9300,37.4000,1.9667,-0.456
2013-03-07,19.1100,37.3800,1.9595,0.177
2013-03-08,18.6300,36.3400,1.9480,-0.134
2013-03-11,18.5900,36.6700,1.9593,-0.673
2013-03-12,18.6100,36.2900,1.9620,0.614
2013-03-13,17.8000,34.8600,1.9615,0.157
2013-03-14,17.6000,35.0000,1.9665,-1.113
2013-03-15,17.5500,34.7300,1.9755,-0.173
2013-03-18,17.4400,35.0000,1.9865,-1.016
2013-03-19,16.9800,33.5800,1.9874,0.494
2013-03-20,17.2000,34.3500,1.9865,-0.530
2013-03-21,17.0500,34.6400,1.9934,-1.884
2013-03-22,17.1600,34.7100,2.0170,-0.283
2013-03-25,17.0300,34.2500,2.0136,0.121
2013-03-26,17.1100,34.4500,2.0067,-0.335
2013-03-27,17.4000,35.1300,2.0133,-0.281
2013-03-28,17.2900,35.1300,2.0160,-0.778
2013-04-01,16.8500,34.0000,2.0180,0.010
2013-04-02,16.5700,33.2500,2.0175,0.541
2013-04-03,16.9500,35.3500,2.0235,-2.975
2013-04-04,16.9700,34.1900,2.0180,0.162
2013-04-05,17.3300,34.5600,1.9925,-0.087
2013-04-08,17.4000,34.7000,1.9890,-0.263
2013-04-09,18.2500,36.1900,1.9865,0.176
2013-04-10,17.7700,35.0000,1.9765,0.350
2013-04-11,17.3600,34.1400,1.9720,0.275
2013-04-12,17.4700,34.5800,1.9690,-0.525
2013-04-15,16.3900,32.4600,1.9755,-0.251
2013-04-16,16.6000,33.2000,1.9965,-0.175
2013-04-17,15.8200,32.4600,2.0000,-2.526
2013-04-18,15.9400,31.9000,2.0180,0.837
2013-04-19,16.0200,32.1000,2.0075,0.187
2013-04-22,16.0300,32.3900,2.0138,-0.336
2013-04-23,16.3900,33.4000,2.0145,-1.145
2013-04-24,16.7500,33.5800,2.0225,0.884
2013-04-25,17.0500,34.1100,2.0115,0.546
2013-04-26,16.7000,34.1100,2.0016,-2.003
2013-04-29,16.9000,33.6000,2.0015,0.671
2013-04-30,17.0900,34.2900,1.9990,-0.371
2013-05-02,16.4700,33.4900,2.0128,-1.013
2013-05-03,16.8500,33.8000,2.0098,0.193
2013-05-06,16.8100,33.8300,2.0120,-0.024
2013-05-07,17.2000,34.8500,2.0086,-0.867
2013-05-08,17.4800,34.9600,2.0003,0.015
2013-05-09,17.3400,35.1500,2.0010,-1.288
2013-05-10,16.9600,34.2400,2.0275,0.428
2013-05-13,16.8200,33.4400,2.0163,1.418
2013-05-14,16.3300,32.7900,2.0054,-0.128
2013-05-15,15.8800,32.1000,2.0280,0.326
2013-05-16,15.5800,31.3500,2.0244,0.607
2013-05-17,15.6100,31.7700,2.0364,0.057
2013-05-20,16.0100,32.8900,2.0357,-0.907
2013-05-21,16.2400,33.1500,2.0373,-0.194
2013-05-22,15.9400,32.6200,2.0398,-0.324
2013-05-23,15.5700,32.0100,2.0526,-0.159
2013-05-24,15.5100,31.7000,2.0516,0.380
2013-05-28,15.2100,31.3000,2.0679,0.488
2013-05-29,14.9000,31.0500,2.0973,0.643
2013-05-31,14.4000,30.4500,2.1217,0.337
2013-06-03,14.8100,31.6000,2.1365,0.132
2013-06-04,15.0200,32.0000,2.1409,0.488
2013-06-05,14.5500,30.9200,2.1261,0.048
2013-06-06,14.7000,31.2800,2.1270,-0.042
2013-06-07,14.5100,30.7700,2.1340,0.632
2013-06-10,14.2900,30.4600,2.1365,0.232
2013-06-11,13.9800,29.7100,2.1428,0.829
2013-06-12,13.7100,29.3900,2.1470,0.154
2013-06-13,14.4700,30.8900,2.1459,0.522
2013-06-14,14.1300,30.0800,2.1392,0.488
2013-06-17,14.1600,30.4000,2.1576,0.499
2013-06-18,14.3100,31.0300,2.1640,-0.204
2013-06-19,13.9800,30.7100,2.1743,-1.020
2013-06-20,13.6100,30.9500,2.2655,-0.377
2013-06-21,13.6500,30.4500,2.2680,1.669
2013-06-24,12.9400,28.8900,2.2479,0.685
2013-06-25,13.3400,29.4000,2.2207,0.762
2013-06-26,13.1400,28.4500,2.1994,1.582
2013-06-27,13.1300,28.4500,2.1864,0.905
2013-06-28,13.1500,28.9100,2.2075,0.410
2013-07-01,13.2300,29.4900,2.2280,-0.046
2013-07-02,12.8700,28.5000,2.2395,1.131
2013-07-03,12.7400,28.3900,2.2608,1.453
2013-07-05,12.6300,28.7000,2.2635,-0.390
2013-07-08,12.7000,28.3800,2.2605,1.157
2013-07-10,12.8500,29.0500,2.2732,0.553
2013-07-11,13.5600,30.4800,2.2670,0.855
2013-07-12,13.2900,29.8400,2.2677,0.998
2013-07-15,13.5500,30.1300,2.2450,0.962
2013-07-16,13.9400,31.2300,2.2439,0.160
2013-07-17,14.3500,31.8400,2.2315,0.572
2013-07-18,14.3100,31.6500,2.2282,0.744
2013-07-19,13.8200,30.9300,2.2345,-0.159
2013-07-22,14.1100,31.4100,2.2317,0.252
2013-07-23,14.4600,32.0200,2.2212,0.308
2013-07-24,14.2300,31.9100,2.2388,-0.163
2013-07-25,14.4500,32.2600,2.2586,1.168
2013-07-26,14.3900,32.2600,2.2525,0.476
2013-07-29,14.1200,31.8400,2.2605,0.246
2013-07-30,13.8100,31.0600,2.2730,1.063
2013-07-31,13.7200,31.0200,2.2987,1.670
2013-08-01,13.6800,31.3300,2.2980,0.340
2013-08-02,13.7500,31.2500,2.2875,0.650
2013-08-05,13.7400,31.5500,2.3016,0.234
2013-08-06,13.7500,31.3100,2.2924,0.672
2013-08-07,14.0300,32.0000,2.2985,0.775
2013-08-08,14.6900,33.1800,2.2748,0.714
2013-08-09,15.5100,34.7500,2.2710,1.362
2013-08-12,15.6900,35.5000,2.2730,0.460
2013-08-13,15.5100,35.6100,2.3063,0.451
2013-08-14,15.6000,35.7800,2.3130,0.846
2013-08-15,15.6800,36.1500,2.3417,1.571
2013-08-16,15.3700,36.6000,2.3585,-0.956
2013-08-19,15.2200,36.4100,2.4021,0.412
2013-08-20,14.8700,35.3800,2.3959,0.698
2013-08-21,14.4200,35.0100,2.4226,-0.217
2013-08-22,15.0200,36.2600,2.4464,1.337
2013-08-23,15.3700,36.1200,2.3679,0.760
2013-08-26,15.2000,35.9000,2.3858,1.014
2013-08-27,14.9500,35.2700,2.3925,1.412
2013-08-28,14.8800,34.8400,2.3298,-0.495
2013-08-29,14.4700,34.0200,2.3572,0.261
2013-08-30,14.4100,34.3400,2.3809,-0.091
2013-09-03,15.2400,35.8500,2.3830,1.302
2013-09-04,15.3300,36.0000,2.3536,0.224
2013-09-05,15.5300,35.9900,2.3232,0.248
2013-09-06,15.6200,35.9000,2.2900,-0.363
2013-09-09,16.3300,36.9500,2.2799,0.760
2013-09-10,16.8100,37.8500,2.2930,1.837
2013-09-11,16.3900,37.1400,2.2884,0.988
2013-09-12,16.3300,36.9500,2.2716,0.393
2013-09-13,16.0400,36.5000,2.2825,0.305
2013-09-16,15.9800,36.3900,2.2730,-0.185
2013-09-17,16.1600,36.4900,2.2550,-0.135
2013-09-18,16.7100,36.5300,2.2429,2.597
2013-09-19,16.5200,36.3800,2.2067,0.205
2013-09-20,16.1800,35.7700,2.2047,-0.274
2013-09-23,16.4300,36.0100,2.1997,0.364
2013-09-24,16.1700,35.4500,2.1978,0.249
2013-09-25,16.0500,35.7500,2.2221,-0.239
2013-09-26,16.1200,36.0000,2.2380,0.213
2013-09-27,15.6000,35.1600,2.2577,0.171
2013-09-30,15.6100,34.4600,2.2193,0.532
2013-10-01,15.5600,34.5000,2.2240,0.306
2013-10-02,15.7300,34.5100,2.2031,0.419
2013-10-03,15.5000,34.0400,2.2086,0.568
2013-10-04,15.6100,34.3900,2.2005,-0.117
2013-10-07,15.4700,34.0900,2.2027,-0.042
2013-10-08,15.2700,33.6100,2.2016,0.025
2013-10-09,15.0700,33.2000,2.2080,0.225
2013-10-10,15.4000,33.4500,2.1769,0.222
2013-10-11,15.5100,33.7700,2.1846,0.335
2013-10-14,16.2200,35.3400,2.1846,0.267
2013-10-15,16.3100,35.6300,2.1765,-0.368
2013-10-16,16.4100,35.4400,2.1567,-0.137
2013-10-17,16.6600,36.2300,2.1615,-0.606
2013-10-18,16.1100,34.9400,2.1630,-0.269
2013-10-21,16.2800,35.3800,2.1728,-0.019
2013-10-22,16.6000,35.8900,2.1673,0.243
2013-10-23,16.0100,35.0500,2.1805,-0.400
2013-10-24,15.9100,35.0500,2.1948,-0.373
2013-10-25,16.0800,35.0700,2.1870,0.276
2013-10-28,16.2400,35.3100,2.1828,0.393
2013-10-29,16.1900,35.1400,2.1785,0.370
2013-10-30,16.0900,35.0200,2.1860,0.436
2013-10-31,16.0200,35.7500,2.2235,-0.362
2013-11-01,16.3800,36.9000,2.2585,0.255
2013-11-04,17.0800,37.9000,2.2425,1.060
2013-11-05,16.8600,37.8300,2.2850,1.837
2013-11-06,17.0700,38.4700,2.2865,1.457
2013-11-07,16.1800,37.2300,2.2995,-0.065
2013-11-08,15.9800,36.7500,2.3201,0.885
2013-11-11,15.9600,36.9500,2.3201,0.213
2013-11-12,15.4000,35.7900,2.3303,0.270
2013-11-13,15.4400,35.5300,2.3259,1.075
2013-11-14,15.6100,35.8800,2.3229,1.060
2013-11-18,15.9700,36.2500,2.2705,0.027
2013-11-19,15.6900,35.6000,2.2673,-0.073
2013-11-21,15.2200,35.0200,2.3080,0.308
2013-11-22,15.4600,35.3300,2.2908,0.243
2013-11-25,15.1500,34.6500,2.2900,0.126
2013-11-26,14.7200,33.5400,2.2980,0.854
2013-11-27,14.7600,34.2400,2.3080,-0.508
2013-11-29,15.3200,35.8700,2.3345,-0.294
2013-12-02,14.8900,35.4100,2.3530,-1.056
2013-12-03,14.8500,35.0800,2.3664,0.174
2013-12-04,14.9100,35.4500,2.3784,0.034
2013-12-05,15.1000,35.6300,2.3620,0.102
2013-12-06,15.2500,35.5600,2.3338,0.086
2013-12-09,15.4500,35.5400,2.3197,0.842
2013-12-10,15.3300,35.4200,2.3106,0.004
2013-12-11,14.8700,34.7000,2.3308,-0.118
2013-12-12,14.7800,34.5500,2.3390,0.059
2013-12-13,14.6700,34.1600,2.3370,0.362
2013-12-16,14.7700,34.3900,2.3215,-0.295
2013-12-17,14.7200,34.2700,2.3181,-0.431
2013-12-18,14.8500,34.3700,2.3462,1.371
2013-12-19,14.8100,35.1100,2.3535,-0.725
2013-12-20,14.4300,34.4500,2.3741,-0.557
2013-12-23,14.6600,34.5600,2.3685,0.469
2013-12-26,14.7200,34.7100,2.3535,-0.192
2013-12-27,15.2300,35.5000,2.3527,0.934
2013-12-30,15.2200,35.7100,2.3524,0.262
2014-01-02,14.5300,34.8100,2.4015,0.241
2014-01-03,14.3300,34.0600,2.3831,0.264
2014-01-06,14.2900,34.0900,2.3744,-0.469
2014-01-07,14.0400,33.2500,2.3732,0.210
2014-01-08,13.9500,33.4800,2.3883,-0.487
2014-01-09,13.5500,32.2900,2.4017,0.784
2014-01-10,13.7200,32.2500,2.3645,0.592
2014-01-13,13.6000,32.0400,2.3540,-0.080
2014-01-14,13.5800,32.0200,2.3557,-0.092
2014-01-15,13.8000,32.4500,2.3500,-0.062
2014-01-16,13.7900,32.8300,2.3681,-0.530
2014-01-17,13.7900,32.4900,2.3550,-0.045
2014-01-21,13.2700,31.0800,2.3620,0.849
2014-01-22,13.5200,31.8100,2.3739,0.896
2014-01-23,13.1400,30.9300,2.3895,1.513
2014-01-24,12.9000,31.2500,2.4008,-0.895
2014-01-27,13.0900,31.1200,2.4185,1.729
2014-01-28,13.2000,31.7500,2.4262,0.869
2014-01-29,13.5700,33.1000,2.4361,-0.127
2014-01-30,13.5000,32.5000,2.4133,0.245
2014-01-31,13.6000,33.0500,2.4116,-0.763
2014-02-03,13.1800,32.1300,2.4373,-0.020
2014-02-04,13.6100,32.6700,2.4060,0.232
2014-02-05,14.0200,33.5000,2.3970,0.316
2014-02-06,14.4800,34.2600,2.3858,0.836
2014-02-07,14.3800,34.0500,2.3820,0.597
2014-02-10,13.9100,33.6400,2.3925,-1.071
2014-02-11,14.4700,34.4900,2.4083,1.038
2014-02-12,14.2000,34.4600,2.4121,-0.604
2014-02-13,14.4000,34.3200,2.4135,1.266
2014-02-14,14.6600,34.8400,2.3859,0.394
2014-02-18,14.4700,34.5700,2.3902,0.047
2014-02-19,14.6300,34.9200,2.3895,0.110
2014-02-20,14.6300,34.5200,2.3713,0.499
2014-02-21,14.7300,34.6100,2.3565,0.293
2014-02-24,14.3800,33.6700,2.3300,-0.489
2014-02-25,13.9000,32.5100,2.3338,-0.216
2014-02-26,13.9100,32.5200,2.3495,0.497
2014-02-27,14.3300,33.0100,2.3315,1.213
2014-02-28,14.1700,33.0000,2.3321,0.139
2014-03-05,13.7500,31.8500,2.3281,0.507
2014-03-06,13.7400,31.7500,2.3051,-0.245
2014-03-07,13.0400,30.5500,2.3383,-0.192
2014-03-10,12.8100,30.0400,2.3440,-0.044
2014-03-11,12.5400,29.5500,2.3495,-0.295
2014-03-12,12.8000,30.1100,2.3617,0.398
2014-03-13,12.4200,29.3000,2.3560,-0.131
2014-03-14,12.4900,29.2600,2.3584,0.671
2014-03-17,12.5300,29.3100,2.3532,0.599
2014-03-18,12.7400,29.8100,2.3415,0.069
2014-03-19,12.6400,29.6100,2.3310,-0.494
2014-03-20,12.8100,29.8800,2.3339,0.058
2014-03-21,13.0400,30.4300,2.3215,-0.518
2014-03-24,13.1200,30.5800,2.3220,-0.377
2014-03-25,13.3200,30.8200,2.3092,-0.199
2014-03-26,13.2100,30.4700,2.3060,-0.025
2014-03-27,13.6500,31.1100,2.2671,-0.527
2014-03-28,13.6800,31.0100,2.2627,-0.181
2014-03-31,13.8300,31.4200,2.2552,-0.734
2014-04-01,13.7900,31.3600,2.2626,-0.506
2014-04-02,14.3400,32.5300,2.2704,0.085
2014-04-03,14.3900,32.9100,2.2795,-0.328
2014-04-04,14.4800,32.4800,2.2403,-0.125
2014-04-07,14.9800,33.3400,2.2209,-0.213
2014-04-08,15.0700,33.2600,2.1940,-0.591
2014-04-09,14.9900,32.9800,2.2154,0.694
2014-04-10,14.8100,32.8000,2.1954,-0.872
2014-04-11,14.7600,32.9700,2.2075,-1.175
2014-04-14,14.8400,32.7600,2.2096,0.093
2014-04-15,13.9000,30.9400,2.2355,0.431
2014-04-16,13.8700,31.0800,2.2355,-0.237
2014-04-17,14.1000,31.6500,2.2488,0.184
2014-04-22,13.6800,30.7100,2.2425,-0.106
2014-04-23,13.5900,30.2900,2.2372,0.375
2014-04-24,13.8600,30.7900,2.2231,0.072
2014-04-25,13.5100,30.3200,2.2357,-0.382
2014-04-28,13.3400,29.5900,2.2310,0.580
2014-04-29,13.3600,29.7800,2.2205,-0.383
2014-04-30,13.2200,29.5500,2.2360,0.034
2014-05-02,13.5700,30.2000,2.2177,-0.350
2014-05-05,13.3700,30.1100,2.2324,-0.873
2014-05-06,13.3800,29.8200,2.2278,-0.040
2014-05-07,13.5500,29.9700,2.2231,0.511
2014-05-08,13.3700,29.4700,2.2048,0.028
2014-05-09,13.2300,29.2200,2.2150,0.289
2014-05-12,13.7800,30.6000,2.2190,-0.072
2014-05-13,13.8800,30.6500,2.2095,0.058
2014-05-14,14.1600,31.3900,2.2043,-0.564
2014-05-15,13.9800,31.1000,2.2250,0.018
2014-05-16,13.7300,30.4000,2.2115,-0.119
2014-05-19,13.3700,29.4700,2.2040,-0.009
2014-05-20,13.0900,28.8600,2.2100,0.239
2014-05-21,13.1200,28.8900,2.2075,0.251
2014-05-22,13.2200,29.3400,2.2180,-0.061
2014-05-23,13.1800,29.2600,2.2154,-0.209
2014-05-27,13.0700,29.0900,2.2371,0.512
2014-05-28,13.0600,29.0900,2.2388,0.511
2014-05-29,13.1400,29.3400,2.2188,-0.630
2014-05-30,12.7500,28.4600,2.2365,0.195
2014-06-02,12.8400,29.1400,2.2685,-0.043
2014-06-03,12.6800,28.8500,2.2695,-0.252
2014-06-04,12.6200,28.9200,2.2846,-0.305
2014-06-05,12.7400,28.7800,2.2620,0.132
2014-06-06,13.0900,29.3700,2.2421,-0.071
2014-06-09,13.2900,29.6300,2.2292,-0.013
2014-06-10,13.2100,29.4400,2.2271,-0.068
2014-06-11,13.1900,29.6400,2.2296,-0.781
2014-06-13,12.8100,28.6000,2.2305,-0.095
2014-06-16,12.7300,28.4200,2.2339,0.062
2014-06-17,12.6300,28.4500,2.2561,0.157
2014-06-18,12.9100,28.8500,2.2526,0.801
2014-06-20,12.8600,28.7700,2.2360,-0.052
2014-06-23,13.1600,29.1100,2.2175,0.248
2014-06-24,12.9000,28.7100,2.2202,-0.242
2014-06-25,13.0500,28.6600,2.2073,0.507
2014-06-26,13.4400,29.3400,2.2056,1.034
2014-06-27,13.2900,29.0600,2.1974,0.494
2014-06-30,13.2300,29.2400,2.2030,-0.323
2014-07-01,13.4600,29.6500,2.2015,-0.060
2014-07-02,13.7000,30.4400,2.2169,-0.225
2014-07-03,14.0300,31.0400,2.2163,0.176
2014-07-07,13.9000,30.8000,2.2192,0.152
2014-07-08,13.7700,30.8100,2.2134,-1.076
2014-07-10,13.8300,30.8000,2.2223,-0.213
2014-07-11,13.8600,30.7100,2.2200,0.193
2014-07-14,13.8900,30.8600,2.2135,-0.371
2014-07-15,14.0000,31.0600,2.2237,0.231
2014-07-16,14.4000,31.9200,2.2235,0.308
2014-07-17,13.9800,31.4800,2.2446,-0.319
2014-07-18,14.0800,31.4500,2.2326,-0.048
2014-07-21,14.2500,31.5600,2.2194,0.211
2014-07-22,14.4300,31.8700,2.2070,-0.072
2014-07-23,14.3400,31.7300,2.2184,0.258
2014-07-24,14.5600,32.3400,2.2172,-0.178
2014-07-25,14.5600,32.3800,2.2286,0.211
2014-07-28,14.8300,32.8200,2.2298,0.755
2014-07-29,14.7600,32.9200,2.2290,-0.061
2014-07-30,14.3800,32.2200,2.2533,0.566
2014-07-31,14.3500,32.5500,2.2696,0.058
2014-08-01,14.0100,31.7700,2.2674,-0.012
2014-08-04,14.1500,32.1400,2.2591,-0.541
2014-08-05,13.8900,31.6200,2.2770,0.024
2014-08-06,14.0100,31.8000,2.2754,0.246
2014-08-07,13.7900,31.6000,2.2884,-0.136
2014-08-08,13.8300,31.6100,2.2960,0.455
2014-08-11,14.0400,31.8400,2.2740,0.273
2014-08-12,13.9900,32.0100,2.2739,-0.619
2014-08-13,13.7500,31.3400,2.2762,-0.135
2014-08-14,13.5300,30.5900,2.2709,0.442
2014-08-15,13.7100,31.0000,2.2736,0.552
2014-08-18,13.8100,31.2400,2.2595,-0.116
2014-08-19,13.8800,31.2500,2.2555,0.180
2014-08-20,14.0800,31.7700,2.2537,-0.119
2014-08-21,13.9300,31.5600,2.2555,-0.446
2014-08-22,13.7400,31.3700,2.2784,-0.207
2014-08-25,13.6300,31.1700,2.2823,-0.200
2014-08-26,13.7600,31.0200,2.2725,0.805
2014-08-27,13.6800,30.6800,2.2594,0.745
2014-08-28,13.1100,29.3300,2.2521,0.665
2014-08-29,13.0600,29.2000,2.2381,0.101
2014-09-02,12.8300,28.7500,2.2513,0.467
2014-09-03,12.9700,29.0000,2.2308,-0.229
2014-09-04,12.8200,28.6800,2.2399,0.124
2014-09-05,12.6800,28.2500,2.2440,0.722
2014-09-08,12.4600,28.1000,2.2498,-0.240
2014-09-09,12.5200,28.6100,2.2825,-0.116
2014-09-10,12.3800,28.4000,2.2956,0.069
2014-09-11,12.4100,28.3600,2.2882,0.129
2014-09-12,12.3000,28.6200,2.3301,0.141
2014-09-15,12.4400,29.1100,2.3451,0.217
2014-09-16,12.5600,29.1500,2.3227,0.079
2014-09-17,12.3900,29.0600,2.3458,0.015
2014-09-18,12.3200,29.0900,2.3602,-0.042
2014-09-19,12.0000,28.3200,2.3747,0.623
2014-09-22,11.4400,27.2800,2.3862,0.066
2014-09-23,11.4200,27.5500,2.4100,-0.101
2014-09-24,11.5900,27.6400,2.4022,0.729
2014-09-25,11.3200,27.3500,2.4179,0.075
2014-09-26,11.1900,26.9700,2.4243,0.586
2014-09-29,10.8700,26.5400,2.4458,0.173
2014-09-30,11.0100,26.8500,2.4484,0.398
2014-10-01,10.8600,26.8300,2.4746,0.165
2014-10-02,11.0900,27.6100,2.4881,-0.061
2014-10-03,11.0200,27.2000,2.4870,0.760
2014-10-06,11.3100,27.3400,2.4086,-0.361
2014-10-07,11.3900,27.4000,2.3901,-0.645
2014-10-08,11.4700,27.3700,2.4274,1.726
2014-10-09,11.2500,26.9000,2.3922,0.046
2014-10-10,10.9000,26.4000,2.4096,-0.513
2014-10-13,11.4700,27.4900,2.4096,0.539
2014-10-14,11.8000,28.3100,2.3943,-0.202
2014-10-15,11.5600,28.3000,2.4393,-0.359
2014-10-16,11.1400,27.3800,2.4742,0.667
2014-10-17,10.9400,26.6200,2.4328,-0.019
2014-10-20,10.7300,26.4900,2.4555,-0.538
2014-10-21,10.7500,26.7200,2.4687,-0.679
2014-10-22,10.8200,26.7600,2.4711,-0.085
2014-10-23,10.8300,27.2500,2.5029,-0.527
2014-10-24,11.1600,27.4500,2.4657,0.245
2014-10-27,10.5800,26.4600,2.5429,1.678
2014-10-28,10.6400,26.1400,2.4705,0.559
2014-10-29,10.2000,24.7600,2.4349,0.307
2014-10-30,9.9200,23.7000,2.4058,0.698
2014-10-31,10.0900,25.0000,2.4535,-0.977
2014-11-03,9.8200,24.9000,2.4964,-1.548
2014-11-04,9.5400,24.1100,2.5178,-0.374
2014-11-05,9.5600,24.0000,2.5070,-0.138
2014-11-06,9.1400,23.6500,2.5541,-1.292
2014-11-07,9.4300,24.0200,2.5705,0.915
2014-11-10,9.0400,23.3000,2.5402,-1.445
2014-11-11,8.9200,22.5700,2.5402,0.392
2014-11-12,8.8200,22.5200,2.5496,-0.144
2014-11-13,8.7200,22.4600,2.5922,0.641
2014-11-14,8.8700,23.0000,2.6030,0.385
2014-11-17,8.8500,22.9300,2.6016,0.411
2014-11-18,8.5300,22.0300,2.5954,0.494
2014-11-19,8.5700,22.1600,2.5744,-0.439
2014-11-21,9.4100,23.5900,2.5247,0.710
2014-11-24,9.3600,23.7000,2.5478,0.622
2014-11-25,9.4000,23.9600,2.5300,-0.743
2014-11-26,9.2700,23.0400,2.5006,0.610
2014-11-28,9.0100,23.2900,2.5720,-0.499
2014-12-01,8.7300,22.1300,2.5620,1.068
2014-12-02,8.3300,21.4700,2.5737,-0.145
2014-12-03,8.5300,21.9500,2.5549,-0.714
2014-12-04,8.3500,21.6700,2.5781,-0.659
2014-12-05,8.3800,21.8800,2.6010,-0.382
2014-12-08,8.0200,21.1800,2.6142,-1.011
2014-12-09,7.9400,20.7000,2.5941,-0.497
2014-12-10,7.5400,19.9300,2.6106,-1.235
2014-12-11,7.2600,19.3700,2.6445,-0.882
2014-12-12,7.1900,18.9100,2.6720,1.595
2014-12-15,6.8600,18.6900,2.6917,-1.204
2014-12-16,7.0400,19.3500,2.7306,-0.654
2014-12-17,7.2500,19.7100,2.6910,-1.016
2014-12-18,7.6100,19.9600,2.6454,0.859
2014-12-19,8.1400,21.5700,2.6538,0.148
2014-12-22,8.0900,21.3700,2.6532,0.442
2014-12-23,8.1400,22.2200,2.6996,-1.104
2014-12-26,8.1600,21.6800,2.6950,1.435
2014-12-29,8.2000,22.1100,2.6974,0.039
2014-12-30,8.2800,21.9100,2.6605,0.543
2015-01-02,7.9400,21.2800,2.6967,0.619
2015-01-05,7.7300,20.9600,2.7284,0.623
2015-01-06,8.1400,21.8000,2.7013,0.865
2015-01-07,8.3400,22.6000,2.7000,-0.363
2015-01-08,8.5700,22.8400,2.6635,-0.060
2015-01-09,8.5500,22.3500,2.6375,0.898
2015-01-12,8.5500,22.6400,2.6673,0.731
2015-01-13,8.5000,22.5100,2.6366,-0.439
2015-01-14,8.0300,20.7000,2.6145,1.422
2015-01-15,7.9900,20.9400,2.6324,0.444
2015-01-16,8.4100,21.8800,2.6225,0.801
2015-01-20,8.3700,21.7400,2.6148,0.671
2015-01-21,8.6000,22.0800,2.5982,1.198
2015-01-22,8.6900,21.9100,2.5644,1.710
2015-01-23,7.8500,20.5200,2.5805,-1.282
2015-01-26,7.4700,19.5800,2.5820,-1.494
2015-01-27,7.4200,19.0000,2.5737,0.510
2015-01-28,7.2000,18.8900,2.5825,-1.567
2015-01-29,6.9100,18.0500,2.6113,-0.033
2015-01-30,7.0300,18.6100,2.6843,1.400
2015-02-02,7.4600,19.7400,2.7086,2.361
2015-02-03,7.8800,20.8700,2.7016,2.006
2015-02-04,7.5800,20.5500,2.7403,1.078
2015-02-05,7.5500,20.4500,2.7306,0.812
2015-02-06,7.3500,20.4200,2.7681,-0.365
2015-02-09,7.7800,21.5900,2.7872,0.437
2015-02-10,7.2900,20.4000,2.8304,1.145
2015-02-11,7.4200,21.1000,2.8724,1.010
2015-02-12,7.7300,21.5800,2.8225,1.103
2015-02-13,8.0500,22.4800,2.8273,1.245
2015-02-18,7.9800,22.7100,2.8467,0.029
2015-02-19,7.6900,22.1000,2.8578,-0.559
2015-02-20,7.8300,22.6200,2.8773,-0.401
2015-02-23,7.5100,21.6200,2.8688,-0.348
2015-02-24,7.7800,22.0400,2.8462,0.469
2015-02-25,7.7100,22.1400,2.8656,-0.209
2015-02-26,7.3400,21.2500,2.8806,-0.501
2015-02-27,7.4200,21.2500,2.8618,-0.073
2015-03-02,7.2100,20.5600,2.8765,0.873
2015-03-03,7.1300,20.7900,2.8967,-0.657
2015-03-04,6.8800,20.3900,2.9790,0.518
2015-03-05,6.5300,19.5000,2.9961,0.331
2015-03-06,6.4200,19.5900,3.0601,0.285
2015-03-09,6.2300,19.5400,3.1015,-1.114
2015-03-10,6.1400,19.1000,3.1273,0.532
2015-03-11,6.0600,18.8600,3.0881,-0.775
2015-03-12,6.0100,18.8600,3.1247,-0.427
2015-03-13,5.8200,18.8800,3.2605,0.509
2015-03-16,5.8700,18.9000,3.2204,0.020
2015-03-17,6.1100,19.8800,3.2632,0.293
2015-03-18,6.1200,19.5900,3.2747,2.303
2015-03-19,5.8500,19.1500,3.2931,0.599
2015-03-20,6.2600,20.2500,3.2206,-0.440
2015-03-23,6.5300,20.3800,3.1596,1.237
2015-03-24,6.2900,19.5800,3.1534,1.302
2015-03-25,6.2200,19.7600,3.1609,-0.502
2015-03-26,5.9400,18.9200,3.1768,-0.263
2015-03-27,5.6700,18.3500,3.2412,0.150
2015-03-30,5.7900,18.6200,3.2515,1.107
2015-03-31,5.6500,17.9400,3.1843,0.286
2015-04-01,5.5800,17.5400,3.1547,0.360
2015-04-02,5.7600,18.0000,3.1373,0.394
2015-04-06,5.8200,18.1300,3.0961,-0.611
2015-04-07,6.0700,19.0000,3.1105,-0.628
2015-04-08,6.1000,18.7500,3.0852,0.372
2015-04-09,6.1700,18.8000,3.0345,-0.410
2015-04-10,6.0400,18.4200,3.0784,0.942
2015-04-13,5.8700,18.2400,3.1157,0.270
2015-04-14,6.1300,18.7500,3.0779,0.627
2015-04-15,6.1900,18.6000,3.0571,1.739
2015-04-16,6.0200,18.0600,3.0180,0.600
2015-04-17,5.8700,17.8000,3.0639,1.040
2015-04-20,5.8700,17.7300,3.0446,0.800
2015-04-22,6.5000,19.4500,2.9988,0.217
2015-04-23,7.1200,21.0900,2.9807,0.629
2015-04-24,7.9200,23.2000,2.9631,1.154
2015-04-27,8.1000,23.4600,2.9049,0.297
2015-04-28,7.6900,22.5500,2.9002,-1.097
2015-04-29,7.2600,21.1100,2.9393,1.086
2015-04-30,7.6800,22.6500,3.0121,2.132
2015-05-04,8.0300,24.7800,3.0720,-0.451
2015-05-05,8.8000,27.0600,3.0585,-0.537
2015-05-06,8.1900,24.9300,3.0485,0.149
2015-05-07,7.8400,23.8800,3.0390,-0.227
2015-05-08,7.6300,22.7500,2.9808,-0.029
2015-05-11,7.6600,23.2800,3.0385,-0.022
2015-05-12,7.3700,22.3300,3.0223,-0.249
2015-05-13,7.1200,21.6000,3.0265,-0.238
2015-05-14,7.1300,21.3300,2.9910,-0.020
2015-05-15,7.1200,21.2800,2.9779,-0.364
2015-05-18,6.6800,20.2400,3.0120,-0.592
2015-05-19,6.6100,20.1200,3.0175,-0.866
2015-05-20,6.6100,19.8500,3.0308,0.925
2015-05-21,6.6500,20.2500,3.0431,-0.066
2015-05-22,6.5700,20.2600,3.0705,-0.429
2015-05-26,6.5400,20.7900,3.1489,-0.944
2015-05-27,6.6400,20.9500,3.1708,0.497
2015-05-28,6.5000,20.5400,3.1755,0.491
2015-05-29,6.3000,20.0500,3.1855,0.093
2015-06-01,6.2900,20.0400,3.1655,-0.644
2015-06-02,6.8100,21.3500,3.1391,0.128
2015-06-03,6.6600,20.8900,3.1103,-0.840
2015-06-05,6.5100,20.6000,3.1604,-0.125
2015-06-08,6.4700,20.1000,3.1226,0.514
2015-06-09,6.4300,19.9800,3.0950,-0.396
2015-06-10,6.7700,21.2100,3.1013,-1.010
2015-06-11,6.8600,21.3300,3.1419,1.048
2015-06-12,6.8100,21.1600,3.1011,-0.196
2015-06-15,6.4700,20.3400,3.0958,-1.525
2015-06-16,6.3700,19.7500,3.1052,0.153
2015-06-17,6.3800,19.4700,3.0946,1.405
2015-06-18,6.6800,20.4000,3.0405,-0.439
2015-06-19,6.5100,20.3200,3.0887,-1.046
2015-06-22,6.3900,19.6900,3.0833,0.062
2015-06-23,6.4400,19.8100,3.0913,0.495
2015-06-24,6.4000,19.8000,3.0884,-0.173
2015-06-25,6.1600,19.3200,3.1144,-0.700
2015-06-26,6.2300,19.6200,3.1223,-0.857
2015-06-29,6.1200,19.2000,3.1403,0.097
2015-06-30,5.8900,18.2900,3.1106,0.172
2015-07-01,5.7600,18.1100,3.1269,-0.547
2015-07-02,5.8500,18.0700,3.1110,0.716
2015-07-06,5.6100,17.6500,3.1454,-0.024
2015-07-07,5.6200,17.9300,3.1905,0.003
2015-07-08,5.3200,17.1600,3.2319,0.196
2015-07-10,5.4300,17.1100,3.1834,1.028
2015-07-13,5.9000,18.5000,3.1507,0.482
2015-07-14,5.7000,17.8200,3.1197,-0.212
2015-07-15,5.4800,17.1100,3.1531,0.988
2015-07-16,5.5800,17.6400,3.1340,-0.863
2015-07-17,5.4600,17.4500,3.1915,-0.140
2015-07-20,5.4100,17.3100,3.2123,0.396
2015-07-21,5.5500,17.5500,3.1725,0.327
2015-07-22,5.3900,17.2900,3.2232,0.480
2015-07-23,5.2800,17.3200,3.2862,0.180
2015-07-24,5.0500,16.7900,3.3302,0.164
2015-07-27,4.9900,16.7600,3.3560,-0.081
2015-07-28,5.4000,18.0900,3.3941,1.316
2015-07-29,5.5500,18.3500,3.3308,0.741
2015-07-30,5.1900,17.4500,3.3696,0.219
2015-07-31,5.2600,17.8700,3.4078,0.308
2015-08-03,5.1000,17.5900,3.4487,-0.009
2015-08-04,5.2300,18.1000,3.4693,0.246
2015-08-05,5.4300,19.0100,3.4884,-0.358
2015-08-06,5.5800,19.5800,3.5684,1.694
2015-08-07,5.2800,18.4200,3.5281,1.131
2015-08-10,5.6400,19.3500,3.4699,1.138
2015-08-11,5.3200,18.6000,3.5086,0.354
2015-08-12,5.4600,18.9200,3.4725,0.211
2015-08-13,5.2700,18.4800,3.5147,0.230
2015-08-14,5.2300,18.2000,3.4625,-0.501
2015-08-17,5.1900,18.0100,3.4728,0.077
2015-08-18,5.0800,17.4200,3.4623,0.967
2015-08-19,4.8500,16.8400,3.5021,0.862
2015-08-20,4.9900,17.1700,3.4617,0.605
2015-08-21,4.7500,16.7000,3.4970,-0.534
2015-08-24,4.3300,15.4000,3.5539,-0.075
2015-08-25,4.2900,15.3500,3.5456,-0.908
2015-08-26,4.4400,15.9000,3.6333,1.458
2015-08-27,5.0000,17.6900,3.5499,0.336
2015-08-28,4.8300,17.3100,3.5938,0.278
2015-08-31,4.9500,17.9200,3.6206,0.011
2015-09-01,4.7100,17.1000,3.6715,1.127
2015-09-02,4.8300,18.1100,3.7389,-0.282
2015-09-03,4.9800,18.7300,3.7546,-0.171
2015-09-04,4.7300,18.2400,3.8094,-1.215
2015-09-08,4.9900,18.9300,3.8081,0.383
2015-09-09,4.9900,19.0600,3.7900,-0.776
2015-09-10,5.1900,19.9400,3.8587,0.435
2015-09-11,4.9800,19.4500,3.8757,-0.766
2015-09-14,5.0300,19.1500,3.8391,0.839
2015-09-15,4.8400,18.6000,3.8655,0.586
2015-09-16,5.0300,19.0400,3.8255,1.062
2015-09-17,5.1500,19.4900,3.8930,2.868
2015-09-18,4.9800,19.9100,3.9210,-1.926
2015-09-21,5.0600,19.9300,3.9911,1.329
2015-09-22,4.7700,19.4600,4.0490,-0.752
2015-09-23,4.5900,18.9000,4.1093,-0.203
2015-09-24,4.6800,18.4500,4.1638,5.618
2015-09-25,4.5200,17.9300,3.9489,-0.452
2015-09-28,4.0700,16.5900,4.0070,-1.697
2015-09-29,4.0300,16.4800,4.0921,0.068
2015-09-30,4.2000,16.5800,3.9554,0.197
2015-10-01,4.2600,17.2200,4.0003,-1.038
2015-10-02,4.4800,17.8200,3.9712,-0.163
2015-10-05,4.6300,18.1400,3.8924,-0.652
2015-10-06,4.7900,18.3100,3.8406,0.472
2015-10-07,5.1600,20.1500,3.8123,-2.375
2015-10-08,5.2700,20.0600,3.8295,0.606
2015-10-09,5.4800,20.7900,3.7339,-1.579
2015-10-13,4.7500,18.5800,3.8314,-2.050
2015-10-14,4.8800,18.7000,3.8366,0.121
2015-10-15,5.0000,18.9700,3.8420,1.265
2015-10-16,4.7900,18.4200,3.8527,0.187
2015-10-19,4.6000,17.8000,3.9005,0.799
2015-10-20,4.4600,17.6100,3.8845,-1.619
2015-10-21,4.5100,18.0900,3.9514,-1.488
2015-10-22,4.7300,18.5100,3.9249,0.296
2015-10-23,4.7300,18.6000,3.8964,-0.914
2015-10-26,4.6000,17.8600,3.8788,-0.098
2015-10-27,4.3000,17.0300,3.9002,-1.522
2015-10-28,4.2400,16.5700,3.8594,-1.244
2015-10-29,4.1900,16.1400,3.8971,1.170
2015-10-30,4.3600,17.0600,3.8439,-1.762
2015-11-03,4.7200,17.7500,3.7578,-0.074
2015-11-04,4.5600,17.4000,3.7946,-0.555
2015-11-05,4.3900,16.9500,3.7809,-2.076
2015-11-06,4.1400,15.6700,3.8055,0.541
2015-11-09,4.0500,15.4400,3.7855,-0.704
2015-11-10,4.1100,15.3800,3.7978,1.489
2015-11-11,4.0400,15.3200,3.7978,0.151
2015-11-12,3.9300,15.0500,3.7898,-1.037
2015-11-13,3.9700,15.3700,3.8235,-1.241
2015-11-16,3.9800,15.0500,3.8460,1.708
2015-11-17,3.7600,14.5200,3.8123,-1.279
2015-11-18,3.9000,14.5900,3.7914,1.347
2015-11-19,3.8900,14.6400,3.7365,-0.717
2015-11-23,3.7900,14.2500,3.7239,-0.957
2015-11-24,3.8900,14.4700,3.7064,-0.360
2015-11-25,3.7300,14.0600,3.7508,-0.494
2015-11-27,3.5700,13.3000,3.7736,1.291
2015-11-30,3.3700,13.1700,3.8982,-0.251
2015-12-01,3.3600,12.8400,3.8491,0.724
2015-12-02,3.3600,12.9400,3.8633,0.314
2015-12-03,3.4200,12.8700,3.7762,0.347
2015-12-04,3.2800,12.3500,3.7426,-0.601
2015-12-07,3.2200,12.2100,3.7595,-0.855
2015-12-08,3.1200,11.6500,3.8032,1.854
2015-12-09,3.2900,12.0800,3.7264,1.489
2015-12-10,3.2700,12.6700,3.7787,-2.476
2015-12-11,3.1500,12.2100,3.8791,0.075
2015-12-14,3.2000,12.4600,3.8972,0.089
2015-12-15,3.3300,12.8800,3.9000,0.831
2015-12-16,3.4500,13.2500,3.9421,2.643
2015-12-17,3.2300,12.7400,3.9053,-0.988
2015-12-18,3.2000,12.8900,3.9336,-2.347
2015-12-21,3.0700,12.2900,4.0231,0.496
2015-12-22,3.1400,12.5500,3.9980,0.030
2015-12-23,3.4300,13.2200,3.9672,2.931
2015-12-28,3.2400,12.6400,3.8590,-1.083
2015-12-29,3.3300,12.7200,3.8917,1.882
2015-12-30,3.2700,13.0300,3.9880,0.083
2016-01-04,3.1600,12.6900,4.0613,1.132
2016-01-05,3.1500,12.5200,4.0108,0.911
2016-01-06,2.9100,11.6000,4.0163,0.754
2016-01-07,2.7100,10.9100,4.0504,0.610
2016-01-08,2.6000,10.5400,4.0480,-0.144
2016-01-11,2.5400,10.2400,4.0464,0.370
2016-01-12,2.3700,9.4100,4.0454,1.887
2016-01-13,2.2300,9.0000,3.9893,-1.154
2016-01-14,2.4400,9.6500,4.0032,1.221
2016-01-15,2.3700,9.3700,4.0480,2.388
2016-01-19,2.3300,9.1800,4.0420,2.591
2016-01-20,2.3300,9.2100,4.1103,3.985
2016-01-21,2.2000,9.1400,4.1299,-0.593
2016-01-22,2.2700,9.0300,4.1061,3.221
2016-01-26,2.2200,8.9500,4.0701,0.957
2016-01-27,2.3100,9.4100,4.0557,-0.439
2016-01-28,2.2700,9.3300,4.0979,-0.298
2016-01-29,2.4500,9.7200,4.0364,1.741
2016-02-01,2.3700,9.5000,3.9866,-0.545
2016-02-02,2.1600,8.6000,3.9885,0.176
2016-02-03,2.3200,9.0100,3.9478,1.653
2016-02-04,2.6900,10.3400,3.8785,0.901
2016-02-05,2.6100,10.2300,3.9101,-0.241
2016-02-10,2.6000,10.2000,3.9366,0.345
2016-02-11,2.3800,9.8700,3.9704,-4.260
2016-02-12,2.6300,10.2500,3.9764,2.029
2016-02-16,2.7700,11.2900,4.0564,-0.476
2016-02-17,3.0600,11.9100,3.9856,2.401
2016-02-18,2.8800,11.5100,4.0191,0.565
2016-02-19,2.9400,11.8300,4.0428,0.472
2016-02-22,3.3400,13.1400,3.9330,-0.029
2016-02-23,3.1100,12.3800,3.9740,-0.169
2016-02-24,2.9300,11.7100,3.9774,-0.480
2016-02-25,2.8000,11.0200,3.9290,-0.171
2016-02-26,2.7100,11.0000,4.0120,-1.159
2016-02-29,2.9400,11.8100,3.9793,-0.939
2016-03-01,3.2000,12.8100,3.9475,-1.390
2016-03-02,3.6300,14.2200,3.8948,-0.576
2016-03-03,4.1100,15.6200,3.8246,0.634
2016-03-04,4.3800,16.5500,3.7280,-1.338
2016-03-07,4.6500,17.5800,3.7745,-0.163
2016-03-08,4.0000,15.0300,3.7721,0.389
2016-03-09,3.9300,14.5000,3.6902,0.017
2016-03-10,3.8800,14.0000,3.6698,1.706
2016-03-11,3.8300,13.8700,3.6166,-0.133
2016-03-14,3.7200,13.4400,3.6265,0.376
2016-03-15,3.5400,13.4800,3.7298,-2.051
2016-03-16,3.9800,14.8200,3.7998,2.046
2016-03-17,4.2200,15.5000,3.6201,-1.440
2016-03-18,4.1700,15.3300,3.6050,-1.938
2016-03-21,4.2300,15.1500,3.6064,0.694
2016-03-22,4.2300,15.4300,3.5921,-1.526
2016-03-23,3.8400,14.1200,3.6735,-0.097
2016-03-24,4.0400,15.0500,3.7043,-0.562
2016-03-28,4.1300,15.1700,3.6390,-0.929
2016-03-29,4.1200,15.0900,3.6726,0.272
2016-03-30,4.2400,15.5400,3.6145,-1.380
2016-03-31,4.2100,15.1500,3.5500,-1.350
2016-04-01,4.3200,15.5100,3.5410,-1.373
2016-04-04,4.0600,14.7900,3.5994,-1.193
2016-04-05,4.1300,15.2900,3.6659,-0.980
2016-04-06,4.1000,15.0700,3.6538,-0.593
2016-04-07,4.0700,15.0100,3.7106,0.614
2016-04-08,4.4800,16.2400,3.6288,0.105
2016-04-11,4.8800,16.9700,3.5160,1.108
2016-04-12,5.3200,18.7400,3.5520,0.836
2016-04-13,5.6400,19.5700,3.5606,2.615
2016-04-14,5.2500,18.2000,3.5035,1.062
2016-04-15,5.2900,18.6000,3.5362,0.573
2016-04-18,5.2700,19.0500,3.5977,-0.473
2016-04-19,5.7400,20.4600,3.5420,-0.630
2016-04-20,6.0700,21.7600,3.5444,-1.128
2016-04-22,5.4200,19.3300,3.5864,0.560
2016-04-25,5.0900,18.0600,3.5482,0.002
2016-04-26,5.2400,18.6900,3.5269,-1.118
2016-04-27,5.5900,19.4500,3.5375,1.669
2016-04-28,5.6200,19.7900,3.4824,-1.106
2016-04-29,5.6700,19.6900,3.4547,-0.517
2016-05-02,5.6500,19.8700,3.5050,-0.336
2016-05-03,5.2100,18.6600,3.5652,-0.457
2016-05-04,4.8600,17.4000,3.5339,-1.295
2016-05-05,4.6300,16.6600,3.5260,-2.009
2016-05-06,4.7800,16.8800,3.5255,-0.167
2016-05-09,4.3100,15.2300,3.5560,0.633
2016-05-10,4.5500,15.8700,3.4742,-0.393
2016-05-11,4.6000,15.9400,3.4594,-0.168
2016-05-12,4.4400,15.4400,3.4942,0.481
2016-05-13,4.1300,14.6800,3.5075,-1.322
2016-05-16,4.2300,14.9300,3.5034,-0.741
2016-05-17,4.3100,15.1300,3.4942,-0.463
2016-05-18,4.1300,14.7100,3.5268,-0.981
2016-05-19,4.1200,14.8900,3.6051,-0.248
2016-05-20,3.9800,14.1300,3.5386,-0.328
2016-05-23,4.0000,14.4400,3.5753,-0.961
2016-05-24,3.9100,14.0200,3.5518,-0.945
2016-05-25,4.0700,14.6200,3.6072,0.419
2016-05-27,3.9800,14.2900,3.6122,0.606
2016-05-31,3.9300,14.2200,3.6074,-0.302
2016-06-01,4.0300,14.4300,3.6030,0.624
2016-06-02,4.1500,14.9500,3.5978,-0.128
2016-06-03,4.6100,16.2400,3.5332,0.296
2016-06-06,4.8800,16.8900,3.5094,1.397
2016-06-07,4.8000,16.5700,3.4604,0.241
2016-06-08,5.0500,17.0000,3.3770,0.317
2016-06-09,4.6300,15.7000,3.3934,0.073
2016-06-10,4.4100,14.9500,3.4298,1.173
2016-06-13,4.3700,15.2000,3.4599,-0.528
2016-06-14,4.2300,14.6300,3.4959,1.078
2016-06-15,4.3300,15.0000,3.4715,0.211
2016-06-16,4.4200,15.2300,3.4952,1.437
2016-06-17,4.4600,15.2800,3.4301,0.119
2016-06-20,4.6200,15.5700,3.3937,0.699
2016-06-21,4.6300,15.6000,3.4038,1.023
2016-06-22,4.6900,15.8500,3.3794,-0.004
2016-06-23,4.9600,16.5900,3.3440,-0.023
2016-06-24,4.5500,15.2100,3.3895,1.395
2016-06-27,4.3800,14.8000,3.4025,0.696
2016-06-28,4.7000,15.4600,3.3074,0.548
2016-06-29,4.8500,15.7100,3.2386,-0.018
2016-06-30,5.0600,16.2700,3.2003,-0.470
2016-07-01,5.1600,16.6200,3.2448,0.741
2016-07-05,4.9100,16.0600,3.2964,0.780
2016-07-06,4.9100,16.2900,3.3217,0.120
2016-07-07,4.8200,16.0200,3.3436,0.600
2016-07-08,4.9500,16.1900,3.2835,0.391
2016-07-11,5.1200,16.8600,3.3095,0.502
2016-07-12,5.3500,17.6900,3.2740,-0.984
2016-07-13,5.4600,17.8200,3.2895,0.789
2016-07-14,5.3400,17.3500,3.2350,-0.433
2016-07-15,5.3600,17.3400,3.2731,1.175
2016-07-18,5.4400,17.5800,3.2523,0.640
2016-07-19,5.2000,16.8400,3.2754,1.141
2016-07-20,5.1700,16.5100,3.2468,1.671
2016-07-21,5.3100,17.4000,3.2692,-0.233
2016-07-22,5.3100,17.1500,3.2856,1.729
2016-07-25,5.3300,17.4200,3.2870,0.572
2016-07-26,5.6700,18.4200,3.2770,0.872
2016-07-27,5.7700,18.9200,3.2867,0.234
2016-07-28,5.8000,19.0400,3.2737,-0.276
2016-07-29,5.7500,18.5000,3.2380,0.641
2016-08-01,5.5200,17.9000,3.2650,0.686
2016-08-02,5.5400,17.9900,3.2521,0.148
2016-08-03,5.7900,18.8200,3.2595,0.279
2016-08-04,5.9200,18.7600,3.2000,0.981
2016-08-05,6.0200,18.9700,3.1873,1.147
2016-08-08,6.0300,18.9800,3.1841,1.160
2016-08-09,6.0700,18.9900,3.1325,0.128
2016-08-10,5.8000,18.0900,3.1292,0.328
2016-08-11,5.8800,18.4100,3.1369,0.190
2016-08-12,5.6400,17.9600,3.1648,-0.615
2016-08-15,5.8000,18.4300,3.1717,-0.185
2016-08-16,5.9500,18.9800,3.1782,-0.367
2016-08-17,5.9700,19.1200,3.2273,0.769
2016-08-18,5.9100,18.9200,3.2290,0.864
2016-08-19,5.9700,19.0800,3.2219,0.811
2016-08-22,5.7800,18.3800,3.2209,1.288
2016-08-23,5.8700,18.7500,3.2196,0.795
2016-08-24,5.6300,18.1500,3.2360,0.378
2016-08-25,5.6400,18.1800,3.2291,0.177
2016-08-26,5.4500,17.7100,3.2085,-1.263
2016-08-29,5.6100,18.1000,3.2436,0.534
2016-08-30,5.4400,17.6500,3.2525,0.247
2016-08-31,5.2700,16.9400,3.2470,1.014
2016-09-01,5.3900,17.4400,3.2460,0.321
2016-09-02,5.6000,18.2400,3.2480,-0.281
2016-09-06,5.7200,18.2700,3.2217,0.865
2016-09-08,5.5400,17.7900,3.1962,-0.467
2016-09-09,5.1900,16.8600,3.2687,0.620
2016-09-12,5.4000,17.4900,3.2762,1.152
2016-09-13,4.9500,16.2700,3.3144,0.838
2016-09-14,5.0200,16.6400,3.3196,0.147
2016-09-15,5.0300,16.6400,3.3274,0.582
2016-09-16,5.0300,16.4100,3.2923,0.916
2016-09-19,5.0800,16.6600,3.2565,-0.702
2016-09-20,5.1100,16.7000,3.2633,-0.147
2016-09-21,5.4700,17.6500,3.2393,0.391
2016-09-22,5.4200,17.5500,3.2092,-0.890
2016-09-23,5.4200,17.6500,3.2270,-0.905
2016-09-26,5.3800,17.4400,3.2345,-0.220
2016-09-27,5.4400,17.6000,3.2364,0.034
2016-09-28,5.6500,18.1900,3.2468,0.849
2016-09-29,5.5300,17.9900,3.2276,-0.786
2016-09-30,5.5000,17.8100,3.2434,0.161
2016-10-03,5.6600,18.1000,3.2333,1.108
2016-10-04,5.4500,17.6500,3.2339,-0.143
2016-10-05,5.5300,17.8600,3.2326,0.091
2016-10-06,5.5100,17.8000,3.2309,0.013
2016-10-07,5.5700,18.0000,3.2296,-0.062
2016-10-10,5.8900,19.0500,3.2296,-0.145
2016-10-11,5.7800,18.6000,3.2111,-0.214
2016-10-13,5.5300,17.7500,3.1990,-0.335
2016-10-14,5.5800,18.0200,3.1975,-0.988
2016-10-17,5.6800,18.2400,3.1985,-0.398
2016-10-18,5.8400,18.7700,3.1787,-1.100
2016-10-19,5.8400,18.6200,3.1677,-0.648
2016-10-20,6.0300,19.1000,3.1548,-0.401
2016-10-21,6.2600,19.9100,3.1590,-0.676
2016-10-24,6.4900,20.3000,3.1255,-0.076
2016-10-25,6.7900,21.3500,3.1142,-0.958
2016-10-26,6.9100,21.7700,3.1320,-0.587
2016-10-27,6.9500,22.0000,3.1494,-0.508
2016-10-28,6.9000,22.1400,3.1833,-0.791
2016-10-31,6.9200,22.0800,3.1658,-0.782
2016-11-01,6.9000,22.3000,3.2342,0.072
2016-11-03,6.7600,21.9600,3.2386,-0.305
2016-11-04,6.6700,21.6100,3.2411,0.038
2016-11-07,7.1700,23.1300,3.1978,-0.872
2016-11-08,7.5400,23.9700,3.1801,0.033
2016-11-09,7.7600,25.0000,3.2163,-0.166
2016-11-10,8.0000,26.8700,3.3653,0.195
2016-11-11,7.6900,25.9800,3.3653,-0.388
2016-11-14,7.6900,26.4600,3.4485,0.223
2016-11-16,7.3100,25.1500,3.4198,-0.601
2016-11-17,7.3100,24.7400,3.4134,0.857
2016-11-18,7.2400,24.5700,3.3894,-0.125
2016-11-21,7.6600,25.8300,3.3585,-0.402
2016-11-22,8.2900,27.7700,3.3595,0.289
2016-11-23,8.3900,28.1700,3.3945,1.100
2016-11-25,8.4200,28.9000,3.4229,-0.274
2016-11-28,9.1000,31.0100,3.3871,-0.604
2016-11-29,8.5500,29.1800,3.4011,-0.345
2016-11-30,8.4900,28.0600,3.3854,2.431
2016-12-01,8.2100,28.4700,3.4717,0.115
2016-12-02,8.4400,29.4900,3.4576,-1.044
2016-12-05,8.6600,29.6000,3.4314,0.392
2016-12-06,8.8100,30.0000,3.4269,0.637
2016-12-07,9.1600,31.0300,3.3977,0.299
2016-12-08,8.9400,30.1300,3.3798,0.283
2016-12-09,8.7800,29.6100,3.3595,-0.384
2016-12-12,8.8000,29.4900,3.3505,-0.019
2016-12-13,8.4900,28.3300,3.3308,-0.182
2016-12-14,8.2800,27.8800,3.3332,-1.008
2016-12-15,8.4500,28.2300,3.3933,1.571
2016-12-16,8.1700,27.7500,3.3860,-0.311
2016-12-19,7.7200,26.0500,3.3725,-0.055
2016-12-20,7.9000,26.5800,3.3631,-0.043
2016-12-21,7.9100,26.4800,3.3335,-0.423
2016-12-22,7.7900,25.3800,3.3153,1.758
2016-12-23,7.7100,25.1900,3.2687,0.046
2016-12-27,7.9000,25.8600,3.2800,0.201
2016-12-28,8.0200,26.6800,3.2830,-1.313
2016-12-29,7.9100,25.6800,3.2456,-0.028
2017-01-03,8.0500,26.1700,3.2526,0.051
2017-01-04,8.0500,25.7000,3.2139,0.669
2017-01-05,8.3000,26.6800,3.2051,-0.291
2017-01-06,7.9900,25.9700,3.2113,-1.200
2017-01-09,8.2200,26.5000,3.1916,-1.000
2017-01-10,8.9600,28.5400,3.1971,0.371
2017-01-11,9.3100,29.1300,3.2024,2.349
2017-01-12,9.4400,30.0700,3.1821,-0.103
2017-01-13,9.5800,30.9800,3.2077,-0.808
2017-01-17,9.5100,30.5700,3.2077,-0.212
2017-01-18,9.9400,32.1100,3.2242,-0.191
2017-01-19,9.8000,31.4700,3.2024,-0.275
2017-01-20,10.0300,32.1000,3.2024,0.063
2017-01-23,10.5100,33.3100,3.1685,-0.027
2017-01-24,10.7600,34.1300,3.1695,-0.077
2017-01-26,10.6200,33.6000,3.1892,0.802
2017-01-27,10.6700,33.7000,3.1537,-0.148
2017-01-30,10.3100,32.2500,3.1152,-0.410
2017-01-31,10.1800,32.1800,3.1477,-0.424
2017-02-01,10.4800,32.8900,3.1530,0.467
2017-02-02,10.4200,32.6600,3.1245,-0.314
2017-02-03,9.7300,30.6100,3.1157,-0.961
2017-02-06,9.5600,29.9200,3.1181,-0.371
2017-02-07,9.6300,30.2400,3.1235,-0.531
2017-02-08,9.7700,30.5900,3.1190,-0.384
2017-02-09,9.9600,31.0800,3.1291,0.276
2017-02-10,10.4600,32.8000,3.1092,-0.847
2017-02-13,11.3400,35.8100,3.1106,-1.496
2017-02-14,11.1600,34.4000,3.1074,0.810
2017-02-15,11.1100,33.8200,3.0557,0.381
2017-02-16,10.8600,33.7700,3.0744,-1.131
2017-02-17,10.9700,34.0700,3.1038,-0.063
2017-02-21,11.5200,35.5400,3.0932,0.264
2017-02-22,11.2400,34.6900,3.0778,-0.275
2017-02-23,10.7500,33.1700,3.0645,-0.683
2017-02-24,10.5200,32.7200,3.1123,0.065
2017-03-01,10.6900,33.1700,3.1028,-0.003
2017-03-02,9.9600,31.4600,3.1264,-1.021
2017-03-03,10.1800,31.8200,3.1385,0.408
2017-03-06,9.9400,31.1000,3.1218,-0.223
2017-03-07,9.9300,30.9200,3.1222,0.270
2017-03-08,9.4600,30.1200,3.1527,-0.981
2017-03-09,9.4600,30.1800,3.1684,-0.686
2017-03-10,9.4700,29.6500,3.1552,0.775
2017-03-13,9.8400,31.0100,3.1524,0.031
2017-03-14,9.8600,31.1700,3.1590,-0.071
2017-03-15,10.6800,33.3200,3.1576,1.210
2017-03-16,10.4300,32.5300,3.1194,0.016
2017-03-17,10.1300,31.3000,3.1060,0.523
2017-03-20,10.2900,31.6300,3.0812,0.239
2017-03-21,9.4400,29.0400,3.0840,0.251
2017-03-22,9.5300,29.4000,3.0863,0.042
2017-03-23,9.3200,29.2400,3.1348,-0.081
2017-03-24,9.3000,29.0000,3.1144,-0.124
2017-03-27,9.3400,29.3900,3.1197,-0.857
2017-03-28,9.4700,29.8100,3.1298,-0.573
2017-03-29,9.6200,30.1100,3.1175,-0.397
2017-03-30,9.5400,30.1000,3.1203,-1.104
2017-03-31,9.5000,29.7900,3.1628,0.861
2017-04-03,9.4900,29.5100,3.1183,0.280
2017-04-04,9.8600,30.6500,3.1147,0.199
2017-04-05,9.4300,29.4500,3.0932,-0.955
2017-04-06,9.1600,28.9100,3.1087,-1.502
2017-04-07,9.2300,29.1500,3.1258,-1.025
2017-04-10,9.2400,29.0300,3.1443,0.080
2017-04-11,9.1500,28.6600,3.1456,0.427
2017-04-12,8.7400,27.4200,3.1519,0.465
2017-04-13,8.7200,27.4200,3.1309,-0.432
2017-04-17,8.8000,27.4300,3.1036,-0.431
2017-04-18,8.5700,26.6100,3.0997,-0.171
2017-04-19,8.5100,26.6700,3.1399,0.190
2017-04-20,8.8200,28.0500,3.1466,-1.059
2017-04-24,8.7500,27.4500,3.1254,-0.374
2017-04-25,8.9500,28.3500,3.1669,-0.022
2017-04-26,8.7300,27.7300,3.1961,0.620
2017-04-27,8.4200,26.8300,3.1867,0.008
2017-04-28,8.5800,27.4700,3.1896,-0.376
2017-05-02,8.8200,28.0600,3.1685,-0.406
2017-05-03,8.3600,26.3200,3.1443,-0.128
2017-05-04,7.9500,25.3500,3.1823,-0.200
2017-05-05,8.1700,26.0500,3.1703,-0.571
2017-05-08,8.1300,26.0300,3.2003,-0.044
2017-05-09,8.2600,26.5000,3.1818,-0.824
2017-05-10,8.3600,26.5600,3.1531,-0.753
2017-05-11,8.3300,26.3200,3.1494,-0.325
2017-05-12,8.2600,25.9100,3.1207,-0.513
2017-05-15,8.5100,26.6500,3.1049,-0.853
2017-05-16,8.7700,27.2600,3.0903,-0.580
2017-05-17,8.5400,26.8400,3.1015,-1.316
2017-05-18,8.0000,26.8600,3.3823,0.739
2017-05-19,8.4200,27.2500,3.2745,1.179
2017-05-22,8.4900,27.9200,3.2952,0.201
2017-05-23,8.6300,28.2600,3.2729,-0.053
2017-05-24,8.4600,27.5200,3.2747,0.668
2017-05-25,8.4700,27.7000,3.2880,0.539
2017-05-26,8.5300,27.8600,3.2575,-0.264
2017-05-30,8.7600,28.6000,3.2651,0.008
2017-05-31,8.3700,27.1700,3.2405,-0.173
2017-06-01,8.1900,26.6700,3.2398,-0.510
2017-06-02,8.2100,26.7800,3.2391,-0.698
2017-06-05,8.0900,26.4900,3.2896,0.464
2017-06-06,8.1400,26.5800,3.2813,0.488
2017-06-07,8.1000,26.4500,3.2790,0.416
2017-06-08,8.2700,27.0200,3.2822,0.458
2017-06-09,8.3100,27.3000,3.2793,-0.180
2017-06-12,8.1300,26.8400,3.3097,0.253
2017-06-13,8.0000,26.3700,3.3125,0.493
2017-06-14,7.9500,26.1000,3.2762,-0.208
2017-06-15,7.8400,26.1000,3.2740,-1.655
2017-06-16,7.8800,25.5600,3.2898,1.423
2017-06-19,8.0300,26.3900,3.2908,0.133
2017-06-20,7.7700,25.7100,3.3292,0.614
2017-06-21,7.9500,26.4700,3.3283,-0.038
2017-06-22,8.1000,27.0200,3.3301,-0.171
2017-06-23,8.1700,27.2400,3.3281,-0.181
2017-06-26,8.3400,27.4700,3.3106,0.511
2017-06-27,8.4200,27.9200,3.3195,0.108
2017-06-28,8.7200,28.7900,3.2977,-0.118
2017-06-29,8.7400,28.9000,3.3062,-0.013
2017-06-30,8.7500,29.0000,3.3057,-0.259
2017-07-03,8.9200,29.6500,3.3000,-0.722
2017-07-05,8.7400,28.9300,3.3162,0.185
2017-07-06,8.7600,28.9200,3.3048,0.104
2017-07-07,8.7700,28.8900,3.2843,-0.300
2017-07-10,9.0900,29.7100,3.2627,-0.175
2017-07-11,9.2100,30.0400,3.2505,-0.343
2017-07-12,9.3100,29.9000,3.2258,0.442
2017-07-13,9.0700,29.1800,3.2133,-0.121
2017-07-14,9.2500,29.5200,3.1832,-0.255
2017-07-17,9.3000,29.7200,3.1810,-0.460
2017-07-18,9.4200,29.9000,3.1571,-0.536
2017-07-19,9.4200,29.9000,3.1526,-0.677
2017-07-20,9.1300,28.7200,3.1374,-0.263
2017-07-21,9.0200,28.5000,3.1218,-1.198
2017-07-24,9.1900,29.1300,3.1473,-0.708
2017-07-25,9.5700,30.6100,3.1617,-1.152
2017-07-26,9.3900,29.6600,3.1596,0.029
2017-07-27,9.4100,29.7000,3.1527,-0.111
2017-07-28,9.6700,30.3400,3.1424,0.155
2017-07-31,10.0300,31.3000,3.1338,0.422
2017-08-01,9.8900,31.0600,3.1143,-0.836
2017-08-02,9.9000,31.1100,3.1165,-0.825
2017-08-03,9.8200,30.6800,3.1209,-0.107
2017-08-04,9.9700,31.2300,3.1176,-0.472
2017-08-07,10.3500,32.4200,3.1247,-0.245
2017-08-08,10.2000,32.0500,3.1295,-0.403
2017-08-09,10.0400,31.9200,3.1498,-0.927
2017-08-10,9.8500,31.5000,3.1518,-1.444
2017-08-11,9.6900,30.8000,3.1639,-0.460
2017-08-14,9.7300,31.3000,3.1760,-1.270
2017-08-15,9.7800,31.1200,3.1942,0.383
2017-08-16,10.1000,31.7300,3.1635,0.698
2017-08-17,9.7200,31.2000,3.1585,-1.601
2017-08-18,10.0300,31.5500,3.1548,0.294
2017-08-21,9.9900,31.7500,3.1436,-1.088
2017-08-22,10.0000,31.8600,3.1505,-1.114
2017-08-23,10.3300,32.5400,3.1521,0.065
2017-08-24,10.7200,33.8800,3.1428,-0.558
2017-08-25,10.6800,33.8300,3.1463,-0.673
2017-08-28,10.8200,34.3600,3.1577,-0.564
2017-08-29,10.8500,34.4400,3.1656,-0.271
2017-08-30,10.8100,34.3400,3.1592,-0.551
2017-08-31,11.0700,35.0800,3.1454,-0.742
2017-09-01,11.3000,35.6700,3.1308,-0.818
2017-09-05,11.3800,35.6000,3.1230,-0.169
2017-09-06,11.5000,35.8000,3.1085,-0.146
2017-09-07,11.6400,35.8000,3.0990,0.761
2017-09-08,11.1100,34.4800,3.0942,-0.300
2017-09-11,11.2500,35.0900,3.0890,-0.965
2017-09-12,11.2900,35.2600,3.1093,-0.442
2017-09-13,11.0400,34.7700,3.1372,-0.389
2017-09-14,10.7400,33.6200,3.1290,-0.043
2017-09-15,10.8500,33.8000,3.1263,0.356
2017-09-18,10.9100,34.2500,3.1288,-0.335
2017-09-19,10.7800,33.9200,3.1320,-0.463
2017-09-20,10.5900,33.1700,3.1198,-0.396
2017-09-21,10.3200,32.5100,3.1358,-0.457
2017-09-22,10.1600,31.9100,3.1257,-0.479
2017-09-25,9.8500,31.0900,3.1496,-0.214
2017-09-26,9.9000,31.5000,3.1703,-0.362
2017-09-27,9.9900,31.9300,3.1915,-0.147
2017-09-28,9.9400,31.7500,3.1865,-0.240
2017-09-29,10.0700,31.8700,3.1640,-0.027
2017-10-02,10.0600,31.9000,3.1585,-0.393
2017-10-03,10.3100,32.6800,3.1428,-0.850
2017-10-04,10.3700,32.6100,3.1237,-0.666
2017-10-05,10.1900,32.2700,3.1359,-0.977
2017-10-06,10.1300,32.1400,3.1566,-0.509
2017-10-09,9.8100,31.5000,3.1566,-1.694
2017-10-10,9.8200,31.3200,3.1747,-0.461
2017-10-11,9.7900,31.1000,3.1649,-0.372
2017-10-12,9.8600,31.1000,3.1699,0.499
2017-10-13,10.4500,32.9100,3.1542,0.156
2017-10-16,10.5000,33.3500,3.1642,-0.378
2017-10-17,10.2600,32.5800,3.1803,0.153
2017-10-18,10.1500,32.2700,3.1777,-0.051
2017-10-19,10.3300,33.0000,3.1753,-0.603
2017-10-20,10.2800,32.9500,3.1875,-0.554
2017-10-23,10.0500,32.7100,3.2122,-1.307
2017-10-24,10.3800,33.8300,3.2508,-0.256
2017-10-25,10.3300,33.5500,3.2519,0.126
2017-10-26,9.8800,32.6700,3.2530,-1.623
2017-10-27,10.0100,32.5500,3.2731,0.657
2017-10-30,9.8200,32.3500,3.2599,-1.044
2017-10-31,9.7900,32.1000,3.2705,-0.255
2017-11-01,10.0400,32.8200,3.2697,0.024
2017-11-02,10.2600,32.8200,3.2671,2.134
2017-11-03,10.0900,33.5400,3.3075,-0.499
2017-11-06,10.5300,34.3400,3.2782,0.523
2017-11-07,10.3200,33.5200,3.2776,0.909
2017-11-08,10.3900,33.9400,3.2560,-0.325
2017-11-09,10.1300,32.8000,3.2513,0.414
2017-11-10,10.0700,32.7700,3.2513,-0.090
2017-11-13,10.1000,33.1400,3.2940,0.390
2017-11-14,9.7700,32.1600,3.3031,0.346
2017-11-15,9.8600,32.1600,3.3132,1.580
2017-11-16,9.9700,32.6000,3.2756,0.177
2017-11-17,10.1100,32.9200,3.2629,0.206
2017-11-20,10.1200,32.9200,3.2573,0.133
2017-11-21,10.4600,34.0500,3.2447,-0.324
2017-11-22,10.7700,34.7400,3.2347,0.281
2017-11-24,10.9800,35.7900,3.2227,-1.131
2017-11-27,10.9100,35.4100,3.2247,-0.645
2017-11-28,11.3300,36.2500,3.2055,0.188
2017-11-29,11.0100,35.7000,3.2285,-0.432
2017-11-30,10.7000,35.1400,3.2843,0.006
2017-12-01,10.9000,35.4800,3.2577,0.082
2017-12-04,11.3200,36.8300,3.2498,-0.115
2017-12-05,11.0700,36.0200,3.2338,-0.616
2017-12-06,11.0000,35.7600,3.2394,-0.354
2017-12-07,10.7400,35.3400,3.2993,0.267
2017-12-08,10.7800,35.4800,3.3075,0.493
2017-12-11,10.8400,35.7600,3.2883,-0.321
2017-12-12,11.0600,36.1800,3.3298,1.790
2017-12-13,10.9800,36.1100,3.3049,0.492
2017-12-14,10.8900,36.2400,3.3396,0.354
2017-12-15,11.1700,36.8900,3.3166,0.424
2017-12-18,11.5500,37.8400,3.2821,0.180
2017-12-19,11.5600,37.8500,3.3008,0.812
2017-12-20,11.8700,39.1500,3.2907,-0.228
2017-12-21,12.0500,39.7300,3.3065,0.285
2017-12-22,11.9200,39.7900,3.3209,-0.515
2017-12-26,12.0800,39.8500,3.3173,0.560
2017-12-27,11.9900,39.8600,3.3016,-0.687
2017-12-28,12.1800,40.2600,3.3005,-0.149
2017-12-29,12.2300,40.2600,3.3121,0.613
2018-01-02,12.7700,41.7200,3.2620,-0.154
2018-01-03,12.8500,41.4700,3.2422,0.464
2018-01-04,12.8300,41.6400,3.2274,-0.558
2018-01-05,13.0900,42.2900,3.2285,-0.068
2018-01-08,13.3200,43.2300,3.2308,-0.453
2018-01-09,13.2400,43.0700,3.2491,-0.121
2018-01-10,13.1500,42.4700,3.2363,0.206
2018-01-11,13.4500,43.3000,3.2254,0.189
2018-01-12,13.5300,43.5500,3.2162,-0.080
2018-01-16,13.1700,42.3000,3.2274,0.484
2018-01-17,13.3500,43.1500,3.2215,-0.331
2018-01-18,13.3500,42.8600,3.2169,0.200
2018-01-19,13.3600,42.8800,3.2050,-0.143
2018-01-22,13.3200,42.6500,3.2024,0.014
2018-01-23,12.7000,40.9300,3.2312,0.260
2018-01-24,13.1800,41.7800,3.1938,0.752
2018-01-25,12.9500,41.7800,3.1470,-2.457
2018-01-26,13.1100,41.4300,3.1499,-0.325
2018-01-29,13.0500,41.8900,3.1634,-1.451
2018-01-30,12.9900,41.4700,3.1874,-0.158
2018-01-31,13.0900,41.4500,3.1782,0.368
2018-02-01,13.1800,41.7900,3.1718,0.034
2018-02-02,12.5400,40.8000,3.2205,-1.017
2018-02-05,12.3900,40.3500,3.2365,-0.619
2018-02-06,13.0600,42.4700,3.2535,0.049
2018-02-07,12.7100,41.7100,3.2620,-0.599
2018-02-08,12.3600,41.5900,3.2895,-2.240
2018-02-09,12.9100,42.0000,3.3083,1.691
2018-02-14,14.0000,44.5100,3.2551,2.385
2018-02-15,14.1300,45.9500,3.2318,-0.620
2018-02-16,14.1200,46.0300,3.2219,-1.166
2018-02-20,13.9800,45.5100,3.2434,-0.368
2018-02-21,13.6600,44.8000,3.2581,-0.657
2018-02-22,13.9800,45.6700,3.2579,-0.273
2018-02-23,14.2000,46.0800,3.2344,-0.329
2018-02-26,14.6500,47.4000,3.2381,0.081
2018-02-27,14.4900,47.3300,3.2472,-0.588
2018-02-28,13.7300,45.0500,3.2428,-1.168
2018-03-01,13.5800,44.4500,3.2421,-0.950
2018-03-02,13.3900,43.7500,3.2513,-0.492
2018-03-05,13.4200,43.7000,3.2527,-0.112
2018-03-06,13.5300,43.4900,3.2191,0.148
2018-03-07,13.1400,42.8500,3.2364,-0.755
2018-03-08,12.6800,41.4600,3.2620,-0.236
2018-03-09,12.8900,42.1000,3.2469,-0.588
2018-03-12,13.0000,42.4600,3.2609,-0.161
2018-03-13,12.9000,42.1300,3.2483,-0.539
2018-03-14,13.0400,42.6000,3.2641,-0.085
2018-03-15,12.8500,42.4000,3.2841,-0.470
2018-03-16,12.8000,42.3000,3.2897,-0.454
2018-03-19,12.4700,41.1000,3.2873,-0.261
2018-03-20,12.5500,41.6000,3.2950,-0.596
2018-03-21,12.9900,42.5000,3.2865,0.451
2018-03-22,12.5800,41.9300,3.3034,-0.890
2018-03-23,12.5100,41.6000,3.3125,-0.386
2018-03-26,12.6900,42.0000,3.3043,-0.163
2018-03-27,12.2300,40.8600,3.3263,-0.439
2018-03-28,12.4500,41.5400,3.3370,0.014
2018-03-29,12.7200,42.2100,3.3229,0.136
2018-04-02,12.9100,43.0000,3.3149,-0.476
2018-04-03,12.7800,42.8700,3.3222,-0.962
2018-04-04,12.6500,42.5500,3.3474,-0.483
2018-04-05,12.9500,43.2500,3.3212,-0.556
2018-04-06,12.6600,42.7400,3.3702,-0.171
2018-04-09,12.5000,42.9500,3.3950,-1.193
2018-04-10,13.1000,44.8400,3.4146,-0.243
2018-04-11,13.1400,44.6400,3.3955,-0.052
2018-04-12,13.0800,44.8100,3.3902,-1.040
2018-04-13,13.1200,44.9800,3.4088,-0.570
2018-04-16,12.9800,44.5400,3.4282,-0.094
2018-04-17,13.4400,45.9300,3.4022,-0.445
2018-04-18,14.0100,47.4800,3.3844,-0.136
2018-04-19,14.1200,47.8300,3.4028,0.455
2018-04-20,14.0000,47.6300,3.4121,0.293
2018-04-23,13.7400,47.5000,3.4463,-0.311
2018-04-24,13.9500,48.3100,3.4685,0.156
2018-04-25,13.6800,47.9500,3.5090,0.111
2018-04-26,14.0000,48.7000,3.4992,0.593
2018-04-27,13.9500,48.3500,3.4685,0.074
2018-04-30,13.8400,48.6700,3.4854,-0.888
2018-05-02,13.7300,48.7100,3.5404,-0.206
2018-05-03,13.8900,49.0900,3.5496,0.436
2018-05-04,14.0800,49.7000,3.5213,-0.242
2018-05-07,13.8500,49.2400,3.5543,-0.026
2018-05-08,13.7400,49.1900,3.5850,0.138
2018-05-09,13.9300,50.2500,3.5965,-0.300
2018-05-10,14.4400,51.4000,3.5554,-0.117
2018-05-11,14.6100,52.6300,3.5879,-0.401
2018-05-14,14.9700,54.2700,3.6212,-0.112
2018-05-15,14.9100,54.6500,3.6659,0.016
2018-05-16,15.1300,55.9000,3.6800,-0.396
2018-05-17,15.0300,55.3800,3.7073,0.615
2018-05-18,14.5800,54.7700,3.7438,-0.339
2018-05-21,14.4100,53.0000,3.7096,0.859
2018-05-22,14.3900,52.3400,3.6367,-0.015
2018-05-23,14.3400,51.9400,3.6411,0.526
2018-05-24,14.4100,52.4600,3.6402,-0.009
2018-05-25,14.0300,51.4800,3.6586,-0.291
2018-05-29,13.4400,50.1600,3.7283,-0.103
2018-05-30,13.5400,50.6300,3.7389,-0.010
2018-06-01,14.0300,52.7600,3.7550,-0.147
2018-06-04,14.0600,52.5200,3.7446,0.246
2018-06-05,14.1600,53.7300,3.7780,-0.435
2018-06-06,14.6200,56.0700,3.8178,-0.453
2018-06-07,13.8400,54.3700,3.9294,0.024
2018-06-08,13.7500,50.8900,3.7429,1.130
2018-06-11,13.6900,50.8500,3.6839,-0.821
2018-06-12,13.9600,51.7000,3.6745,-0.781
2018-06-13,13.9100,51.5500,3.7116,0.152
2018-06-14,13.6600,51.7100,3.7018,-2.211
2018-06-15,13.1700,49.1300,3.7511,0.554
2018-06-18,13.1700,49.2100,3.7537,0.460
2018-06-19,12.9700,48.3000,3.7306,0.178
2018-06-20,12.9900,48.8100,3.7349,-0.602
2018-06-21,12.5800,47.2100,3.7992,1.237
2018-06-22,12.8100,48.0100,3.7708,0.612
2018-06-25,12.5400,47.1600,3.7776,0.448
2018-06-26,12.7700,48.3400,3.7705,-0.395
2018-06-27,12.4600,48.1500,3.8537,-0.276
2018-06-28,12.7800,49.0700,3.8543,0.383
2018-06-29,12.8200,49.5900,3.8561,-0.312
2018-07-02,12.4900,48.7600,3.9135,0.245
2018-07-03,12.5500,47.9600,3.8789,1.502
2018-07-05,12.6800,49.7000,3.9242,0.118
2018-07-06,13.0300,50.3400,3.9060,1.103
2018-07-10,13.0900,49.5300,3.8260,1.115
2018-07-11,12.6500,48.8600,3.8624,-0.001
2018-07-12,13.0200,50.4500,3.8478,-0.697
2018-07-13,13.1400,50.3100,3.8659,0.970
2018-07-16,12.9900,50.0000,3.8534,0.111
2018-07-17,13.2500,50.7000,3.8626,0.946
2018-07-18,13.4100,51.4500,3.8412,0.118
2018-07-19,12.8800,49.4300,3.8808,1.122
2018-07-20,12.9300,48.7200,3.7801,0.322
2018-07-23,13.1700,49.6000,3.7965,0.806
2018-07-24,13.7700,51.3100,3.7381,0.319
2018-07-25,14.0000,51.7500,3.7075,0.300
2018-07-26,14.1100,52.7800,3.7285,-0.324
2018-07-27,14.4400,53.4500,3.7134,0.321
2018-07-30,14.5600,54.3300,3.7228,-0.232
2018-07-31,14.6600,54.8400,3.7450,0.113
2018-08-01,14.0600,53.0600,3.7530,-0.552
2018-08-02,14.0400,52.8400,3.7555,-0.213
2018-08-03,14.1900,52.5500,3.7133,0.270
2018-08-06,14.0700,52.4000,3.7208,-0.092
2018-08-07,13.9900,52.7500,3.7128,-1.532
2018-08-08,13.9500,52.4000,3.7442,-0.321
2018-08-09,13.6300,51.8400,3.8164,0.342
2018-08-10,13.3900,51.7100,3.8539,-0.206
2018-08-13,13.3700,52.2800,3.9123,0.053
2018-08-14,13.6400,52.7600,3.8852,0.444
2018-08-15,12.9400,50.4100,3.9135,0.458
2018-08-16,12.7500,49.7200,3.8985,-0.028
2018-08-17,13.0000,50.8000,3.9385,0.788
2018-08-20,13.0300,51.4400,3.9473,-0.013
2018-08-21,12.8400,51.7300,3.9948,-0.844
2018-08-22,13.1200,53.3000,4.0751,0.310
2018-08-23,12.9300,53.3500,4.0898,-0.879
2018-08-24,13.2200,54.1500,4.0944,-0.041
2018-08-27,13.5900,55.6700,4.0707,-0.627
2018-08-28,13.4400,55.6500,4.1248,-0.382
2018-08-29,13.4400,55.2200,4.1220,0.325
2018-08-30,13.1700,54.5700,4.2016,1.402
2018-08-31,13.2000,53.6200,4.1280,1.622
2018-09-04,12.5500,52.0000,4.1560,0.303
2018-09-05,12.6200,52.1500,4.1589,0.643
2018-09-06,12.9900,53.4800,4.1462,0.709
2018-09-10,12.9700,53.2200,4.1094,0.148
2018-09-11,12.6900,52.5900,4.1564,0.294
2018-09-12,12.9200,53.4500,4.1363,-0.017
2018-09-13,12.8400,53.7800,4.1752,-0.317
2018-09-14,13.2500,55.2000,4.1852,0.460
2018-09-17,13.3600,55.0400,4.1718,1.263
2018-09-18,13.8100,57.3400,4.1277,-0.587
2018-09-19,14.2200,58.5800,4.1160,-0.086
2018-09-20,14.5200,59.3200,4.0834,-0.049
2018-09-21,15.0600,61.0100,4.0536,0.061
2018-09-24,14.7900,60.2000,4.0733,0.073
2018-09-25,15.2500,62.2000,4.1186,0.979
2018-09-26,14.9900,60.0100,4.0425,0.978
2018-09-27,14.8400,59.4800,3.9968,-0.282
2018-09-28,14.8400,59.8200,3.9995,-0.781
2018-10-01,15.0300,60.4000,4.0059,-0.317
2018-10-02,15.6200,61.2000,3.9223,0.108
2018-10-03,15.4500,59.9500,3.8806,0.009
2018-10-04,15.1000,58.8000,3.9229,0.741
2018-10-05,15.0100,57.4900,3.8808,1.323
2018-10-08,15.2100,57.0500,3.8808,3.465
2018-10-09,15.5400,57.7000,3.7320,0.512
2018-10-10,14.8500,55.8900,3.7594,-0.113
2018-10-11,14.9500,56.4800,3.7591,-0.498
2018-10-15,15.4600,57.6700,3.7214,-0.238
2018-10-16,15.4800,57.7000,3.7177,-0.260
2018-10-17,15.9300,58.8000,3.6813,-0.267
2018-10-18,15.1500,56.5000,3.7050,-0.654
2018-10-19,15.2600,56.5300,3.7121,0.206
2018-10-22,15.7700,58.3700,3.6850,-0.441
2018-10-23,15.2300,56.7500,3.7040,-0.596
2018-10-24,14.5000,54.4300,3.7188,-0.932
2018-10-25,14.7200,54.6100,3.6887,-0.572
2018-10-26,15.0700,55.6000,3.6695,-0.541
2018-10-29,14.2700,53.1000,3.6670,-1.454
2018-10-30,14.5900,53.8700,3.7156,0.632
2018-10-31,15.1000,56.7100,3.7129,-1.138
2018-11-01,15.5200,57.5000,3.6990,-0.159
2018-11-05,15.4000,57.5300,3.7155,-0.541
2018-11-06,15.2900,57.2300,3.7509,0.212
2018-11-07,15.3200,57.5900,3.7595,0.010
2018-11-08,15.1700,57.0200,3.7563,-0.065
2018-11-09,14.6000,54.6500,3.7510,0.210
2018-11-12,14.4600,54.8500,3.7510,-1.113
2018-11-13,14.6000,56.2700,3.7983,-1.448
2018-11-14,14.5300,55.1600,3.7831,-0.347
2018-11-16,14.9700,56.1500,3.7424,-0.225
2018-11-19,14.7200,55.3700,3.7671,0.148
2018-11-21,14.3500,54.5300,3.7790,-0.553
2018-11-23,13.2600,50.3500,3.8205,0.615
2018-11-26,12.7500,50.1200,3.8790,-1.322
2018-11-27,12.8900,49.9200,3.8919,0.494
2018-11-28,13.5200,52.3000,3.8766,0.213
2018-11-29,13.4700,52.0000,3.8546,-0.151
2018-11-30,13.7000,52.8000,3.8571,0.080
2018-12-03,14.0800,54.1100,3.8353,-0.201
2018-12-04,13.6000,52.8800,3.8368,-1.323
2018-12-06,13.5300,52.3000,3.9027,0.963
2018-12-07,13.1400,51.2900,3.8768,-0.680
2018-12-10,12.8600,50.2000,3.9298,0.672
2018-12-11,13.0100,50.6000,3.9165,0.699
2018-12-12,13.0200,50.3700,3.8490,-0.508
2018-12-13,13.0400,50.6000,3.8856,0.135
2018-12-14,12.9600,50.8800,3.8970,-0.737
2018-12-17,13.0300,51.2500,3.8922,-1.043
2018-12-18,13.1900,51.4400,3.9072,0.187
2018-12-19,12.7300,50.0100,3.8737,-1.395
2018-12-20,12.9400,49.8100,3.8500,0.018
2018-12-21,12.9000,50.8600,3.8815,-1.551
2018-12-26,13.0700,50.4400,3.9253,1.712
2018-12-27,12.9900,49.5000,3.8895,2.070
2018-12-28,13.0200,51.0000,3.8711,-1.173
2019-01-02,13.4700,51.0900,3.8123,0.512
2019-01-03,12.8300,49.0000,3.7429,-1.997
2019-01-04,14.0200,52.1900,3.7149,-0.205
2019-01-07,13.8300,51.9100,3.7100,-1.157
2019-01-08,14.0600,52.4100,3.7204,-0.193
2019-01-09,14.5100,53.6900,3.6832,-0.460
2019-01-10,14.4000,53.1000,3.6915,0.108
2019-01-11,14.1100,52.3800,3.7073,-0.134
2019-01-14,14.1300,52.6000,3.7073,-0.410
2019-01-15,14.0600,52.3500,3.7162,-0.191
2019-01-16,14.1100,52.6500,3.7284,-0.080
2019-01-17,14.4700,54.2300,3.7561,0.223
2019-01-18,14.6100,54.7600,3.7658,0.472
2019-01-22,14.4500,55.0800,3.7811,-0.804
2019-01-23,14.7500,55.6500,3.7987,0.684
2019-01-24,14.8600,56.1500,3.7486,-0.794
2019-01-28,11.2000,42.3600,3.7628,-0.511
2019-01-29,11.4800,42.7400,3.7288,0.156
2019-01-30,12.5900,46.6000,3.7222,0.563
2019-01-31,12.4400,45.5000,3.6501,-0.204
2019-02-01,12.5700,46.2500,3.6552,-0.658
2019-02-04,12.1500,44.6800,3.6676,-0.266
2019-02-05,12.1100,44.5200,3.6798,0.095
2019-02-06,11.3600,42.4600,3.7015,-0.968
2019-02-07,11.1700,41.5900,3.7232,-0.004
2019-02-08,11.3900,43.1600,3.7363,-1.398
2019-02-11,11.2200,42.0200,3.7650,0.531
2019-02-12,11.8500,44.3000,3.7131,-0.677
2019-02-13,12.0000,45.4900,3.7485,-1.117
2019-02-14,12.1400,45.6600,3.7462,-0.397
2019-02-15,12.3300,45.8800,3.7100,-0.296
2019-02-19,12.1900,45.4900,3.7145,-0.462
2019-02-20,12.2300,45.8000,3.7145,-0.811
2019-02-21,12.0300,45.3800,3.7636,-0.229
2019-02-22,12.5000,46.9900,3.7376,-0.575
2019-02-25,12.5500,47.1200,3.7305,-0.641
2019-02-26,12.5200,47.2000,3.7604,-0.254
2019-02-27,12.4900,46.8300,3.7375,-0.317
2019-02-28,12.4800,47.1000,3.7493,-0.655
2019-03-01,12.3900,46.7400,3.7852,0.339
2019-03-06,12.4900,48.0500,3.8152,-0.829
2019-03-07,12.6000,48.8600,3.8836,0.150
2019-03-08,12.5900,48.8500,3.8639,-0.417
2019-03-11,12.9900,49.8800,3.8435,0.094
2019-03-12,13.0500,49.9700,3.8090,-0.525
2019-03-13,13.2800,50.7000,3.8249,0.187
2019-03-14,13.1500,50.7100,3.8340,-0.578
2019-03-15,13.2000,50.5500,3.8140,-0.406
2019-03-18,13.2800,50.4600,3.8097,0.263
2019-03-19,13.7000,51.9000,3.7670,-0.563
2019-03-20,13.4900,50.5600,3.7856,1.004
2019-03-21,13.4600,50.8900,3.8176,0.972
2019-03-22,12.8200,50.0500,3.8942,-0.252
2019-03-25,12.8600,49.5500,3.8640,0.285
2019-03-26,13.0200,50.2800,3.8760,0.369
2019-03-27,12.6700,49.6000,3.9602,1.161
2019-03-28,12.6300,49.3000,3.9689,1.678
2019-03-29,13.0600,50.9300,3.8892,-0.269
2019-04-01,13.5800,52.6000,3.8699,-0.089
2019-04-02,13.4700,51.6300,3.8647,0.828
2019-04-03,13.3400,51.7800,3.8437,-0.975
2019-04-04,13.4700,52.1600,3.8703,-0.052
2019-04-05,13.3900,51.9800,3.8627,-0.497
2019-04-08,13.8200,53.3900,3.8569,-0.164
2019-04-09,13.5700,52.3500,3.8531,-0.121
2019-04-10,13.5600,51.7600,3.8269,0.257
2019-04-11,13.4000,51.7900,3.8509,-0.363
2019-04-12,13.2400,51.4800,3.8711,-0.440
2019-04-15,13.2800,51.3300,3.8717,0.168
2019-04-16,13.5700,53.1000,3.8972,-0.405
2019-04-17,13.2700,52.2500,3.9381,0.016
2019-04-18,13.3200,52.5800,3.9302,-0.437
2019-04-22,13.0600,51.3000,3.9281,0.002
2019-04-23,13.1700,51.9200,3.9418,-0.013
2019-04-24,12.5600,50.3600,3.9758,-0.842
2019-04-25,12.6800,50.3300,3.9635,-0.145
2019-04-26,12.8200,50.4200,3.9227,-0.260
2019-04-29,12.7800,50.2500,3.9362,0.109
2019-04-30,12.7800,50.1000,3.9367,0.421
2019-05-02,12.3600,48.9400,3.9644,0.123
2019-05-03,12.7900,50.4000,3.9366,-0.101
2019-05-06,12.5200,49.6600,3.9534,-0.329
2019-05-07,12.4900,49.7000,3.9847,0.139
2019-05-08,12.4300,49.0000,3.9290,-0.332
2019-05-09,12.2500,48.5400,3.9646,0.054
2019-05-10,12.4700,49.4600,3.9614,-0.124
2019-05-13,11.9800,47.4300,3.9778,0.472
2019-05-14,12.0400,47.5900,3.9737,0.532
2019-05-15,12.0000,47.9500,3.9845,-0.284
2019-05-16,11.5100,46.4000,4.0061,-0.625
2019-05-17,11.5900,47.7200,4.0909,-0.642
2019-05-20,11.4100,46.7500,4.1133,0.391
2019-05-21,11.7100,47.4100,4.0678,0.472
2019-05-22,11.7500,47.4600,4.0245,-0.363
2019-05-23,11.7900,47.8200,4.0329,-0.569
2019-05-24,12.0200,48.3100,4.0251,0.148
2019-05-28,12.4000,50.2500,4.0215,-0.763
2019-05-29,12.4600,49.7000,3.9937,0.124
2019-05-30,12.5300,50.0100,3.9658,-0.637
2019-05-31,12.4700,49.0000,3.9216,-0.199
2019-06-03,12.4800,48.8300,3.8918,-0.533
2019-06-04,12.6400,49.1100,3.8593,-0.669
2019-06-05,12.4100,48.3900,3.8655,-0.866
2019-06-06,12.5300,48.8000,3.8740,-0.530
2019-06-07,12.5300,48.6600,3.8616,-0.563
2019-06-10,12.4200,48.3400,3.8708,-0.548
2019-06-11,13.2600,51.4300,3.8593,-0.497
2019-06-12,13.2300,51.4900,3.8360,-1.437
2019-06-13,13.4300,51.8500,3.8456,-0.393
2019-06-14,13.1200,51.4000,3.8936,-0.615
2019-06-17,12.8700,50.2000,3.8858,-0.378
2019-06-18,13.4600,52.0000,3.8549,-0.217
2019-06-19,13.5400,52.3000,3.8731,0.271
2019-06-21,13.5300,52.4400,3.8212,-1.410
2019-06-24,13.6400,52.4000,3.8265,-0.394
2019-06-25,13.3300,51.3800,3.8312,-0.604
2019-06-26,13.4400,51.5800,3.8355,-0.060
2019-06-27,13.4300,51.7000,3.8604,0.281
2019-06-28,13.4400,51.8200,3.8290,-0.691
2019-07-01,13.9300,53.6500,3.8217,-0.771
2019-07-02,13.2900,51.3900,3.8613,-0.143
2019-07-03,13.3700,51.2900,3.8421,0.154
2019-07-05,13.1200,50.3600,3.8178,-0.537
2019-07-08,13.3000,50.9500,3.8045,-0.687
2019-07-10,13.8100,52.1300,3.7646,-0.270
2019-07-11,13.8400,52.0500,3.7577,-0.083
2019-07-12,13.8000,51.8100,3.7429,-0.305
2019-07-15,14.0000,52.6900,3.7490,-0.387
2019-07-16,14.0300,53.0500,3.7607,-0.542
2019-07-17,13.9500,52.6900,3.7611,-0.423
2019-07-18,14.0100,52.5900,3.7443,-0.252
2019-07-19,14.0400,52.7200,3.7406,-0.383
2019-07-22,13.9200,52.4500,3.7350,-0.875
2019-07-23,13.6900,51.7600,3.7680,-0.340
2019-07-24,13.4200,50.6500,3.7610,-0.350
2019-07-25,13.2600,50.4900,3.7880,-0.517
2019-07-26,13.2700,50.2300,3.7714,-0.365
2019-07-29,13.2400,50.2600,3.7873,-0.231
2019-07-30,13.1600,50.0100,3.7867,-0.354
2019-07-31,12.9900,49.8100,3.7571,-2.018
2019-08-01,12.5200,48.4000,3.8366,-0.756
2019-08-02,12.2800,47.8400,3.8789,-0.433
2019-08-05,11.5600,46.0000,3.9423,-0.928
2019-08-06,11.7500,46.6200,3.9740,0.160
2019-08-07,11.6400,46.4800,3.9863,-0.171
2019-08-08,11.9700,47.1800,3.9349,-0.168
2019-08-09,11.5500,45.4900,3.9385,-0.001
2019-08-12,11.3000,45.1600,3.9862,-0.257
2019-08-13,11.7000,46.5000,3.9531,-0.535
2019-08-14,11.0600,44.8800,4.0143,-1.074
2019-08-15,10.9700,43.8900,4.0100,0.227
2019-08-16,10.8800,43.6900,3.9926,-0.573
2019-08-19,10.6800,43.6500,4.0344,-1.289
2019-08-20,10.7900,43.8400,4.0409,-0.544
2019-08-21,10.8600,44.1500,4.0188,-1.146
2019-08-22,10.7700,43.8900,4.0558,-0.476
2019-08-23,10.4600,43.2800,4.1114,-0.635
2019-08-26,10.2800,42.8000,4.1528,-0.255
2019-08-27,10.3300,43.3200,4.1813,-0.294
2019-08-28,10.4300,43.4800,4.1553,-0.322
2019-08-29,10.7200,45.1000,4.1595,-1.131
2019-08-30,11.0000,45.5700,4.1254,-0.418
2019-09-03,10.9100,45.5200,4.1726,0.007
2019-09-04,11.2400,46.5200,4.1140,-0.599
2019-09-05,11.3300,46.5200,4.0908,-0.368
2019-09-06,11.3400,46.4500,4.0643,-0.777
2019-09-09,11.6100,47.8900,4.0819,-1.042
2019-09-10,11.7300,48.2400,4.1010,-0.280
2019-09-11,11.8100,47.9500,4.0592,-0.023
2019-09-12,12.1700,49.6900,4.0606,-0.548
2019-09-13,12.1500,49.7900,4.0610,-0.901
2019-09-16,11.8700,48.5900,4.0831,-0.254
2019-09-17,11.9300,48.9000,4.0970,-0.047
2019-09-18,11.7700,48.4000,4.0964,-0.383
2019-09-19,11.5800,48.3200,4.1389,-0.810
2019-09-20,11.5800,48.4200,4.1698,-0.276
2019-09-23,11.4700,48.1000,4.1771,-0.392
2019-09-24,11.2100,46.9300,4.1737,-0.304
2019-09-25,11.4700,47.8600,4.1764,0.090
2019-09-26,11.4400,47.8600,4.1517,-0.762
2019-09-27,11.4300,47.6600,4.1576,-0.291
2019-09-30,11.5000,47.7500,4.1629,0.258
2019-10-01,11.4500,47.7100,4.1624,-0.106
2019-10-02,10.8700,45.1000,4.1434,-0.136
2019-10-03,11.0600,45.4400,4.0876,-0.509
2019-10-04,11.4500,46.5900,4.0601,-0.219
2019-10-07,11.2400,46.0400,4.0831,-0.317
2019-10-08,11.0500,45.3200,4.0846,-0.409
2019-10-09,11.1100,45.6700,4.1043,-0.156
2019-10-10,11.4200,47.2400,4.1075,-0.704
2019-10-11,11.8100,48.6400,4.0945,-0.584
2019-10-14,11.5800,47.9900,4.0945,-1.200
2019-10-15,11.4400,47.9100,4.1506,-0.892
2019-10-16,11.2100,46.8000,4.1610,-0.332
2019-10-17,11.1700,46.7100,4.1600,-0.520
2019-10-18,11.1500,46.0300,4.1312,0.071
2019-10-21,11.3800,47.2100,4.1360,-0.301
2019-10-22,11.5700,47.3000,4.0713,-0.412
2019-10-23,11.6500,47.1100,4.0674,0.584
2019-10-24,11.5100,46.7500,4.0100,-1.273
2019-10-25,12.0400,48.5600,4.0018,-0.779
2019-10-28,12.2300,48.7000,3.9769,-0.128
2019-10-29,12.1400,48.6500,3.9923,-0.377
2019-10-30,12.1300,48.5900,4.0170,0.280
2019-10-31,11.7400,47.2000,4.0130,-0.185
2019-11-01,12.1400,48.4400,3.9756,-0.364
2019-11-04,12.3300,49.8200,4.0007,-0.986
2019-11-05,12.3800,49.8700,3.9865,-1.037
2019-11-06,12.1700,49.6900,4.0582,-0.607
2019-11-07,12.2100,50.1100,4.0884,-0.380
2019-11-08,11.7700,49.1800,4.1545,-0.572
2019-11-11,11.6100,48.1300,4.1545,0.216
2019-11-12,11.5000,47.9000,4.1742,0.216
2019-11-13,11.2200,47.1200,4.1772,-0.534
2019-11-14,11.2000,47.0000,4.1912,-0.125
2019-11-18,11.3000,47.6100,4.1932,-0.476
2019-11-19,11.4600,48.1700,4.2032,-0.003
2019-11-21,11.4700,48.4200,4.2213,-0.003
2019-11-22,11.8900,50.0300,4.1859,-0.519
2019-11-25,12.0300,50.8600,4.2153,-0.295
2019-11-26,12.0300,51.2200,4.2594,0.040
2019-11-27,11.8700,50.5800,4.2569,-0.100
2019-11-29,11.7600,49.9800,4.2272,-0.536
2019-12-02,12.1400,51.3400,4.2200,-0.213
2019-12-03,12.0000,50.4200,4.1928,-0.211
2019-12-04,12.1000,50.9200,4.1886,-0.467
2019-12-05,12.1200,50.9500,4.1912,-0.300
2019-12-06,12.3900,51.3500,4.1749,0.734
2019-12-09,12.3800,51.4400,4.1299,-0.606
2019-12-10,12.3000,51.2000,4.1412,-0.514
2019-12-11,12.5800,51.8300,4.1179,-0.052
2019-12-12,12.9100,52.9500,4.0990,-0.060
2019-12-13,13.0600,53.7600,4.1065,-0.240
2019-12-16,13.1600,53.3400,4.0681,0.368
2019-12-17,13.0900,53.4200,4.0673,-0.335
2019-12-18,13.0800,53.4700,4.0624,-0.624
2019-12-19,13.2200,54.0000,4.0580,-0.654
2019-12-20,13.2700,54.7900,4.0859,-1.041
2019-12-23,13.3000,54.5800,4.0621,-1.015
2019-12-26,13.4900,54.7900,4.0602,-0.033
2019-12-27,13.2200,53.6000,4.0507,-0.093
2019-12-30,13.1900,53.3000,4.0152,-0.637
2020-01-02,13.4500,54.3300,4.0384,-0.025
2020-01-03,13.2900,53.9300,4.0378,-0.496
2020-01-06,13.1400,53.6100,4.0548,-0.615
2020-01-07,13.2300,54.0000,4.0813,-0.008
2020-01-08,13.2200,54.0100,4.0463,-0.959
2020-01-09,12.9900,53.3000,4.0747,-0.694
2020-01-10,12.9700,53.3600,4.0771,-0.900
2020-01-13,13.3200,55.3000,4.1351,-0.399
2020-01-14,13.4500,55.6400,4.1409,0.099
2020-01-15,13.2600,55.4600,4.1773,-0.124
2020-01-16,13.1600,55.1700,4.1903,-0.046
2020-01-17,13.6300,57.0000,4.1857,0.090
2020-01-21,13.2500,56.0300,4.2000,-0.678
2020-01-22,13.4200,56.3000,4.1852,-0.239
2020-01-23,13.3000,55.5000,4.1689,-0.097
2020-01-24,12.8400,53.8000,4.1879,-0.051
2020-01-27,12.0000,50.5100,4.2268,0.419
2020-01-28,12.1800,51.2000,4.2094,0.138
2020-01-29,11.9500,50.7500,4.2162,-0.722
2020-01-30,12.0100,51.5000,4.2602,-0.650
2020-01-31,11.7300,50.2700,4.2801,-0.128
2020-02-03,11.9000,50.9100,4.2411,-0.866
2020-02-04,12.2300,52.2700,4.2405,-0.782
2020-02-05,12.4400,52.9900,4.2567,-0.069
2020-02-06,12.4000,53.2800,4.2694,-0.637
2020-02-07,12.0400,52.1000,4.3126,-0.338
2020-02-10,11.6000,50.1900,4.3155,-0.259
2020-02-11,11.9200,52.0500,4.3346,-0.733
2020-02-12,12.1200,53.0700,4.3428,-0.820
2020-02-13,11.9300,52.1400,4.3302,-0.922
2020-02-14,11.8700,51.0000,4.3104,0.322
2020-02-18,12.0200,52.8000,4.3507,-0.956
2020-02-19,12.0500,52.8100,4.3660,-0.378
2020-02-20,11.8500,52.2000,4.3845,-0.467
2020-02-21,11.4200,50.1300,4.3830,-0.152
2020-02-26,10.1800,45.3500,4.4304,-0.548
2020-02-27,9.9200,44.4700,4.4587,-0.539
2020-02-28,9.8200,44.3100,4.4906,-0.479
2020-03-02,10.2700,46.3600,4.4782,-0.796
2020-03-03,10.2200,46.3500,4.4908,-0.980
2020-03-04,10.5600,48.5700,4.5497,-1.081
2020-03-05,10.1200,46.8500,4.6533,0.515
2020-03-06,9.5300,44.6100,4.6380,-0.919
2020-03-09,7.9700,37.8300,4.7304,-0.340
2020-03-10,9.4000,44.8100,4.6745,-1.941
2020-03-11,8.5000,40.7400,4.6844,-2.265
2020-03-12,7.1600,35.3500,4.8563,-1.638
2020-03-13,8.7000,42.9000,4.7622,-3.424
2020-03-16,7.9000,39.0400,4.9813,0.800
2020-03-17,8.1700,41.5100,5.0185,-1.226
2020-03-18,7.4000,38.6500,5.1136,-2.094
2020-03-19,7.1800,36.4000,5.1503,1.591
2020-03-20,6.9800,35.1900,5.0010,-0.804
2020-03-23,6.5800,34.1000,5.1286,-1.038
2020-03-24,7.5000,37.6400,5.0731,1.085
2020-03-25,8.0400,40.8500,5.0589,-0.432
2020-03-26,8.3200,42.0000,4.9972,-1.008
2020-03-27,7.8400,40.1000,5.1113,-0.068
2020-03-30,8.0400,41.7700,5.1593,-0.692
2020-03-31,8.2900,43.2200,5.1855,-0.537
2020-04-01,8.1500,43.3700,5.2494,-1.354
2020-04-02,8.1500,42.7800,5.2649,0.301
2020-04-03,7.5800,40.5000,5.3129,-0.564
2020-04-06,8.1100,43.1300,5.2342,-1.578
2020-04-07,8.3800,43.7800,5.2319,0.145
2020-04-08,8.4400,43.5100,5.1701,0.289
2020-04-09,8.5000,43.2800,5.0708,-0.412
2020-04-13,8.5700,44.5700,5.1871,-0.262
2020-04-14,8.5900,44.5300,5.2074,0.453
2020-04-15,8.2600,43.1900,5.2559,0.518
2020-04-16,8.1300,42.7600,5.2318,-0.527
2020-04-17,8.3600,44.0000,5.2550,-0.155
2020-04-20,7.9900,42.4600,5.2911,-0.434
2020-04-22,7.9700,42.9000,5.3955,0.238
2020-04-23,7.8600,43.5100,5.4498,-1.550
2020-04-24,7.6700,43.7600,5.6858,-0.343
2020-04-27,7.8800,44.5500,5.6741,0.363
2020-04-28,8.1100,44.6100,5.5646,1.163
2020-04-29,8.7600,46.7300,5.3923,1.084
2020-04-30,8.2500,44.8600,5.4296,-0.147
2020-05-04,7.9800,43.9300,5.5714,1.206
2020-05-05,7.8100,43.7000,5.5623,-0.591
2020-05-06,7.7800,44.3300,5.6798,-0.318
2020-05-07,7.9300,46.0500,5.8027,-0.075
2020-05-08,8.5200,48.8500,5.7455,0.208
2020-05-11,8.2300,47.7300,5.7958,-0.064
2020-05-12,8.1000,47.4600,5.7922,-1.144
2020-05-13,8.1800,48.5400,5.9204,-0.229
2020-05-14,8.2400,48.0900,5.9181,1.404
2020-05-15,8.2700,48.0500,5.8235,0.230
2020-05-18,9.0100,51.2600,5.7080,0.330
2020-05-19,9.0700,52.3000,5.7101,-0.974
2020-05-20,9.2700,52.5000,5.6909,0.485
2020-05-21,9.1300,51.1300,5.5989,-0.024
2020-05-22,8.9800,50.2700,5.5663,-0.566
2020-05-26,9.1100,49.2000,5.3760,-0.457
2020-05-27,9.5700,50.6400,5.2818,-0.184
2020-05-28,9.3100,50.0900,5.3346,-0.848
2020-05-29,9.7600,53.0000,5.4248,-0.102
2020-06-01,9.8400,53.4200,5.3727,-1.034
2020-06-02,10.2600,53.4200,5.2331,0.508
2020-06-03,10.5700,53.6600,5.0417,-0.688
2020-06-04,10.8400,55.6600,5.0927,-0.818
2020-06-05,11.0400,54.6100,4.9542,0.154
2020-06-08,11.2700,54.7800,4.8858,0.517
2020-06-09,11.2200,54.9900,4.8990,-0.042
2020-06-10,11.0200,54.2000,4.8979,-0.415
2020-06-12,10.6300,53.4000,5.0241,0.012
2020-06-15,10.6100,53.8800,5.2082,2.559
2020-06-16,10.6600,55.3900,5.1563,-0.765
2020-06-17,10.7400,56.2000,5.2640,0.597
2020-06-18,10.5500,56.1700,5.3540,0.560
2020-06-19,10.3100,55.1700,5.3388,-0.230
2020-06-22,10.4600,55.0000,5.2235,-0.659
2020-06-23,10.8000,55.5900,5.1578,0.206
2020-06-24,10.4000,55.3900,5.3020,-0.450
2020-06-25,10.5600,56.0000,5.3541,0.963
2020-06-26,10.1900,55.6200,5.4661,0.143
2020-06-29,10.2100,55.6300,5.4587,0.186
2020-06-30,10.3100,55.9200,5.4844,1.116
2020-07-01,10.2800,54.5400,5.3492,0.825
2020-07-02,10.4100,55.4900,5.3146,-0.297
2020-07-06,10.6000,56.5700,5.3140,-0.427
2020-07-07,10.4700,56.3700,5.3580,-0.482
2020-07-08,10.7600,57.3200,5.3581,0.581
2020-07-09,10.6300,56.4200,5.3182,0.199
2020-07-10,10.7900,56.9700,5.3334,1.013
2020-07-13,10.7800,57.6500,5.3439,-0.074
2020-07-14,11.6000,61.7000,5.4290,2.069
2020-07-15,11.5400,61.7900,5.3620,0.142
2020-07-16,11.2800,60.1200,5.3430,0.248
2020-07-17,11.3100,61.0400,5.3520,-0.834
2020-07-20,11.4400,60.8000,5.3365,0.410
2020-07-21,11.4600,59.7000,5.1936,-0.304
2020-07-22,11.5800,59.2400,5.0973,-0.360
2020-07-23,11.2900,58.8500,5.1405,-1.383
2020-07-24,11.2600,58.6000,5.1948,-0.182
2020-07-27,11.9100,61.3700,5.1835,0.596
2020-07-28,11.7400,60.3400,5.1684,0.559
2020-07-29,12.0900,62.9500,5.1483,-1.123
2020-07-30,11.8500,61.2700,5.1824,0.231
2020-07-31,11.6400,60.7100,5.1967,-0.363
2020-08-03,11.4200,60.2600,5.3200,0.820
2020-08-04,11.4900,60.7000,5.3259,0.815
2020-08-05,11.7600,62.1900,5.2928,0.086
2020-08-06,11.5300,61.8300,5.3537,-0.165
2020-08-07,11.1600,60.4500,5.4343,0.326
2020-08-10,11.3600,62.2000,5.4230,-0.956
2020-08-11,11.1700,60.2800,5.4230,0.489
2020-08-12,11.3100,61.5000,5.4745,0.677
2020-08-13,11.2800,60.3500,5.3835,0.623
2020-08-14,11.3300,61.3500,5.3881,-0.494
2020-08-17,11.3600,62.2300,5.4734,-0.084
2020-08-18,11.6000,63.0600,5.4845,0.888
2020-08-19,11.3200,62.3900,5.5045,-0.127
2020-08-20,11.3800,62.9500,5.6370,1.905
2020-08-21,11.0800,62.2000,5.5949,-0.335
2020-08-24,11.3000,62.9600,5.6010,0.526
2020-08-25,11.2200,61.6200,5.6046,2.051
2020-08-26,11.0500,61.7500,5.6073,0.341
2020-08-27,10.9300,60.7900,5.5965,0.625
2020-08-28,11.3000,61.1000,5.4469,0.736
2020-08-31,11.0000,59.6800,5.4698,0.817
2020-09-01,11.5000,61.7600,5.3578,-0.235
2020-09-02,11.4300,61.3200,5.3550,-0.183
2020-09-03,11.2400,59.3200,5.3078,0.573
2020-09-04,11.3800,60.4900,5.2873,-0.530
2020-09-08,11.0400,59.2700,5.3510,-0.329
2020-09-09,11.3200,60.0000,5.2849,-0.292
2020-09-10,11.0800,58.5300,5.3023,0.375
2020-09-11,11.6700,61.9500,5.3040,-0.084
2020-09-14,11.7500,61.9100,5.2892,0.385
2020-09-15,11.8400,62.6000,5.2852,-0.037
2020-09-16,11.5900,60.9700,5.2410,-0.372
2020-09-17,11.8800,62.0800,5.2584,0.628
2020-09-18,11.5100,61.6600,5.3056,-0.961
2020-09-21,11.1300,60.0000,5.4397,0.906
2020-09-22,10.6400,57.8100,5.4700,0.676
2020-09-23,10.6500,59.1000,5.5490,-0.005
2020-09-24,10.7000,58.6600,5.5308,0.886
2020-09-25,10.7400,59.2500,5.5644,0.864
2020-09-28,10.4900,58.7800,5.6155,0.215
2020-09-29,10.4100,58.3500,5.6679,1.119
2020-09-30,10.5800,59.1100,5.6326,0.817
2020-10-01,10.4100,58.8600,5.6463,-0.139
2020-10-02,10.3900,58.3200,5.6822,1.231
2020-10-05,10.7500,59.5900,5.6173,1.336
2020-10-06,10.5000,58.6200,5.5402,-0.764
2020-10-07,10.7500,60.1700,5.6125,0.273
2020-10-08,11.0500,61.2900,5.5948,0.869
2020-10-09,11.1900,61.6000,5.5220,0.310
2020-10-13,11.2100,62.1400,5.5944,0.922
2020-10-14,11.3400,63.0000,5.5804,0.447
2020-10-15,11.1800,62.4700,5.6160,0.507
2020-10-16,11.0900,62.2400,5.6228,0.188
2020-10-19,11.1300,61.9500,5.5780,0.215
2020-10-20,11.0900,61.8400,5.5773,0.020
2020-10-21,11.2600,62.8500,5.6084,0.478
2020-10-22,11.3000,63.1000,5.5843,0.004
2020-10-23,11.3100,63.4500,5.6135,0.061
2020-10-26,11.1400,62.5000,5.6141,0.066
2020-10-27,11.0400,62.5300,5.6484,-0.275
2020-10-28,10.5300,60.2600,5.7406,0.313
2020-10-29,10.7700,62.0200,5.7790,0.354
2020-10-30,10.5700,60.5500,5.7588,0.529
2020-11-03,10.9900,63.3400,5.7328,-0.531
2020-11-04,10.8400,61.5800,5.6540,-0.472
2020-11-05,11.3300,62.5500,5.5682,0.860
2020-11-06,11.7700,63.1900,5.4577,1.657
2020-11-09,11.8000,63.1900,5.3696,0.271
2020-11-10,11.7300,63.1600,5.3715,-0.241
2020-11-11,11.8400,63.6000,5.3715,-0.002
2020-11-12,11.4900,62.6700,5.4141,-0.737
2020-11-13,11.6800,63.2500,5.5006,1.576
2020-11-16,12.0600,64.9200,5.3999,0.312
2020-11-17,12.5600,66.9700,5.3401,0.152
2020-11-18,12.4000,66.4500,5.3069,-0.970
2020-11-19,12.7600,67.7200,5.3149,0.145
2020-11-23,13.1900,71.2900,5.4360,0.576
2020-11-24,14.0100,74.8000,5.3910,0.973
2020-11-25,14.3000,75.5000,5.3224,0.808
2020-11-27,14.7300,78.4400,5.3224,-0.052
2020-11-30,14.5600,78.0000,5.3785,0.399
2020-12-01,15.6400,81.2500,5.2630,1.309
2020-12-02,15.3300,79.8400,5.2384,0.582
2020-12-03,15.3400,78.9600,5.1243,-0.447
2020-12-04,16.0500,81.9800,5.1610,1.042
2020-12-07,16.2800,82.9500,5.0713,-0.469
2020-12-08,16.1900,82.9000,5.0824,-0.743
2020-12-09,16.0900,82.7000,5.1504,0.205
2020-12-10,17.0000,85.0000,5.0699,1.398
2020-12-11,16.8600,84.8600,5.0538,0.409
2020-12-14,16.4600,83.5500,5.1103,0.677
2020-12-15,16.6700,84.5000,5.1105,0.819
2020-12-16,16.9400,86.2200,5.1282,0.756
2020-12-17,17.2300,87.2000,5.0591,-0.036
2020-12-18,17.3700,87.8000,5.0810,0.520
2020-12-21,17.0000,86.8600,5.1280,0.364
2020-12-22,16.8000,86.9400,5.1593,-0.303
2020-12-23,16.8300,87.3600,5.2087,0.346
2020-12-28,16.7300,87.3100,5.3016,1.587
2020-12-29,16.8400,87.0700,5.1679,-0.049
2020-12-30,16.9500,87.4500,5.1760,0.324
2021-01-04,17.4000,91.4600,5.2466,-0.185
2021-01-05,17.6900,93.0000,5.3035,0.881
2021-01-06,18.1600,96.0500,5.3368,0.902
2021-01-07,18.9300,102.3200,5.4024,-0.051
2021-01-08,18.9200,102.0000,5.3855,-0.104
2021-01-11,18.6100,101.9800,5.4809,0.019
2021-01-12,18.7100,99.1900,5.4166,2.172
2021-01-13,18.1500,96.2200,5.2938,-0.143
2021-01-14,18.9400,97.8000,5.2304,1.292
2021-01-15,17.6400,93.5500,5.2589,-0.837
2021-01-19,17.6100,94.0600,5.3330,-0.155
2021-01-20,17.4500,92.3200,5.3330,0.802
2021-01-21,17.4700,93.3600,5.3753,0.585
2021-01-22,17.2100,93.1700,5.4518,0.704
2021-01-26,17.1700,91.7500,5.3682,0.460
2021-01-27,16.5100,89.2000,5.4139,0.206
2021-01-28,16.7500,91.1000,5.3992,-0.728
2021-01-29,16.1500,87.9500,5.4479,0.038
2021-02-01,16.7400,91.2700,5.4746,0.411
2021-02-02,16.3800,87.6600,5.3704,0.350
2021-02-03,16.8900,90.4300,5.3624,0.156
2021-02-04,16.5000,89.2900,5.4236,0.223
2021-02-05,17.2600,92.6900,5.3522,-0.336
2021-02-08,17.6500,94.0100,5.3153,-0.207
2021-02-09,17.6400,94.2500,5.4261,1.556
2021-02-10,17.6500,94.7000,5.3601,-0.100
2021-02-11,17.3700,93.1000,5.3876,0.518
2021-02-12,17.5000,93.8900,5.3699,0.089
2021-02-17,17.8700,96.3500,5.4059,0.263
2021-02-18,17.9800,97.4000,5.4391,0.406
2021-02-19,18.2200,97.7700,5.3938,0.517
2021-02-22,17.5300,95.3500,5.4781,0.714
2021-02-23,17.9000,96.9500,5.4267,0.194
2021-02-24,18.0500,97.9300,5.4249,-0.011
2021-02-25,17.4000,95.7100,5.4903,-0.187
2021-02-26,16.9000,94.5200,5.5724,-0.367
2021-03-01,17.5300,98.5700,5.5704,-0.934
2021-03-02,17.9500,101.6000,5.7110,0.898
2021-03-03,17.8800,100.3500,5.7591,2.614
2021-03-04,17.5000,98.8600,5.5666,-1.461
2021-03-05,17.7400,100.2100,5.6912,0.750
2021-03-08,17.2200,99.6700,5.7341,-0.932
2021-03-09,17.0100,98.6700,5.8084,0.133
2021-03-10,17.2200,97.1500,5.6720,0.537
2021-03-11,18.0200,99.7000,5.5530,0.366
2021-03-12,17.6200,97.4000,5.5530,0.456
2021-03-15,17.2400,96.8200,5.6539,0.675
2021-03-16,17.1900,96.5100,5.5756,-0.689
2021-03-17,17.5600,97.9000,5.6550,1.432
2021-03-18,17.2800,96.1600,5.5366,-0.507
2021-03-19,17.2500,94.7800,5.4750,-0.355
2021-03-22,17.0100,93.2100,5.5316,0.947
2021-03-23,16.5800,91.0600,5.4771,-0.274
2021-03-24,16.6900,93.1500,5.5550,-0.469
2021-03-25,16.3400,92.4400,5.6352,-0.390
2021-03-26,16.7400,95.5300,5.7132,0.114
2021-03-29,16.9600,97.9800,5.7778,0.012
2021-03-30,17.0200,97.0700,5.7439,0.712
2021-03-31,17.3800,97.9700,5.6590,0.391
2021-04-01,17.1200,97.3900,5.6887,0.001
2021-04-05,18.2800,103.3900,5.6584,0.044
2021-04-06,18.3100,102.0500,5.6143,0.733
2021-04-07,18.6500,104.5600,5.6062,-0.004
2021-04-08,18.8300,104.5000,5.5743,0.444
2021-04-09,18.2200,103.0000,5.6522,-0.016
2021-04-12,18.0900,103.4000,5.6974,-0.323
2021-04-13,18.1900,103.5800,5.6898,-0.080
2021-04-14,18.9100,107.0000,5.6806,0.393
2021-04-15,19.3000,108.2100,5.6110,0.076
2021-04-16,19.5300,108.6700,5.6107,0.835
2021-04-19,19.4300,107.7300,5.5687,0.436
2021-04-20,19.1600,106.1600,5.5185,-0.401
2021-04-22,19.4500,106.2300,5.4971,0.648
2021-04-23,19.6600,107.9900,5.5011,0.150
2021-04-26,19.9500,108.5700,5.4508,0.160
2021-04-27,20.3000,110.1200,5.4342,0.176
2021-04-28,20.9600,111.9200,5.3964,1.062
2021-04-29,21.0600,111.9500,5.3624,0.877
2021-04-30,20.1200,109.0200,5.4194,0.017
2021-05-03,20.0900,108.4600,5.3857,-0.241
2021-05-04,20.3800,110.1000,5.4490,0.863
2021-05-05,20.7300,110.7100,5.3648,0.454
2021-05-06,21.8500,115.0500,5.2804,0.284
2021-05-07,22.0800,115.4500,5.2140,-0.281
2021-05-10,22.0500,114.6900,5.2244,0.443
2021-05-11,22.7100,118.7200,5.2124,-0.292
2021-05-12,21.6700,114.3300,5.2529,-0.437
2021-05-13,21.2700,112.4900,5.2793,-0.177
2021-05-14,21.0300,110.5600,5.2574,0.003
2021-05-17,21.5900,113.4600,5.2594,0.080
2021-05-18,21.9000,114.6000,5.2359,0.058
2021-05-19,21.1100,112.2500,5.2650,-0.985
2021-05-20,21.0700,111.1100,5.2831,0.184
2021-05-21,20.4500,109.4000,5.3235,-0.489
2021-05-24,20.6100,109.7800,5.3223,-0.080
2021-05-25,20.1400,107.0500,5.3060,-0.175
2021-05-26,20.7000,110.2000,5.3062,-0.328
2021-05-27,21.1400,110.9900,5.2642,0.266
2021-05-28,21.5200,111.5900,5.2187,0.642
2021-06-01,22.2000,113.2000,5.1631,1.255
2021-06-02,22.6700,114.8000,5.0743,0.204
2021-06-04,22.4500,112.9000,5.0670,0.757
2021-06-07,22.2800,111.8000,5.0190,0.021
2021-06-08,21.8800,109.9200,5.0383,0.289
2021-06-09,22.1500,112.2000,5.0651,-0.007
2021-06-10,22.2300,111.8300,5.0672,0.728
2021-06-11,22.4000,114.3400,5.1299,0.498
2021-06-14,22.5300,113.7200,5.0567,0.182
2021-06-15,22.1400,111.5000,5.0911,1.091
2021-06-16,21.4900,108.1500,4.9991,-0.665
2021-06-17,21.0800,105.9000,5.0244,0.014
2021-06-18,21.5100,109.0900,5.0405,-0.613
2021-06-21,22.0000,110.1100,5.0306,0.511
2021-06-22,22.5100,111.4000,4.9994,1.020
2021-06-23,22.8000,113.0700,4.9518,-0.149
2021-06-24,22.6400,111.0300,4.9169,0.260
2021-06-25,22.6800,112.4000,4.9245,-0.634
2021-06-28,22.4300,110.6000,4.9451,0.288
2021-06-29,22.8000,112.5100,4.9378,0.064
2021-06-30,22.8100,113.2500,5.0083,0.874
2021-07-01,22.1100,111.2800,5.0339,0.018
2021-07-02,22.4800,113.5800,5.0431,-0.186
2021-07-06,21.9600,113.7700,5.1803,-0.009
2021-07-07,21.9300,114.1000,5.2678,1.247
2021-07-08,21.7600,113.6600,5.2336,0.196
2021-07-12,22.3200,115.0700,5.1939,0.745
2021-07-13,22.4000,115.7500,5.1544,-0.252
2021-07-14,22.6600,115.1200,5.0861,0.114
2021-07-15,22.5400,115.4800,5.1180,-0.104
2021-07-16,22.0700,113.4000,5.0922,-0.895
2021-07-19,21.3500,112.1600,5.2100,-0.826
2021-07-20,21.6300,113.1000,5.2190,-0.188
2021-07-21,22.0500,114.4000,5.2313,0.831
2021-07-22,21.9400,114.7000,5.2071,-0.398
2021-07-23,21.9500,114.1200,5.1766,-0.433
2021-07-26,22.5400,116.6000,5.1720,-0.020
2021-07-27,22.1700,114.1800,5.1603,0.196
2021-07-28,22.9400,117.3000,5.1547,0.809
2021-07-29,22.8700,115.5700,5.0497,-0.072
2021-07-30,21.0200,108.7600,5.1411,-0.638
2021-08-02,21.2100,108.9300,5.1251,-0.208
2021-08-03,21.7400,112.6400,5.2362,1.061
2021-08-04,21.6900,112.5200,5.2362,0.936
2021-08-05,20.9800,109.0800,5.1750,-0.466
2021-08-06,20.9400,109.7000,5.2236,-0.290
2021-08-09,20.8400,109.0100,5.2861,1.057
2021-08-10,21.1600,110.0600,5.1931,-0.158
2021-08-11,21.0300,109.2700,5.2030,0.136
2021-08-12,20.8800,109.2000,5.2352,0.102
2021-08-13,20.6400,108.3000,5.2345,-0.240
2021-08-16,20.6300,108.8000,5.2466,-0.517
2021-08-17,20.3300,107.0000,5.2538,-0.178
2021-08-18,19.3100,103.4100,5.3421,-0.246
2021-08-19,18.0600,97.5100,5.4027,0.064
2021-08-20,18.2300,97.5500,5.3990,0.896
2021-08-23,17.9100,96.2000,5.3840,0.236
2021-08-24,18.9200,99.7100,5.2771,0.133
2021-08-25,19.0800,99.5000,5.2470,0.616
2021-08-26,18.7700,98.2300,5.2428,0.181
2021-08-27,19.4400,100.6900,5.1956,0.310
2021-08-30,19.3200,100.0500,5.1921,0.261
2021-08-31,19.0700,98.6800,5.1405,-0.659
2021-09-01,19.0800,98.8500,5.1809,0.002
2021-09-02,19.0700,98.5400,5.1640,-0.063
2021-09-03,19.0800,98.6100,5.1692,0.019
2021-09-08,17.9800,95.0400,5.2843,-0.030
2021-09-09,18.0500,94.7000,5.2764,0.569
2021-09-10,18.0300,94.8100,5.2169,-0.790
2021-09-13,18.0900,94.7600,5.2073,-0.591
2021-09-14,17.8300,94.0900,5.2235,-1.015
2021-09-15,17.6200,91.7400,5.2550,0.930
2021-09-16,16.7200,87.9300,5.2535,-0.104
2021-09-17,16.3100,86.1500,5.2950,0.245
2021-09-20,15.6600,82.7500,5.3266,0.803
2021-09-21,15.8800,84.1200,5.2895,-0.146
2021-09-22,16.4200,87.1100,5.2715,-0.634
2021-09-23,14.8200,78.9100,5.2917,-0.617
2021-09-24,14.4900,77.6900,5.3404,-0.396
2021-09-27,14.5400,78.8000,5.3571,-1.152
2021-09-28,13.8000,74.8500,5.4279,0.074
2021-09-29,13.9700,75.8000,5.4062,-0.363
2021-09-30,13.9500,76.2400,5.4528,-0.227
2021-10-01,14.2000,76.2000,5.3674,0.022
2021-10-04,13.8900,75.4900,5.4333,-0.028
2021-10-05,13.7400,74.9500,5.4633,0.154
2021-10-06,14.0400,77.0600,5.5130,0.444
2021-10-07,14.4600,79.3600,5.5073,0.347
2021-10-08,14.5700,79.8500,5.5178,0.682
2021-10-11,14.7500,81.6200,5.5178,-0.285
2021-10-13,14.4200,79.2000,5.5525,1.095
2021-10-14,14.4600,79.2000,5.5048,0.504
2021-10-15,14.7800,80.6800,5.4457,-0.239
2021-10-18,14.6000,79.9200,5.5211,0.861
2021-10-19,14.2100,79.0000,5.5525,-0.125
2021-10-20,13.8500,76.6700,5.5476,0.214
2021-10-21,13.3400,75.1600,5.6455,0.201
2021-10-22,13.5200,76.0800,5.7223,1.690
2021-10-25,13.9000,77.0000,5.6009,1.107
2021-10-26,13.7900,76.1800,5.5833,1.068
2021-10-27,13.4700,74.4500,5.5812,0.979
2021-10-28,13.2000,73.7000,5.6120,0.513
2021-10-29,12.7300,71.6100,5.6291,0.068
2021-11-01,12.8800,72.3200,5.6795,1.150
2021-11-03,12.0500,66.8300,5.6188,1.312
2021-11-04,11.7900,66.0700,5.5877,-0.289
2021-11-05,11.6100,64.1100,5.5335,0.209
2021-11-08,12.2300,67.6000,5.5455,0.328
2021-11-09,12.1100,65.9400,5.5020,1.045
2021-11-10,11.9800,65.6900,5.4709,-0.226
2021-11-11,12.6500,68.0100,5.4709,1.760
2021-11-12,12.5500,68.3000,5.4341,-0.149
2021-11-16,12.1100,66.3300,5.4980,0.378
2021-11-17,11.8100,65.0000,5.5082,0.080
2021-11-18,11.2700,62.3300,5.5485,0.323
2021-11-19,11.4500,64.0300,5.5728,-0.346
2021-11-22,12.2400,67.5900,5.5860,1.158
2021-11-23,12.4900,69.3700,5.6485,1.701
2021-11-24,12.7100,70.9800,5.5937,0.163
2021-11-26,12.3700,68.6400,5.5903,0.746
2021-11-29,12.4400,69.5000,5.6233,0.653
2021-11-30,12.3700,69.9500,5.6569,0.037
2021-12-01,12.2500,70.2300,5.6355,-1.702
2021-12-02,12.9900,73.4900,5.6272,-0.534
2021-12-03,12.7300,71.8700,5.6773,0.559
2021-12-06,13.3900,75.7700,5.6820,0.412
2021-12-07,13.6200,76.3300,5.6294,0.449
2021-12-08,13.6900,75.7600,5.5395,0.100
2021-12-09,13.5000,75.1800,5.5838,0.268
2021-12-10,13.5200,75.6500,5.5991,0.066
2021-12-13,13.7600,77.8600,5.6598,0.024
2021-12-14,13.6600,77.8500,5.6713,-0.488
2021-12-15,13.6300,77.4100,5.7099,0.537
2021-12-16,14.1600,80.4400,5.6652,-0.274
2021-12-17,14.0000,79.1700,5.6754,0.361
2021-12-20,13.6800,78.2800,5.7220,-0.004
2021-12-21,14.0200,80.3400,5.7475,0.299
2021-12-22,14.1200,79.9200,5.7017,0.736
2021-12-23,13.9100,79.1500,5.6821,-0.141
2021-12-27,14.0500,78.9500,5.6401,0.372
2021-12-28,13.6000,77.0500,5.6372,-0.498
2021-12-29,13.5300,77.2500,5.6915,-0.316
2021-12-30,14.0800,77.9600,5.5749,0.686
2022-01-03,13.8100,78.0000,5.6597,0.206
2022-01-04,13.5500,77.0800,5.6770,-0.203
2022-01-05,13.6600,77.8100,5.6876,-0.151
2022-01-06,14.0100,79.3800,5.7027,0.649
2022-01-07,14.8100,84.0000,5.6253,-0.821
2022-01-10,14.6500,83.0000,5.6788,0.234
2022-01-11,15.2400,84.5800,5.5980,0.867
2022-01-12,15.5500,85.5000,5.5541,1.013
2022-01-13,15.3000,84.2000,5.5122,0.162
2022-01-14,15.3800,84.6900,5.5393,0.596
2022-01-18,15.5100,86.3100,5.5329,-0.573
2022-01-19,16.1800,88.2100,5.4668,0.275
2022-01-20,15.9900,86.7100,5.4052,-0.324
2022-01-21,15.6000,84.9100,5.4225,-0.376
2022-01-24,15.3100,83.8700,5.5116,0.611
2022-01-25,15.4800,84.0600,5.4818,0.950
2022-01-26,15.5300,84.3000,5.4366,0.155
2022-01-27,15.5700,84.4900,5.4252,-0.023
2022-01-28,15.5800,83.6600,5.3943,0.458
2022-01-31,15.1800,80.8700,5.2893,-0.715
2022-02-01,16.1800,85.3100,5.2812,0.164
2022-02-02,16.3500,85.7900,5.2787,0.602
2022-02-03,16.1500,85.7500,5.3047,-0.092
2022-02-04,16.5500,88.0000,5.3266,0.176
2022-02-07,17.1700,90.1300,5.2922,0.818
2022-02-08,17.4300,91.3900,5.2712,0.533
2022-02-09,17.5100,91.4100,5.2641,0.836
2022-02-10,17.8500,93.8700,5.1978,-1.160
2022-02-11,17.5400,91.9700,5.2015,-0.800
2022-02-14,17.4900,91.5700,5.2153,-0.387
2022-02-15,17.1400,88.8500,5.1807,-0.059
2022-02-16,17.4400,89.5000,5.1584,0.517
2022-02-17,16.6000,85.6500,5.1599,0.005
2022-02-18,16.6400,85.8300,5.1219,-0.701
2022-02-22,17.1800,87.3900,5.0611,-0.504
2022-02-23,17.2700,86.4700,5.0181,0.223
2022-02-24,17.0700,87.5400,5.1248,-0.068
2022-02-25,17.8200,92.2800,5.1515,-0.520
2022-03-02,19.4700,99.6500,5.1511,0.644
2022-03-03,19.8400,99.7000,5.0551,0.595
2022-03-04,20.1500,101.9700,5.0867,0.517
2022-03-07,20.6000,105.0700,5.0841,-0.321
2022-03-08,19.8200,100.4600,5.0874,0.371
2022-03-09,18.7200,94.1900,4.9932,-0.762
2022-03-10,19.3100,97.3000,5.0424,0.071
2022-03-11,19.0700,96.7900,5.0513,-0.477
2022-03-14,17.8000,91.6000,5.0834,-1.218
2022-03-15,17.2400,88.9700,5.1424,-0.354
2022-03-16,17.7500,91.1300,5.1083,-0.502
2022-03-17,18.7000,94.3000,5.0427,-0.002
2022-03-18,19.0600,96.0900,5.0165,-0.495
2022-03-21,19.9400,98.8100,4.9477,-0.155
2022-03-22,19.5600,96.6000,4.9365,-0.044
2022-03-23,19.9300,96.4500,4.8479,0.175
2022-03-24,20.0200,96.9100,4.8202,-0.423
2022-03-25,19.9400,95.2300,4.7577,-0.380
2022-03-28,19.9700,95.3400,4.7917,0.367
2022-03-29,19.9500,94.5200,4.7554,0.371
2022-03-30,20.0300,95.8700,4.7695,-0.351
2022-03-31,19.9900,95.6000,4.7264,-1.171
2022-04-01,20.8300,96.9600,4.6944,0.850
2022-04-04,21.2300,97.9400,4.6195,0.135
2022-04-05,20.3300,95.1100,4.6592,-0.408
2022-04-06,20.4800,96.5500,4.6892,-0.534
2022-04-07,20.4800,97.1300,4.7619,0.405
2022-04-08,20.1000,95.1500,4.7495,0.331
2022-04-11,20.0100,94.0000,4.7031,0.116
2022-04-12,19.9300,93.3700,4.6705,-0.307
2022-04-13,19.9100,93.4000,4.6840,-0.152
2022-04-14,19.4800,92.0900,4.7070,-0.432
2022-04-18,19.3300,90.5700,4.6772,-0.176
2022-04-19,18.7500,87.6800,4.6689,-0.158
2022-04-20,18.4500,85.4000,4.6171,-0.251
2022-04-22,16.7000,80.4500,4.7675,-1.035
2022-04-25,16.1800,79.0800,4.9410,1.094
2022-04-26,15.6100,78.0000,4.9850,-0.236
2022-04-27,16.4000,82.1700,5.0058,-0.091
2022-04-28,17.0000,84.2000,4.9973,0.896
2022-04-29,16.8900,83.2900,4.9325,0.024
2022-05-02,16.3900,82.9200,5.0275,-0.626
2022-05-03,16.6400,82.5000,4.9999,0.846
2022-05-04,16.6000,81.8100,4.9962,1.377
2022-05-05,16.0100,80.3300,5.0481,0.610
2022-05-06,15.7200,79.7600,5.0626,-0.221
2022-05-09,14.8100,76.4900,5.1235,-0.799
2022-05-10,14.7000,75.5400,5.1510,0.238
2022-05-11,15.2400,78.6900,5.1042,-1.146
2022-05-12,15.1500,77.9000,5.1368,-0.099
2022-05-13,15.4200,77.8100,5.0801,0.675
2022-05-16,15.8400,80.1400,5.0645,0.102
2022-05-17,16.1100,79.8000,4.9546,0.023
2022-05-18,15.6200,77.7800,4.9720,-0.151
2022-05-19,16.2200,79.8500,4.9035,-0.395
2022-05-20,16.7200,81.2600,4.8618,0.036
2022-05-23,17.2100,82.9200,4.7934,-0.513
2022-05-24,17.4300,84.0400,4.8275,0.123
2022-05-25,17.4900,84.3000,4.8498,0.620
2022-05-26,17.6200,84.2500,4.7824,0.019
2022-05-27,18.0900,85.7200,4.7255,-0.275
2022-05-31,18.0500,86.2100,4.7264,-1.042
2022-06-01,18.3400,88.2400,4.8003,-0.229
2022-06-02,18.8100,89.9000,4.7790,-0.008
2022-06-03,18.5400,88.4600,4.7973,0.545
2022-06-06,18.5400,88.5500,4.7974,0.445
2022-06-07,18.6500,90.6200,4.8848,0.531
2022-06-08,17.8900,87.5000,4.8714,-0.401
2022-06-09,17.0900,84.5400,4.8880,-1.188
2022-06-10,16.8600,84.5600,4.9947,-0.413
2022-06-13,15.8900,81.8800,5.0988,-1.050
2022-06-14,15.8300,81.7200,5.1353,-0.524
2022-06-15,16.2600,81.6700,5.1117,1.771
2022-06-17,14.9300,77.4100,5.1420,-0.827
2022-06-21,14.7200,76.0000,5.1333,-0.576
2022-06-22,14.4800,75.3500,5.1563,-0.911
2022-06-23,13.9200,72.6000,5.2021,-0.257
2022-06-24,14.2000,74.6200,5.2363,-0.355
2022-06-27,14.8800,78.0500,5.2078,-0.715
2022-06-28,15.0200,79.4500,5.2531,-0.690
2022-06-29,15.1900,78.7900,5.2386,0.995
2022-06-30,14.6300,76.5600,5.2196,-0.258
2022-07-01,14.1500,75.1000,5.3083,0.017
2022-07-05,13.7900,74.3000,5.3903,0.043
2022-07-06,13.7900,75.0000,5.4558,0.314
2022-07-07,14.4900,77.1800,5.3520,0.480
2022-07-08,14.2500,75.4000,5.2961,0.092
2022-07-11,13.5000,72.8300,5.3432,-0.957
2022-07-12,13.3800,73.0500,5.4192,-0.741
2022-07-13,13.4600,72.8000,5.3764,-0.596
2022-07-14,12.4900,67.9500,5.4237,-0.306
2022-07-15,12.6500,68.3700,5.3840,-0.384
2022-07-18,12.7000,68.7300,5.3730,-0.717
2022-07-19,12.7000,68.8800,5.3940,-0.546
2022-07-20,12.4300,67.3900,5.4325,0.202
2022-07-21,12.5100,68.5700,5.4970,0.288
2022-07-22,12.5900,69.2100,5.4558,-0.753
2022-07-25,13.1500,70.4900,5.4015,0.766
2022-07-26,13.1400,70.3600,5.3699,0.285
2022-07-27,13.4800,70.5200,5.2962,1.238
2022-07-28,13.6600,70.6900,5.2150,0.774
2022-07-29,13.4600,69.7500,5.1810,-0.020
2022-08-01,13.1400,68.0800,5.1508,-0.585
2022-08-02,13.3800,70.2500,5.2420,-0.159
2022-08-03,12.8000,67.5200,5.2693,-0.108
2022-08-04,12.8600,67.1300,5.2165,-0.068
2022-08-05,13.2000,68.0000,5.1987,0.916
2022-08-08,13.3600,68.5800,5.1331,-0.003
2022-08-09,13.6200,70.0000,5.1302,-0.181
2022-08-10,13.7600,70.0500,5.0530,-0.743
2022-08-11,14.0100,72.4900,5.1396,-0.668
2022-08-12,13.6000,69.8000,5.0860,-0.903
2022-08-15,13.4100,68.3000,5.0818,-0.224
2022-08-16,13.5800,69.8200,5.1443,0.057
2022-08-17,13.2100,68.2300,5.1705,0.106
2022-08-18,13.1000,67.7200,5.1873,0.345
2022-08-19,12.8800,66.9600,5.1947,-0.078
2022-08-22,12.7700,65.9800,5.1669,0.002
2022-08-23,13.7600,70.2100,5.0810,-0.421
2022-08-24,13.3100,67.9500,5.0939,-0.221
2022-08-25,13.5400,69.2700,5.1160,0.001
2022-08-26,13.4500,68.2300,5.0826,0.192
2022-08-29,13.2500,66.9100,5.0273,-0.446
2022-08-30,12.6300,64.9700,5.0770,-1.304
2022-08-31,12.4200,64.5000,5.1870,-0.120
2022-09-01,12.1500,63.8900,5.2238,-0.659
2022-09-02,12.1700,62.9200,5.1720,0.037
2022-09-06,12.1400,63.6700,5.2305,-0.270
2022-09-08,12.3400,64.5100,5.2196,-0.155
2022-09-09,13.5100,69.5500,5.1541,0.118
2022-09-12,13.7800,70.1600,5.1562,1.272
2022-09-13,13.1500,68.2500,5.1860,-0.079
2022-09-14,12.9200,67.0000,5.1755,-0.198
2022-09-15,13.0500,68.3500,5.2330,-0.087
2022-09-16,12.9800,68.2500,5.2870,0.550
2022-09-19,13.6000,70.4600,5.1762,-0.090
2022-09-20,13.4000,69.4500,5.1516,-0.603
2022-09-21,13.1300,68.4500,5.1806,-0.626
2022-09-22,13.6400,70.0200,5.1742,0.794
2022-09-23,13.0400,68.5700,5.2370,-0.408
2022-09-26,12.5900,68.7200,5.3914,-1.226
2022-09-27,12.5500,67.7000,5.3595,-0.647
2022-09-28,12.7700,68.3400,5.3636,0.224
2022-09-29,12.6600,68.4300,5.3943,-0.202
2022-09-30,13.3200,72.0400,5.4008,-0.141
2022-10-03,14.2500,74.0000,5.1823,-0.206
2022-10-04,14.6400,75.7900,5.1523,-0.475
2022-10-05,14.8000,76.9600,5.2205,0.394
2022-10-06,14.5100,75.2300,5.2052,0.395
2022-10-07,14.4200,75.5100,5.2151,-0.408
2022-10-10,14.0900,73.9900,5.2151,-0.688
2022-10-11,13.8500,73.4900,5.2105,-1.802
2022-10-13,13.6700,72.1800,5.2779,-0.043
2022-10-14,13.0700,69.8300,5.2980,-0.838
2022-10-17,13.2800,70.9300,5.2606,-1.507
2022-10-18,13.6400,71.9600,5.2905,0.281
2022-10-19,13.4500,71.1100,5.2816,-0.102
2022-10-20,13.7400,72.0200,5.2053,-0.693
2022-10-21,14.3300,74.1300,5.1750,0.037
2022-10-24,13.5000,71.9300,5.2768,-0.964
2022-10-25,13.5500,71.9300,5.2898,-0.352
2022-10-26,13.7400,73.5300,5.3228,-0.537
2022-10-27,13.3700,70.9100,5.2839,-0.373
2022-10-28,12.6400,67.4500,5.3547,0.346
2022-10-31,12.9400,67.1300,5.2464,1.130
2022-11-01,13.4300,69.1700,5.1073,-0.837
2022-11-03,13.1100,67.1500,5.1005,-0.421
2022-11-04,14.3900,72.2500,5.0443,0.467
2022-11-07,13.9000,71.8700,5.1222,-0.934
2022-11-08,14.4200,74.0500,5.1422,0.136
2022-11-09,14.0700,73.1500,5.1499,-0.945
2022-11-10,13.8500,74.5500,5.3287,-1.003
2022-11-11,15.4500,82.3000,5.3287,0.035
2022-11-14,15.7100,83.3100,5.3173,0.270
2022-11-16,15.2200,82.4400,5.3542,-1.151
2022-11-17,15.3300,83.1000,5.4584,0.695
2022-11-18,15.0700,80.8300,5.3757,0.225
2022-11-21,15.0400,79.9200,5.3335,0.370
2022-11-22,14.8900,80.1400,5.3571,-0.465
2022-11-23,15.1200,80.9300,5.3905,0.710
2022-11-25,15.1200,80.9000,5.3838,0.622
2022-11-28,15.1700,81.3000,5.3680,0.163
2022-11-29,16.0900,84.4400,5.2945,0.886
2022-11-30,16.5000,85.7100,5.2563,1.189
2022-12-01,16.6400,86.1800,5.1868,0.149
2022-12-02,16.7200,86.8000,5.2100,0.359
2022-12-05,16.4600,86.7100,5.2611,-0.130
2022-12-06,16.7600,87.9700,5.2415,-0.139
2022-12-07,16.1700,84.8400,5.2187,-0.535
2022-12-08,16.4300,85.8800,5.2003,-0.511
2022-12-09,16.9400,88.7400,5.2365,-0.038
2022-12-12,16.2300,86.0900,5.3344,0.566
2022-12-13,16.1800,86.1600,5.2690,-1.053
2022-12-14,16.4100,86.8900,5.2997,0.090
2022-12-15,16.4000,87.1700,5.3285,0.249
2022-12-16,16.0700,85.6800,5.2725,-1.110
2022-12-19,16.1000,85.3700,5.3097,0.136
2022-12-20,16.4400,85.7500,5.2006,-0.294
2022-12-21,16.5900,86.2400,5.1955,-0.054
2022-12-22,16.5400,85.7500,5.1655,-0.365
2022-12-23,16.6900,86.3200,5.1368,-0.680
2022-12-27,16.8800,89.1900,5.2790,-0.090
2022-12-28,16.9200,88.9900,5.2675,0.153
2022-12-29,16.8800,88.8800,5.2547,-0.203
2023-01-03,16.3500,89.2400,5.4257,-0.594
2023-01-04,16.5500,89.4000,5.4430,0.762
2023-01-05,17.0900,90.9000,5.3840,1.224
2023-01-06,17.6600,92.3400,5.2533,0.469
2023-01-09,17.5200,92.4400,5.2648,-0.217
2023-01-10,17.9600,93.5800,5.2159,0.104
2023-01-11,17.9000,93.2500,5.1950,-0.278
2023-01-12,18.3800,93.7400,5.1120,0.233
2023-01-13,18.4300,93.8200,5.0968,0.122
2023-01-17,18.0000,92.1300,5.0974,-0.409
2023-01-18,18.0500,93.3400,5.1288,-0.820
2023-01-19,18.0700,93.7400,5.2233,0.688
2023-01-20,18.1200,93.9900,5.2109,0.459
2023-01-23,18.1300,94.3000,5.1884,-0.248
2023-01-24,18.5200,95.3000,5.1405,-0.103
2023-01-25,18.9100,96.2000,5.0902,0.058
2023-01-26,19.3000,98.0000,5.0875,0.193
2023-01-27,18.6600,95.3200,5.0902,-0.353
2023-01-30,18.5100,94.9800,5.1024,-0.563
2023-01-31,18.6800,94.5100,5.0934,0.672
2023-02-01,18.4500,93.4600,5.0746,0.178
2023-02-02,17.6600,89.1400,5.0138,-0.669
2023-02-03,17.3200,88.9500,5.1339,-0.035
2023-02-06,16.9600,87.8400,5.2025,0.449
2023-02-07,16.9500,88.4200,5.1868,-0.570
2023-02-08,16.9500,88.7200,5.2183,-0.304
2023-02-09,16.7600,88.3900,5.2528,-0.399
2023-02-10,16.5600,86.8000,5.2528,0.215
2023-02-13,16.7200,86.7100,5.1822,-0.073
2023-02-14,16.7700,87.1000,5.1738,-0.385
2023-02-15,17.0500,89.0000,5.2172,-0.053
2023-02-16,17.0900,89.1900,5.2313,0.239
2023-02-17,17.0200,88.0300,5.1776,0.105
2023-02-22,16.9100,87.3600,5.1940,0.539
2023-02-23,16.9200,86.9500,5.1386,-0.006
2023-02-24,16.3300,85.0400,5.1865,-0.405
2023-02-27,16.3000,85.0400,5.2031,-0.270
2023-02-28,16.3400,85.3200,5.2283,0.129
2023-03-01,17.3200,89.2000,5.1965,0.901
2023-03-02,17.1000,89.0000,5.2033,-0.026
2023-03-03,17.1100,89.3000,5.2067,-0.239
2023-03-06,16.6900,86.1500,5.1680,0.121
2023-03-07,16.3200,85.3300,5.1933,-0.674
2023-03-08,16.7200,86.1100,5.1251,-0.486
2023-03-09,16.4700,84.9800,5.1542,-0.106
2023-03-10,16.2000,84.7000,5.1838,-0.853
2023-03-13,16.0700,85.0500,5.2382,-1.025
2023-03-14,15.9400,83.9800,5.2565,-0.228
2023-03-15,15.4200,81.4500,5.3062,0.456
2023-03-16,15.5900,81.7500,5.2800,0.691
2023-03-17,15.7900,82.7300,5.2813,0.800
2023-03-20,15.8600,83.4100,5.2475,-0.221
2023-03-21,15.7200,82.7100,5.2458,-0.297
2023-03-22,15.5400,81.6800,5.2594,0.063
2023-03-23,14.9500,79.5800,5.2692,-1.012
2023-03-24,14.9500,78.6700,5.2506,-0.221
2023-03-27,14.9700,78.5400,5.2340,-0.238
2023-03-28,15.2800,79.3700,5.1678,-0.512
2023-03-29,15.6100,80.5100,5.1405,-0.331
2023-03-30,15.9400,81.8200,5.1203,-0.247
2023-03-31,15.7800,80.2900,5.0702,-0.352
2023-04-03,15.7500,80.3100,5.0683,-0.603
2023-04-04,15.2500,78.0400,5.0919,-0.498
2023-04-05,15.1800,76.8900,5.0380,-0.537
2023-04-06,15.1000,76.7500,5.0644,-0.362
2023-04-10,15.3700,78.2300,5.0832,-0.129
2023-04-11,16.4200,82.3600,5.0078,-0.160
2023-04-12,16.2400,80.6000,4.9370,-0.525
2023-04-13,16.0500,79.5100,4.9020,-1.048
2023-04-14,15.9600,78.8100,4.9385,0.011
2023-04-17,15.6800,77.8700,4.9450,-0.427
2023-04-18,15.7700,78.5400,4.9735,-0.137
2023-04-19,14.9700,76.2500,5.0511,-0.833
2023-04-20,14.7200,74.6600,5.0422,-0.588
2023-04-24,14.1400,71.9600,5.0554,-0.662
2023-04-25,13.7600,70.0000,5.0618,-0.499
2023-04-26,13.8900,70.2700,5.0487,-0.204
2023-04-27,14.3300,71.7600,5.0116,0.078
2023-04-28,14.4100,72.4000,5.0049,-0.386
2023-05-02,13.7700,69.5400,5.0410,-0.180
2023-05-03,13.7900,69.0000,5.0133,0.193
2023-05-04,13.3600,66.8600,5.0196,0.302
2023-05-05,13.9000,69.0400,4.9534,-0.272
2023-05-08,13.9000,69.9700,4.9925,-0.821
2023-05-09,14.1000,70.6900,4.9838,-0.592
2023-05-10,14.0000,69.3600,4.9559,0.033
2023-05-11,13.7100,68.0100,4.9580,-0.053
2023-05-12,13.7800,68.0800,4.9250,-0.314
2023-05-15,14.0800,69.0600,4.9056,0.016
2023-05-16,13.6900,67.6400,4.9139,-0.545
2023-05-17,14.1600,69.8800,4.9416,0.133
2023-05-18,14.0900,69.9800,4.9641,-0.051
2023-05-19,13.8600,69.2100,4.9842,-0.186
2023-05-22,13.6900,68.1000,4.9627,-0.236
2023-05-23,13.3500,66.5600,4.9535,-0.647
2023-05-24,13.1200,65.0500,4.9427,-0.310
2023-05-25,12.8700,64.8500,5.0147,-0.479
2023-05-26,13.2600,66.3300,5.0035,0.025
2023-05-30,12.7600,64.2800,5.0614,0.472
2023-05-31,12.6800,63.8100,5.1087,1.517
2023-06-01,13.0400,65.1600,5.0201,0.464
2023-06-02,13.6800,67.9400,4.9592,-0.144
2023-06-05,13.6100,67.3800,4.9171,-0.680
2023-06-06,13.7400,67.6000,4.9108,-0.186
2023-06-07,13.9400,68.6700,4.9082,-0.364
2023-06-09,14.0400,68.3600,4.8846,0.322
2023-06-12,13.7700,67.1200,4.8773,0.060
2023-06-13,13.9000,67.8300,4.8567,-0.475
2023-06-14,14.2500,69.0200,4.8424,-0.023
2023-06-15,14.4700,69.5600,4.8111,0.081
2023-06-16,14.4400,69.6700,4.8309,0.127
2023-06-20,14.0500,67.6100,4.7959,-0.337
2023-06-21,13.9800,66.9300,4.7640,-0.492
2023-06-22,13.9100,66.5700,4.7764,-0.196
2023-06-23,13.7000,65.9000,4.7734,-0.765
2023-06-26,13.7900,66.0400,4.7700,-0.396
2023-06-27,13.9100,66.8300,4.8042,-0.005
2023-06-28,13.3300,64.7200,4.8433,-0.245
2023-06-29,13.5200,65.5100,4.8491,0.076
2023-06-30,13.4200,64.2200,4.8102,0.518
2023-07-03,13.7600,66.2300,4.7900,-0.483
2023-07-05,13.3900,65.3200,4.8574,-0.428
2023-07-06,13.1700,64.8500,4.9250,0.019
2023-07-07,13.4000,65.4600,4.8622,-0.468
2023-07-10,13.2100,64.4600,4.8652,-0.296
2023-07-11,13.7200,66.5800,4.8823,0.609
2023-07-12,13.9300,67.0500,4.8148,0.030
2023-07-13,14.3400,68.6100,4.8131,0.597
2023-07-14,14.2900,68.6100,4.7988,-0.051
2023-07-17,14.0700,67.8500,4.8249,0.054
2023-07-18,14.0300,67.4200,4.7985,-0.144
2023-07-19,14.0500,67.2400,4.8022,0.343
2023-07-20,14.0500,67.3900,4.8074,0.228
2023-07-21,14.1900,67.8000,4.7680,-0.210
2023-07-24,14.7100,69.8500,4.7309,-0.370
2023-07-25,15.1700,72.0100,4.7442,-0.056
2023-07-26,15.1000,71.7600,4.7355,-0.354
2023-07-27,14.7900,70.4200,4.7179,-0.912
2023-07-28,14.2400,67.6300,4.7306,-0.394
2023-07-31,14.6300,69.1600,4.7407,0.284
2023-08-01,14.1500,68.2000,4.7824,-0.776
2023-08-02,13.9000,67.0900,4.8140,-0.261
2023-08-03,13.8000,67.5100,4.8820,-0.205
2023-08-04,13.8300,67.5600,4.8548,-0.619
2023-08-07,13.8700,67.9000,4.8971,0.034
2023-08-08,13.7500,67.4600,4.9083,0.043
2023-08-09,13.6000,66.8500,4.9020,-0.273
2023-08-10,13.5000,66.0600,4.8453,-0.982
2023-08-11,13.3200,65.5100,4.8944,-0.483
2023-08-14,12.4700,61.9000,4.9555,-0.169
2023-08-15,12.2700,61.2900,4.9753,-0.397
2023-08-16,12.2800,61.0500,4.9660,-0.111
2023-08-17,12.3900,61.9100,4.9836,-0.264
2023-08-18,12.3100,61.2200,4.9649,-0.167
2023-08-21,12.3000,61.3000,4.9864,0.053
2023-08-22,12.6900,62.5800,4.9370,0.113
2023-08-23,12.9700,63.0400,4.8789,0.380
2023-08-24,12.7300,62.2000,4.8825,-0.074
2023-08-25,12.7400,62.0700,4.8765,0.091
2023-08-28,12.9200,62.9600,4.8931,0.411
2023-08-29,13.3300,64.9700,4.8566,-0.356
2023-08-30,13.3300,64.9800,4.8592,-0.318
2023-08-31,13.1700,65.0800,4.9324,-0.185
2023-09-01,13.9900,68.8900,4.9425,0.371
2023-09-05,13.8800,69.1000,4.9643,-0.283
2023-09-06,13.6200,67.9900,4.9690,-0.459
2023-09-08,13.3100,66.7100,4.9762,-0.715
2023-09-11,13.6900,67.6700,4.9346,-0.170
2023-09-12,13.6000,67.6200,4.9423,-0.599
2023-09-13,13.7000,67.3600,4.9053,-0.234
2023-09-14,14.4000,70.1200,4.8669,-0.052
2023-09-15,14.3200,69.5400,4.8674,0.232
2023-09-18,14.1100,68.7200,4.8469,-0.481
2023-09-19,14.1200,68.8500,4.8586,-0.358
2023-09-20,14.2000,69.3100,4.8471,-0.694
2023-09-21,13.6500,67.5000,4.9212,-0.482
2023-09-22,13.7500,68.0000,4.9128,-0.660
2023-09-25,13.4000,66.6000,4.9637,-0.130
2023-09-26,13.1000,65.5600,4.9835,-0.421
2023-09-27,12.9900,65.7000,5.0565,-0.024
2023-09-28,13.2300,66.7000,5.0357,-0.116
2023-09-29,13.4000,67.5800,5.0021,-0.817
2023-10-02,13.2200,66.9900,5.0770,0.191
2023-10-03,12.8800,66.5800,5.1348,-0.667
2023-10-04,12.7600,65.8700,5.1362,-0.504
2023-10-05,12.7800,65.9000,5.1809,0.473
2023-10-06,12.9800,66.8600,5.1530,0.039
2023-10-09,12.8600,66.3800,5.1530,-0.169
2023-10-10,13.2000,66.7800,5.0668,0.152
2023-10-11,13.3700,67.3600,5.0501,0.237
2023-10-13,13.0900,66.5900,5.0740,-0.257
2023-10-16,13.3500,67.3000,5.0571,0.315
2023-10-17,13.4600,67.8500,5.0157,-0.499
2023-10-18,12.9000,65.3600,5.0635,-0.063
2023-10-19,12.7600,64.4200,5.0435,-0.101
2023-10-20,12.4100,62.6800,5.0346,-0.320
2023-10-23,12.4400,62.5600,5.0066,-0.444
2023-10-24,12.8400,63.9900,4.9998,0.324
2023-10-25,12.7200,63.9300,4.9987,-0.542
2023-10-26,13.0300,65.3000,5.0051,-0.128
2023-10-27,13.4900,67.5700,4.9464,-1.248
2023-10-30,13.5200,68.1800,5.0390,-0.077
2023-10-31,13.7100,69.0000,5.0433,0.208
2023-11-01,14.1900,70.3200,5.0154,1.207
2023-11-03,14.5300,71.2000,4.8879,-0.251
2023-11-06,14.6100,71.5000,4.8921,-0.037
2023-11-07,14.3100,70.0800,4.8677,-0.604
2023-11-08,14.2400,70.1300,4.8905,-0.698
2023-11-09,14.2500,70.4700,4.9037,-0.840
2023-11-10,14.5900,71.5500,4.9037,-0.007
2023-11-13,14.4700,71.4000,4.9090,-0.514
2023-11-14,15.1600,73.6100,4.8658,0.211
2023-11-16,15.2000,74.1000,4.8790,0.082
2023-11-17,15.1400,74.2400,4.8964,-0.146
2023-11-20,15.6500,76.0600,4.8652,0.106
2023-11-21,15.8700,77.9000,4.8933,-0.312
2023-11-22,15.2100,74.8500,4.8885,-0.663
2023-11-24,15.0600,73.7500,4.8990,0.039
2023-11-27,14.8900,73.3100,4.9058,-0.358
2023-11-28,15.0900,73.4700,4.8614,-0.152
2023-11-29,14.9400,73.4500,4.8962,-0.409
2023-11-30,15.0000,73.8500,4.9297,0.129
2023-12-01,15.3700,75.2200,4.8860,-0.162
2023-12-04,14.8000,73.5300,4.9293,-0.784
2023-12-05,14.7200,72.8500,4.9483,-0.015
2023-12-06,14.6900,72.3700,4.8987,-0.564
2023-12-07,14.8300,72.6000,4.9042,0.178
2023-12-08,14.6800,72.8000,4.9324,-0.539
2023-12-11,14.7800,72.8600,4.9404,0.218
2023-12-12,14.6500,72.9900,4.9635,-0.376
2023-12-13,14.8400,73.0000,4.9721,1.077
2023-12-14,14.9700,73.4000,4.8976,-0.113
2023-12-15,14.9600,73.8600,4.9391,0.039
2023-12-18,15.2000,74.2100,4.9363,1.107
2023-12-19,15.3600,74.7300,4.8638,-0.029
2023-12-20,15.1800,74.4900,4.8906,-0.337
2023-12-21,15.7700,76.9700,4.8742,-0.135
2023-12-22,15.7400,76.3900,4.8579,0.096
2023-12-26,15.9300,76.6600,4.8260,0.285
2023-12-27,16.0100,77.4000,4.8321,-0.049
2023-12-28,15.8900,77.2000,4.8514,-0.144
2024-01-02,15.7100,77.0500,4.8943,-0.208
2024-01-03,15.6200,76.6500,4.9239,0.341
2024-01-04,15.4300,75.6200,4.9143,0.275
2024-01-05,15.3000,74.6500,4.8744,-0.096
2024-01-08,15.2700,74.2700,4.8745,0.220
2024-01-09,14.9300,73.3300,4.8956,-0.326
2024-01-10,14.7700,72.2300,4.8929,0.053
2024-01-11,14.8800,72.6100,4.8838,0.084
2024-01-12,14.7700,71.6900,4.8536,-0.003
2024-01-16,14.3100,70.6200,4.9163,-0.379
2024-01-17,14.0600,69.3500,4.9280,-0.090
2024-01-18,14.0400,69.0000,4.9440,0.600
2024-01-19,13.8000,68.1000,4.9280,-0.137
2024-01-22,13.6200,67.8000,4.9815,0.071
2024-01-23,14.0300,69.2000,4.9744,0.854
2024-01-24,14.1700,69.9000,4.9190,-0.283
2024-01-25,13.8500,68.1800,4.9272,0.091
2024-01-26,14.1700,69.5000,4.9135,0.179
2024-01-29,13.9900,69.1700,4.9422,-0.041
2024-01-30,13.8900,68.7800,4.9627,0.221
2024-01-31,13.6900,67.7600,4.9390,-0.214
2024-02-01,13.7200,67.4500,4.9195,0.068
2024-02-02,13.2900,66.0800,4.9700,-0.043
2024-02-05,13.1400,65.5100,5.0018,0.326
2024-02-06,13.4100,66.6700,4.9539,-0.357
2024-02-07,13.4900,66.8000,4.9628,0.222
2024-02-08,13.2700,66.2100,4.9940,0.091
2024-02-09,13.2600,65.9200,4.9678,-0.071
2024-02-14,13.2500,65.7200,4.9653,0.107
2024-02-15,13.2300,65.5100,4.9739,0.450
2024-02-16,13.6300,68.0000,4.9702,-0.377
2024-02-20,13.3700,66.0100,4.9324,-0.097
2024-02-21,13.4300,66.5100,4.9276,-0.500
2024-02-22,13.5100,67.2200,4.9408,-0.699
2024-02-23,13.4700,67.3800,4.9760,-0.524
2024-02-26,13.1700,65.7500,4.9890,-0.068
2024-02-27,13.6200,67.4800,4.9423,-0.246
2024-02-28,13.3700,66.7400,4.9520,-0.797
2024-02-29,13.4100,66.9900,4.9710,-0.491
2024-03-01,13.4900,66.8800,4.9483,-0.191
2024-03-04,13.4400,66.7300,4.9428,-0.448
2024-03-05,13.2300,65.8500,4.9565,-0.418
2024-03-06,13.4700,66.7500,4.9351,-0.411
2024-03-07,13.4900,66.5200,4.9319,0.017
2024-03-08,13.1900,66.0100,4.9766,-0.558
2024-03-11,12.8300,63.9600,4.9678,-0.349
2024-03-12,12.2100,60.8400,4.9820,-0.016
2024-03-13,12.2800,61.2300,4.9763,-0.198
2024-03-14,12.1100,60.4500,4.9812,-0.211
2024-03-15,11.9600,59.7600,4.9948,-0.037
2024-03-18,12.1200,60.9000,5.0194,-0.107
2024-03-19,12.2100,61.4000,5.0214,-0.144
2024-03-20,12.3800,61.8100,5.0041,0.228
2024-03-21,12.3800,61.6600,4.9785,-0.042
2024-03-22,12.1800,60.9500,4.9872,-0.338
2024-03-25,12.1600,60.8200,4.9859,-0.315
2024-03-26,12.0200,60.0500,4.9910,-0.097
2024-03-27,12.1700,60.6000,4.9756,-0.077
2024-03-28,12.1900,60.8300,5.0042,0.281
2024-04-01,12.1100,61.2200,5.0670,0.231
2024-04-02,12.2700,61.9400,5.0528,0.093
2024-04-03,12.0800,61.0500,5.0621,0.164
2024-04-04,11.9200,60.3700,5.0086,-1.106
2024-04-05,11.8000,59.7100,5.0638,0.072
2024-04-08,12.5000,62.9700,5.0292,-0.167
2024-04-09,12.5000,62.5500,5.0049,0.018
2024-04-10,12.1500,61.6000,5.0736,0.072
2024-04-11,12.1700,61.8600,5.0763,-0.132
2024-04-12,12.0200,61.6300,5.1374,0.197
2024-04-15,12.0000,61.9900,5.1791,0.257
2024-04-16,11.6700,61.4400,5.2679,0.059
2024-04-17,11.8500,62.1100,5.2401,-0.024
2024-04-18,11.8400,62.3400,5.2567,-0.161
2024-04-19,12.1800,63.3600,5.2103,0.160
2024-04-22,12.2000,63.3300,5.2090,0.347
2024-04-23,12.2100,62.7800,5.1919,0.977
2024-04-24,12.3700,63.5600,5.1570,0.365
2024-04-25,12.0600,62.2200,5.1643,0.099
2024-04-26,12.2800,62.2200,5.1143,0.938
2024-04-29,12.4900,63.9000,5.1169,0.016
2024-04-30,12.1700,63.2900,5.1764,-0.463
2024-05-02,12.5200,63.9200,5.1131,0.150
2024-05-03,12.6100,63.9900,5.0720,-0.050
2024-05-06,12.5900,64.1800,5.0648,-0.645
2024-05-07,12.6900,64.5800,5.0656,-0.461
2024-05-08,12.5500,63.9900,5.0645,-0.673
2024-05-09,12.5800,64.5100,5.1568,0.562
2024-05-10,12.4400,64.2900,5.1545,-0.261
2024-05-13,12.5700,64.6700,5.1605,0.305
2024-05-14,12.5600,64.6300,5.1348,-0.212
2024-05-15,12.5600,64.4400,5.1298,-0.015
2024-05-16,12.6600,64.9100,5.1277,0.010
2024-05-17,12.9900,66.1800,5.1155,0.408
2024-05-20,12.9200,66.1500,5.0970,-0.449
2024-05-21,12.8800,65.9600,5.1123,-0.172
2024-05-22,12.6500,65.4400,5.1460,-0.524
2024-05-23,12.5800,65.0500,5.1500,-0.404
2024-05-24,12.6000,65.0800,5.1491,-0.309
2024-05-28,12.3600,63.8900,5.1541,-0.290
2024-05-29,12.1300,63.2400,5.2030,-0.202
2024-05-31,12.0500,63.2000,5.2413,-0.067
2024-06-03,11.8200,61.8700,5.2345,0.003
2024-06-04,11.5400,61.2400,5.2887,-0.340
2024-06-05,11.4100,60.3700,5.2824,-0.162
2024-06-06,11.6200,61.2100,5.2549,-0.242
2024-06-07,11.3500,60.4100,5.2731,-0.928
2024-06-10,11.4000,61.0700,5.3645,0.140
2024-06-11,11.3800,60.9800,5.3529,-0.105
2024-06-12,11.1200,60.1400,5.3920,-0.301
2024-06-13,11.3200,60.8300,5.3777,0.075
2024-06-14,11.2600,60.6200,5.3559,-0.516
2024-06-17,11.1600,60.3800,5.4173,0.128
2024-06-18,11.1800,60.6600,5.4054,-0.375
2024-06-20,11.2900,61.4000,5.4471,0.159
2024-06-21,11.2500,60.8300,5.4539,0.865
2024-06-24,11.2800,60.9000,5.4025,0.066
2024-06-25,11.1000,60.6500,5.4358,-0.515
2024-06-26,11.1400,61.4000,5.5081,-0.065
2024-06-27,11.1600,61.5600,5.5295,0.242
2024-06-28,11.1700,62.2200,5.5596,-0.192
2024-07-01,11.2000,63.1400,5.5887,-0.866
2024-07-02,11.1400,62.9300,5.6768,0.492
2024-07-03,11.6100,64.1800,5.5724,0.803
2024-07-05,11.6600,63.6000,5.4802,0.470
2024-07-08,11.4800,63.1000,5.4587,-0.688
2024-07-09,11.5600,63.0200,5.4316,-0.366
2024-07-10,11.4700,62.1700,5.4030,-0.318
2024-07-11,11.3900,62.0100,5.4265,-0.326
2024-07-12,11.5200,62.9200,5.4559,-0.108
2024-07-15,11.5100,62.9900,5.4383,-0.627
2024-07-16,11.4900,62.3300,5.4566,0.588
2024-07-17,11.2100,61.7500,5.4769,-0.573
2024-07-18,10.9400,61.1700,5.5395,-0.928
2024-07-19,10.9300,61.1200,5.5569,-0.627
2024-07-22,10.9200,61.0500,5.5485,-0.754
2024-07-23,10.7700,60.2300,5.5685,-0.427
2024-07-24,10.6700,60.6000,5.6352,-0.780
2024-07-25,10.7000,60.5700,5.6254,-0.624
2024-07-26,10.8600,61.4700,5.6551,-0.090
2024-07-29,10.8800,61.5800,5.6514,-0.151
2024-07-30,10.6900,60.2200,5.6543,0.373
2024-07-31,10.8500,61.6300,5.6628,-0.306
2024-08-01,10.4800,60.2500,5.6935,-0.966
2024-08-02,10.3700,59.4100,5.7359,0.120
2024-08-05,9.9500,57.0200,5.7496,0.331
2024-08-06,10.1000,57.3100,5.6409,-0.588
2024-08-07,10.1200,57.2000,5.6000,-0.923
2024-08-08,10.1700,56.8500,5.6012,0.201
2024-08-09,10.2700,57.0600,5.5099,-0.830
2024-08-12,10.2800,56.7700,5.5058,-0.300
2024-08-13,10.3400,56.5200,5.4867,0.376
2024-08-14,10.1600,56.0000,5.4577,-0.982
2024-08-15,10.2100,56.2300,5.4610,-0.842
2024-08-16,10.1900,56.0800,5.4751,-0.515
2024-08-19,10.5100,56.9800,5.4048,-0.308
2024-08-20,10.3800,57.2000,5.4727,-0.688
2024-08-21,10.6400,58.3000,5.4737,-0.103
2024-08-22,10.4300,58.3800,5.5675,-0.533
2024-08-23,10.4400,57.4000,5.5102,0.220
2024-08-26,10.6100,58.0500,5.4980,0.489
2024-08-27,10.8900,59.8000,5.5043,0.237
2024-08-28,10.6900,59.3700,5.5351,-0.337
2024-08-29,10.5500,59.3000,5.6355,0.261
2024-08-30,10.5200,59.5800,5.6193,-0.780
2024-09-03,10.0000,56.5500,5.6490,-0.106
2024-09-04,10.1100,56.9900,5.6403,0.059
2024-09-05,10.2400,57.4000,5.5924,-0.233
2024-09-06,10.1300,56.6800,5.5884,-0.123
2024-09-09,10.1400,56.6800,5.6042,0.259
2024-09-10,9.9100,56.0000,5.6483,-0.045
2024-09-11,10.2200,57.5900,5.6481,0.232
2024-09-12,10.3700,58.1100,5.6499,0.825
2024-09-13,10.5100,58.5000,5.5495,-0.299
2024-09-16,10.5900,58.5000,5.5104,-0.248
2024-09-17,10.5800,58.2200,5.5013,-0.028
2024-09-18,10.5300,57.5400,5.4825,0.331
2024-09-19,10.7600,58.2300,5.4048,-0.128
2024-09-20,10.4000,57.3500,5.4895,-0.452
2024-09-23,10.4000,57.5300,5.5353,0.065
2024-09-24,11.0700,60.3400,5.4660,0.279
2024-09-25,11.1600,60.6100,5.4809,0.919
2024-09-26,11.8000,64.2500,5.4332,-0.215
2024-09-27,11.7900,63.9600,5.4318,0.127
2024-09-30,11.6800,63.5100,5.4509,0.246
2024-10-01,11.7200,63.8200,5.4451,-0.005
2024-10-02,11.7800,64.1700,5.4363,-0.203
2024-10-03,11.4800,62.9400,5.4916,0.165
2024-10-04,11.4500,62.4800,5.4585,0.032
2024-10-07,11.5200,63.0300,5.4859,0.266
2024-10-08,11.0500,61.1200,5.5297,-0.028
2024-10-09,10.9100,60.9600,5.5823,-0.094
2024-10-10,10.9900,61.2500,5.5824,0.164
2024-10-11,11.0800,62.1300,5.6346,0.485
2024-10-14,11.1000,61.9300,5.6346,0.992
2024-10-15,10.7900,61.1700,5.6446,-0.433
2024-10-16,10.9800,62.3400,5.6602,-0.306
2024-10-17,10.7400,60.7600,5.6764,0.337
2024-10-18,10.6300,60.5500,5.6787,-0.306
2024-10-21,10.5700,60.3300,5.7026,-0.089
2024-10-22,10.6200,60.4100,5.6914,0.054
2024-10-23,10.4100,59.3500,5.7045,0.057
2024-10-24,10.4900,59.7000,5.7068,0.275
2024-10-25,10.8800,61.7300,5.7018,0.495
2024-10-28,11.0100,62.8800,5.7063,-0.085
2024-10-29,10.8900,62.6600,5.7248,-0.506
2024-10-30,10.8100,62.4700,5.7780,-0.016
2024-10-31,10.7000,62.0600,5.7887,-0.195
2024-11-01,10.6000,62.0300,5.8292,-0.388
2024-11-04,10.7800,62.6700,5.7707,-0.737
2024-11-05,10.8100,62.1200,5.7720,0.443
2024-11-06,10.8000,61.4200,5.7043,0.304
2024-11-07,11.2100,63.5600,5.7028,0.580
2024-11-08,10.5900,60.6300,5.7813,0.980
2024-11-11,10.2200,58.6500,5.7813,0.741
2024-11-12,9.9700,57.3200,5.7779,0.498
2024-11-13,9.8900,57.1600,5.8127,0.573
2024-11-14,9.8300,56.8400,5.7771,-0.090
2024-11-18,10.0300,57.5500,5.7453,0.131
2024-11-19,10.0200,57.6800,5.7645,0.139
2024-11-21,9.9600,57.6200,5.8279,0.739
2024-11-22,10.0200,58.1800,5.8040,-0.041
2024-11-25,10.0700,58.1700,5.8115,0.605
2024-11-26,9.9000,57.4300,5.8089,0.136
2024-11-27,9.8700,58.1300,5.8721,-0.297
2024-11-29,9.8600,58.7800,5.9956,0.573
2024-12-02,9.7900,58.9200,6.0741,0.926
2024-12-03,9.6800,58.4700,6.0650,0.409
2024-12-04,9.5100,57.3300,6.0330,0.076
2024-12-05,9.6100,57.8000,5.9745,-0.666
2024-12-06,9.3600,56.8100,6.0739,0.073
2024-12-09,9.8500,59.8300,6.0648,-0.153
2024-12-10,9.8800,59.7700,6.0549,0.088
2024-12-11,9.8300,58.8400,6.0090,0.388
2024-12-12,9.4700,56.7100,6.0097,0.356
2024-12-13,9.2600,55.8600,6.0645,0.532
2024-12-16,9.1000,55.8300,6.0579,-1.259
2024-12-17,9.1900,56.1100,6.1122,0.109
2024-12-18,8.7400,54.8100,6.1906,-1.285
2024-12-19,8.7800,53.7700,6.1414,0.282
2024-12-20,8.9000,54.6200,6.0815,-0.906
2024-12-23,8.9400,54.8500,6.1784,0.702
2024-12-26,8.9600,55.0100,6.1570,0.285
2024-12-27,8.9200,54.7400,6.2021,1.065
2024-12-30,8.8600,54.5500,6.2013,0.721
2025-01-02,8.8800,54.2500,6.1556,0.759
2025-01-03,8.6300,53.2400,6.1759,0.109
2025-01-06,8.6200,52.5600,6.1086,0.183
2025-01-07,8.5600,52.0500,6.0641,-0.271
2025-01-08,8.5000,51.5500,6.1280,1.044
2025-01-10,8.5000,51.5200,6.1123,0.843
2025-01-13,8.5100,51.5100,6.1089,0.926
2025-01-14,8.6200,51.8500,6.0506,0.590
2025-01-15,8.7600,52.6000,6.0466,0.700
2025-01-16,8.7700,52.6700,6.0448,0.651
2025-01-17,8.9400,54.4900,6.0368,-0.956
2025-01-21,8.9800,54.0200,6.0275,0.198
2025-01-22,8.8700,52.6600,5.9234,-0.227
2025-01-23,8.8900,52.3200,5.9060,0.352
2025-01-24,8.9800,53.0300,5.8811,-0.411
2025-01-27,9.1600,53.9600,5.9156,0.420
2025-01-28,9.0300,52.6500,5.8596,0.498
2025-01-29,9.0700,52.8000,5.8810,1.024
2025-01-30,9.3900,55.0300,5.8960,0.606
2025-01-31,9.2900,54.1700,5.8370,0.103
2025-02-03,9.3600,54.2100,5.8322,0.700
2025-02-04,9.4300,54.0200,5.7598,0.546
2025-02-05,9.3700,54.3100,5.7986,0.042
2025-02-06,9.6100,55.1300,5.7735,0.641
2025-02-07,9.4700,54.8300,5.7849,-0.086
2025-02-10,9.5600,55.4000,5.7754,-0.338
2025-02-11,9.5700,55.1600,5.7621,-0.030
2025-02-12,9.5600,54.7900,5.7600,0.503
2025-02-13,9.5700,54.8600,5.7623,0.520
2025-02-14,9.7600,55.6700,5.7152,0.198
2025-02-18,9.8100,55.7400,5.6880,0.106
2025-02-19,9.7400,55.6900,5.7143,-0.059
2025-02-20,10.1500,57.7400,5.6970,0.146
2025-02-21,10.1100,58.1600,5.6976,-0.958
2025-02-24,9.9700,57.6300,5.7325,-0.828
2025-02-25,9.8900,57.0700,5.7677,-0.048
2025-02-26,9.7600,56.7200,5.7800,-0.542
2025-02-27,9.6300,56.3000,5.8282,-0.310
2025-02-28,9.4300,55.1500,5.8835,0.601
2025-03-05,9.7000,55.5900,5.8077,1.340
2025-03-06,9.7800,56.2000,5.7785,0.558
2025-03-07,9.9000,57.0200,5.7872,0.479
2025-03-10,9.2400,53.9900,5.7964,-0.799
2025-03-11,9.4000,54.4400,5.8247,0.573
2025-03-12,9.2700,53.7600,5.8208,0.370
2025-03-13,9.4200,54.5000,5.8032,0.305
2025-03-14,9.8100,56.2900,5.7299,-0.142
2025-03-17,10.0800,57.1000,5.6874,0.401
2025-03-18,10.1800,57.5200,5.6714,0.374
2025-03-19,10.1900,57.4200,5.6494,0.257
2025-03-20,10.1400,57.2400,5.6730,0.497
2025-03-21,10.0700,57.4500,5.7242,0.335
2025-03-24,9.9400,57.1500,5.7295,-0.348
2025-03-25,10.0900,57.3400,5.6837,0.015
2025-03-26,10.1300,57.6900,5.7386,0.766
2025-03-27,10.1700,58.1500,5.7339,0.282
2025-03-28,10.0400,57.5600,5.7672,0.595
2025-03-31,9.9800,56.7000,5.7405,1.041
2025-04-01,10.1000,57.1900,5.6874,0.442
2025-04-02,10.0900,56.9300,5.7004,1.031
2025-04-03,9.7300,54.8700,5.6022,-0.657
2025-04-04,9.0800,52.6800,5.8039,0.037
2025-04-07,8.8300,52.0500,5.9242,0.501
2025-04-08,8.2600,49.2000,5.9878,0.527
2025-04-09,8.8600,51.8500,6.0542,3.453
2025-04-10,8.9000,52.7800,5.9429,0.212
2025-04-11,9.2200,53.6600,5.8781,0.999
2025-04-14,9.2700,54.3600,5.8649,0.014
2025-04-15,9.1300,53.8100,5.8809,-0.218
2025-04-16,9.0000,52.5600,5.8610,0.360
2025-04-17,9.1100,52.8800,5.8308,0.451
2025-04-22,9.4400,53.8200,5.7392,0.665
2025-04-23,9.5500,54.4600,5.6969,-0.100
2025-04-24,9.7500,55.3100,5.6709,-0.034
2025-04-25,9.5000,53.8500,5.6810,0.222
2025-04-28,9.6000,54.0400,5.6777,0.862
2025-04-29,9.6000,53.8400,5.6330,0.440
2025-04-30,9.3100,52.8600,5.6612,-0.292
2025-05-02,9.3700,52.8000,5.6485,0.239
2025-05-05,9.3100,52.9600,5.6663,-0.390
2025-05-06,9.3100,53.0000,5.7206,0.488
2025-05-07,9.2200,52.9000,5.7438,0.109
2025-05-08,9.3000,52.7400,5.6798,0.156
2025-05-09,9.3600,52.9500,5.6435,-0.240
2025-05-12,9.6000,54.2800,5.6843,0.533
2025-05-13,9.8800,55.1700,5.6023,0.328
2025-05-14,9.7900,54.9000,5.6131,0.095
2025-05-15,9.8100,55.4500,5.6370,-0.272
2025-05-16,9.8000,55.4900,5.6775,0.269
2025-05-19,9.8300,55.3400,5.6424,0.225
2025-05-20,9.7800,55.3500,5.6687,0.162
2025-05-21,9.6500,54.6400,5.6591,-0.054
2025-05-22,9.5800,54.2300,5.6205,-0.711
2025-05-23,9.6000,54.3200,5.6887,0.537
2025-05-27,9.5400,53.8400,5.6518,0.145
2025-05-28,9.3700,53.4100,5.7053,0.091
2025-05-29,9.4400,53.4500,5.6505,-0.204
2025-05-30,9.1300,52.1000,5.7184,0.209
2025-06-02,9.2700,52.5600,5.7061,0.638
2025-06-03,9.3100,52.5300,5.6444,0.037
2025-06-04,9.3500,52.7700,5.6396,-0.075
2025-06-05,9.5000,52.9100,5.5911,0.388
2025-06-06,9.4900,52.9800,5.5980,0.274
2025-06-09,9.5800,53.2900,5.5755,0.231
2025-06-10,9.6600,53.6500,5.5646,0.194
2025-06-11,9.6100,53.1800,5.5288,-0.091
2025-06-12,9.5400,52.8300,5.5456,0.142
2025-06-13,9.4600,52.1300,5.5450,0.625
2025-06-16,9.8200,53.8300,5.5165,0.635
2025-06-17,9.3500,51.4100,5.4772,-0.385
2025-06-18,9.3000,51.2400,5.4921,-0.319
2025-06-20,9.0600,49.9200,5.5035,-0.117
2025-06-23,9.1800,50.5500,5.5163,0.177
2025-06-24,9.2100,50.5400,5.4985,0.200
2025-06-25,9.0600,50.4800,5.5589,-0.231
2025-06-26,9.4700,52.0000,5.5043,0.242
2025-06-27,9.7400,52.8700,5.4801,0.957
2025-06-30,9.7100,52.6500,5.4294,0.132
2025-07-01,9.8200,53.3600,5.4589,0.462
2025-07-02,10.2800,55.3000,5.4286,0.915
2025-07-03,10.2200,55.0400,5.4178,0.599
2025-07-07,9.9400,54.3900,5.4638,-0.147
2025-07-08,9.9900,54.5800,5.4600,-0.063
2025-07-09,9.8600,54.0400,5.4552,-0.466
2025-07-10,9.9600,55.2800,5.5355,-0.265
2025-07-11,10.1400,56.0000,5.5723,0.898
2025-07-14,9.9000,55.3600,5.5748,-0.306
2025-07-15,9.6900,53.9100,5.5661,0.047
2025-07-16,9.7800,54.4000,5.5650,0.047
2025-07-17,9.8100,54.3000,5.5644,0.528
2025-07-18,9.7700,54.5600,5.5628,-0.388
2025-07-21,10.1300,56.0500,5.5512,0.328
2025-07-22,10.3700,57.5000,5.5543,0.171
2025-07-23,10.4000,57.4200,5.5456,0.443
2025-07-24,10.2300,56.5300,5.5209,-0.091
2025-07-25,10.0000,55.7000,5.5669,-0.056
2025-07-28,9.8400,55.1600,5.5936,-0.216
2025-07-29,9.8900,54.8200,5.5687,0.464
2025-07-30,9.6300,53.8400,5.6193,0.509
2025-07-31,9.5300,53.4600,5.5848,-0.443
2025-08-01,9.7100,53.7500,5.5422,0.120
2025-08-04,9.8500,54.1800,5.5151,0.265
2025-08-05,9.8700,54.1100,5.5062,0.437
2025-08-06,9.8500,53.7700,5.4757,0.308
2025-08-07,9.9900,54.1600,5.4548,0.616
2025-08-08,10.2200,55.3900,5.4208,0.019
2025-08-11,10.2000,55.3300,5.4414,0.311
2025-08-12,10.4000,55.9100,5.3915,0.289
2025-08-13,10.0800,54.0900,5.4049,0.724
2025-08-14,9.9100,53.4200,5.4137,0.430
2025-08-15,9.9200,53.3200,5.3964,0.398
2025-08-18,9.8100,53.2000,5.4206,-0.045
2025-08-19,9.7100,53.2400,5.4764,-0.121
2025-08-20,9.7200,53.0000,5.4742,0.395
2025-08-21,9.8100,53.4500,5.4868,0.703
2025-08-22,10.1200,54.7900,5.4196,0.103
2025-08-25,10.1700,54.9200,5.4086,0.156
2025-08-26,10.2200,55.4100,5.4335,0.217
2025-08-27,10.2500,55.3800,5.4332,0.560
2025-08-28,10.2500,55.4000,5.4093,0.082
2025-08-29,10.2800,55.5600,5.4299,0.467
2025-09-02,10.1700,55.3900,5.4633,0.310
2025-09-03,10.2100,55.6000,5.4571,0.210
2025-09-04,10.2600,55.7100,5.4641,0.631
2025-09-05,10.4000,56.2200,5.3983,-0.138
2025-09-08,10.4500,56.3600,5.4275,0.634
2025-09-09,10.3500,56.1900,5.4280,-0.018
2025-09-10,10.5000,56.5800,5.4089,0.377
2025-09-11,10.6300,57.0200,5.3828,0.349
2025-09-12,10.6700,57.0000,5.3541,0.225
2025-09-15,10.8300,57.5000,5.3088,-0.010
2025-09-16,10.9100,57.7000,5.3006,0.225
2025-09-17,10.8800,57.8000,5.3069,-0.105
2025-09-18,10.8400,57.6900,5.3020,-0.375
2025-09-19,10.8600,57.9200,5.3257,-0.143
2025-09-22,10.8600,58.0000,5.3505,0.183
2025-09-23,10.9500,57.6700,5.2890,0.424
2025-09-24,10.8300,57.8900,5.3180,-0.511
2025-09-25,10.8900,58.2100,5.3435,-0.033
2025-09-26,10.7000,57.0900,5.3413,0.108
2025-09-29,10.7500,57.2800,5.3254,-0.056
2025-09-30,10.8600,57.5800,5.3269,0.469
2025-10-01,10.9800,58.3100,5.3343,0.447
2025-10-02,11.0200,58.7000,5.3658,0.734
2025-10-03,11.0100,58.5900,5.3492,0.520
2025-10-06,11.2900,59.5900,5.3150,0.699
2025-10-07,11.0400,58.7500,5.3420,0.384
2025-10-08,11.1000,59.2000,5.3450,0.219
2025-10-09,11.0300,59.1100,5.3639,0.091
2025-10-10,10.7500,58.8700,5.4845,0.150
2025-10-13,11.0100,59.7500,5.4845,1.062
2025-10-14,10.9700,59.7500,5.4795,0.603
2025-10-15,11.1700,60.8600,5.4426,-0.109
2025-10-16,11.1100,60.3000,5.4348,0.134
2025-10-17,11.1000,60.1300,5.4178,0.013
2025-10-20,11.4000,60.9000,5.3708,0.537
2025-10-21,11.2700,60.8000,5.3722,-0.420
2025-10-22,11.5200,61.8800,5.3919,0.379
2025-10-23,11.4600,61.7600,5.3837,-0.102
2025-10-24,11.4100,61.7300,5.3822,-0.517
2025-10-27,11.4600,61.6600,5.3763,-0.077
2025-10-28,11.6200,62.2000,5.3629,0.188
2025-10-29,11.8300,63.3300,5.3452,-0.152
2025-10-30,11.8900,63.8100,5.3840,0.322
2025-10-31,12.0900,65.2600,5.3858,-0.223
2025-11-03,12.2000,65.3500,5.3608,0.079
2025-11-04,11.9400,64.6200,5.3840,-0.518
2025-11-05,12.3100,65.7300,5.3578,0.342
2025-11-06,12.2300,65.5000,5.3580,0.043
2025-11-07,12.1500,64.7800,5.3432,0.216
2025-11-10,12.3000,65.2100,5.3184,0.316
2025-11-11,12.3400,65.0400,5.3184,0.906
2025-11-12,12.4800,65.7600,5.2955,0.499
2025-11-13,12.3800,65.6700,5.2858,-0.353
2025-11-14,12.3000,65.2700,5.2865,-0.377
2025-11-17,12.1700,65.2200,5.3066,-0.979
2025-11-18,12.1700,65.0200,5.3203,-0.418
2025-11-19,12.1200,64.9500,5.3366,-0.416
2025-11-21,12.0900,65.1600,5.3890,-0.011
2025-11-24,12.0900,65.0900,5.3950,0.208
2025-11-25,12.1900,65.6000,5.3900,0.159
2025-11-26,12.5100,66.5800,5.3496,0.516
2025-11-28,12.6100,67.4000,5.3399,-0.095
2025-12-01,12.6900,67.9200,5.3543,0.038
2025-12-02,12.8900,68.4800,5.3424,0.560
2025-12-03,13.3000,70.6900,5.3115,-0.067
2025-12-04,13.5600,71.9200,5.3018,-0.038
2025-12-05,12.9000,70.2200,5.4108,-0.599
2025-12-08,12.8100,69.7400,5.4431,-0.020
2025-12-09,12.8000,69.7800,5.4359,-0.287
2025-12-10,12.9900,71.0600,5.4728,0.045
2025-12-11,13.2900,72.0000,5.4037,-0.257
2025-12-12,12.6900,68.6100,5.4072,0.011
2025-12-15,12.7700,69.0300,5.4063,0.012
2025-12-16,12.7200,69.2900,5.4603,0.238
2025-12-17,12.7900,70.1700,5.5234,0.676
2025-12-18,12.7700,70.3500,5.5162,0.131
2025-12-19,12.7200,70.8500,5.5107,-1.064
2025-12-22,13.1500,72.9200,5.5747,0.531
2025-12-23,13.2100,72.9000,5.5384,0.360
2025-12-26,13.2300,73.1200,5.5384,0.209
2025-12-29,12.9200,72.1200,5.5789,-0.056
2025-12-30,13.1000,71.9600,5.4978,0.085
2026-01-02,13.2600,72.3800,5.4224,-0.662
2026-01-05,13.5600,73.1200,5.4090,0.309
2026-01-06,14.1700,75.8700,5.3702,0.298
2026-01-07,14.2600,76.3200,5.3898,0.706
2026-01-08,14.0700,75.5800,5.3849,0.245
2026-01-09,13.9700,74.7200,5.3543,0.106
2026-01-12,13.9000,74.7400,5.3680,-0.167
2026-01-13,14.1100,75.3500,5.3843,0.826
2026-01-14,14.6100,78.9200,5.3796,-0.411
2026-01-15,14.6700,78.8500,5.3629,-0.224
2026-01-16,14.6100,78.8800,5.3719,-0.503
2026-01-20,14.9300,80.0800,5.3618,-0.035
2026-01-21,15.5700,82.5000,5.3235,0.469
2026-01-22,15.7400,82.9800,5.2965,0.466
2026-01-23,16.1800,85.0200,5.2951,0.770
2026-01-26,15.7000,83.0700,5.2734,-0.334
2026-01-27,16.4400,84.9000,5.2130,0.944
2026-01-28,16.7600,86.9700,5.2114,0.429
2026-01-29,16.9400,87.4100,5.2145,1.057
2026-01-30,16.0700,84.3200,5.2459,-0.022
2026-02-02,16.1400,84.8200,5.2595,0.081
2026-02-03,17.0000,88.9900,5.2238,-0.208
2026-02-04,17.0300,89.4300,5.2466,-0.090
2026-02-05,16.2800,86.4500,5.2612,-0.923
2026-02-06,16.3000,85.6300,5.2183,-0.668
2026-02-09,16.7900,87.3100,5.1906,-0.183
2026-02-10,16.7400,87.0500,5.1993,-0.016
2026-02-11,17.3800,90.0900,5.1756,-0.153
2026-02-12,17.0400,89.2300,5.1967,-0.760
2026-02-13,16.6500,87.0300,5.2297,0.051
2026-02-18,16.0000,83.9200,5.2150,-0.572
2026-02-19,16.1000,83.4600,5.2244,0.782
2026-02-20,16.7100,86.8100,5.1860,-0.175
2026-02-23,16.9200,87.3900,5.1540,-0.211
2026-02-24,17.0300,87.7300,5.1471,-0.085
2026-02-25,17.5300,89.9700,5.1374,0.099
2026-02-26,17.3100,89.2100,5.1524,-0.025
2026-02-27,17.1800,88.4700,5.1369,-0.246
2026-03-02,16.9900,88.1600,5.1901,0.022
2026-03-03,15.9700,84.4800,5.2732,-0.316
2026-03-04,16.0600,84.0900,5.2125,-0.449
2026-03-05,15.4200,81.2900,5.2585,-0.251
2026-03-06,14.9700,78.8600,5.2698,0.037
2026-03-09,15.3300,79.2600,5.2099,0.767
2026-03-10,15.6300,80.5600,5.1405,-0.266
2026-03-11,15.3400,79.8500,5.1570,-0.929
2026-03-12,15.0700,79.2400,5.2140,-0.839
2026-03-13,14.6800,78.3000,5.2914,-0.795
2026-03-16,15.0500,78.8400,5.2661,0.526
2026-03-17,15.1000,78.9600,5.1971,-0.613
2026-03-18,14.6900,77.1300,5.2013,-0.937
2026-03-19,14.6300,76.6300,5.2449,0.134
2026-03-20,14.0500,75.5500,5.2896,-1.630
2026-03-23,14.7900,77.4900,5.2460,0.127
2026-03-24,14.8700,78.1000,5.2617,0.181
2026-03-25,15.1400,79.5500,5.2195,-0.662
2026-03-26,14.9500,78.9100,5.2296,-0.922
2026-03-27,15.0300,79.0000,5.2312,-0.475
2026-03-30,15.1000,79.5000,5.2367,-0.536
2026-03-31,15.9100,82.4800,5.2115,0.527
2026-04-01,16.0500,83.0000,5.1510,-0.393
2026-04-02,16.1900,83.5500,5.1597,-0.017
2026-04-06,16.1400,83.0900,5.1525,0.086
2026-04-07,16.1800,83.6900,5.1598,-0.244
2026-04-08,16.7400,85.5900,5.0935,-0.379
2026-04-09,16.6500,84.6900,5.0704,-0.316
2026-04-10,16.9600,85.5900,5.0254,-0.420
2026-04-13,17.4500,87.3600,5.0219,0.312
2026-04-14,17.6800,88.3000,4.9867,-0.153
2026-04-15,17.6200,88.4400,4.9974,-0.436
2026-04-16,17.4300,87.4400,5.0012,-0.308
2026-04-17,17.7800,89.7500,4.9810,-1.323
2026-04-20,17.8200,88.7300,4.9825,0.066
2026-04-22,17.5100,87.2200,4.9671,-0.282
2026-04-23,17.1400,85.9700,4.9536,-1.239
2026-04-24,17.1700,85.8700,4.9997,-0.029
2026-04-27,17.0700,85.5000,4.9691,-0.792
2026-04-28,16.9100,84.3900,4.9864,-0.083
2026-04-29,15.8500,79.4400,4.9984,-0.271
2026-04-30,16.3600,81.1800,4.9792,0.345
2026-05-04,15.8400,78.6600,4.9669,0.020
2026-05-05,15.9300,78.3900,4.9103,-0.215
2026-05-06,16.4900,81.2300,4.9264,0.008
2026-05-07,16.1900,80.0700,4.9277,-0.363
2026-05-08,16.6300,80.8000,4.8976,0.801
2026-05-11,17.0700,83.4500,4.8975,0.180
2026-05-12,17.0300,83.2500,4.9005,0.247
2026-05-13,16.8400,84.3000,4.9068,-1.980
2026-05-14,16.5800,82.8700,4.9786,-0.392
2026-05-15,16.3200,83.5000,5.0739,-0.831
2026-05-18,16.3100,81.8300,5.0060,-0.223
2026-05-19,16.0100,81.0200,5.0437,-0.334
2026-05-20,16.3500,82.0000,5.0154,0.002
2026-05-21,16.4700,82.6300,5.0032,-0.275
2026-05-22,16.4800,83.1000,5.0240,-0.366
2026-05-26,16.5000,83.0700,5.0288,-0.114
2026-05-27,16.5100,83.4500,5.0620,0.148
2026-05-28,16.5500,83.9600,5.0474,-0.507
2026-05-29,16.2500,82.8200,5.0585,-0.748
2026-06-01,16.3000,81.7000,5.0323,0.400
2026-06-02,16.8200,85.0000,5.0126,-0.809
2026-06-03,16.0600,81.7900,5.0461,-0.917
2026-06-05,15.2300,78.7000,5.1444,-0.446
2026-06-08,14.9900,78.0700,5.1690,-0.751
2026-06-09,15.1400,78.5000,5.1774,-0.145
2026-06-10,14.9300,77.7000,5.1760,-0.544
2026-06-11,15.3600,78.8000,5.1463,0.314
2026-06-12,15.7100,79.1700,5.0729,0.663
2026-06-15,16.0000,81.1600,5.0567,-0.311
2026-06-16,15.9800,81.4400,5.0777,-0.366
2026-06-17,15.5300,79.7800,5.0597,-1.508
2026-06-18,15.4200,79.9400,5.1689,-0.295
2026-06-22,15.7100,80.9100,5.1308,-0.377
2026-06-23,15.3100,79.3800,5.1812,-0.070
2026-06-24,14.8400,77.7300,5.2101,-0.530
2026-06-25,15.1200,78.6600,5.1728,-0.569
2026-06-26,15.0700,78.1500,5.1586,-0.525
2026-06-29,15.0300,78.1300,5.1812,-0.328
2026-06-30,15.0400,77.8800,5.1665,-0.226
2026-07-01,14.9000,77.9700,5.2008,-0.613
2026-07-02,14.9900,78.2400,5.2004,-0.366
2026-07-06,15.0900,77.7900,5.1472,-0.153
2026-07-07,14.6900,76.2000,5.1515,-0.688
2026-07-08,14.0500,72.7000,5.1621,-0.237
2026-07-09,14.2200,73.1500,5.1204,-0.462
2026-07-10,14.4600,74.1800,5.1046,-0.495
2026-07-13,14.1800,72.8500,5.1201,-0.339
2026-07-14,14.5900,74.0100,5.0768,0.082
2026-07-15,14.6700,74.5100,5.0796,0.010
2026-07-16,14.2200,72.9800,5.0927,-0.770
2026-07-17,14.1900,72.9400,5.1080,-0.627
2026-07-20,14.1000,71.9300,5.0847,-0.328
2026-07-21,14.2500,72.3700,5.0752,-0.067
2026-07-22,14.8500,75.1000,5.0577,0.009
2026-07-23,14.8300,75.6800,5.0841,-0.374
2026-07-24,14.7900,75.2400,5.0592,-0.551
2026-07-27,14.7800,75.6900,5.1041,-0.332
2026-07-28,14.7000,75.6900,5.1115,-0.728
2026-07-29,14.6500,75.0500,5.1270,0.081
2026-07-30,14.9900,76.0900,5.0673,-0.172
2026-07-31,15.0600,76.2800,5.0709,0.115
2026-08-03,14.5800,74.6400,5.0769,-0.829
2026-08-04,14.8300,76.3100,5.1101,-0.691
2026-08-05,14.9400,76.6600,5.1173,-0.271
2026-08-06,14.7200,75.3900,5.1064,-0.297
2026-08-07,14.7100,74.9700,5.0882,-0.164
2026-08-11,14.3200,74.4000,5.1590,-0.703
2026-08-12,14.4200,73.1800,5.1630,1.736
2026-08-13,13.8000,71.9000,5.1879,-0.427
2026-08-14,13.6300,71.3000,5.2388,0.147
2026-08-17,13.7500,71.4100,5.1874,-0.117
2026-08-18,13.6800,71.5500,5.2043,-0.496
2026-08-19,13.9000,72.1300,5.1688,-0.393
2026-08-20,14.2300,74.0200,5.1825,-0.369
2026-08-21,14.5900,75.0300,5.1469,0.084
2026-08-24,15.0400,77.1300,5.1471,0.366
2026-08-25,15.3300,78.7000,5.1454,0.227
2026-08-26,15.1600,78.4500,5.1622,-0.244
2026-08-27,15.3100,79.1100,5.1700,0.054
2026-08-28,15.0300,78.5800,5.2168,-0.218
2026-08-31,15.0900,77.8500,5.1817,0.439
2026-09-01,15.1200,78.3000,5.1522,-0.509
2026-09-02,15.7300,80.8000,5.0927,-0.856
2026-09-03,15.3100,78.4500,5.1010,-0.451
2026-09-04,15.2700,78.6200,5.1010,-0.926
