date,adr_usd,local_px,fx,premium_pct
2000-10-19,0.9235,41.1469,46.4000,4.136
2000-10-20,0.9891,43.0247,46.4000,6.668
2000-10-23,0.9071,40.5234,46.4500,3.971
2000-10-24,0.9164,41.0963,46.4800,3.648
2000-10-25,0.9153,42.7566,46.7000,-0.033
2000-10-26,0.9047,42.9028,46.7000,-1.522
2000-10-27,0.9328,43.3763,46.7800,0.604
2000-10-30,0.9574,42.0131,46.7800,6.608
2000-10-31,0.9867,44.0344,46.9000,5.096
2000-11-01,0.9938,45.2813,46.8200,2.754
2000-11-02,1.0172,44.5500,46.8500,6.973
2000-11-03,1.0219,45.0919,46.7000,5.835
2000-11-06,0.9914,43.8694,46.6400,5.405
2000-11-07,0.9832,43.5544,46.7000,5.424
2000-11-08,1.0489,44.5969,46.7200,9.879
2000-11-09,1.0512,45.4359,46.7500,8.160
2000-11-10,1.0266,44.0325,46.7800,9.064
2000-11-13,0.9938,40.9856,46.7700,13.403
2000-11-14,1.0500,43.3519,46.8500,13.475
2000-11-15,1.0430,44.4919,46.8300,9.781
2000-11-16,1.0477,44.5200,46.8500,10.251
2000-11-17,1.0430,45.0169,46.8200,8.477
2000-11-20,1.1051,46.5178,46.9000,11.419
2000-11-21,1.1672,47.7769,46.8500,14.457
2000-11-22,1.0641,46.3800,46.8600,7.510
2000-11-24,1.1157,46.7213,46.9100,12.016
2000-11-27,1.1344,49.0941,46.9000,8.371
2000-11-28,1.1098,48.6956,46.9300,6.955
2000-11-29,1.0664,48.9938,46.9500,2.195
2000-11-30,1.0172,48.3300,46.8700,-1.352
2000-12-01,1.1074,52.8769,46.8900,-1.794
2000-12-04,1.1203,52.1822,46.8800,0.650
2000-12-05,1.2293,54.8016,46.8000,4.983
2000-12-06,1.1461,54.7266,46.7800,-2.030
2000-12-07,1.1930,55.0388,46.8000,1.442
2000-12-08,1.2282,56.4459,46.8000,1.828
2000-12-11,1.2539,56.2116,46.7800,4.354
2000-12-12,1.2563,55.9884,46.7800,4.966
2000-12-13,1.2680,56.4459,46.8000,5.131
2000-12-14,1.2235,55.1222,46.8000,3.875
2000-12-15,1.1227,52.1681,46.8000,0.716
2000-12-18,1.1157,52.7006,46.7900,-0.947
2000-12-19,1.0606,49.7278,46.7500,-0.294
2000-12-20,0.9938,49.0528,46.7500,-5.288
2000-12-21,0.9961,46.8713,46.7400,-0.667
2000-12-22,0.9399,43.2084,46.7700,1.734
2000-12-26,0.9176,40.8938,46.7500,4.901
2000-12-27,0.9305,42.1369,46.7300,3.192
2000-12-28,0.9352,43.0697,46.7500,1.509
2000-12-29,0.9399,44.9859,46.7500,-2.328
2001-01-02,0.9457,45.2775,46.7400,-2.373
2001-01-03,1.0758,45.0713,46.7500,11.588
2001-01-04,1.0699,49.8375,46.7800,0.431
2001-01-05,1.0524,52.3434,46.7600,-5.989
2001-01-08,1.0477,49.9359,46.7300,-1.958
2001-01-09,1.0899,50.6719,46.6800,0.401
2001-01-10,1.0828,50.9250,46.6800,-0.742
2001-01-11,1.0512,47.3784,46.6800,3.570
2001-01-12,1.0383,48.0084,47.4700,2.666
2001-01-16,1.0313,47.1806,46.5500,1.749
2001-01-17,1.0758,46.9050,46.4800,6.606
2001-01-18,1.1567,49.5263,46.4500,8.482
2001-01-19,1.1836,54.6234,46.4300,0.608
2001-01-22,1.1367,54.0788,46.4300,-2.403
2001-01-23,1.1192,52.9116,46.3900,-1.877
2001-01-24,1.1637,53.5209,46.4200,0.931
2001-01-25,1.1356,53.2566,46.5400,-0.764
2001-01-26,1.1239,53.2566,46.5300,-1.809
2001-01-29,1.1166,51.0000,46.5000,1.807
2001-01-30,1.1438,53.0456,46.4600,0.178
2001-01-31,1.1603,52.3181,46.4400,2.992
2001-02-01,1.1402,51.4809,46.4100,2.790
2001-02-02,1.1524,52.7306,46.4400,1.492
2001-02-05,1.1438,52.3303,46.4300,1.482
2001-02-06,1.1457,53.6456,46.4200,-0.866
2001-02-07,1.1262,52.9931,46.4600,-1.268
2001-02-08,1.1646,54.0394,46.4600,0.125
2001-02-09,1.1721,55.0172,46.5400,-0.851
2001-02-12,1.1832,55.9003,46.5600,-1.454
2001-02-13,1.1678,56.2903,46.6000,-3.325
2001-02-14,1.1301,54.4547,46.6500,-3.188
2001-02-15,1.1710,55.1634,46.6300,-1.017
2001-02-16,1.1625,53.2341,46.5500,1.656
2001-02-20,1.1157,52.7813,46.6600,-1.373
2001-02-21,1.0313,51.2428,46.6500,-6.116
2001-02-22,1.0650,49.0406,46.6300,1.267
2001-02-23,1.0350,47.4609,46.6500,1.734
2001-02-26,1.0292,47.2791,46.6600,1.574
2001-02-27,0.9788,43.8788,46.6800,4.126
2001-02-28,1.0048,47.6700,46.5900,-1.793
2001-03-01,1.0050,45.0928,46.5900,3.839
2001-03-02,0.8719,39.3647,46.5900,3.193
2001-03-05,0.8749,37.6284,46.5700,8.280
2001-03-06,0.9000,37.6284,46.5300,11.294
2001-03-07,0.8485,40.2797,46.5700,-1.904
2001-03-08,0.8522,41.8706,46.5600,-5.235
2001-03-09,0.8155,37.1053,46.5500,2.302
2001-03-12,0.6910,31.1691,46.5700,3.236
2001-03-13,0.6610,26.2088,46.7000,17.772
2001-03-14,0.6469,29.8106,46.6900,1.317
2001-03-15,0.6919,31.6144,46.6600,2.117
2001-03-16,0.6797,31.0688,46.6900,2.146
2001-03-19,0.6750,30.8250,46.7200,2.309
2001-03-20,0.6563,30.2297,46.7100,1.404
2001-03-21,0.6390,29.9147,46.7100,-0.221
2001-03-22,0.6225,28.2338,46.7400,3.055
2001-03-23,0.5927,26.6166,46.7200,4.037
2001-03-26,0.6083,26.6850,46.6900,6.426
2001-03-27,0.6516,27.1678,46.6500,11.883
2001-03-28,0.6238,28.0341,46.6500,3.808
2001-03-29,0.6131,26.6531,46.6600,7.339
2001-03-30,0.6019,25.0950,46.8500,12.367
2001-04-02,0.5815,23.7834,46.6500,14.049
2001-04-03,0.5730,24.3478,46.6700,9.836
2001-04-04,0.5372,23.0963,46.6000,8.388
2001-04-05,0.5968,23.0963,46.6400,20.522
2001-04-06,0.5344,21.6891,46.5800,14.767
2001-04-09,0.5119,21.6759,46.5800,10.001
2001-04-10,0.4875,20.1722,46.6000,12.621
2001-04-11,0.4013,16.9453,46.7500,10.703
2001-04-12,0.4470,15.7987,46.7500,32.275
2001-04-16,0.4449,18.3272,47.0700,14.277
2001-04-17,0.4331,20.2388,46.9500,0.479
2001-04-18,0.5573,23.4244,46.9500,11.694
2001-04-19,0.5545,24.2288,46.8800,7.280
2001-04-20,0.5436,25.7372,46.8800,-0.988
2001-04-23,0.5342,25.6678,46.8200,-2.558
2001-04-24,0.6026,27.9281,46.8800,1.159
2001-04-25,0.6750,27.7444,46.8800,14.058
2001-04-26,0.5625,27.0684,46.7800,-2.786
2001-04-27,0.5460,23.3709,46.8800,9.525
2001-04-30,0.6446,26.5697,46.8800,13.742
2001-05-01,0.6731,26.5697,46.8700,18.745
2001-05-02,0.6776,28.1597,46.8700,12.789
2001-05-03,0.6527,29.7441,46.8700,2.852
2001-05-04,0.6853,30.9647,46.8700,3.736
2001-05-07,0.7144,32.3578,46.8400,3.413
2001-05-08,0.6975,33.1613,46.8300,-1.497
2001-05-09,0.6411,30.4219,46.8500,-1.273
2001-05-10,0.6375,30.2897,46.8800,-1.330
2001-05-11,0.6298,29.8322,46.8500,-1.089
2001-05-14,0.6083,29.5697,47.0000,-3.318
2001-05-15,0.6700,30.2063,47.0300,4.309
2001-05-16,0.6883,31.0613,46.9700,4.087
2001-05-17,0.6821,31.2356,46.9900,2.620
2001-05-18,0.6797,30.8109,46.9800,3.640
2001-05-21,0.6902,31.6688,47.0000,2.434
2001-05-22,0.6889,32.5209,47.0600,-0.313
2001-05-23,0.6930,33.1444,47.0200,-1.686
2001-05-24,0.7007,33.4153,47.0200,-1.401
2001-05-25,0.7022,33.5513,47.0200,-1.590
2001-05-29,0.7060,34.7372,47.0200,-4.442
2001-05-30,0.6769,32.5359,47.0000,-2.219
2001-05-31,0.6752,31.3781,47.0000,1.136
2001-06-01,0.6707,31.3097,47.0500,0.789
2001-06-04,0.6338,29.1881,47.0600,2.182
2001-06-05,0.6351,29.0250,47.0000,2.838
2001-06-06,0.6371,29.9916,47.0300,-0.089
2001-06-07,0.6544,29.9475,47.0000,2.701
2001-06-08,0.6486,31.5403,47.0300,-3.290
2001-06-11,0.6525,31.7259,47.0400,-3.251
2001-06-12,0.6850,32.5613,47.0800,-0.963
2001-06-13,0.6921,32.6353,47.0900,-0.139
2001-06-14,0.6516,31.0866,47.0000,-1.487
2001-06-15,0.5996,29.3522,47.0500,-3.881
2001-06-18,0.5850,29.0719,47.0200,-5.381
2001-06-19,0.5965,29.2509,47.0200,-4.122
2001-06-20,0.5860,28.5188,47.0100,-3.412
2001-06-21,0.5860,28.6059,47.0500,-3.625
2001-06-22,0.5627,27.7819,47.0400,-4.724
2001-06-25,0.4967,24.0338,47.0600,-2.742
2001-06-26,0.5241,25.8141,47.0700,-4.439
2001-06-27,0.5250,26.1188,47.0400,-5.445
2001-06-28,0.5239,25.8919,47.0600,-4.780
2001-06-29,0.5246,26.3588,47.0900,-6.273
2001-07-02,0.4856,25.0828,47.1800,-8.653
2001-07-03,0.4688,24.2738,47.1700,-8.908
2001-07-05,0.4684,23.4534,47.1800,-5.777
2001-07-06,0.4620,22.7597,47.1700,-4.247
2001-07-09,0.4629,22.2900,47.1900,-1.989
2001-07-10,0.4742,23.2622,47.1900,-3.803
2001-07-11,0.4742,22.6566,47.2100,-1.190
2001-07-12,0.5213,24.6722,47.2000,-0.278
2001-07-13,0.5044,24.6731,47.2100,-3.490
2001-07-16,0.5156,24.4538,47.2000,-0.473
2001-07-17,0.5044,23.8838,47.1600,-0.405
2001-07-18,0.5237,25.7738,47.1200,-4.256
2001-07-19,0.5391,25.5872,47.1600,-0.642
2001-07-20,0.5477,26.1300,47.1700,-1.129
2001-07-23,0.5327,25.4306,47.1700,-1.192
2001-07-24,0.5248,25.3388,47.1100,-2.424
2001-07-25,0.5263,25.6650,47.1900,-3.225
2001-07-26,0.5303,25.3228,47.2000,-1.163
2001-07-27,0.5370,25.2300,47.1900,0.443
2001-07-30,0.5633,25.4803,47.1900,4.318
2001-07-31,0.6068,27.0619,47.1800,5.784
2001-08-01,0.6160,28.1400,47.1600,3.228
2001-08-02,0.6467,28.8084,47.1100,5.754
2001-08-03,0.6094,28.8975,47.1700,-0.528
2001-08-06,0.6103,28.7231,47.1600,0.209
2001-08-07,0.6073,28.6350,47.1100,-0.083
2001-08-08,0.6090,28.3069,47.1900,1.528
2001-08-09,0.6094,27.8991,47.1800,3.054
2001-08-10,0.5880,26.7019,47.1700,3.875
2001-08-13,0.5815,25.7166,47.1700,6.651
2001-08-14,0.5976,27.0881,47.1500,4.015
2001-08-15,0.5953,27.0881,47.1600,3.646
2001-08-16,0.6028,27.4369,47.1600,3.617
2001-08-17,0.5914,26.9138,47.1700,3.649
2001-08-20,0.5756,26.6391,47.1800,1.951
2001-08-21,0.5790,26.9400,47.1800,1.403
2001-08-22,0.5792,26.9400,47.1800,1.436
2001-08-23,0.5815,26.6044,47.1700,3.092
2001-08-24,0.6131,27.9909,47.1700,3.326
2001-08-27,0.6206,28.8591,47.1900,1.486
2001-08-28,0.6047,28.1381,47.1900,1.414
2001-08-29,0.6126,28.5844,47.1600,1.066
2001-08-30,0.6141,28.9341,47.1800,0.132
2001-08-31,0.6101,28.1063,47.1700,2.398
2001-09-04,0.6246,28.1147,47.2200,4.901
2001-09-05,0.5991,27.1875,47.2000,4.005
2001-09-06,0.5818,26.8894,47.2200,2.174
2001-09-07,0.5850,27.8306,47.2700,-0.636
2001-09-10,0.5768,27.2747,47.3800,0.192
2001-09-17,0.4479,20.3700,47.7700,5.049
2001-09-18,0.4350,20.5941,48.0500,1.497
2001-09-19,0.3675,18.7256,47.9600,-5.874
2001-09-20,0.3469,17.8434,48.0300,-6.628
2001-09-21,0.3186,16.4756,48.0800,-7.033
2001-09-24,0.4050,19.6678,48.0800,-0.991
2001-09-25,0.3891,19.8281,48.9100,-4.028
2001-09-26,0.4260,21.4875,47.9100,-5.014
2001-09-27,0.3825,19.0331,47.9100,-3.715
2001-09-28,0.3975,19.5112,47.9000,-2.412
2001-10-01,0.3891,19.3922,48.0300,-3.636
2001-10-02,0.3881,19.3922,48.0300,-3.868
2001-10-03,0.3797,17.3034,47.9600,5.241
2001-10-04,0.3911,17.5894,48.0400,6.827
2001-10-05,0.3825,17.2838,48.0500,6.340
2001-10-08,0.3705,16.6650,48.0500,6.829
2001-10-09,0.3609,17.1872,48.1700,1.161
2001-10-10,0.3986,18.2728,48.0900,4.912
2001-10-11,0.4453,19.1737,48.0900,11.692
2001-10-12,0.4193,19.6584,48.0700,2.520
2001-10-15,0.4033,19.0875,48.0700,1.573
2001-10-16,0.4483,20.6803,48.0500,4.166
2001-10-17,0.4464,22.1119,48.0500,-2.985
2001-10-18,0.4256,20.5491,48.0800,-0.411
2001-10-19,0.4369,20.6766,48.0800,1.591
2001-10-22,0.4369,21.2738,48.0500,-1.323
2001-10-23,0.4434,21.1303,48.0300,0.798
2001-10-24,0.4406,20.7741,48.0800,1.982
2001-10-25,0.4406,20.9241,48.0000,1.082
2001-10-26,0.4406,20.9241,48.0200,1.125
2001-10-29,0.4277,21.2428,48.0200,-3.317
2001-10-30,0.3909,19.4728,48.0300,-3.572
2001-10-31,0.4196,20.0916,48.0400,0.337
2001-11-01,0.4089,20.0447,48.0500,-1.969
2001-11-02,0.3983,19.3463,48.0400,-1.105
2001-11-05,0.4163,19.2844,48.0200,3.653
2001-11-06,0.4341,20.7656,48.0400,0.420
2001-11-07,0.4209,20.5697,48.0400,-1.689
2001-11-08,0.4125,19.9303,48.0700,-0.507
2001-11-09,0.4129,20.2341,48.0500,-1.952
2001-11-12,0.4078,20.4347,48.0500,-4.105
2001-11-13,0.4095,20.2809,48.1100,-2.857
2001-11-14,0.4166,20.8575,48.1100,-3.899
2001-11-15,0.4952,23.2247,48.0300,2.410
2001-11-16,0.5138,23.2247,48.0300,6.249
2001-11-19,0.5700,25.2347,48.0000,8.425
2001-11-20,0.5443,24.8034,48.0300,5.405
2001-11-21,0.5606,25.2806,48.0300,6.514
2001-11-23,0.5625,24.9825,48.1000,8.303
2001-11-26,0.6478,27.4294,48.0500,13.485
2001-11-27,0.6700,28.7578,48.0800,12.009
2001-11-28,0.6334,27.4444,47.9900,10.756
2001-11-29,0.6638,27.0441,48.0100,17.835
2001-11-30,0.6475,27.0441,47.9800,14.867
2001-12-03,0.6546,28.7138,47.9300,9.265
2001-12-04,0.7125,29.8669,47.9300,14.344
2001-12-05,0.7690,33.0206,47.9400,11.639
2001-12-06,0.7735,33.1866,47.9000,11.637
2001-12-07,0.7821,33.1800,47.8600,12.810
2001-12-10,0.7041,32.3203,47.8700,4.282
2001-12-11,0.7170,31.0631,47.8500,10.450
2001-12-12,0.7395,32.2059,47.8400,9.851
2001-12-13,0.6788,31.4269,47.8400,3.326
2001-12-14,0.7013,31.0078,47.8600,8.239
2001-12-17,0.7219,31.0078,47.8600,11.423
2001-12-18,0.7519,30.6038,47.8600,17.586
2001-12-19,0.7322,30.2559,47.8000,15.678
2001-12-20,0.6975,30.7031,47.8300,8.661
2001-12-21,0.7007,30.5663,47.8500,9.692
2001-12-24,0.7116,32.0438,47.9500,6.480
2001-12-26,0.6919,31.3322,47.9500,5.885
2001-12-27,0.6497,27.3675,48.2100,14.450
2001-12-28,0.6750,29.7178,48.2900,9.687
2001-12-31,0.6863,30.1959,48.2700,9.704
2002-01-02,0.6895,30.5353,48.2700,8.989
2002-01-03,0.7125,31.5216,48.2800,9.133
2002-01-04,0.7549,33.5550,48.3000,8.662
2002-01-07,0.7856,34.3106,48.2800,10.552
2002-01-08,0.7828,34.3172,48.3000,10.180
2002-01-09,0.7678,32.7478,48.3200,13.295
2002-01-10,0.6970,30.2034,48.4100,11.708
2002-01-11,0.6985,28.6566,48.4400,18.064
2002-01-14,0.7123,30.5372,48.3600,12.808
2002-01-15,0.7170,30.7153,48.3100,12.775
2002-01-16,0.7031,32.0888,48.3000,5.837
2002-01-17,0.7256,32.8453,48.3100,6.730
2002-01-18,0.6619,30.2156,48.2700,5.738
2002-01-22,0.6550,30.0459,48.3000,5.286
2002-01-23,0.6563,29.5125,48.3500,7.515
2002-01-24,0.6565,29.6831,48.3500,6.928
2002-01-25,0.6619,29.6513,48.3800,7.997
2002-01-28,0.6525,28.6575,48.3700,10.136
2002-01-29,0.6488,29.2238,48.4300,7.514
2002-01-30,0.6188,29.1759,48.5300,2.923
2002-01-31,0.6563,30.8522,48.5600,3.293
2002-02-01,0.6557,30.1078,48.5500,5.735
2002-02-04,0.6396,29.9241,48.6100,3.896
2002-02-05,0.6497,30.1275,48.6900,5.001
2002-02-06,0.6806,32.5725,48.7100,1.785
2002-02-07,0.6506,30.7800,48.7200,2.987
2002-02-08,0.6563,31.3838,48.7000,1.837
2002-02-11,0.6685,30.5325,48.7500,6.729
2002-02-12,0.6844,31.6603,48.6900,5.252
2002-02-13,0.6791,31.1897,48.9000,6.478
2002-02-14,0.6910,31.7906,48.7100,5.869
2002-02-15,0.6748,31.1419,48.7100,5.552
2002-02-19,0.6544,31.2694,48.6700,1.854
2002-02-20,0.6703,30.3863,48.6400,7.301
2002-02-21,0.7015,30.3131,48.6900,12.670
2002-02-22,0.6966,30.9244,48.7900,9.901
2002-02-25,0.6872,30.8719,48.8200,8.673
2002-02-26,0.6938,31.1756,48.7500,8.486
2002-02-27,0.7076,31.3538,48.7600,10.050
2002-02-28,0.6825,29.7375,48.7600,11.911
2002-03-01,0.7118,30.6103,48.7600,13.379
2002-03-04,0.7631,32.0662,48.7200,15.949
2002-03-05,0.7613,33.0619,48.7200,12.181
2002-03-06,0.7616,33.5963,48.7100,10.428
2002-03-07,0.7669,34.5731,48.7600,8.158
2002-03-08,0.7813,34.6491,48.7600,9.953
2002-03-11,0.8110,33.5578,48.7600,17.833
2002-03-12,0.7658,33.4800,48.7600,11.526
2002-03-13,0.7556,33.0553,48.7400,11.420
2002-03-14,0.7547,32.9878,48.7700,11.578
2002-03-15,0.7470,33.0141,48.7300,10.263
2002-03-18,0.7472,32.8134,48.7400,10.987
2002-03-19,0.7311,32.1450,48.7600,10.896
2002-03-20,0.7125,31.9116,48.7600,8.871
2002-03-21,0.7217,31.9528,48.7800,10.177
2002-03-22,0.7226,31.8309,48.8000,10.788
2002-03-25,0.7215,31.8309,48.8000,10.616
2002-03-26,0.7091,31.0922,48.7800,11.256
2002-03-27,0.7106,31.3903,48.8300,10.546
2002-03-28,0.6981,31.8863,48.8300,6.903
2002-04-01,0.7003,31.6959,48.8300,7.891
2002-04-02,0.7011,31.2347,48.8500,9.647
2002-04-03,0.6619,30.6506,48.9100,5.620
2002-04-04,0.6934,33.1659,48.9200,2.276
2002-04-05,0.6872,32.4056,48.8600,3.614
2002-04-08,0.6713,31.7569,48.9100,3.384
2002-04-09,0.6658,31.1194,48.9200,4.669
2002-04-10,0.7161,33.1416,48.9100,5.678
2002-04-11,0.7163,33.1078,48.9300,5.857
2002-04-12,0.6844,32.8847,48.9400,1.853
2002-04-15,0.6733,32.7469,48.9600,0.670
2002-04-16,0.6911,32.1253,48.9600,5.332
2002-04-17,0.7200,33.5906,48.9600,4.946
2002-04-18,0.7500,34.4306,48.9300,6.587
2002-04-19,0.6746,31.0931,48.9200,6.144
2002-04-22,0.6694,31.1644,48.9500,5.142
2002-04-23,0.6508,30.2728,49.0100,5.366
2002-04-24,0.6542,30.5925,49.0000,4.784
2002-04-25,0.6272,29.8003,49.0000,3.130
2002-04-26,0.6188,29.7478,48.9900,1.901
2002-04-29,0.6218,28.4925,49.0100,6.950
2002-04-30,0.6326,28.8853,48.9800,7.275
2002-05-01,0.6255,28.8853,48.9800,6.067
2002-05-02,0.6240,28.6997,48.9800,6.497
2002-05-03,0.5996,29.0409,49.0000,1.176
2002-05-06,0.5970,29.2013,48.9700,0.118
2002-05-07,0.6141,29.2181,48.9900,2.962
2002-05-08,0.6375,30.0497,48.9700,3.892
2002-05-09,0.6467,30.6234,48.9900,3.457
2002-05-10,0.6270,30.0647,49.0200,2.234
2002-05-13,0.6338,30.0994,49.0300,3.236
2002-05-14,0.6366,30.0713,49.0200,3.770
2002-05-15,0.6671,29.9963,49.0400,9.069
2002-05-16,0.6514,29.1338,49.0500,9.669
2002-05-17,0.6563,29.8041,49.0400,7.983
2002-05-20,0.6424,29.0409,49.0600,8.522
2002-05-21,0.6323,28.9856,49.0100,6.906
2002-05-22,0.5950,28.9772,49.0100,0.626
2002-05-23,0.5950,28.7822,49.0700,1.432
2002-05-24,0.6158,29.2838,49.0200,3.077
2002-05-28,0.5972,28.7109,49.0200,1.964
2002-05-29,0.5953,28.8600,49.0100,1.098
2002-05-30,0.5843,28.6706,49.0300,-0.084
2002-05-31,0.5706,28.5169,49.0600,-1.839
2002-06-03,0.5635,28.6172,49.0700,-3.385
2002-06-04,0.5556,28.4822,49.0700,-4.284
2002-06-05,0.5644,28.7053,49.0500,-3.560
2002-06-06,0.5614,28.4794,49.0300,-3.352
2002-06-07,0.5616,27.8616,49.0500,-1.135
2002-06-10,0.5927,29.1234,49.0200,-0.237
2002-06-11,0.5944,29.7141,49.0000,-1.982
2002-06-12,0.5944,29.3616,49.0000,-0.805
2002-06-13,0.5908,29.3981,49.0400,-1.442
2002-06-14,0.5893,29.7206,49.0300,-2.779
2002-06-17,0.5963,29.5463,49.0200,-1.074
2002-06-18,0.5719,28.4306,48.9900,-1.455
2002-06-19,0.5623,28.5028,48.9400,-3.447
2002-06-20,0.5648,28.5638,48.9400,-3.236
2002-06-21,0.5636,28.5713,48.9500,-3.434
2002-06-24,0.5580,28.5966,48.9100,-4.560
2002-06-25,0.5601,28.4100,48.9300,-3.539
2002-06-26,0.5477,27.8372,48.8700,-3.848
2002-06-27,0.5533,27.4134,48.8600,-1.379
2002-06-28,0.5620,27.7622,48.9100,-0.998
2002-07-01,0.5485,27.8719,48.8600,-3.855
2002-07-02,0.5468,27.6947,48.8700,-3.518
2002-07-03,0.5359,27.2053,48.8300,-3.815
2002-07-05,0.5466,26.2294,48.8600,1.816
2002-07-08,0.5441,26.3175,48.8400,0.981
2002-07-09,0.5329,26.1834,48.8200,-0.641
2002-07-10,0.5237,25.5666,48.8200,0.002
2002-07-11,0.5130,24.4791,48.8100,2.292
2002-07-12,0.5113,24.4397,48.8000,2.099
2002-07-15,0.4941,23.9925,48.8500,0.596
2002-07-16,0.5006,23.6316,48.8300,3.447
2002-07-17,0.5035,24.1941,48.8100,1.568
2002-07-18,0.4969,24.4706,48.8200,-0.869
2002-07-19,0.4885,23.6541,48.7500,0.667
2002-07-22,0.4781,22.7016,48.7300,2.634
2002-07-23,0.4669,23.9044,48.7200,-4.843
2002-07-24,0.4669,23.8856,48.7000,-4.807
2002-07-25,0.4622,23.7084,48.7100,-5.039
2002-07-26,0.4568,21.7706,48.7100,2.197
2002-07-29,0.4626,21.6478,48.7600,4.191
2002-07-30,0.4509,21.1491,48.7400,3.925
2002-07-31,0.4464,21.2972,48.6900,2.068
2002-08-01,0.4298,21.1800,48.6800,-1.224
2002-08-02,0.4298,20.3878,48.6800,2.614
2002-08-05,0.4166,20.4947,48.6700,-1.059
2002-08-06,0.4243,20.6269,48.7300,0.244
2002-08-07,0.4303,21.3338,48.7000,-1.767
2002-08-08,0.4556,21.5297,48.6800,3.022
2002-08-09,0.4669,21.9788,48.6700,3.388
2002-08-12,0.4656,22.3669,48.6400,1.246
2002-08-13,0.4641,21.9609,48.6200,2.743
2002-08-14,0.4601,21.6713,48.6300,3.254
2002-08-15,0.4607,21.6713,48.6300,3.380
2002-08-16,0.4496,21.3741,48.6000,2.237
2002-08-19,0.4463,21.6647,48.6100,0.130
2002-08-20,0.4656,22.8056,48.5900,-0.804
2002-08-21,0.4794,22.9725,48.5600,1.348
2002-08-22,0.4716,22.4953,48.5500,1.776
2002-08-23,0.4763,22.8534,48.5500,1.177
2002-08-26,0.4815,23.5613,48.5500,-0.780
2002-08-27,0.4650,22.2684,48.5300,1.341
2002-08-28,0.4584,22.0988,48.6000,0.823
2002-08-29,0.4594,22.4016,48.5400,-0.460
2002-08-30,0.4894,23.7694,48.5200,-0.102
2002-09-03,0.4763,23.0222,48.5000,0.332
2002-09-04,0.4821,23.3597,48.4800,0.048
2002-09-05,0.4811,23.3391,48.5000,-0.017
2002-09-06,0.4875,22.7128,48.5700,4.252
2002-09-09,0.5145,26.9578,48.5200,-7.395
2002-09-10,0.5269,26.9578,48.5200,-5.168
2002-09-11,0.5299,25.0678,48.4800,2.478
2002-09-12,0.5241,25.1934,48.4800,0.848
2002-09-13,0.5119,24.6188,48.4700,0.782
2002-09-16,0.5031,24.3694,48.4300,-0.022
2002-09-17,0.5213,25.2909,48.4500,-0.141
2002-09-18,0.5175,24.5119,48.4300,2.249
2002-09-19,0.5076,24.6497,48.4400,-0.255
2002-09-20,0.5074,24.4388,48.4600,0.611
2002-09-23,0.5001,24.6928,48.4400,-1.900
2002-09-24,0.5033,24.1659,48.4200,0.836
2002-09-25,0.5344,25.0031,48.4300,3.509
2002-09-26,0.5286,25.2338,48.4300,1.447
2002-09-27,0.5138,25.4053,48.4000,-2.122
2002-09-30,0.5185,24.8175,48.4000,1.110
2002-10-01,0.5213,25.1616,48.3900,0.248
2002-10-02,0.5070,25.1616,48.3900,-2.493
2002-10-03,0.5140,25.0191,48.3800,-0.616
2002-10-04,0.5068,24.8691,48.3800,-1.403
2002-10-07,0.5008,24.8878,48.3500,-2.704
2002-10-08,0.5250,25.4091,48.3900,-0.015
2002-10-09,0.5044,24.9366,48.3400,-2.223
2002-10-10,0.5378,25.2356,48.3800,3.096
2002-10-11,0.5717,26.5922,48.3600,3.968
2002-10-14,0.5794,26.5772,48.3600,5.426
2002-10-15,0.6000,26.5772,48.3600,9.179
2002-10-16,0.5805,27.4050,48.4100,2.546
2002-10-17,0.5929,27.2784,48.4200,5.240
2002-10-18,0.5831,26.8913,48.4400,5.043
2002-10-21,0.5635,26.3044,48.3800,3.632
2002-10-22,0.5490,26.6053,48.3900,-0.145
2002-10-23,0.5473,26.4516,48.3500,0.044
2002-10-24,0.5370,26.2950,48.4200,-1.114
2002-10-25,0.5387,25.7831,48.4100,1.146
2002-10-28,0.5327,25.2825,48.4500,2.084
2002-10-29,0.5436,25.8788,48.4100,1.684
2002-10-30,0.5466,25.9050,48.3500,2.015
2002-10-31,0.5381,25.7663,48.3900,1.065
2002-11-01,0.5295,25.4653,48.3600,0.557
2002-11-04,0.5426,25.7438,48.3600,1.935
2002-11-05,0.5410,26.0344,48.3500,0.463
2002-11-06,0.5550,26.0344,48.3600,3.096
2002-11-07,0.5590,26.6419,48.3400,1.418
2002-11-08,0.5485,26.6447,48.2900,-0.600
2002-11-11,0.5372,26.2144,48.2900,-1.041
2002-11-12,0.5672,27.0384,48.3000,1.322
2002-11-13,0.5850,28.0050,48.3000,0.897
2002-11-14,0.6111,28.7334,48.2900,2.699
2002-11-15,0.6300,30.0563,48.2300,1.096
2002-11-18,0.6238,29.3156,48.2300,2.632
2002-11-19,0.6225,29.3156,48.2300,2.416
2002-11-20,0.6403,29.6625,48.2500,4.158
2002-11-21,0.6503,29.9803,48.2100,4.566
2002-11-22,0.6347,29.6447,48.2200,3.241
2002-11-25,0.6394,29.7534,48.2300,3.645
2002-11-26,0.6338,30.2259,48.2400,1.148
2002-11-27,0.6606,30.7331,48.2700,3.752
2002-11-29,0.6707,31.6031,48.3600,2.633
2002-12-02,0.6797,32.4019,48.3200,1.362
2002-12-03,0.6493,32.0906,48.2800,-2.309
2002-12-04,0.6101,28.9284,48.2300,1.724
2002-12-05,0.6173,29.4900,48.2700,1.036
2002-12-06,0.6283,29.9934,48.2400,1.057
2002-12-09,0.6013,29.4122,48.2400,-1.374
2002-12-10,0.6169,30.0778,48.2400,-1.061
2002-12-11,0.6281,30.2297,48.1800,0.113
2002-12-12,0.6107,30.5747,48.2200,-3.685
2002-12-13,0.6265,31.2478,48.2000,-3.369
2002-12-16,0.6281,30.3394,48.1800,-0.249
2002-12-17,0.6235,30.3225,48.1600,-0.980
2002-12-18,0.6206,29.9175,48.1500,-0.113
2002-12-19,0.6227,29.2538,48.1100,2.408
2002-12-20,0.6227,29.6597,48.0300,0.839
2002-12-23,0.6188,29.2556,48.0300,1.585
2002-12-24,0.6347,29.9053,48.0400,1.959
2002-12-26,0.6422,30.2494,48.0500,2.012
2002-12-27,0.6371,30.1397,48.0100,1.491
2002-12-30,0.6281,30.4528,47.9600,-1.074
2002-12-31,0.6281,30.5878,48.0000,-1.429
2003-01-02,0.6206,30.8138,48.0500,-3.219
2003-01-03,0.6355,30.7303,48.0300,-0.682
2003-01-06,0.6422,31.2534,48.0100,-1.348
2003-01-07,0.6643,30.9675,48.0000,2.972
2003-01-08,0.6478,30.8691,48.0000,0.734
2003-01-09,0.6713,30.8531,47.9600,4.346
2003-01-10,0.6160,28.6688,48.0000,3.129
2003-01-13,0.6139,28.8122,47.9600,2.187
2003-01-14,0.6263,29.6044,47.9500,1.436
2003-01-15,0.6375,29.6803,47.9700,3.037
2003-01-16,0.6283,29.5088,47.9600,2.121
2003-01-17,0.5914,28.7100,47.9600,-1.208
2003-01-21,0.5811,27.8100,47.9700,0.231
2003-01-22,0.5815,28.4484,47.9300,-2.037
2003-01-23,0.5663,27.5428,47.9200,-1.479
2003-01-24,0.5441,26.7759,47.9000,-2.658
2003-01-27,0.5340,25.6800,48.1000,0.023
2003-01-28,0.5625,26.5209,47.9200,1.639
2003-01-29,0.5470,26.3400,47.8300,-0.681
2003-01-30,0.5402,26.4159,47.8500,-2.148
2003-01-31,0.5428,26.3147,47.8300,-1.335
2003-02-03,0.5593,27.2606,47.8000,-1.925
2003-02-04,0.5535,27.1031,47.8200,-2.340
2003-02-05,0.5556,26.8509,47.7700,-1.158
2003-02-06,0.5668,27.4856,47.8000,-1.424
2003-02-07,0.5653,27.1059,47.7200,-0.474
2003-02-10,0.5522,26.7375,47.6900,-1.507
2003-02-11,0.5438,26.3531,47.7000,-1.577
2003-02-12,0.5477,26.4375,47.8900,-0.787
2003-02-13,0.5441,26.4375,47.8700,-1.474
2003-02-14,0.5475,26.1216,47.9200,0.441
2003-02-18,0.5635,26.9147,47.7500,-0.037
2003-02-19,0.5616,26.9381,47.7000,-0.560
2003-02-20,0.5571,27.1106,47.6500,-2.088
2003-02-21,0.5616,26.9653,47.6500,-0.765
2003-02-24,0.5599,26.9166,47.7400,-0.696
2003-02-25,0.5501,26.4656,47.7400,-0.763
2003-02-26,0.5426,26.2622,47.6700,-1.503
2003-02-27,0.5485,26.2144,47.6600,-0.287
2003-02-28,0.5696,27.5531,47.6600,-1.467
2003-03-03,0.5644,27.2588,47.7000,-1.238
2003-03-04,0.5558,26.4544,47.8500,0.525
2003-03-05,0.5520,26.6456,47.8000,-0.973
2003-03-06,0.5471,26.2294,47.6300,-0.645
2003-03-07,0.5363,25.6097,47.8000,0.092
2003-03-10,0.5282,25.5066,47.7000,-1.221
2003-03-11,0.5260,25.3331,47.6400,-1.093
2003-03-12,0.5192,24.8663,47.6500,-0.508
2003-03-13,0.5344,24.9281,47.6600,2.169
2003-03-14,0.5316,24.9281,47.6600,1.632
2003-03-17,0.5338,24.7463,47.6800,2.855
2003-03-18,0.5374,24.7463,47.6800,3.542
2003-03-19,0.5316,25.0584,47.7200,1.231
2003-03-20,0.5561,25.4081,47.7500,4.516
2003-03-21,0.5906,25.8122,47.6600,9.057
2003-03-24,0.5728,25.8703,47.6800,5.574
2003-03-25,0.5715,25.4456,47.6400,7.000
2003-03-26,0.5616,25.4344,47.6400,5.186
2003-03-27,0.5522,24.9263,47.5900,5.428
2003-03-28,0.5440,24.4069,47.5500,5.974
2003-03-31,0.5269,23.1272,47.5300,8.284
2003-04-01,0.5306,23.0850,47.4500,9.070
2003-04-02,0.5511,23.9484,47.4000,9.072
2003-04-03,0.5485,23.8819,47.4300,8.924
2003-04-04,0.5541,24.2503,47.4400,8.392
2003-04-07,0.5539,24.2550,47.4400,8.334
2003-04-08,0.5385,23.5031,47.4600,8.742
2003-04-09,0.5185,23.0859,47.4500,6.560
2003-04-10,0.4125,18.8878,47.4000,3.522
2003-04-11,0.3983,17.5350,47.3800,7.611
2003-04-14,0.4076,17.5350,47.4400,10.284
2003-04-15,0.4200,18.3909,47.3600,8.160
2003-04-16,0.4174,17.9456,47.3800,10.198
2003-04-17,0.4050,16.5159,47.3400,16.089
2003-04-21,0.3964,17.0944,47.3800,9.865
2003-04-22,0.3981,16.9059,47.3400,11.468
2003-04-23,0.3949,17.1422,47.3500,9.075
2003-04-24,0.3956,17.1216,47.3600,9.437
2003-04-25,0.3891,16.6200,47.3700,10.892
2003-04-28,0.3954,16.5431,47.3500,13.186
2003-04-29,0.4041,16.2900,47.3700,17.501
2003-04-30,0.3956,16.2506,47.3700,15.326
2003-05-01,0.3917,16.2506,47.3500,14.130
2003-05-02,0.3936,16.2844,47.3500,14.439
2003-05-05,0.4022,16.5853,47.3000,14.704
2003-05-06,0.4127,17.1169,47.2800,13.995
2003-05-07,0.3996,17.2472,47.2800,9.535
2003-05-08,0.3968,16.9378,47.2500,10.681
2003-05-09,0.3975,16.6884,47.2000,12.428
2003-05-12,0.3973,16.4400,47.1800,14.025
2003-05-13,0.3911,16.9050,47.1500,9.092
2003-05-14,0.3769,16.9219,47.1500,5.012
2003-05-15,0.3893,16.9697,47.1300,8.109
2003-05-16,0.3872,17.6522,47.1200,3.357
2003-05-19,0.3681,16.9312,46.9900,2.153
2003-05-20,0.3741,16.9791,46.9500,3.437
2003-05-21,0.3576,16.1147,46.9000,4.067
2003-05-22,0.3506,15.4875,46.9100,6.203
2003-05-23,0.3467,15.4322,46.8700,5.297
2003-05-27,0.3469,15.1406,46.8500,7.337
2003-05-28,0.3609,15.7463,46.9800,7.691
2003-05-29,0.3619,15.4659,47.0500,10.091
2003-05-30,0.3664,15.1153,47.0700,14.094
2003-06-02,0.3789,15.3853,47.1500,16.133
2003-06-03,0.3713,15.5156,46.9500,12.342
2003-06-04,0.3816,15.6422,46.8500,14.285
2003-06-05,0.3834,16.1737,46.8400,11.048
2003-06-06,0.3938,16.3275,46.8800,13.058
2003-06-09,0.3797,15.9225,46.8700,11.769
2003-06-10,0.3795,15.5644,46.7900,14.089
2003-06-11,0.3825,15.5878,46.7000,14.597
2003-06-12,0.3797,15.7425,46.7300,12.709
2003-06-13,0.3759,15.9319,46.7000,10.199
2003-06-16,0.3911,15.9891,46.6600,14.143
2003-06-17,0.4423,16.8291,46.5900,22.454
2003-06-18,0.4260,17.3391,46.6200,14.543
2003-06-19,0.4346,17.0466,46.6100,18.841
2003-06-20,0.4359,17.4328,46.5700,16.459
2003-06-23,0.4181,17.1234,46.6600,13.939
2003-06-24,0.4125,16.6678,46.5700,15.256
2003-06-25,0.4097,16.9237,46.5800,12.763
2003-06-26,0.4288,17.1619,46.5700,16.364
2003-06-27,0.4361,17.5369,46.4000,15.395
2003-06-30,0.4322,17.7712,46.4000,12.845
2003-07-01,0.4397,17.5341,46.4900,16.582
2003-07-02,0.4453,17.1103,46.3600,20.659
2003-07-03,0.4378,17.0212,46.4000,19.351
2003-07-07,0.4594,17.2003,46.3400,23.765
2003-07-08,0.4566,17.5894,46.3000,20.183
2003-07-09,0.4613,17.2191,46.2400,23.867
2003-07-10,0.5106,18.8531,46.2100,25.145
2003-07-11,0.5153,17.8819,46.1000,32.836
2003-07-14,0.5155,18.1500,46.0600,30.808
2003-07-15,0.4941,17.7281,46.1300,28.562
2003-07-16,0.4839,18.2747,46.2300,22.426
2003-07-17,0.4624,17.5491,46.2300,21.808
2003-07-18,0.4594,17.1872,46.2900,23.726
2003-07-21,0.4309,16.5956,46.2700,20.135
2003-07-22,0.4378,16.8459,46.1500,19.943
2003-07-23,0.4256,17.3475,46.1600,13.257
2003-07-24,0.4324,17.1956,46.1500,16.045
2003-07-25,0.4313,17.4253,46.1500,14.217
2003-07-28,0.4463,17.9175,46.1500,14.943
2003-07-29,0.4425,17.8069,46.1300,14.636
2003-07-30,0.4273,17.6466,46.1500,11.755
2003-07-31,0.4369,17.7675,46.1500,13.478
2003-08-01,0.4404,18.4988,46.1800,9.953
2003-08-04,0.4500,18.5531,46.1500,11.938
2003-08-05,0.4303,17.9662,46.1400,10.513
2003-08-06,0.4406,17.2828,46.0500,17.407
2003-08-07,0.4266,17.5153,45.9800,11.981
2003-08-08,0.4294,17.9813,46.0100,9.870
2003-08-11,0.4269,17.7356,45.9900,10.711
2003-08-12,0.4309,17.3409,45.8900,14.027
2003-08-13,0.4284,17.3859,45.9500,13.236
2003-08-14,0.4324,17.1150,46.0000,16.212
2003-08-15,0.4303,17.1150,46.0000,15.658
2003-08-18,0.4116,17.1066,45.9000,10.432
2003-08-19,0.4091,17.3400,45.8500,8.183
2003-08-20,0.4215,17.8434,45.8800,8.381
2003-08-21,0.4329,18.4022,45.8000,7.754
2003-08-22,0.4219,18.2456,45.8800,6.086
2003-08-25,0.4125,17.8069,45.9000,6.331
2003-08-26,0.4283,18.3066,45.8800,7.331
2003-08-27,0.4575,19.1269,45.8800,9.744
2003-08-28,0.4905,20.0606,45.8800,12.184
2003-08-29,0.4885,20.0409,45.8800,11.822
2003-09-02,0.5250,21.2841,45.8800,13.172
2003-09-03,0.5203,20.8341,45.9000,14.634
2003-09-04,0.5505,22.2619,45.8000,13.259
2003-09-05,0.5470,23.3634,45.8800,7.408
2003-09-08,0.5625,23.7741,45.8500,8.485
2003-09-09,0.5696,24.1538,45.8000,8.014
2003-09-10,0.5533,23.7459,45.8200,6.770
2003-09-11,0.5704,22.9350,45.7200,13.705
2003-09-12,0.5503,22.3209,45.8000,12.921
2003-09-15,0.5166,20.7909,45.8000,13.796
2003-09-16,0.5691,22.4034,45.9000,16.592
2003-09-17,0.5638,22.3453,45.9500,15.943
2003-09-18,0.5400,21.2175,46.0000,17.076
2003-09-19,0.5421,21.5663,45.9800,15.573
2003-09-22,0.5209,21.1809,45.7700,12.559
2003-09-23,0.5438,21.4031,45.7700,16.282
2003-09-24,0.5477,22.4438,45.8800,11.962
2003-09-25,0.5428,22.1128,45.8800,12.626
2003-09-26,0.5503,23.3550,45.7700,7.850
2003-09-29,0.5419,23.3166,45.8500,6.558
2003-09-30,0.5447,23.5453,45.7800,5.908
2003-10-01,0.5410,23.3916,45.7000,5.685
2003-10-02,0.5618,23.3916,45.4300,9.103
2003-10-03,0.5935,22.8141,45.3300,17.915
2003-10-06,0.5981,23.2097,45.4900,17.233
2003-10-07,0.5813,23.1009,45.3300,14.059
2003-10-08,0.5869,22.7316,45.4300,17.292
2003-10-09,0.6028,23.3259,45.2900,17.046
2003-10-10,0.6535,25.2591,45.4200,17.502
2003-10-13,0.6863,25.7213,45.4200,21.185
2003-10-14,0.6688,25.0209,45.6600,22.053
2003-10-15,0.6741,25.0041,45.7000,23.202
2003-10-16,0.6688,25.8638,45.3300,17.222
2003-10-17,0.6919,26.6138,45.3300,17.847
2003-10-20,0.6696,25.7278,45.3600,18.052
2003-10-21,0.6610,24.7172,45.3300,21.215
2003-10-22,0.6473,23.7863,45.3500,23.405
2003-10-23,0.6300,23.1028,45.3300,23.615
2003-10-24,0.6291,24.0900,45.3200,18.347
2003-10-27,0.6666,23.0606,45.4000,31.231
2003-10-28,0.6628,23.4891,45.3100,27.859
2003-10-29,0.6604,23.5997,45.3600,26.931
2003-10-30,0.6600,23.4778,45.3500,27.489
2003-10-31,0.6806,25.1672,45.3300,22.594
2003-11-03,0.7350,26.7309,45.3200,24.616
2003-11-04,0.7219,27.2663,45.3100,19.961
2003-11-05,0.7041,26.6231,45.3400,19.907
2003-11-06,0.7061,27.1809,45.3000,17.686
2003-11-07,0.7140,26.8003,45.3300,20.769
2003-11-10,0.6985,26.6334,45.3300,18.877
2003-11-11,0.6863,26.9550,45.3300,15.409
2003-11-12,0.7266,27.3525,45.3600,20.492
2003-11-13,0.6986,26.7178,45.3900,18.690
2003-11-14,0.6788,26.5322,45.4400,16.248
2003-11-17,0.6840,27.0872,45.5500,15.025
2003-11-18,0.6769,26.5181,45.6200,16.448
2003-11-19,0.7256,26.5200,45.6300,24.853
2003-11-20,0.6928,26.2959,45.7800,20.618
2003-11-21,0.6827,27.0900,45.7500,15.296
2003-11-24,0.7031,27.0750,45.8800,19.151
2003-11-25,0.6938,27.1941,45.9500,17.226
2003-11-26,0.6947,27.1941,45.8800,17.206
2003-11-28,0.7247,28.8366,45.8200,15.153
2003-12-01,0.7800,30.2859,45.7700,17.881
2003-12-02,0.7828,29.3438,45.7000,21.918
2003-12-03,0.7519,29.6841,45.6300,15.580
2003-12-04,0.7468,29.4366,45.6600,15.843
2003-12-05,0.7363,28.2853,45.6600,18.863
2003-12-08,0.7613,28.6153,45.5500,21.179
2003-12-09,0.7624,29.0353,45.5500,19.603
2003-12-10,0.7811,29.8397,45.5500,19.241
2003-12-11,0.8141,30.6703,45.5500,20.913
2003-12-12,0.8419,30.1763,45.5500,27.081
2003-12-15,0.8606,31.2516,45.5500,25.442
2003-12-16,0.8190,31.6078,45.5000,17.899
2003-12-17,0.8063,31.1372,45.5500,17.948
2003-12-18,0.8021,31.5347,45.5000,15.738
2003-12-19,0.8363,31.9828,45.5400,19.076
2003-12-22,0.8522,31.5216,45.5200,23.067
2003-12-23,0.8606,31.0594,45.5200,26.135
2003-12-24,0.8580,32.2594,45.5000,21.019
2003-12-26,0.8582,32.1338,45.5000,21.519
2003-12-29,0.9130,32.8800,45.6600,26.782
2003-12-30,0.9000,32.9559,45.5700,24.451
2003-12-31,0.9038,32.5509,45.5500,26.469
2004-01-02,0.9694,33.0431,45.6800,34.013
2004-01-05,1.0255,32.6391,45.6000,43.267
2004-01-06,1.0285,31.7344,45.6600,47.977
2004-01-07,1.0137,31.7916,45.5300,45.169
2004-01-08,1.0275,32.5453,45.5500,43.811
2004-01-09,0.9853,32.9372,45.4800,36.056
2004-01-12,0.9647,32.5716,45.4400,34.585
2004-01-13,0.9581,32.7806,45.4400,32.817
2004-01-14,0.9431,32.9888,45.4200,29.856
2004-01-15,0.9131,31.9538,45.4400,29.855
2004-01-16,0.9456,31.8656,45.4500,34.869
2004-01-20,0.9559,32.2097,45.4300,34.824
2004-01-21,0.9461,31.0669,45.4300,38.358
2004-01-22,0.9902,30.7313,45.4300,46.383
2004-01-23,1.0710,32.2491,45.4300,50.878
2004-01-26,1.0875,32.2491,45.3600,52.966
2004-01-27,1.0444,32.4591,45.3800,46.014
2004-01-28,0.9808,30.9019,45.3600,43.974
2004-01-29,0.9398,29.5088,45.2900,44.236
2004-01-30,0.9506,29.2275,45.3200,47.407
2004-02-02,0.9413,29.2275,45.3000,45.889
2004-02-03,0.9098,28.6022,45.3000,44.089
2004-02-04,0.8906,28.4475,45.3000,41.827
2004-02-05,0.8953,28.1063,45.2900,44.273
2004-02-06,0.8929,29.1694,45.3000,38.667
2004-02-09,0.8906,30.4753,45.2500,32.244
2004-02-10,0.8708,29.9634,45.2200,31.414
2004-02-11,0.8745,30.1669,45.2400,31.148
2004-02-12,0.8756,29.5753,45.2300,33.914
2004-02-13,0.8850,30.4791,45.2400,31.364
2004-02-17,0.8931,30.1584,45.2800,34.088
2004-02-18,0.8681,29.8238,45.2400,31.690
2004-02-19,0.7853,28.3313,45.2800,25.505
2004-02-20,0.7875,28.1981,45.2300,26.319
2004-02-23,0.7605,27.5325,45.3200,25.186
2004-02-24,0.7594,27.5072,45.3200,25.115
2004-02-25,0.7556,27.0469,45.2500,26.421
2004-02-26,0.7697,26.6025,45.2700,30.982
2004-02-27,0.7727,27.2728,45.3200,28.403
2004-03-01,0.8012,28.0894,45.3200,29.269
2004-03-02,0.8016,28.0894,45.2500,29.129
2004-03-03,0.8057,28.2750,45.2200,28.856
2004-03-04,0.8036,28.4025,45.3200,28.232
2004-03-05,0.7969,27.9141,45.3200,29.380
2004-03-08,0.7628,27.0506,45.2600,27.623
2004-03-09,0.7618,26.7956,45.2300,28.594
2004-03-10,0.7256,27.4050,45.2500,19.815
2004-03-11,0.7228,26.9541,45.2800,21.428
2004-03-12,0.7585,27.5588,45.2200,24.452
2004-03-15,0.7455,26.7084,45.2500,26.307
2004-03-16,0.7712,27.3403,45.2200,27.555
2004-03-17,0.7813,27.5259,45.2700,28.500
2004-03-18,0.7609,26.7122,45.2500,28.894
2004-03-19,0.7678,26.9334,45.2000,28.858
2004-03-22,0.7519,25.9144,45.1450,30.986
2004-03-23,0.7607,26.2734,44.8500,29.856
2004-03-24,0.7500,25.9163,44.8000,29.652
2004-03-25,0.7817,25.9603,44.7300,34.689
2004-03-26,0.8074,26.7694,44.4400,34.036
2004-03-29,0.8100,26.4694,44.0000,34.650
2004-03-30,0.8072,25.8319,44.0700,37.712
2004-03-31,0.7901,25.5225,43.4000,34.361
2004-04-01,0.7988,25.6641,43.4000,35.079
2004-04-02,0.7995,25.3022,43.7500,38.245
2004-04-05,0.8363,26.1169,43.6700,39.833
2004-04-06,0.8265,26.4244,43.7000,36.688
2004-04-07,0.7770,26.5725,43.5500,27.347
2004-04-08,0.7978,27.4481,43.6000,26.732
2004-04-12,0.8063,27.2213,43.6600,29.317
2004-04-13,0.8636,30.1331,43.7500,25.392
2004-04-14,0.8550,30.1331,43.6900,23.969
2004-04-15,0.8485,29.9813,44.0000,24.518
2004-04-16,0.8777,30.4903,43.8500,26.229
2004-04-19,0.9225,29.8950,43.8800,35.408
2004-04-20,0.9225,30.1256,43.9700,34.647
2004-04-21,0.9028,29.9484,44.1000,32.945
2004-04-22,0.9090,30.2400,44.1400,32.686
2004-04-23,0.9220,29.8781,44.0000,35.772
2004-04-26,0.9086,29.8781,44.1000,34.116
2004-04-27,0.8925,28.7109,44.2300,37.496
2004-04-28,0.8738,28.5291,44.2100,35.404
2004-04-29,0.8400,28.7681,44.4000,29.647
2004-04-30,0.8072,28.9725,44.5200,24.038
2004-05-03,0.8550,29.1516,44.8800,31.634
2004-05-04,0.8925,29.8388,44.7000,33.704
2004-05-05,0.8957,30.1078,44.5500,32.537
2004-05-06,0.8586,29.8425,44.6500,28.460
2004-05-07,0.8344,29.0578,44.6600,28.241
2004-05-10,0.7898,28.7822,44.9500,23.341
2004-05-11,0.7901,28.2469,45.3500,26.857
2004-05-12,0.7688,28.6556,45.3500,21.664
2004-05-13,0.8078,29.9184,45.2500,22.171
2004-05-14,0.7275,28.9800,45.5700,14.400
2004-05-17,0.7050,23.3072,45.5000,37.633
2004-05-18,0.7781,28.8609,45.4700,22.596
2004-05-19,0.8003,28.5291,45.1800,26.735
2004-05-20,0.7888,27.6506,45.2800,29.177
2004-05-21,0.7945,28.3434,45.2800,26.918
2004-05-24,0.8293,30.1894,45.3100,24.471
2004-05-25,0.8158,30.3741,45.3600,21.835
2004-05-26,0.8344,29.7928,45.4000,27.150
2004-05-27,0.8312,30.1022,45.4000,25.362
2004-05-28,0.8325,28.1934,45.4200,34.120
2004-06-01,0.8044,28.6228,45.4300,27.673
2004-06-02,0.8063,28.6725,45.3700,27.580
2004-06-03,0.7686,27.3703,45.2200,26.982
2004-06-04,0.8020,28.2159,45.0700,28.099
2004-06-07,0.8220,27.8531,45.1000,33.102
2004-06-08,0.8151,28.0378,45.0500,30.964
2004-06-09,0.8181,28.0313,44.9400,31.156
2004-06-10,0.8301,28.5666,45.0500,30.906
2004-06-14,0.7969,27.0684,45.3500,33.510
2004-06-15,0.8408,27.8841,45.3800,36.832
2004-06-16,0.8306,27.8138,45.3400,35.406
2004-06-17,0.8231,28.2019,45.4900,32.775
2004-06-18,0.8381,28.4063,45.6600,34.723
2004-06-21,0.8494,29.4009,45.8800,32.548
2004-06-22,0.8421,29.2041,46.2100,33.244
2004-06-23,0.8419,28.7925,45.7000,33.627
2004-06-24,0.8485,29.7769,45.8500,30.644
2004-06-25,0.8794,29.9953,45.8500,34.422
2004-06-28,0.9075,31.2834,45.9900,33.415
2004-06-29,0.8841,30.4678,46.0500,33.623
2004-06-30,0.8758,29.9306,45.9900,34.577
2004-07-01,0.8550,30.1359,45.8800,30.171
2004-07-02,0.8578,29.6831,45.7500,32.216
2004-07-06,0.8381,29.9334,46.0500,28.942
2004-07-07,0.8747,29.0334,45.8400,38.105
2004-07-08,0.8494,28.1559,45.7500,38.017
2004-07-09,0.8860,28.1166,45.6600,43.876
2004-07-12,0.8505,28.0463,45.7200,38.649
2004-07-13,0.8741,27.9141,45.8600,43.614
2004-07-14,0.8815,28.7888,45.9500,40.691
2004-07-15,0.8820,29.5397,46.0800,37.590
2004-07-16,0.8590,29.5763,45.9600,33.478
2004-07-19,0.8753,29.7338,46.1100,35.734
2004-07-20,0.8803,29.2388,46.1000,38.800
2004-07-21,0.8646,29.5059,46.1300,35.170
2004-07-22,0.9000,29.4778,46.3000,41.364
2004-07-23,0.8410,29.8097,46.3500,30.758
2004-07-26,0.8488,29.4609,46.2800,33.343
2004-07-27,0.8663,29.2275,46.2500,37.080
2004-07-28,0.8533,29.6297,46.3000,33.344
2004-07-29,0.8854,30.4566,46.4500,35.034
2004-07-30,0.8725,30.7603,46.4000,31.605
2004-08-02,0.8663,30.4200,46.3500,31.991
2004-08-03,0.8494,30.2569,46.3500,30.118
2004-08-04,0.8438,29.8997,46.3600,30.828
2004-08-05,0.8837,31.7644,46.3500,28.949
2004-08-06,0.8578,31.0022,46.3300,28.196
2004-08-09,0.8764,31.3819,46.4000,29.581
2004-08-10,0.8989,31.5816,46.3400,31.896
2004-08-11,0.8483,31.3228,46.3200,25.442
2004-08-12,0.8516,30.5747,46.2100,28.716
2004-08-13,0.8494,30.0600,46.2700,30.744
2004-08-16,0.8708,30.3891,46.3600,32.840
2004-08-17,0.8831,30.7238,46.3400,33.203
2004-08-18,0.9163,30.7266,46.3400,38.196
2004-08-19,0.9523,31.5197,46.2700,39.800
2004-08-20,0.9563,31.7531,46.2500,39.286
2004-08-23,0.9591,31.7391,46.2600,39.788
2004-08-24,0.9675,32.4534,46.2950,38.018
2004-08-25,0.9596,31.7897,46.3600,39.949
2004-08-26,0.9433,32.3016,46.3500,35.361
2004-08-27,0.9388,31.9781,46.2800,35.872
2004-08-30,0.9608,32.6334,46.3500,36.461
2004-08-31,0.9698,32.5406,46.3500,38.132
2004-09-01,0.9720,32.4113,46.3400,38.975
2004-09-02,0.9895,32.5238,46.3200,40.918
2004-09-03,0.9900,32.7094,46.3300,40.228
2004-09-07,1.0137,33.3113,46.3500,41.042
2004-09-08,1.0131,33.1903,46.3500,41.477
2004-09-09,1.0153,33.1903,46.3000,41.638
2004-09-10,1.0232,33.2578,46.2600,42.324
2004-09-13,1.0097,33.1538,46.1800,40.643
2004-09-14,1.0125,33.8006,45.8500,37.347
2004-09-15,0.9816,33.1397,45.8100,35.688
2004-09-16,1.0097,33.2128,45.8200,39.299
2004-09-17,0.9985,33.3281,45.8400,37.330
2004-09-20,0.9957,32.6756,45.9300,39.952
2004-09-21,1.0120,33.7078,45.8600,37.679
2004-09-22,0.9957,34.0959,45.8600,33.918
2004-09-23,0.9895,33.3647,45.8700,36.032
2004-09-24,0.9720,32.7797,45.9000,36.108
2004-09-27,0.9985,32.4562,45.9700,41.419
2004-09-28,0.9866,32.1216,46.1000,41.601
2004-09-29,1.0249,32.8528,46.0000,43.505
2004-09-30,1.0626,33.5700,45.9100,45.319
2004-10-01,1.0857,34.0003,45.8500,46.402
2004-10-04,1.1734,35.3250,45.8500,52.302
2004-10-05,1.1352,35.8397,45.8600,45.253
2004-10-06,1.1340,34.9875,45.8600,48.643
2004-10-07,1.1616,35.5753,45.8600,49.740
2004-10-08,1.1672,35.8819,45.8000,48.985
2004-10-11,1.1813,35.5050,45.8000,52.380
2004-10-12,1.1948,35.3081,45.8700,55.218
2004-10-13,1.2235,35.3081,45.8300,58.806
2004-10-14,1.2437,37.1166,45.8100,53.502
2004-10-15,1.2088,36.5428,45.8500,51.673
2004-10-18,1.1914,35.8819,45.8300,52.172
2004-10-19,1.2240,36.6722,45.8500,53.036
2004-10-20,1.1903,36.3825,45.7000,49.511
2004-10-21,1.1948,36.0619,45.6500,51.245
2004-10-22,1.1953,36.0619,45.6200,51.217
2004-10-25,1.1734,35.6794,45.5800,49.901
2004-10-26,1.1700,35.9325,45.6600,48.678
2004-10-27,1.2049,36.0956,45.5700,52.117
2004-10-28,1.2308,37.0575,45.5100,51.151
2004-10-29,1.1998,36.9844,45.3000,46.962
2004-11-01,1.1813,36.8325,45.3300,45.381
2004-11-02,1.1925,37.1475,45.4000,45.746
2004-11-03,1.2561,38.0025,45.3300,49.829
2004-11-04,1.3073,37.7887,45.1000,56.021
2004-11-05,1.2679,38.7056,45.1000,47.737
2004-11-08,1.2595,38.6634,45.0800,46.849
2004-11-09,1.2375,38.7788,45.1200,43.990
2004-11-10,1.2308,39.3244,45.1400,41.280
2004-11-11,1.2364,39.0741,45.1400,42.835
2004-11-12,1.2482,38.9166,45.0400,44.462
2004-11-15,1.2882,38.9166,45.0300,49.051
2004-11-16,1.3039,39.7603,45.0100,47.607
2004-11-17,1.3191,40.3734,44.9600,46.895
2004-11-18,1.2938,40.5394,45.0000,43.614
2004-11-19,1.2724,40.1063,45.0000,42.767
2004-11-22,1.2893,39.9206,44.9700,45.236
2004-11-23,1.2763,40.2131,45.0200,42.891
2004-11-24,1.2983,40.2497,44.9400,44.957
2004-11-26,1.3309,41.4309,44.9400,44.363
2004-11-29,1.3585,42.8541,44.6700,41.604
2004-11-30,1.3753,43.1100,44.4700,41.873
2004-12-01,1.4355,42.4800,44.3000,49.704
2004-12-02,1.4074,42.5475,44.1000,45.876
2004-12-03,1.3973,42.1678,44.0000,45.800
2004-12-06,1.3635,41.7713,43.5100,42.029
2004-12-07,1.3281,42.5897,43.6000,35.960
2004-12-08,1.3557,41.6053,44.1500,43.857
2004-12-09,1.3045,41.5406,44.1200,38.547
2004-12-10,1.3107,42.0216,44.5200,38.858
2004-12-13,1.3607,42.1875,44.1500,42.402
2004-12-14,1.3967,42.4491,44.0500,44.940
2004-12-15,1.4097,42.9666,43.8600,43.897
2004-12-16,1.3787,43.3041,43.7500,39.292
2004-12-17,1.4063,42.5616,43.8800,44.985
2004-12-20,1.4063,43.1691,43.8500,42.847
2004-12-21,1.3939,43.3941,43.6600,40.245
2004-12-22,1.4063,42.4941,43.8000,44.950
2004-12-23,1.4288,42.1144,43.6100,47.953
2004-12-27,1.4068,42.2213,43.7500,45.779
2004-12-28,1.4192,42.2719,43.6300,46.482
2004-12-29,1.4147,42.4603,43.6700,45.503
2004-12-30,1.3928,42.0525,43.6200,44.470
2004-12-31,1.3866,42.1200,43.2700,42.446
2005-01-03,1.3843,42.4238,43.3500,41.457
2005-01-04,1.3022,42.1341,43.4700,34.351
2005-01-05,1.2240,39.7856,43.6000,34.138
2005-01-06,1.2347,38.7788,43.7500,39.300
2005-01-07,1.2105,39.3609,43.6300,34.182
2005-01-10,1.1644,38.1375,43.8200,33.790
2005-01-11,1.1571,38.0194,43.6800,32.937
2005-01-12,1.1914,36.9000,43.5300,40.547
2005-01-13,1.1914,37.7325,43.5200,37.414
2005-01-14,1.1914,37.3838,43.5500,38.792
2005-01-18,1.2280,38.3681,43.5900,39.509
2005-01-19,1.2128,38.7084,43.6100,36.635
2005-01-20,1.1734,37.9491,43.7000,35.123
2005-01-24,1.1172,36.4388,43.6500,33.824
2005-01-25,1.1599,36.9394,43.6500,37.062
2005-01-27,1.2066,37.9519,43.6500,38.775
2005-01-28,1.2072,39.2906,43.6600,34.140
2005-01-31,1.2375,39.6759,43.6000,35.993
2005-02-01,1.2606,39.1641,43.6600,40.531
2005-02-02,1.2252,38.5988,43.2800,37.374
2005-02-03,1.2252,39.0544,43.3000,35.834
2005-02-04,1.2353,39.5522,43.3400,35.358
2005-02-07,1.2223,38.7225,43.3800,36.937
2005-02-08,1.2302,38.9897,43.5800,37.505
2005-02-09,1.2201,38.8997,43.6200,36.815
2005-02-10,1.2488,38.5228,43.6800,41.596
2005-02-11,1.2859,39.1078,43.7000,43.690
2005-02-14,1.2994,40.1428,43.6400,41.261
2005-02-15,1.3337,39.7491,43.7100,46.662
2005-02-16,1.3005,39.7631,43.6500,42.766
2005-02-17,1.2454,39.2906,43.6800,38.454
2005-02-18,1.2381,38.8828,43.7300,39.244
2005-02-22,1.2038,38.4441,43.6300,36.616
2005-02-23,1.1937,38.2163,43.6100,36.212
2005-02-24,1.1869,38.1038,43.5700,35.717
2005-02-25,1.1953,37.8394,43.6100,37.764
2005-02-28,1.2229,39.3469,43.5700,35.416
2005-03-01,1.2122,38.0053,43.5800,39.003
2005-03-02,1.1982,37.7494,43.5900,38.353
2005-03-03,1.2235,39.1809,43.5800,36.083
2005-03-04,1.2493,40.5028,43.6400,34.611
2005-03-07,1.2522,40.6041,43.5800,34.393
2005-03-08,1.2381,40.3566,43.5800,33.698
2005-03-09,1.2252,40.1372,43.5500,32.933
2005-03-10,1.2100,39.6281,43.4800,32.758
2005-03-11,1.1869,39.2400,43.4500,31.425
2005-03-14,1.1858,39.0347,43.4400,31.960
2005-03-15,1.1948,38.4581,43.4600,35.017
2005-03-16,1.1717,38.4159,43.5000,32.678
2005-03-17,1.1757,38.2191,43.5500,33.964
2005-03-18,1.1869,38.5875,43.6700,34.324
2005-03-21,1.1740,38.5228,43.6100,32.900
2005-03-22,1.1616,38.0363,43.6100,33.181
2005-03-23,1.1374,36.8831,43.6600,34.639
2005-03-24,1.1447,36.3038,43.6500,37.636
2005-03-28,1.1560,36.1800,43.6700,39.527
2005-03-29,1.1307,36.0675,43.7000,36.992
2005-03-30,1.1318,35.4572,43.6900,39.457
2005-03-31,1.1481,37.7409,43.6200,32.693
2005-04-01,1.1745,37.8366,43.6200,35.406
2005-04-04,1.1734,37.9294,43.6800,35.131
2005-04-05,1.1818,37.1588,43.6900,38.957
2005-04-06,1.1897,37.6566,43.7200,38.128
2005-04-07,1.1644,38.2584,43.6900,32.971
2005-04-08,1.1492,37.4175,43.6600,34.094
2005-04-11,1.1391,36.7059,43.6000,35.303
2005-04-12,1.1340,36.3263,43.6200,36.172
2005-04-13,1.1104,36.3066,43.6500,33.500
2005-04-15,1.0317,34.0650,43.7000,32.344
2005-04-18,1.0187,33.4547,43.6200,32.825
2005-04-19,1.0142,32.4534,43.7000,36.568
2005-04-20,0.9945,33.4659,43.5800,29.509
2005-04-21,1.0733,33.9778,43.6800,37.975
2005-04-22,1.1025,36.2222,43.6600,32.892
2005-04-25,1.0587,36.4753,43.6100,26.573
2005-04-26,1.0423,35.9972,43.6000,26.249
2005-04-27,1.0350,35.7188,43.6000,26.340
2005-04-28,1.0350,36.1884,43.6800,24.929
2005-04-29,1.0390,35.4825,43.4800,27.314
2005-05-02,1.0401,35.8875,43.4600,25.955
2005-05-03,1.0418,35.2884,43.5600,28.597
2005-05-04,1.0547,35.4909,43.4000,28.975
2005-05-05,1.0738,35.8538,43.3300,29.776
2005-05-06,1.0806,35.7834,43.3500,30.908
2005-05-09,1.0828,36.3516,43.4500,29.429
2005-05-10,1.0626,36.4388,43.3600,26.442
2005-05-11,1.0525,35.8763,43.2100,26.761
2005-05-12,1.0513,36.1828,43.3000,25.814
2005-05-13,1.0502,35.7863,43.3500,27.219
2005-05-16,1.0660,37.0688,43.3800,24.745
2005-05-17,1.0564,36.9816,43.4100,24.003
2005-05-18,1.1082,36.6947,43.4300,31.155
2005-05-19,1.0963,37.0153,43.4500,28.693
2005-05-20,1.0947,37.3106,43.3400,27.155
2005-05-23,1.1149,37.4850,43.4500,29.232
2005-05-24,1.1149,38.3878,43.4500,26.192
2005-05-25,1.1149,38.6437,43.4300,25.299
2005-05-26,1.2094,40.2919,43.4600,30.450
2005-05-27,1.1813,40.7334,43.4100,25.890
2005-05-31,1.1768,40.2609,43.6200,27.496
2005-06-01,1.1835,40.0078,43.7100,29.305
2005-06-02,1.1813,39.4200,43.6400,30.774
2005-06-03,1.1796,40.5928,43.5000,26.407
2005-06-06,1.2150,40.2863,43.5800,31.437
2005-06-07,1.2162,41.1497,43.5300,28.650
2005-06-08,1.1987,41.3100,43.4600,26.111
2005-06-09,1.2291,40.8319,43.4600,30.820
2005-06-10,1.2117,40.7138,43.4800,29.398
2005-06-13,1.2083,40.6069,43.6000,29.734
2005-06-14,1.2111,40.6828,43.5700,29.704
2005-06-15,1.2094,41.2622,43.5600,27.675
2005-06-16,1.2263,41.3184,43.5500,29.251
2005-06-17,1.2325,41.8388,43.5000,28.140
2005-06-20,1.2218,42.5559,43.5300,24.975
2005-06-21,1.2268,42.5391,43.5000,25.456
2005-06-22,1.2094,42.7050,43.4500,23.050
2005-06-23,1.1796,42.5559,43.5100,20.604
2005-06-24,1.1672,42.1763,43.5000,20.385
2005-06-27,1.1813,42.4350,43.4400,20.926
2005-06-28,1.1307,41.6616,43.4600,17.946
2005-06-29,1.1515,42.3928,43.5000,18.154
2005-06-30,1.1734,43.1044,43.5100,18.445
2005-07-01,1.1577,41.8950,43.4500,20.062
2005-07-05,1.1644,41.4056,43.5500,22.471
2005-07-06,1.1858,41.3578,43.4500,24.577
2005-07-07,1.1712,39.9656,43.5900,27.736
2005-07-08,1.1920,40.6631,43.5100,27.542
2005-07-11,1.2094,40.3172,43.5100,30.518
2005-07-12,1.1644,39.5072,43.4500,28.061
2005-07-13,1.1728,39.8925,43.4600,27.773
2005-07-14,1.1537,39.1641,43.4800,28.086
2005-07-15,1.1368,39.6253,43.4500,24.657
2005-07-18,1.1588,39.9938,43.4700,25.950
2005-07-19,1.1914,40.1934,43.4800,28.882
2005-07-20,1.1948,40.3481,43.4600,28.693
2005-07-21,1.1841,40.0275,43.0500,27.350
2005-07-22,1.1925,40.2356,43.4000,28.632
2005-07-25,1.1644,40.1203,43.4500,26.104
2005-07-26,1.1250,39.8587,43.4100,22.526
2005-07-27,1.1503,40.9416,43.3400,21.773
2005-07-28,1.1408,40.9416,43.3200,20.705
2005-07-29,1.1475,41.4197,43.4000,20.239
2005-08-01,1.1363,40.7109,43.3700,21.050
2005-08-02,1.1346,40.7363,43.4100,20.906
2005-08-03,1.1363,41.1694,43.3600,19.674
2005-08-04,1.1222,41.1525,43.4300,18.432
2005-08-05,1.1031,40.5984,43.4200,17.975
2005-08-08,1.0935,39.6281,43.4400,19.871
2005-08-09,1.0969,40.2778,43.4600,18.356
2005-08-10,1.1132,40.9303,43.5400,18.419
2005-08-11,1.1082,41.2284,43.5000,16.921
2005-08-12,1.1008,40.2075,43.4800,19.044
2005-08-16,1.0969,40.5281,43.4500,17.598
2005-08-17,1.0975,40.7391,43.4600,17.076
2005-08-18,1.0952,41.0034,43.5000,16.190
2005-08-19,1.0857,40.5028,43.5100,16.626
2005-08-22,1.0800,40.7869,43.5800,15.399
2005-08-23,1.0660,40.1288,43.5700,15.738
2005-08-24,1.0530,39.7406,43.6900,15.767
2005-08-25,1.0761,41.3381,43.6000,13.497
2005-08-26,1.0868,40.4494,43.6000,17.143
2005-08-29,1.1020,39.5719,43.8600,22.138
2005-08-30,1.0783,40.3819,43.9700,17.415
2005-08-31,1.1149,41.0231,44.0000,19.581
2005-09-01,1.0997,41.8725,43.9400,15.401
2005-09-02,1.1262,42.1088,43.8700,17.326
2005-09-06,1.1374,42.5250,43.8200,17.204
2005-09-08,1.1172,41.9906,43.7800,16.476
2005-09-09,1.1250,41.7881,43.7600,17.812
2005-09-12,1.1610,41.8556,43.7500,21.358
2005-09-13,1.1475,41.9569,43.8200,19.849
2005-09-14,1.1419,42.7725,43.8300,17.014
2005-09-15,1.1442,43.0313,43.8200,16.513
2005-09-16,1.1408,43.0369,43.8100,16.127
2005-09-19,1.1340,42.7388,43.8200,16.272
2005-09-20,1.1464,42.3394,43.8200,18.649
2005-09-21,1.1307,42.0300,43.8500,17.961
2005-09-22,1.0902,40.0556,43.8000,19.206
2005-09-23,1.0924,40.2525,43.8000,18.868
2005-09-26,1.1183,42.0469,43.8600,16.650
2005-09-27,1.1363,42.3225,43.9600,18.024
2005-09-28,1.1408,41.8781,43.9800,19.803
2005-09-29,1.1295,42.2944,43.9500,17.374
2005-09-30,1.1655,41.7881,43.9400,22.555
2005-10-03,1.1419,42.7556,44.0000,17.514
2005-10-04,1.1982,45.1125,44.1000,17.126
2005-10-05,1.1892,45.4950,44.2100,15.557
2005-10-06,1.1768,43.9144,44.1800,18.390
2005-10-07,1.1633,43.6781,44.3000,17.984
2005-10-10,1.1757,44.3700,44.3000,17.380
2005-10-11,1.1892,44.8931,44.7800,18.616
2005-10-13,1.1475,43.8019,44.8800,17.577
2005-10-14,1.1419,43.4194,44.7600,17.716
2005-10-17,1.1340,43.0369,44.8100,18.075
2005-10-18,1.1262,41.9963,45.0500,20.804
2005-10-19,1.1205,41.4338,45.1000,21.968
2005-10-20,1.1104,41.4788,45.1100,20.761
2005-10-21,1.1430,43.3631,45.0100,18.644
2005-10-24,1.1419,41.9344,45.1100,22.838
2005-10-25,1.1363,42.4350,44.9600,20.389
2005-10-26,1.1318,42.3788,45.0100,20.205
2005-10-27,1.1138,42.0300,44.9400,19.089
2005-10-28,1.1127,40.1513,45.0100,24.730
2005-10-31,1.1464,41.0175,45.0900,26.023
2005-11-02,1.1565,41.5856,45.1800,25.649
2005-11-04,1.1655,41.5856,45.4300,27.328
2005-11-07,1.1622,42.4294,45.7800,25.393
2005-11-08,1.1869,43.9706,45.7200,23.413
2005-11-09,1.1982,43.2563,45.7300,26.668
2005-11-10,1.1948,43.3800,45.6900,25.840
2005-11-11,1.2207,45.4669,45.6900,22.665
2005-11-14,1.2398,45.4894,45.6200,24.334
2005-11-16,1.2162,46.0181,45.7300,20.854
2005-11-17,1.2533,46.4850,45.6700,23.131
2005-11-18,1.2769,47.6944,45.7000,22.351
2005-11-21,1.2679,47.3850,45.7000,22.282
2005-11-22,1.2555,46.9631,45.7800,22.390
2005-11-23,1.2814,48.5325,45.7100,20.688
2005-11-25,1.2837,49.4494,45.7700,18.814
2005-11-28,1.2758,50.0850,45.8500,16.791
2005-11-29,1.2623,49.9444,45.8400,15.855
2005-11-30,1.2375,47.6156,45.8700,19.216
2005-12-01,1.2600,48.7013,45.9700,18.937
2005-12-02,1.2555,48.5663,46.1100,19.203
2005-12-05,1.2274,47.5594,46.2600,19.387
2005-12-06,1.2488,48.1275,46.1300,19.695
2005-12-07,1.2420,49.0950,46.1700,16.803
2005-12-08,1.2488,48.9825,46.1800,17.733
2005-12-09,1.2578,49.6631,46.1100,16.779
2005-12-12,1.2814,49.1456,46.0000,19.939
2005-12-13,1.2859,50.4956,46.0100,17.168
2005-12-14,1.2859,50.0794,45.6300,17.166
2005-12-15,1.3219,49.3200,45.2800,21.363
2005-12-16,1.3062,49.6969,45.1900,18.771
2005-12-19,1.3512,51.3000,44.9400,18.365
2005-12-20,1.3995,52.2844,45.1400,20.830
2005-12-21,1.3883,51.5700,45.1700,21.599
2005-12-22,1.4153,52.0256,45.1400,22.797
2005-12-23,1.4085,52.3631,45.1100,21.343
2005-12-27,1.4108,52.0031,45.1700,22.541
2005-12-28,1.3995,51.3450,45.0600,22.822
2005-12-29,1.4018,52.1213,45.1100,21.322
2005-12-30,1.3444,52.1269,44.9500,15.931
2006-01-03,1.3973,53.2125,44.9200,17.954
2006-01-04,1.4277,54.1238,44.7300,17.987
2006-01-05,1.4344,53.3306,44.6000,19.959
2006-01-06,1.4457,53.1788,44.3200,20.484
2006-01-09,1.4288,51.8569,44.2000,21.782
2006-01-10,1.3725,51.7106,44.1400,17.159
2006-01-12,1.3444,51.9019,43.9900,13.947
2006-01-13,1.3714,51.7556,44.1000,16.855
2006-01-17,1.3568,50.4394,44.2300,18.976
2006-01-18,1.4457,51.8681,44.2900,23.444
2006-01-19,1.5514,56.0306,44.1400,22.218
2006-01-20,1.4985,56.1094,44.1000,17.780
2006-01-23,1.5132,55.3838,44.1000,20.487
2006-01-24,1.5300,55.5581,44.1900,21.697
2006-01-25,1.5638,57.1725,44.0800,20.568
2006-01-27,1.6054,56.8294,44.0000,24.299
2006-01-30,1.6504,58.7700,44.0400,23.676
2006-01-31,1.6707,59.5913,43.9600,23.244
2006-02-01,1.6493,58.7531,44.1300,23.880
2006-02-02,1.6549,59.3381,44.1600,23.160
2006-02-03,1.6054,58.0500,44.1400,22.072
2006-02-06,1.6122,57.8813,44.1400,22.943
2006-02-07,1.5919,58.5394,44.1500,20.061
2006-02-08,1.5919,57.0994,44.1700,23.145
2006-02-10,1.5863,57.6394,44.1000,21.367
2006-02-13,1.5672,56.8800,44.1700,21.698
2006-02-14,1.5525,55.2600,44.1500,24.040
2006-02-15,1.5717,55.7438,44.1500,24.478
2006-02-16,1.5694,55.1419,44.2500,25.942
2006-02-17,1.5739,56.1488,44.3300,24.262
2006-02-21,1.5525,57.6956,44.3600,19.369
2006-02-22,1.5537,58.0894,44.5400,19.127
2006-02-23,1.5638,58.7700,44.3600,18.036
2006-02-24,1.5559,58.1063,44.3500,18.756
2006-02-27,1.6032,58.5225,44.4100,21.657
2006-02-28,1.5627,58.5506,44.2100,17.993
2006-03-01,1.5885,59.4450,44.3500,18.516
2006-03-02,1.6167,59.6869,44.1800,19.665
2006-03-03,1.6335,59.5913,44.0900,20.861
2006-03-06,1.5840,59.4731,44.1800,17.671
2006-03-07,1.5525,58.8263,44.2400,16.758
2006-03-08,1.5390,57.0825,44.3600,19.602
2006-03-09,1.5469,57.5381,44.3000,19.101
2006-03-10,1.5705,58.5450,44.3100,18.867
2006-03-13,1.5638,59.8950,44.3800,15.871
2006-03-14,1.5267,58.6856,44.3700,15.425
2006-03-16,1.5357,58.2075,44.2900,16.848
2006-03-17,1.5098,58.5450,44.2600,14.140
2006-03-20,1.5953,61.2338,44.2500,15.282
2006-03-21,1.5728,59.8725,44.2900,16.345
2006-03-22,1.5807,58.7700,44.3600,19.310
2006-03-23,1.5627,58.8206,44.4300,18.035
2006-03-24,1.5582,59.7769,44.4900,15.969
2006-03-27,1.5593,58.5169,44.5800,18.792
2006-03-28,1.5807,59.5181,44.4900,18.155
2006-03-29,1.6347,61.0538,44.5300,19.226
2006-03-30,1.6797,64.1081,44.4500,16.461
2006-03-31,1.6729,62.9663,44.4800,18.177
2006-04-03,1.6875,63.0000,44.3900,18.905
2006-04-04,1.6943,62.9663,44.5800,19.956
2006-04-05,1.6875,62.7975,44.4200,19.369
2006-04-07,1.6369,60.8344,44.4600,19.632
2006-04-10,1.6313,60.3788,44.6600,20.661
2006-04-12,1.5413,58.1681,45.0900,19.476
2006-04-13,1.5424,57.9769,45.0500,19.851
2006-04-17,1.6482,60.8681,44.9700,21.768
2006-04-18,1.7179,64.2262,45.0800,20.580
2006-04-19,1.6200,63.0225,45.0100,15.702
2006-04-20,1.6425,62.3363,45.0600,18.732
2006-04-21,1.6290,61.7513,45.0500,18.845
2006-04-24,1.6212,59.8950,44.8600,21.422
2006-04-25,1.5930,59.2819,44.8800,20.603
2006-04-26,1.6088,61.7513,45.0400,17.342
2006-04-27,1.5750,61.5656,44.8400,14.715
2006-04-28,1.6077,60.4294,44.8600,19.346
2006-05-02,1.5750,60.6713,44.8200,16.354
2006-05-03,1.5604,60.6600,44.8100,15.269
2006-05-04,1.6257,60.8456,44.8100,19.723
2006-05-05,1.6538,60.6881,44.8500,22.219
2006-05-08,1.5660,60.5813,44.8200,15.861
2006-05-09,1.5852,60.6038,44.8400,17.284
2006-05-10,1.5829,61.0425,44.8400,16.276
2006-05-11,1.5514,61.2956,44.8800,13.593
2006-05-12,1.5289,61.2619,44.8900,12.032
2006-05-15,1.5447,60.1425,45.3700,16.526
2006-05-16,1.5244,60.0919,45.0500,14.283
2006-05-17,1.4929,61.1944,44.6900,9.027
2006-05-18,1.4288,57.0994,45.2600,13.253
2006-05-19,1.4434,54.8663,45.3500,19.306
2006-05-22,1.3242,49.7025,45.4200,21.006
2006-05-23,1.3354,53.3419,45.3800,13.608
2006-05-24,1.3050,51.1200,45.5600,16.309
2006-05-25,1.3737,54.7031,45.7400,14.858
2006-05-26,1.3815,53.4375,45.8100,18.434
2006-05-30,1.3500,52.9988,46.1300,17.507
2006-05-31,1.3489,50.5913,46.2200,23.236
2006-06-01,1.3399,50.0288,46.1900,23.710
2006-06-02,1.3883,52.8638,45.6700,19.937
2006-06-05,1.3455,51.4688,45.7000,19.472
2006-06-06,1.3163,50.0850,45.8000,20.367
2006-06-07,1.2769,50.1019,45.8900,16.956
2006-06-08,1.2465,47.1994,45.9100,21.248
2006-06-09,1.2465,48.9263,45.8100,16.714
2006-06-12,1.2105,47.5088,45.7100,16.470
2006-06-13,1.1644,44.4713,45.8100,19.946
2006-06-14,1.2128,43.8188,45.5000,25.931
2006-06-15,1.3118,47.2500,45.8300,27.236
2006-06-16,1.3410,49.5563,45.6900,23.641
2006-06-19,1.2972,49.0331,45.7600,21.057
2006-06-20,1.3343,47.4638,45.8000,28.751
2006-06-21,1.3579,49.3763,45.8000,25.956
2006-06-22,1.3557,50.6756,45.9900,23.031
2006-06-23,1.3658,52.8300,46.0100,18.947
2006-06-26,1.3489,52.1888,46.2200,19.464
2006-06-27,1.3343,53.3138,46.2100,15.650
2006-06-28,1.3669,54.4669,46.2500,16.070
2006-06-29,1.4164,55.8788,46.1300,16.930
2006-06-30,1.4434,57.7519,45.8700,14.644
2006-07-03,1.4850,56.5313,45.9200,20.629
2006-07-05,1.4412,55.8956,45.9200,18.396
2006-07-06,1.4592,55.2488,45.9900,21.463
2006-07-07,1.4085,52.7456,45.8400,22.413
2006-07-10,1.4153,55.5581,45.9700,17.104
2006-07-11,1.3995,55.7438,46.0100,15.515
2006-07-12,1.4322,58.0950,46.0900,13.621
2006-07-13,1.3804,56.5425,46.1600,12.693
2006-07-14,1.3512,55.0238,46.1900,13.424
2006-07-17,1.3287,53.8538,46.6400,15.068
2006-07-18,1.3298,54.5906,46.6100,13.538
2006-07-19,1.3500,51.5644,46.8100,22.556
2006-07-20,1.3005,52.8694,46.7500,15.000
2006-07-21,1.2713,50.5125,46.6400,17.382
2006-07-24,1.3332,52.7569,46.8300,18.339
2006-07-25,1.3275,52.8525,46.7600,17.450
2006-07-26,1.3827,53.5894,46.6800,20.439
2006-07-27,1.3737,55.5469,46.5200,15.043
2006-07-28,1.3917,54.3488,46.5300,19.145
2006-07-31,1.4029,55.2150,46.4900,18.122
2006-08-01,1.3545,55.7044,46.5100,13.096
2006-08-02,1.4175,56.5425,46.6100,16.853
2006-08-03,1.4400,57.1838,46.4800,17.049
2006-08-04,1.4063,57.1331,46.4200,14.259
2006-08-07,1.3860,55.5806,46.5100,15.984
2006-08-08,1.3680,56.4806,46.4700,12.556
2006-08-09,1.4142,56.9363,46.4000,15.246
2006-08-10,1.3973,57.9769,46.3200,11.635
2006-08-11,1.3815,56.8069,46.5000,13.087
2006-08-14,1.3905,57.3919,46.5200,12.712
2006-08-16,1.4547,57.9038,46.4700,16.742
2006-08-17,1.4513,57.5156,46.3600,16.980
2006-08-18,1.4490,57.6225,46.3800,16.632
2006-08-21,1.4378,57.4594,46.4000,16.105
2006-08-22,1.4547,57.6169,46.4400,17.248
2006-08-23,1.4265,57.4875,46.4500,15.264
2006-08-24,1.4108,57.9825,46.4200,12.946
2006-08-25,1.3973,57.4594,46.4100,12.859
2006-08-28,1.4119,57.7406,46.4700,13.631
2006-08-29,1.4524,59.1300,46.4500,14.095
2006-08-30,1.4569,59.2144,46.3700,14.089
2006-08-31,1.4265,58.3481,46.4300,13.515
2006-09-01,1.4277,58.3088,46.3800,13.559
2006-09-05,1.4153,58.0050,46.1900,12.701
2006-09-06,1.4175,58.7925,46.1300,11.223
2006-09-07,1.3995,57.6113,46.1400,12.087
2006-09-08,1.4153,57.2850,46.0600,13.796
2006-09-11,1.3815,56.2106,46.1900,13.525
2006-09-12,1.4063,56.6438,46.2700,14.874
2006-09-13,1.4288,57.7631,46.1800,14.227
2006-09-14,1.4344,57.6338,46.1200,14.785
2006-09-15,1.4108,57.2513,45.9500,13.230
2006-09-18,1.4310,57.8025,46.0900,14.107
2006-09-19,1.4063,57.6844,46.0800,12.338
2006-09-20,1.4535,58.2300,45.8300,14.401
2006-09-21,1.4468,58.9050,45.7400,12.344
2006-09-22,1.4175,58.4156,45.7700,11.067
2006-09-25,1.4400,57.3750,45.8300,15.027
2006-09-26,1.4693,59.2144,45.7700,13.569
2006-09-27,1.4659,58.5675,45.7600,14.535
2006-09-28,1.4772,58.7025,45.7800,15.199
2006-09-29,1.4907,59.0513,45.9500,15.994
2006-10-03,1.4873,58.4550,45.6800,16.225
2006-10-04,1.4997,57.0206,45.6500,20.061
2006-10-05,1.5334,58.5956,45.5700,19.254
2006-10-06,1.5165,57.8588,45.4200,19.051
2006-10-09,1.5424,58.0106,45.4200,20.765
2006-10-10,1.5582,58.4775,45.6700,21.690
2006-10-11,1.5840,59.4956,45.5500,21.274
2006-10-12,1.6200,61.3406,45.5200,20.221
2006-10-13,1.6527,62.7244,45.3100,19.383
2006-10-16,1.6875,64.1925,45.3500,19.220
2006-10-17,1.6448,64.7044,45.1900,14.873
2006-10-18,1.6369,62.7244,45.2800,18.167
2006-10-19,1.6223,61.9425,45.2200,18.432
2006-10-20,1.6313,62.6119,45.1800,17.712
2006-10-23,1.6077,61.5713,45.3000,18.281
2006-10-26,1.6875,62.6738,45.1900,21.678
2006-10-27,1.6515,63.3600,45.0700,17.479
2006-10-30,1.6707,62.3869,44.9000,20.238
2006-10-31,1.6380,60.5588,44.9000,21.449
2006-11-01,1.6009,60.4688,44.7900,18.582
2006-11-02,1.5998,59.9794,44.8200,19.545
2006-11-03,1.5863,59.5463,44.7600,19.239
2006-11-06,1.5987,59.8500,44.8000,19.666
2006-11-07,1.6009,59.7319,44.6200,19.589
2006-11-08,1.6279,60.2213,44.5900,20.537
2006-11-09,1.6212,60.0638,44.4600,20.001
2006-11-10,1.6077,60.3731,44.5500,18.631
2006-11-13,1.6380,60.9806,44.8300,20.421
2006-11-14,1.7033,61.3575,45.0500,25.059
2006-11-15,1.6752,61.6556,45.2600,22.970
2006-11-16,1.6943,62.2856,44.8200,21.919
2006-11-17,1.6673,61.9031,44.7500,20.529
2006-11-20,1.6650,62.3813,44.8900,19.818
2006-11-21,1.6853,64.0462,44.7700,17.806
2006-11-22,1.7708,65.8238,44.6200,20.037
2006-11-24,1.7494,66.3919,44.5900,17.494
2006-11-27,1.7157,67.6463,44.5600,13.015
2006-11-28,1.7145,65.8519,44.5800,16.070
2006-11-29,1.7235,65.5706,44.5400,17.075
2006-11-30,1.7640,67.4888,44.5900,16.551
2006-12-01,1.7404,67.6181,44.5000,14.538
2006-12-04,1.7742,66.4594,44.4900,18.768
2006-12-05,1.8023,66.7463,44.4200,19.944
2006-12-06,1.8034,66.3694,44.6000,21.189
2006-12-07,1.7663,65.7281,44.5200,19.637
2006-12-08,1.7764,64.9069,44.5300,21.873
2006-12-11,1.7224,63.8100,44.6900,20.631
2006-12-12,1.6920,62.8313,44.7000,20.377
2006-12-13,1.6999,62.4881,44.6800,21.547
2006-12-14,1.7550,64.0744,44.5600,22.053
2006-12-15,1.7742,63.7481,44.5400,23.959
2006-12-18,1.7607,65.5875,44.6300,19.807
2006-12-19,1.7314,63.7594,44.6100,21.141
2006-12-20,1.7179,62.4656,44.5500,22.521
2006-12-21,1.7325,62.8031,44.5100,22.789
2006-12-22,1.7179,64.6313,44.3700,17.937
2006-12-26,1.7787,67.2188,44.3200,17.275
2006-12-27,1.8135,68.2988,44.2000,17.365
2006-12-28,1.8259,68.4506,44.1400,17.743
2006-12-29,1.8169,68.1637,44.1100,17.576
2007-01-03,1.8417,69.7725,44.2400,16.773
2007-01-04,1.8372,68.2313,44.1600,18.904
2007-01-05,1.7843,67.2806,44.2000,17.219
2007-01-08,1.7753,65.0813,44.3200,20.897
2007-01-09,1.7730,65.2388,44.2700,20.316
2007-01-10,1.7719,66.3806,44.4400,18.625
2007-01-11,1.8597,69.6994,44.4900,18.705
2007-01-12,1.8934,70.4756,44.4300,19.367
2007-01-16,1.9215,71.6513,44.2000,18.536
2007-01-17,1.9958,71.3138,44.0900,23.391
2007-01-18,1.9350,72.1800,44.1500,18.360
2007-01-19,1.8900,69.8231,44.1500,19.510
2007-01-22,1.9137,69.9469,44.1100,20.680
2007-01-23,1.9125,69.8344,44.1400,20.886
2007-01-24,1.9508,71.2013,44.1500,20.964
2007-01-25,1.9249,73.2713,44.1500,15.987
2007-01-29,1.9170,70.9088,44.1300,19.307
2007-01-31,1.9474,68.9906,44.0700,24.398
2007-02-01,1.9463,70.0088,44.0100,22.351
2007-02-02,1.9733,72.3488,44.0000,20.009
2007-02-05,1.9688,71.3081,44.0300,21.566
2007-02-06,1.9868,71.4150,44.0300,22.494
2007-02-07,2.0239,72.3150,44.0100,23.174
2007-02-08,2.0262,71.4881,43.9800,24.652
2007-02-09,1.9620,72.3488,43.9300,19.135
2007-02-12,1.9452,70.9200,44.0000,20.682
2007-02-13,1.9913,71.7525,44.0200,22.166
2007-02-14,2.0161,73.1475,44.0000,21.270
2007-02-15,2.0487,76.1625,43.9100,18.112
2007-02-20,2.0611,74.7281,44.1200,21.686
2007-02-21,2.0532,75.1950,44.0000,20.141
2007-02-22,2.0228,73.1081,44.0500,21.880
2007-02-23,1.9699,70.1213,44.0800,23.834
2007-02-26,1.9283,69.0300,44.0400,23.022
2007-02-27,1.8113,68.0119,44.2100,17.740
2007-02-28,1.7843,63.2700,44.0800,24.311
2007-03-01,1.7607,66.5438,44.1100,16.710
2007-03-02,1.7224,64.5975,44.1000,17.588
2007-03-05,1.6662,60.4069,44.4300,22.549
2007-03-06,1.7618,65.0588,44.1800,19.640
2007-03-07,1.7325,62.3081,44.1800,22.847
2007-03-08,1.7989,64.4062,44.1900,23.426
2007-03-09,1.7989,63.6356,44.0700,24.582
2007-03-12,1.8225,64.3275,44.1100,24.974
2007-03-13,1.7629,65.6888,44.0800,18.300
2007-03-14,1.7573,62.4656,44.2500,24.485
2007-03-15,1.7708,63.2588,44.1900,23.700
2007-03-16,1.7584,63.5906,44.0800,21.891
2007-03-19,1.8068,65.0531,44.0400,22.317
2007-03-20,1.8158,64.5075,43.5300,22.531
2007-03-21,1.8642,65.4469,43.2800,23.278
2007-03-22,1.8687,66.9038,43.5200,21.555
2007-03-23,1.8833,67.1963,43.5600,22.085
2007-03-26,1.8698,65.4413,43.2000,23.432
2007-03-28,1.8158,62.8988,42.7800,23.500
2007-03-29,1.8034,63.6638,43.4500,23.082
2007-03-30,1.7719,62.9325,43.1000,21.352
2007-04-02,1.7179,58.3594,43.0500,26.726
2007-04-03,1.7922,60.1031,43.0400,28.338
2007-04-04,1.7809,61.8019,42.8400,23.450
2007-04-05,1.7742,62.1675,42.7600,22.031
2007-04-09,1.8304,63.0900,42.6500,23.740
2007-04-10,1.8360,61.6163,42.6500,27.089
2007-04-11,1.7922,61.5656,42.6900,24.270
2007-04-12,1.8192,60.8006,42.6500,27.610
2007-04-13,1.8642,63.8606,42.4200,23.829
2007-04-16,1.9103,65.8913,41.7500,21.040
2007-04-17,1.9013,64.5694,41.9800,23.614
2007-04-18,1.8743,65.9081,42.0000,19.440
2007-04-19,1.8968,64.7831,42.0800,23.207
2007-04-20,1.8878,64.2656,41.7000,22.493
2007-04-23,1.8653,63.8325,41.6500,21.709
2007-04-24,1.8338,62.3925,40.7500,19.769
2007-04-25,1.8552,62.5275,40.5800,20.400
2007-04-26,1.8833,63.4106,40.5600,20.463
2007-04-27,1.8687,63.6469,40.7900,19.759
2007-04-30,1.8574,64.3050,41.0400,18.542
2007-05-03,1.9137,64.2262,40.8200,21.626
2007-05-04,1.9092,63.8213,40.5800,21.392
2007-05-07,1.8653,62.1675,40.5300,21.608
2007-05-08,1.8585,61.5769,40.6400,22.662
2007-05-09,1.8799,61.9256,40.6700,23.465
2007-05-10,1.8270,62.1844,41.0400,20.580
2007-05-11,1.8597,61.4025,40.7400,23.387
2007-05-14,1.8315,61.2056,40.5900,21.463
2007-05-15,1.8349,60.1931,40.6400,23.887
2007-05-16,1.8653,60.8119,40.5800,24.472
2007-05-17,1.8788,61.5206,40.5900,23.959
2007-05-18,1.8754,61.1213,40.3600,23.839
2007-05-21,1.8507,60.0863,40.4800,24.679
2007-05-22,1.8293,59.8725,40.1400,22.640
2007-05-23,1.8079,60.1819,40.2800,21.005
2007-05-24,1.7562,59.8950,40.4300,18.544
2007-05-25,1.8068,61.1325,40.2800,19.049
2007-05-29,1.7708,60.8175,40.1900,17.019
2007-05-30,1.8225,60.3619,40.5300,22.375
2007-05-31,1.8304,61.1663,40.3600,20.779
2007-06-01,1.8360,61.2281,40.2700,20.757
2007-06-04,1.7978,60.0638,40.5000,21.222
2007-06-05,1.8068,60.2156,40.2800,20.862
2007-06-06,1.8034,59.8781,40.4100,21.708
2007-06-07,1.7528,61.3575,40.5100,15.725
2007-06-08,1.8102,61.6050,40.8200,19.943
2007-06-11,1.7978,61.0650,40.5500,19.382
2007-06-12,1.7674,60.6038,40.4800,18.054
2007-06-13,1.7832,59.6756,40.7000,21.616
2007-06-14,1.8034,59.8950,40.6600,22.426
2007-06-15,1.8135,59.6813,40.5200,23.129
2007-06-18,1.7685,58.8431,40.5000,21.724
2007-06-19,1.7944,58.6744,40.5800,24.105
2007-06-20,1.7764,58.8206,40.5900,22.584
2007-06-21,1.7787,59.0400,40.5900,22.284
2007-06-22,1.7505,58.1963,40.5500,21.974
2007-06-25,1.7404,57.9994,40.7300,22.221
2007-06-26,1.7573,57.2344,40.9000,25.577
2007-06-27,1.7652,57.3638,40.8800,25.794
2007-06-28,1.7753,57.9150,40.8000,25.066
2007-06-29,1.7494,58.3256,40.5800,21.716
2007-07-02,1.7663,57.6788,40.4200,23.778
2007-07-03,1.7483,57.9544,40.4100,21.904
2007-07-05,1.7213,56.7731,40.3400,22.306
2007-07-06,1.8090,58.4550,40.3600,24.905
2007-07-09,1.8304,59.0681,40.3700,25.100
2007-07-10,1.7764,58.4213,40.3000,22.541
2007-07-11,1.7775,57.5044,40.3100,24.604
2007-07-12,1.7865,57.5494,40.2800,25.044
2007-07-13,1.7843,57.6619,40.2600,24.581
2007-07-16,1.7528,56.5256,40.2200,24.718
2007-07-17,1.7629,56.8519,40.2300,24.749
2007-07-18,1.7494,56.9644,40.2300,23.549
2007-07-19,1.7787,56.8294,40.2600,26.007
2007-07-20,1.7370,56.8350,40.1800,22.802
2007-07-23,1.7607,57.2625,40.1200,23.358
2007-07-24,1.7314,56.8688,40.1500,22.240
2007-07-25,1.7449,56.1206,40.2400,25.115
2007-07-26,1.6819,57.8250,40.2400,17.043
2007-07-27,1.6673,55.4288,40.3800,21.463
2007-07-30,1.6909,55.5244,40.2700,22.637
2007-07-31,1.6425,55.9519,40.1800,17.954
2007-08-01,1.6223,53.6119,40.2500,21.796
2007-08-02,1.6335,51.9919,40.3600,26.808
2007-08-03,1.5694,52.8975,40.2500,19.418
2007-08-06,1.5548,51.4575,40.2500,21.615
2007-08-07,1.5469,51.7163,40.2600,20.424
2007-08-08,1.6155,53.6344,40.2900,21.359
2007-08-09,1.5784,53.7413,40.4000,18.657
2007-08-10,1.5424,54.0281,40.4500,15.478
2007-08-13,1.5874,54.0225,40.4000,18.713
2007-08-14,1.5469,54.1631,40.8000,16.526
2007-08-16,1.4783,52.8131,41.1500,15.183
2007-08-17,1.5548,53.3700,41.0400,19.559
2007-08-20,1.5514,52.7906,40.9100,20.226
2007-08-21,1.5008,50.2706,41.0100,22.432
2007-08-22,1.5357,50.9963,40.7700,22.772
2007-08-23,1.5199,50.4788,41.0000,23.451
2007-08-24,1.5413,51.4575,40.9000,22.506
2007-08-27,1.5762,52.2450,40.8800,23.330
2007-08-28,1.5199,52.5094,41.1000,18.966
2007-08-29,1.5818,52.8750,40.9500,22.505
2007-08-30,1.5807,53.7413,41.0200,20.650
2007-08-31,1.6459,54.2644,40.6300,23.237
2007-09-04,1.6594,52.4194,40.7600,29.032
2007-09-05,1.6077,53.1956,40.8100,23.335
2007-09-06,1.6167,53.7750,40.6000,22.058
2007-09-07,1.5885,53.8031,40.4000,19.281
2007-09-10,1.5548,52.3238,40.4800,20.285
2007-09-11,1.5604,51.2381,40.3600,22.913
2007-09-12,1.5570,50.9119,40.3400,23.372
2007-09-13,1.5525,51.3450,40.2500,21.706
2007-09-14,1.5368,50.6531,40.4000,22.571
2007-09-17,1.5390,50.5575,40.5200,23.348
2007-09-18,1.6065,49.9725,40.4500,30.041
2007-09-19,1.5998,50.4506,39.8100,26.238
2007-09-20,1.5559,48.9038,39.8700,26.850
2007-09-21,1.5638,49.3538,39.8400,26.234
2007-09-24,1.5548,49.8713,39.5000,23.145
2007-09-25,1.5638,49.0388,39.5500,26.120
2007-09-26,1.6099,51.1200,39.5000,24.397
2007-09-27,1.6594,51.7950,39.6500,27.031
2007-09-28,1.6245,51.7781,39.7500,24.716
2007-10-01,1.6594,51.1031,39.7000,28.913
2007-10-03,1.6493,52.9200,39.3800,22.731
2007-10-04,1.6752,51.9806,39.3700,26.877
2007-10-05,1.7112,51.7669,39.4700,30.469
2007-10-08,1.7022,52.8188,39.4700,27.198
2007-10-09,1.7573,55.0125,38.4800,22.919
2007-10-10,1.8034,56.6213,39.1300,24.631
2007-10-11,1.6920,54.9000,39.2000,20.816
2007-10-12,1.7393,54.7650,39.1600,24.369
2007-10-15,1.7123,55.3725,39.2900,21.497
2007-10-16,1.6549,54.6469,39.2300,18.803
2007-10-17,1.7078,54.9338,39.3500,22.332
2007-10-18,1.7539,55.5525,39.7200,25.405
2007-10-19,1.6819,56.2444,39.6000,18.419
2007-10-22,1.7134,55.7156,39.7200,22.151
2007-10-23,1.7775,55.4119,39.4800,26.647
2007-10-24,1.7089,54.7088,39.4900,23.353
2007-10-25,1.7303,55.9013,39.3500,21.799
2007-10-26,1.7854,56.2331,39.3000,24.779
2007-10-29,1.8034,57.3581,39.3200,23.628
2007-10-30,1.7899,57.4481,39.3000,22.448
2007-10-31,1.8529,57.0544,39.2600,27.502
2007-11-01,1.8293,56.1825,39.2200,27.700
2007-11-02,1.8383,55.3275,39.2500,30.411
2007-11-05,1.8068,54.5344,39.1800,29.808
2007-11-06,1.6932,54.7763,39.2300,21.262
2007-11-07,1.5953,53.6906,39.1500,16.325
2007-11-08,1.5570,53.0494,39.1300,14.849
2007-11-12,1.5132,51.3450,39.1100,15.259
2007-11-13,1.5795,49.7419,39.2200,24.542
2007-11-14,1.5447,53.2069,39.1800,13.745
2007-11-15,1.5379,51.4350,39.1800,17.149
2007-11-16,1.5807,51.8456,39.2400,19.635
2007-11-19,1.4952,51.5981,39.2300,13.677
2007-11-20,1.5075,50.4338,39.3200,17.533
2007-11-21,1.4445,49.1344,39.2900,15.511
2007-11-23,1.4873,49.6631,39.6500,18.742
2007-11-26,1.4502,50.9794,39.5800,12.589
2007-11-27,1.4907,51.5025,39.6800,14.848
2007-11-28,1.5840,50.5969,39.5600,23.851
2007-11-29,1.5694,50.4113,39.6500,23.439
2007-11-30,1.6313,51.8231,39.5200,24.401
2007-12-03,1.5908,55.3613,39.3900,13.186
2007-12-04,1.6515,56.0475,39.3300,15.893
2007-12-05,1.6594,56.1150,39.3100,16.246
2007-12-06,1.6977,55.6988,39.3900,20.059
2007-12-07,1.7055,56.6100,39.3600,18.584
2007-12-10,1.7595,56.4019,39.3000,22.602
2007-12-11,1.6684,56.8856,39.3100,15.294
2007-12-12,1.6842,57.0938,39.2900,15.899
2007-12-13,1.6965,56.3006,39.2900,18.395
2007-12-14,1.6313,55.9350,39.3000,14.615
2007-12-17,1.5750,54.9169,39.4900,13.259
2007-12-18,1.5840,54.4331,39.4800,14.889
2007-12-19,1.5897,54.4219,39.5500,15.526
2007-12-20,1.6392,55.5019,39.4100,16.392
2007-12-24,1.7303,60.1875,39.3800,13.211
2007-12-26,1.7708,60.2494,39.3800,15.742
2007-12-27,1.6875,61.8188,39.4000,7.555
2007-12-28,1.7078,59.3831,39.4300,13.396
2007-12-31,1.6695,59.1356,39.4100,11.264
2008-01-02,1.6223,57.5269,39.4100,11.138
2008-01-03,1.6324,55.8225,39.2600,14.808
2008-01-04,1.5368,55.8731,39.1500,7.682
2008-01-07,1.5492,54.2756,39.1500,11.744
2008-01-08,1.5818,55.0575,39.1300,12.420
2008-01-09,1.5672,55.2150,39.1300,11.062
2008-01-10,1.5818,54.8663,39.2700,13.215
2008-01-11,1.4974,54.9956,39.1500,6.597
2008-01-14,1.5210,51.8794,39.1400,14.754
2008-01-15,1.4479,51.7613,39.2600,9.822
2008-01-16,1.4097,51.3338,39.2900,7.893
2008-01-17,1.4052,52.0369,39.1600,5.744
2008-01-18,1.3613,51.1144,39.2000,4.398
2008-01-22,1.3793,48.5944,39.3800,11.775
2008-01-23,1.3725,48.5325,39.5500,11.850
2008-01-24,1.3838,46.2488,39.3700,17.797
2008-01-25,1.3444,48.5944,39.3300,8.810
2008-01-28,1.3512,45.9450,39.3500,15.721
2008-01-29,1.3377,46.4063,39.2800,13.224
2008-01-30,1.3489,46.5356,39.3500,14.062
2008-01-31,1.3590,47.5594,39.3100,12.330
2008-02-01,1.4220,49.5056,39.1200,12.371
2008-02-04,1.4299,52.2563,39.1300,7.073
2008-02-05,1.3410,51.2606,39.4000,3.075
2008-02-06,1.3039,47.8069,39.4900,7.707
2008-02-07,1.2904,46.1644,39.4300,10.216
2008-02-08,1.3264,47.4863,39.6100,10.640
2008-02-11,1.3028,47.5481,39.6000,8.501
2008-02-12,1.3140,47.6044,39.5600,9.198
2008-02-13,1.3095,46.1250,39.7500,12.854
2008-02-14,1.3253,46.8394,39.5700,11.960
2008-02-15,1.2972,47.3175,39.6500,8.696
2008-02-19,1.2927,46.3894,39.9100,11.211
2008-02-20,1.3039,46.2375,40.1100,13.111
2008-02-21,1.3219,48.5663,39.8300,8.412
2008-02-22,1.3219,48.0150,40.0400,10.235
2008-02-25,1.3579,49.4325,39.9000,9.605
2008-02-26,1.3849,50.0906,39.8900,10.288
2008-02-27,1.3827,49.5731,39.6800,10.673
2008-02-28,1.3433,50.3325,39.8400,6.326
2008-02-29,1.2983,49.1681,39.9600,5.514
2008-03-03,1.2983,47.4131,40.3300,10.433
2008-03-04,1.2814,47.2050,40.2700,9.315
2008-03-05,1.3320,49.1513,40.1900,8.918
2008-03-07,1.2060,46.8900,40.4200,3.962
2008-03-10,1.1565,45.2813,40.3900,3.160
2008-03-11,1.2240,44.2350,40.2300,11.321
2008-03-12,1.1970,43.8694,40.0200,9.200
2008-03-13,1.1982,41.1581,40.1800,16.968
2008-03-14,1.1599,41.5463,40.4000,12.790
2008-03-17,1.1374,39.8363,40.4600,15.521
2008-03-18,1.2038,40.4213,40.2000,19.719
2008-03-19,1.1532,42.5700,40.0000,8.354
2008-03-24,1.2758,44.8538,40.0300,13.858
2008-03-25,1.3005,49.0500,39.9300,5.872
2008-03-26,1.2679,48.2288,39.9600,5.053
2008-03-27,1.2668,48.3131,39.9500,4.750
2008-03-28,1.2769,51.0188,39.7600,-0.488
2008-03-31,1.2972,48.6113,40.0200,6.791
2008-04-01,1.3692,46.0575,39.8800,18.552
2008-04-02,1.3894,46.7156,39.8800,18.611
2008-04-03,1.3613,49.0894,39.9400,10.757
2008-04-04,1.3478,46.6763,39.9300,15.298
2008-04-07,1.3377,48.8981,39.9600,9.315
2008-04-08,1.3320,46.5638,39.9000,14.141
2008-04-09,1.2803,46.2319,39.9100,10.521
2008-04-10,1.2870,45.8156,39.8900,12.057
2008-04-11,1.2409,45.6188,39.8400,8.371
2008-04-15,1.3039,47.6888,39.8300,8.903
2008-04-16,1.3422,50.3213,39.8900,6.394
2008-04-17,1.3264,51.6656,39.7900,2.153
2008-04-21,1.3860,51.1650,39.9200,8.141
2008-04-22,1.3298,48.5100,39.9300,9.458
2008-04-23,1.3804,49.8544,40.0000,10.755
2008-04-24,1.3984,50.5913,40.1400,10.952
2008-04-25,1.4367,52.4644,40.1300,9.890
2008-04-28,1.4277,51.5363,40.1000,11.085
2008-04-29,1.4547,53.8763,40.3700,8.999
2008-04-30,1.4625,54.9844,40.4500,7.593
2008-05-02,1.5267,56.5031,40.5500,9.562
2008-05-05,1.5075,55.1531,40.4500,10.565
2008-05-06,1.5379,55.9519,40.8000,12.144
2008-05-07,1.4479,56.0588,41.3000,6.672
2008-05-08,1.4513,55.8788,41.6600,8.200
2008-05-09,1.4614,56.3569,41.5500,7.745
2008-05-12,1.4817,56.8294,42.0000,9.503
2008-05-13,1.4670,55.4400,42.0800,11.351
2008-05-14,1.5053,56.5931,42.3400,12.618
2008-05-15,1.5300,57.4369,42.6000,13.480
2008-05-16,1.4929,56.8969,42.5000,11.515
2008-05-20,1.4918,55.9013,42.5000,13.416
2008-05-21,1.4592,55.7438,42.7700,11.956
2008-05-22,1.4850,55.0013,42.9300,15.911
2008-05-23,1.4479,54.1238,42.6800,14.177
2008-05-27,1.4940,55.2263,42.8600,15.949
2008-05-28,1.5199,57.1050,42.7500,13.784
2008-05-29,1.5559,57.5606,42.5300,14.962
2008-05-30,1.5930,57.2906,42.1500,17.204
2008-06-02,1.5559,56.1488,42.3800,17.437
2008-06-03,1.5739,56.8350,42.5000,17.694
2008-06-04,1.5458,55.9238,42.6000,17.751
2008-06-05,1.6347,59.5238,42.8200,17.594
2008-06-06,1.5435,56.8800,42.6300,15.684
2008-06-09,1.5210,54.0338,42.8500,20.622
2008-06-10,1.4760,53.5894,42.9200,18.217
2008-06-11,1.4277,53.5838,42.6500,13.635
2008-06-12,1.4907,54.2644,42.7000,17.298
2008-06-13,1.5222,53.7750,42.8600,21.320
2008-06-16,1.5132,54.8494,42.9300,18.434
2008-06-17,1.5087,55.6088,42.8600,16.279
2008-06-18,1.4738,54.6750,42.8000,15.369
2008-06-19,1.5165,55.2206,42.9100,17.845
2008-06-20,1.4040,53.2969,42.8600,12.909
2008-06-23,1.4063,53.8481,42.9700,12.219
2008-06-24,1.3917,52.8919,42.7500,12.481
2008-06-25,1.4232,51.0694,42.7300,19.077
2008-06-26,1.3489,54.2981,42.6000,5.830
2008-06-27,1.3512,49.5788,42.7800,16.587
2008-06-30,1.3703,49.4944,42.9300,18.855
2008-07-01,1.3264,46.6594,43.2300,22.892
2008-07-02,1.3095,49.2919,43.1500,14.636
2008-07-03,1.3095,48.4088,43.1700,16.782
2008-07-07,1.3185,49.8150,43.2900,14.583
2008-07-08,1.2983,47.3344,43.2300,18.571
2008-07-09,1.3275,48.8700,43.0200,16.862
2008-07-10,1.2769,48.5381,42.9400,12.964
2008-07-11,1.2409,46.3725,42.8000,14.531
2008-07-14,1.2049,45.3488,42.8000,13.719
2008-07-15,1.1858,42.5475,43.1200,20.174
2008-07-16,1.2353,41.6588,43.0500,27.653
2008-07-17,1.2499,42.7725,42.7000,24.779
2008-07-18,1.2162,41.2031,42.6600,25.916
2008-07-21,1.1790,41.9681,42.5700,19.594
2008-07-22,1.2443,44.4150,42.6500,19.484
2008-07-23,1.2792,45.8831,42.0500,17.229
2008-07-24,1.2150,45.8663,42.1000,11.526
2008-07-25,1.2308,45.8213,41.1000,10.397
2008-07-28,1.2038,45.8775,42.5200,11.568
2008-07-29,1.2533,45.2981,42.5600,17.752
2008-07-30,1.2533,47.5481,42.2800,11.442
2008-07-31,1.2668,46.7325,42.4700,15.124
2008-08-01,1.2870,48.8081,42.2600,11.436
2008-08-04,1.2173,48.5381,42.4500,6.460
2008-08-05,1.2769,50.3494,42.1500,6.896
2008-08-06,1.3242,50.9738,42.0100,9.130
2008-08-07,1.2870,50.5800,42.0500,6.998
2008-08-08,1.2882,49.2356,42.0500,10.016
2008-08-11,1.3118,49.8038,42.0600,10.782
2008-08-12,1.2702,48.7463,42.3400,10.323
2008-08-13,1.2567,48.6731,42.5500,9.857
2008-08-14,1.3208,48.3075,43.0000,17.567
2008-08-18,1.2949,48.6000,43.4900,15.876
2008-08-19,1.3050,48.6506,43.5100,16.714
2008-08-20,1.3242,48.7856,43.6100,18.368
2008-08-21,1.2825,47.3681,43.4300,17.590
2008-08-22,1.3095,47.1094,43.3200,20.420
2008-08-25,1.2702,47.2500,43.6800,17.419
2008-08-26,1.2915,48.2963,43.7400,16.969
2008-08-27,1.3050,47.9531,43.6200,18.711
2008-08-28,1.3039,46.5863,43.6500,22.172
2008-08-29,1.3028,48.6450,43.2500,15.830
2008-09-02,1.3500,50.7319,44.4000,18.154
2008-09-04,1.2927,50.4169,44.2600,13.480
2008-09-05,1.2690,47.7956,44.6300,18.498
2008-09-08,1.3095,48.7969,44.5000,19.422
2008-09-09,1.2735,48.9600,44.8300,16.610
2008-09-10,1.2713,48.5888,45.1400,18.105
2008-09-11,1.2117,48.0150,45.4600,14.718
2008-09-12,1.2015,47.2106,45.6200,16.105
2008-09-15,1.1183,45.4388,45.9300,13.037
2008-09-16,1.1374,44.0494,46.8100,20.869
2008-09-17,1.0767,44.9831,46.1600,10.482
2008-09-18,1.1577,44.7019,46.3600,20.060
2008-09-19,1.2870,46.9069,45.7100,25.419
2008-09-22,1.1430,46.6538,45.3000,10.986
2008-09-23,1.1115,43.7850,45.6500,15.887
2008-09-24,1.1262,41.6756,45.9200,24.084
2008-09-25,1.1869,39.6113,46.0800,38.073
2008-09-26,1.1532,38.7281,46.4800,38.397
2008-09-29,0.9990,38.5988,46.4900,20.327
2008-09-30,1.0935,38.2388,46.4500,32.835
2008-10-01,1.0463,39.2850,46.4700,23.763
2008-10-03,1.0227,38.4412,47.0100,25.060
2008-10-06,1.0035,35.7975,47.7700,33.915
2008-10-07,0.8573,34.6838,47.7800,18.097
2008-10-08,0.8505,31.8094,48.0000,28.343
2008-10-10,0.7459,29.6044,48.4100,21.971
2008-10-13,1.0418,31.9725,48.4100,57.737
2008-10-14,0.9056,32.8162,47.9300,32.275
2008-10-15,0.8179,31.1231,48.5300,27.534
2008-10-16,0.8494,31.3425,48.8800,32.467
2008-10-17,0.9338,28.9688,48.8800,57.559
2008-10-20,0.9416,31.7138,48.9600,45.373
2008-10-21,0.9146,33.3956,49.1000,34.476
2008-10-22,0.8438,31.4325,49.2500,32.206
2008-10-23,0.8089,30.6169,49.8200,31.624
2008-10-24,0.7313,26.4488,49.9600,38.132
2008-10-27,0.6896,24.7050,49.8000,39.017
2008-10-29,0.8528,28.9125,49.7100,46.619
2008-10-31,0.8708,30.6731,49.4000,40.240
2008-11-03,0.9000,31.1063,48.6100,40.647
2008-11-04,0.9473,29.5763,47.2500,51.333
2008-11-05,0.9068,30.5438,47.2800,40.363
2008-11-06,0.8291,28.4681,47.6400,38.753
2008-11-07,0.8831,29.2388,47.5400,43.593
2008-11-10,0.9225,30.3019,47.3000,44.002
2008-11-11,0.8933,27.9450,47.3000,51.196
2008-11-12,0.8066,27.8606,49.2000,42.448
2008-11-14,0.7954,27.1463,48.7800,42.927
2008-11-17,0.7740,28.3669,49.1900,34.220
2008-11-18,0.7515,25.8750,49.5100,43.798
2008-11-19,0.7009,25.0369,49.8400,39.524
2008-11-20,0.6435,24.6038,50.1200,31.090
2008-11-21,0.7290,25.8469,49.5300,39.701
2008-11-24,0.8381,26.3475,49.9400,58.865
2008-11-25,0.8066,25.7175,49.8700,56.420
2008-11-26,0.8404,27.0900,49.1800,52.568
2008-11-28,0.8505,27.2981,49.5500,54.382
2008-12-01,0.7290,26.2913,49.9400,38.476
2008-12-02,0.7515,26.2125,50.0500,43.495
2008-12-03,0.7661,25.0369,49.9200,52.758
2008-12-04,0.7166,26.1731,49.8200,36.411
2008-12-05,0.7504,25.5713,49.6000,45.552
2008-12-08,0.8359,26.8200,49.4400,54.089
2008-12-10,0.8685,29.3963,48.7000,43.886
2008-12-11,0.8404,28.0913,48.1900,44.168
2008-12-12,0.8606,26.7581,48.2000,55.030
2008-12-15,0.8336,26.3250,47.6200,50.800
2008-12-16,0.8651,26.9494,47.8100,53.483
2008-12-17,0.8888,27.4388,47.5000,53.858
2008-12-18,0.9180,28.1138,46.7400,52.624
2008-12-19,0.9428,28.0181,47.0500,58.317
2008-12-22,0.9090,27.7650,47.7100,56.202
2008-12-23,0.9270,27.3319,48.6600,65.042
2008-12-24,0.9023,26.1506,47.7600,64.786
2008-12-26,0.8708,25.4981,48.4200,65.356
2008-12-29,0.9450,25.5206,48.2500,78.669
2008-12-30,0.9203,26.5388,48.0500,66.621
2008-12-31,0.9146,26.2575,48.5800,69.222
2009-01-02,0.9439,27.4163,48.2500,66.117
2009-01-05,0.9371,27.6469,48.5000,64.401
2009-01-06,0.9461,27.3038,48.5000,68.066
2009-01-07,0.9293,27.5231,48.5600,63.955
2009-01-09,0.9225,28.2319,48.2600,57.698
2009-01-12,0.8269,25.5825,48.7800,57.670
2009-01-13,0.8820,27.0338,48.8900,59.512
2009-01-14,0.8190,27.4275,48.7500,45.574
2009-01-15,0.8089,26.4656,48.8700,49.366
2009-01-16,0.8078,26.8144,48.6200,46.465
2009-01-20,0.7616,25.6669,49.0100,45.433
2009-01-21,0.7774,24.7163,49.0000,54.119
2009-01-22,0.7313,24.5250,49.0700,46.313
2009-01-23,0.7459,24.0244,49.0000,52.132
2009-01-27,0.7830,25.4306,48.8500,50.411
2009-01-28,0.8235,26.3363,48.8100,52.626
2009-01-29,0.7875,25.5656,48.4900,49.368
2009-01-30,0.7808,26.0494,48.8300,46.357
2009-02-02,0.7695,24.7556,48.8400,51.817
2009-02-03,0.7751,25.2788,48.3700,48.321
2009-02-04,0.7661,25.2056,48.6800,47.967
2009-02-05,0.7661,24.7331,48.7200,50.917
2009-02-06,0.8190,25.2281,48.6100,57.810
2009-02-09,0.8066,25.4419,48.5200,53.835
2009-02-10,0.7616,25.4081,48.6800,45.925
2009-02-11,0.7504,24.9694,48.7800,46.596
2009-02-12,0.7695,25.0144,48.7000,49.816
2009-02-13,0.7616,25.1775,48.5800,46.959
2009-02-17,0.7110,23.5856,49.6000,49.525
2009-02-18,0.7031,23.5350,49.8400,48.904
2009-02-19,0.7110,24.7894,49.7300,42.637
2009-02-20,0.6941,24.2156,49.7100,42.494
2009-02-24,0.6874,23.9513,49.7500,42.781
2009-02-25,0.6795,24.4800,49.9500,38.651
2009-02-26,0.6671,24.2044,50.3200,38.696
2009-02-27,0.6401,23.3438,50.8800,39.525
2009-03-02,0.5783,22.8825,51.8000,30.904
2009-03-03,0.6030,22.6013,51.9600,38.632
2009-03-04,0.6458,23.1694,51.5300,43.622
2009-03-05,0.6221,23.2538,51.6000,38.053
2009-03-06,0.6255,23.9963,51.6800,34.715
2009-03-09,0.6053,23.2088,51.9100,35.377
2009-03-12,0.6829,23.8556,51.6900,47.968
2009-03-13,0.7020,25.3013,51.5400,43.005
2009-03-16,0.7088,25.6950,51.3100,41.533
2009-03-17,0.7133,25.6275,51.4200,43.113
2009-03-18,0.7493,25.9369,51.2200,47.965
2009-03-19,0.7639,26.1675,50.2100,46.575
2009-03-20,0.7425,25.9931,50.5100,44.287
2009-03-23,0.8651,26.9213,50.3800,61.902
2009-03-24,0.8393,27.3769,50.4000,54.507
2009-03-25,0.8438,27.2869,50.5000,56.157
2009-03-26,0.8798,28.7438,50.4000,54.261
2009-03-27,0.8325,28.4681,50.4600,47.565
2009-03-30,0.8010,27.1181,51.1200,50.999
2009-03-31,0.7999,27.6638,50.8700,47.090
2009-04-01,0.8201,28.3950,50.4800,45.804
2009-04-02,0.8989,30.3863,50.2200,48.563
2009-04-06,0.9383,30.3188,50.0100,54.766
2009-04-08,1.0002,31.7644,50.2800,58.314
2009-04-09,0.9957,30.8756,49.8200,60.655
2009-04-13,0.9844,30.2344,49.7700,62.046
2009-04-15,0.9068,30.2569,49.5500,48.497
2009-04-16,0.9360,31.2300,49.6300,48.751
2009-04-17,0.9529,30.9319,49.8000,53.416
2009-04-20,0.9011,30.7969,49.7800,45.661
2009-04-21,0.9180,30.8813,50.4500,49.975
2009-04-22,0.9585,31.6181,50.2000,52.185
2009-04-23,1.0125,35.2013,49.8800,43.474
2009-04-24,1.0260,35.1281,49.6900,45.135
2009-04-27,1.0305,36.6694,50.1500,40.937
2009-04-28,1.0227,35.4825,50.4700,45.461
2009-04-29,1.0418,37.2206,50.0500,40.086
2009-04-30,1.0553,37.2206,49.7000,40.909
2009-05-04,1.1937,41.1244,49.7500,44.402
2009-05-05,1.2263,41.5688,49.2200,45.199
2009-05-06,1.1925,40.4325,49.4000,45.702
2009-05-07,1.1509,42.8794,49.0900,31.760
2009-05-08,1.1723,39.9487,49.1300,44.170
2009-05-11,1.1160,39.3300,49.4400,40.291
2009-05-12,1.1835,42.1313,49.2100,38.238
2009-05-13,1.1363,42.1369,49.5800,33.699
2009-05-14,1.1678,40.8825,49.6500,41.822
2009-05-15,1.2027,42.4800,49.3800,39.800
2009-05-18,1.2927,46.9069,47.5800,31.121
2009-05-19,1.2555,43.3519,47.6500,38.001
2009-05-20,1.2465,44.5781,47.3000,32.264
2009-05-21,1.2229,42.2831,47.3000,36.800
2009-05-22,1.2330,41.5519,46.9500,39.322
2009-05-26,1.2567,42.0750,47.7000,42.466
2009-05-27,1.2657,42.6656,47.6100,41.233
2009-05-28,1.2994,41.5294,47.5000,48.622
2009-05-29,1.3275,43.0031,47.1100,45.431
2009-06-01,1.4018,44.8763,46.7800,46.125
2009-06-02,1.4074,44.0663,46.8400,49.600
2009-06-03,1.3725,44.5613,46.8800,44.395
2009-06-04,1.3928,43.9481,47.1900,49.553
2009-06-05,1.3962,44.2631,47.0500,48.406
2009-06-08,1.3770,45.6413,47.5000,43.311
2009-06-09,1.4412,47.6550,47.3000,43.043
2009-06-10,1.4209,48.6338,47.1800,37.844
2009-06-11,1.4524,47.6775,47.4900,44.670
2009-06-12,1.3815,46.1250,47.6000,42.571
2009-06-15,1.3444,45.2194,47.6700,41.727
2009-06-16,1.2972,44.6063,47.6100,38.451
2009-06-17,1.2960,42.7950,47.9600,45.245
2009-06-18,1.2904,42.3788,48.1800,46.705
2009-06-19,1.2769,42.7894,48.0000,43.240
2009-06-22,1.1993,42.6769,48.5000,36.292
2009-06-23,1.2060,42.4575,48.4500,37.625
2009-06-24,1.2499,42.8906,48.4000,41.046
2009-06-25,1.2893,42.1369,48.5000,48.398
2009-06-26,1.3377,43.2338,48.0000,48.513
2009-06-29,1.3332,42.6600,48.0000,50.004
2009-06-30,1.3275,42.5194,47.7400,49.053
2009-07-01,1.3163,42.6713,47.7500,47.295
2009-07-02,1.3219,42.9469,47.9000,47.437
2009-07-06,1.2668,41.8725,48.5000,46.729
2009-07-07,1.2510,42.5925,48.4400,42.278
2009-07-08,1.2297,42.2044,48.8000,42.182
2009-07-09,1.2713,41.9963,48.5700,47.028
2009-07-10,1.2927,43.2844,48.7600,45.618
2009-07-13,1.2623,43.7569,49.1600,41.815
2009-07-14,1.2679,45.0394,48.9550,37.814
2009-07-15,1.3737,46.4850,48.5500,43.468
2009-07-16,1.4254,46.8675,48.6100,47.841
2009-07-17,1.4693,48.3131,48.5600,47.679
2009-07-20,1.5345,51.7388,48.1000,42.662
2009-07-21,1.5165,51.6038,48.2000,41.651
2009-07-22,1.5255,50.7544,48.4500,45.627
2009-07-23,1.5694,51.3563,48.2500,47.449
2009-07-24,1.5840,51.8175,48.1600,47.223
2009-07-27,1.5930,51.7838,48.1100,48.002
2009-07-28,1.5919,52.1944,48.2000,47.009
2009-07-29,1.5908,52.5488,48.2500,46.066
2009-07-30,1.6189,54.8156,48.3500,42.796
2009-07-31,1.6335,55.1419,47.9100,41.930
2009-08-03,1.7010,55.2319,47.4000,45.984
2009-08-04,1.7145,54.2700,47.4600,49.940
2009-08-05,1.7213,56.0419,47.2700,45.187
2009-08-06,1.7067,56.0925,47.5200,44.584
2009-08-07,1.7280,56.2275,47.7200,46.658
2009-08-10,1.7607,57.7406,47.7000,45.450
2009-08-11,1.7134,57.2513,47.8800,43.295
2009-08-12,1.7449,56.9081,48.2200,47.852
2009-08-13,1.7607,58.1231,48.1100,45.735
2009-08-14,1.7337,57.5381,48.1800,45.170
2009-08-17,1.6504,55.9069,48.8200,44.121
2009-08-18,1.6594,56.2950,48.7900,43.819
2009-08-19,1.6684,55.6706,48.7000,45.951
2009-08-20,1.6999,56.7675,48.5800,45.474
2009-08-21,1.7404,57.7125,48.4300,46.049
2009-08-24,1.7348,58.9894,48.5000,42.632
2009-08-25,1.7730,61.1719,48.7550,41.315
2009-08-26,1.8113,62.6625,48.9000,41.348
2009-08-27,1.8225,63.9788,48.8100,39.044
2009-08-28,1.7922,63.5513,48.5200,36.828
2009-08-31,1.7719,61.8694,48.8300,39.848
2009-09-01,1.7607,62.8931,49.0500,37.314
2009-09-02,1.7337,62.3644,48.8800,35.882
2009-09-03,1.7472,62.0550,48.8700,37.594
2009-09-04,1.7708,62.1338,48.8600,39.250
2009-09-08,1.8225,61.9538,48.4000,42.382
2009-09-09,1.8552,61.0369,48.3300,46.896
2009-09-10,1.8495,61.1494,48.4500,46.544
2009-09-11,1.8552,61.9819,48.3900,44.835
2009-09-14,1.8507,62.7131,48.6700,43.626
2009-09-15,1.8563,62.9381,48.5000,43.046
2009-09-16,1.8855,62.4263,48.2000,45.585
2009-09-17,1.9215,63.7031,48.1000,45.089
2009-09-18,1.9002,64.0294,48.0200,42.507
2009-09-22,1.9317,64.9181,47.8600,42.410
2009-09-23,1.9193,63.7706,47.9000,44.164
2009-09-24,1.8878,65.3400,47.8900,38.363
2009-09-25,1.8743,63.7144,47.9300,40.997
2009-09-29,1.9632,65.4806,48.0500,44.059
2009-09-30,2.0194,67.7363,48.0900,43.371
2009-10-01,1.9834,68.4056,47.7200,38.364
2009-10-05,2.0869,68.4619,47.3900,44.459
2009-10-06,2.0914,67.4494,46.7900,45.083
2009-10-07,2.0509,64.3725,46.5800,48.405
2009-10-08,2.0611,63.5794,46.2000,49.766
2009-10-09,2.0082,62.0550,46.4400,50.285
2009-10-12,2.0498,64.5188,46.4400,47.543
2009-10-13,2.0408,64.5188,46.2800,46.389
2009-10-14,2.1151,65.4413,46.0000,48.671
2009-10-15,2.1173,64.6819,46.0400,50.708
2009-10-16,2.1106,64.3950,46.2000,51.421
2009-10-20,2.1544,65.7000,46.2400,51.630
2009-10-21,2.1364,65.9869,46.3400,50.033
2009-10-22,2.1094,64.9181,46.5900,51.388
2009-10-23,2.1151,66.2400,46.4100,48.188
2009-10-26,2.1004,66.5325,46.6800,47.369
2009-10-27,2.1083,68.1356,46.9300,45.214
2009-10-28,2.0442,70.3913,47.1600,36.954
2009-10-29,2.0982,70.2563,47.1800,40.901
2009-10-30,1.9294,68.1637,46.9000,32.754
2009-11-03,1.9530,65.4075,47.3700,41.445
2009-11-04,1.9834,67.2356,46.9400,38.471
2009-11-05,2.0104,67.4888,46.9300,39.800
2009-11-06,2.0296,67.3256,46.8300,41.170
2009-11-09,2.1117,67.8488,46.3600,44.288
2009-11-10,2.1409,66.7913,46.3000,48.410
2009-11-11,2.1837,69.3731,46.3000,45.740
2009-11-12,2.1871,70.2563,46.6000,45.064
2009-11-13,2.2332,71.2013,46.2400,45.029
2009-11-16,2.2726,71.7413,46.0600,45.905
2009-11-17,2.2951,72.2812,46.2000,46.693
2009-11-18,2.3063,72.5175,46.2000,46.932
2009-11-19,2.3074,72.6919,46.7300,48.333
2009-11-20,2.3041,73.0181,46.6300,47.139
2009-11-23,2.3209,72.5513,46.4000,48.435
2009-11-24,2.3176,72.8044,46.3100,47.417
2009-11-25,2.3682,72.6188,46.1800,50.599
2009-11-27,2.2816,70.0425,46.5500,51.632
2009-11-30,2.2501,70.7681,46.4400,47.655
2009-12-01,2.3029,71.7919,46.2100,48.232
2009-12-02,2.2996,71.2125,46.2400,49.316
2009-12-03,2.2951,72.0788,46.0000,46.468
2009-12-04,2.3007,71.7638,46.1000,47.793
2009-12-07,2.2816,71.7581,46.4500,47.688
2009-12-08,2.2726,72.8494,46.6000,45.370
2009-12-09,2.2827,73.6481,46.5100,44.155
2009-12-10,2.2782,72.9450,46.5000,45.226
2009-12-11,2.2444,72.4950,46.4700,43.870
2009-12-14,2.2636,74.0869,46.6500,42.529
2009-12-15,2.2692,74.1488,46.7000,42.917
2009-12-16,2.4154,75.4931,46.5700,49.003
2009-12-17,2.4863,75.5550,46.8500,54.171
2009-12-18,2.5673,75.9038,46.6900,57.921
2009-12-21,2.4773,76.2019,46.8000,52.146
2009-12-22,2.4661,76.3538,46.7800,51.089
2009-12-23,2.5549,78.0188,46.8000,53.260
2009-12-24,2.5482,78.1200,46.7200,52.396
2009-12-29,2.5189,76.6238,46.5600,53.062
2009-12-30,2.5189,76.6519,46.5600,53.006
2009-12-31,2.5054,76.5000,46.4000,51.964
2010-01-04,2.5448,78.0525,46.2700,50.858
2010-01-05,2.6191,79.2844,46.1300,52.385
2010-01-06,2.5876,77.6813,45.7200,52.293
2010-01-07,2.4908,76.3031,45.6700,49.084
2010-01-08,2.5122,75.1556,45.5000,52.090
2010-01-11,2.4953,74.4075,45.3500,52.085
2010-01-12,2.6359,78.0525,45.6000,53.997
2010-01-13,2.6663,80.5050,45.4700,50.596
2010-01-14,2.4841,83.3738,45.5500,35.713
2010-01-15,2.4953,82.7888,45.8000,38.044
2010-01-19,2.6112,83.1319,45.8400,43.984
2010-01-20,2.5651,81.7369,46.1000,44.671
2010-01-21,2.5594,79.8131,46.1000,47.833
2010-01-22,2.4447,78.7556,46.2100,43.442
2010-01-25,2.4604,78.1988,46.0600,44.923
2010-01-27,2.3434,73.7325,46.3000,47.155
2010-01-28,2.2906,75.7631,46.3500,40.131
2010-01-29,2.2152,72.8944,46.0800,40.032
2010-02-01,2.3614,75.1838,46.2700,45.329
2010-02-02,2.3254,73.4850,46.1100,45.915
2010-02-03,2.3513,75.5606,45.9700,43.050
2010-02-04,2.2253,73.7100,46.2100,39.508
2010-02-05,2.2006,72.4556,46.7200,41.894
2010-02-08,2.1747,71.5725,46.7900,42.168
2010-02-09,2.2512,73.6087,46.4900,42.181
2010-02-10,2.2534,72.8663,46.3600,43.371
2010-02-11,2.3108,73.7663,46.3900,45.322
2010-02-16,2.3851,75.3694,45.9900,45.535
2010-02-17,2.3738,75.5325,46.0000,44.567
2010-02-18,2.3862,75.1388,46.2000,46.718
2010-02-19,2.3581,74.9025,46.2400,45.571
2010-02-22,2.3704,75.1669,46.1500,45.537
2010-02-23,2.3389,76.0894,46.2500,42.169
2010-02-24,2.3637,75.6225,46.2700,44.623
2010-02-25,2.3862,75.3075,46.2900,46.674
2010-02-26,2.4323,76.2188,46.0500,46.956
2010-03-02,2.5707,78.8906,46.0100,49.926
2010-03-03,2.5414,78.5813,45.5500,47.316
2010-03-04,2.5212,78.0469,45.8200,48.015
2010-03-05,2.5448,77.1581,45.4900,50.034
2010-03-08,2.5729,78.4913,45.5000,49.149
2010-03-09,2.5797,78.9806,45.6000,48.940
2010-03-10,2.5752,78.3338,45.3500,49.086
2010-03-11,2.5741,79.8075,45.4900,46.721
2010-03-12,2.5842,79.8806,45.4800,47.131
2010-03-15,2.6247,81.9731,45.5500,45.846
2010-03-16,2.6371,81.8663,45.4500,46.403
2010-03-17,2.7237,83.1488,45.2800,48.323
2010-03-18,2.6944,82.0069,45.4500,49.332
2010-03-19,2.6157,81.7313,45.3100,45.008
2010-03-22,2.6359,81.9000,45.5200,46.506
2010-03-23,2.6618,81.0281,45.5000,49.470
2010-03-25,2.5786,80.9044,45.5000,45.016
2010-03-26,2.5932,80.7188,45.1600,45.082
2010-03-29,2.6247,80.5050,44.9400,46.517
2010-03-30,2.6326,78.9300,45.0600,50.289
2010-03-31,2.6224,79.5319,44.9500,48.216
2010-04-01,2.7023,81.1519,44.7900,49.149
2010-04-05,2.7676,81.2419,44.3900,51.218
2010-04-06,2.7012,80.4600,44.4100,49.093
2010-04-07,2.6359,80.4094,44.4400,45.681
2010-04-08,2.6281,80.6344,44.4100,44.743
2010-04-09,2.6562,79.9369,44.1000,46.538
2010-04-12,2.6382,78.9469,44.4100,48.406
2010-04-13,2.6663,80.9719,44.4675,46.427
2010-04-15,2.7338,81.2419,44.3200,49.138
2010-04-16,2.6652,81.2363,44.3000,45.339
2010-04-19,2.6168,79.2113,44.7200,47.737
2010-04-20,2.6483,78.2606,44.5000,50.587
2010-04-21,2.6472,79.3125,44.5400,48.660
2010-04-22,2.7012,79.2281,44.5200,51.786
2010-04-23,2.6224,77.8388,44.4200,49.654
2010-04-26,2.6393,78.6488,44.3300,48.764
2010-04-27,2.5291,78.5700,44.4100,42.950
2010-04-28,2.5392,77.7150,44.5400,45.526
2010-04-29,2.5876,77.6081,44.6100,48.736
2010-04-30,2.5268,75.5438,44.2000,47.842
2010-05-03,2.5549,75.8981,44.4600,49.665
2010-05-04,2.4447,74.2500,44.6200,46.912
2010-05-05,2.3974,75.5325,44.8200,42.261
2010-05-06,2.3097,74.1881,45.2900,41.000
2010-05-07,2.2861,71.7413,45.4000,44.669
2010-05-10,2.5021,75.6338,44.8400,48.337
2010-05-11,2.4751,75.1556,45.1000,48.526
2010-05-12,2.5066,76.6012,45.0800,47.512
2010-05-13,2.4739,75.7463,45.0000,46.974
2010-05-14,2.4244,74.9700,45.2000,46.171
2010-05-17,2.3839,72.6131,45.5100,49.412
2010-05-18,2.3693,74.2331,45.5100,45.255
2010-05-19,2.3457,73.0913,46.2700,48.492
2010-05-20,2.2669,73.5863,46.8000,44.174
2010-05-21,2.3074,72.1913,46.9000,49.905
2010-05-24,2.2827,72.8944,46.9700,47.086
2010-05-25,2.2861,71.2856,47.4900,52.296
2010-05-26,2.2816,73.1475,47.1000,46.910
2010-05-27,2.4391,73.9631,46.7100,54.034
2010-05-28,2.3794,74.6775,46.3100,47.557
2010-06-01,2.3243,74.0588,47.0800,47.759
2010-06-02,2.3851,73.1194,46.8900,52.949
2010-06-03,2.4346,73.7550,46.5500,53.656
2010-06-04,2.3198,73.7381,46.8500,47.391
2010-06-07,2.2624,73.4344,47.0800,45.048
2010-06-08,2.2748,72.2644,46.8200,47.384
2010-06-09,2.2242,70.7962,46.9500,47.501
2010-06-10,2.3243,72.2869,46.8900,50.770
2010-06-11,2.3221,72.8325,46.7600,49.081
2010-06-14,2.3929,75.8475,46.4000,46.389
2010-06-15,2.4964,76.5375,46.4100,51.376
2010-06-16,2.5336,76.6500,46.4300,53.468
2010-06-17,2.4987,77.5125,46.2200,48.994
2010-06-18,2.4841,76.8000,45.9600,48.656
2010-06-21,2.5246,77.8969,45.6400,47.915
2010-06-22,2.4357,76.2000,46.0000,47.036
2010-06-23,2.4188,75.9094,46.1850,47.166
2010-06-24,2.3701,75.4219,46.4775,46.051
2010-06-25,2.3626,72.9938,46.3600,50.051
2010-06-28,2.3663,74.0063,46.2000,47.722
2010-06-29,2.2594,73.0594,46.4000,43.496
2010-06-30,2.2501,72.0938,46.4100,44.846
2010-07-01,2.2388,70.3406,46.5900,48.287
2010-07-02,2.2276,72.3000,46.5500,43.420
2010-07-06,2.2951,74.5031,46.7600,44.043
2010-07-07,2.3344,73.7438,46.9600,48.657
2010-07-08,2.3569,74.1375,46.8650,48.990
2010-07-09,2.4357,75.2250,46.6600,51.079
2010-07-12,2.4282,76.8375,46.6600,47.453
2010-07-13,2.4432,75.7406,46.7400,50.770
2010-07-14,2.4488,74.8406,46.7100,52.837
2010-07-15,2.4188,75.3750,46.5000,49.220
2010-07-16,2.3138,75.4219,46.7000,43.267
2010-07-19,2.3569,75.7969,47.1000,46.459
2010-07-20,2.3982,76.5000,47.2300,48.060
2010-07-21,2.3738,77.8219,47.0800,43.609
2010-07-22,2.4901,77.8875,47.1200,50.643
2010-07-23,2.4863,77.3344,46.9000,50.784
2010-07-26,2.5163,77.5219,47.0400,52.689
2010-07-27,2.5201,78.3844,46.2500,48.694
2010-07-28,2.4957,77.7750,46.7000,49.854
2010-07-29,2.5032,78.1219,46.5300,49.092
2010-07-30,2.5501,77.3063,46.3500,52.892
2010-08-02,2.5557,77.5781,46.0900,51.836
2010-08-03,2.5782,77.2406,46.1100,53.909
2010-08-04,2.6138,80.4000,46.0200,49.612
2010-08-05,2.5651,80.8500,46.0600,46.131
2010-08-06,2.6026,81.1781,45.9400,47.283
2010-08-09,2.6119,81.9281,46.0700,46.875
2010-08-10,2.5876,80.2125,46.3000,49.359
2010-08-11,2.4769,78.5531,46.6600,47.128
2010-08-12,2.4807,77.1844,46.7000,50.093
2010-08-13,2.4751,77.8125,46.6100,48.257
2010-08-16,2.4807,77.6531,46.6800,49.123
2010-08-17,2.5219,77.2219,46.6000,52.188
2010-08-18,2.5519,78.8625,46.5400,50.600
2010-08-19,2.4994,78.6656,46.3500,47.267
2010-08-20,2.5032,77.1938,45.7000,48.193
2010-08-23,2.4976,77.4281,46.5000,49.993
2010-08-24,2.4244,76.5188,46.8600,48.472
2010-08-25,2.4263,74.9156,46.8700,51.799
2010-08-26,2.3551,74.9625,46.7800,46.966
2010-08-27,2.4526,74.4281,46.8000,54.216
2010-08-30,2.4282,74.6250,46.8700,52.508
2010-08-31,2.4057,75.0469,47.0200,50.726
2010-09-01,2.4563,75.6656,46.7400,51.731
2010-09-02,2.4544,75.6469,46.6500,51.360
2010-09-03,2.5388,75.2438,46.5800,57.166
2010-09-07,2.4319,76.5469,46.8200,48.750
2010-09-08,2.4544,76.9781,46.5000,48.265
2010-09-09,2.4544,76.5000,46.3000,48.550
2010-09-13,2.5144,75.6000,46.2600,53.860
2010-09-14,2.5688,78.3563,46.1500,51.297
2010-09-15,2.5819,80.2594,46.2300,48.722
2010-09-16,2.5782,79.3969,46.1400,49.827
2010-09-17,2.5819,78.7969,45.8800,50.335
2010-09-20,2.6063,78.8156,45.6500,50.958
2010-09-21,2.6344,81.6188,45.5900,47.153
2010-09-22,2.6719,82.4344,45.5600,47.673
2010-09-23,2.6494,83.0906,45.5600,45.273
2010-09-24,2.7469,83.8219,45.1000,47.798
2010-09-27,2.7038,83.3625,44.9400,45.760
2010-09-28,2.7151,82.7813,45.0400,47.723
2010-09-29,2.7469,82.9406,44.8000,48.375
2010-09-30,2.7113,84.2719,44.5600,43.365
2010-10-01,2.9326,86.5688,44.4100,50.442
2010-10-04,2.8876,87.0563,44.5500,47.768
2010-10-05,2.9401,86.4563,44.4600,51.193
2010-10-06,2.9457,87.1688,44.2500,49.534
2010-10-07,2.9157,85.8188,44.2100,50.204
2010-10-08,2.9494,86.7188,44.3900,50.978
2010-10-11,2.9494,86.9344,44.3900,50.603
2010-10-12,2.9663,86.8969,44.5500,52.076
2010-10-13,3.0451,90.6375,44.3500,48.999
2010-10-14,3.1445,91.9594,44.0500,50.624
2010-10-15,3.1126,88.7719,44.1500,54.802
2010-10-18,3.0995,87.7219,44.2600,56.383
2010-10-19,3.0170,87.0938,44.3000,53.456
2010-10-20,3.0620,87.0000,44.2500,55.737
2010-10-21,3.0976,88.1531,44.2500,55.488
2010-10-22,2.8894,84.1688,44.5200,52.834
2010-10-25,2.7019,80.6906,44.3900,48.641
2010-10-26,2.7451,80.7000,44.5400,51.506
2010-10-27,2.7282,80.7656,44.4000,49.979
2010-10-28,2.7244,80.0719,44.3600,50.935
2010-10-29,2.6776,78.7031,44.4400,51.190
2010-11-01,2.7319,79.4438,44.3600,52.547
2010-11-02,2.7676,81.3469,44.0000,49.696
2010-11-03,2.7751,81.5063,44.3800,51.102
2010-11-04,2.8182,81.8906,44.0800,51.697
2010-11-08,2.7976,80.8500,44.2900,53.252
2010-11-09,2.7863,80.9344,44.2500,52.339
2010-11-10,2.8088,81.8531,44.2800,51.948
2010-11-11,2.7301,80.3719,44.2800,50.410
2010-11-12,2.7132,79.7250,44.7800,52.395
2010-11-15,2.6888,81.2250,45.1100,49.329
2010-11-16,2.5894,79.0781,45.5100,49.024
2010-11-18,2.5988,78.4500,45.1400,49.535
2010-11-19,2.5369,75.1594,45.2500,52.737
2010-11-22,2.5988,78.4313,45.4800,50.698
2010-11-23,2.5576,78.1969,45.5600,49.012
2010-11-24,2.5969,76.8188,45.7200,54.561
2010-11-26,2.5707,76.4063,45.8200,54.161
2010-11-29,2.5669,78.3281,45.8000,50.094
2010-11-30,2.5669,78.6750,45.8300,49.530
2010-12-01,2.5838,77.7563,45.2900,50.497
2010-12-02,2.6382,79.8844,45.0900,48.910
2010-12-03,2.6551,80.1750,44.9000,48.690
2010-12-06,2.7076,80.7469,44.8900,50.523
2010-12-07,2.7226,81.5531,44.7000,49.226
2010-12-08,2.7038,81.6188,45.0000,49.073
2010-12-09,2.7338,81.9563,45.1300,50.540
2010-12-10,2.7451,84.5531,45.1000,46.420
2010-12-13,2.7207,84.0281,45.1800,46.285
2010-12-14,2.7582,85.2000,45.0100,45.712
2010-12-15,2.7301,85.9500,45.3800,44.143
2010-12-16,2.8501,88.1344,45.5400,47.266
2010-12-20,2.8219,89.5500,45.4000,43.067
2010-12-21,2.8651,91.0313,45.1900,42.229
2010-12-22,2.8538,89.4938,45.0500,43.658
2010-12-23,2.8632,89.9063,45.0600,43.500
2010-12-27,2.8651,90.9563,45.2600,42.566
2010-12-28,2.8894,92.1282,45.0000,41.135
2010-12-29,2.8876,91.5938,44.9700,41.772
2010-12-30,2.9307,91.8656,44.8000,42.921
2010-12-31,2.9007,92.1094,44.8000,41.084
2011-01-03,2.9307,90.5719,44.5900,44.283
2011-01-04,2.9288,90.8719,44.9000,44.714
2011-01-05,2.9401,91.0594,45.3500,46.423
2011-01-06,2.9419,91.1906,45.1500,45.661
2011-01-07,2.8707,89.4281,45.3500,45.576
2011-01-10,2.7882,87.1125,45.3600,45.183
2011-01-11,2.8144,87.6469,45.0800,44.757
2011-01-12,2.8201,87.6938,45.0200,44.776
2011-01-13,2.7376,85.0406,45.0200,44.925
2011-01-14,2.8069,86.8313,45.4100,46.794
2011-01-18,2.8313,89.7281,45.3200,43.005
2011-01-19,2.8294,89.2688,45.5000,44.216
2011-01-20,2.8088,89.5313,45.7700,43.592
2011-01-21,2.5707,85.4906,45.5800,37.058
2011-01-24,2.5557,83.2313,45.5100,39.742
2011-01-25,2.5576,83.7938,45.7000,39.486
2011-01-27,2.5294,82.2469,45.6800,40.485
2011-01-28,2.4057,82.0500,45.8300,34.372
2011-01-31,2.4713,82.1438,45.9200,38.151
2011-02-01,2.4882,80.5031,45.6500,41.095
2011-02-02,2.4938,82.0969,45.5500,38.365
2011-02-03,2.5107,82.8750,45.6600,38.326
2011-02-04,2.4563,81.8813,45.6000,36.793
2011-02-07,2.4619,80.0438,45.3500,39.485
2011-02-08,2.4376,79.8281,45.1500,37.866
2011-02-09,2.4057,79.5188,45.3600,37.228
2011-02-10,2.3513,78.3656,45.6400,36.940
2011-02-11,2.3813,78.7969,45.6000,37.807
2011-02-14,2.3982,79.5750,45.4400,36.944
2011-02-15,2.4301,79.7719,45.4100,38.331
2011-02-16,2.4376,81.9656,45.4000,35.014
2011-02-17,2.4788,81.0094,45.2500,38.461
2011-02-18,2.4863,81.1313,45.1000,38.211
2011-02-22,2.4769,83.4000,45.1500,34.093
2011-02-23,2.4338,81.9000,45.0600,33.904
2011-02-24,2.4094,80.0906,45.4000,36.581
2011-02-25,2.4901,81.1969,45.2600,38.799
2011-02-28,2.4676,82.1625,45.1800,35.688
2011-03-01,2.4582,83.1469,44.8200,32.508
2011-03-03,2.5969,83.3063,45.0400,40.405
2011-03-04,2.5219,82.7625,44.8900,36.789
2011-03-07,2.4713,83.8594,44.9500,32.466
2011-03-08,2.5463,84.1875,45.0300,36.197
2011-03-09,2.5594,84.5531,44.8800,35.853
2011-03-10,2.4844,85.2750,45.1700,31.600
2011-03-11,2.5426,84.2438,45.2400,36.539
2011-03-14,2.5688,85.5469,44.9900,35.097
2011-03-15,2.4601,82.9500,45.2200,34.110
2011-03-16,2.4826,83.5125,45.0000,33.771
2011-03-17,2.4488,83.1469,45.1200,32.886
2011-03-18,2.4544,82.4813,45.0600,34.087
2011-03-21,2.5557,81.3563,44.9800,41.298
2011-03-22,2.5557,81.4500,44.9500,41.041
2011-03-23,2.6101,81.8625,44.8000,42.838
2011-03-24,2.6494,82.4344,44.6900,43.634
2011-03-25,2.6569,85.4813,44.6000,38.626
2011-03-28,2.6494,86.6063,44.8000,37.051
2011-03-29,2.6888,86.9063,44.7000,38.299
2011-03-30,2.7263,88.6594,44.7500,37.608
2011-03-31,2.7469,90.0375,44.5400,35.887
2011-04-01,2.7994,89.2594,44.4400,39.377
2011-04-04,2.8032,90.1875,44.3000,37.693
2011-04-05,2.8632,90.1875,44.3000,40.640
2011-04-06,2.8463,87.3656,44.0600,43.545
2011-04-07,2.8351,88.5844,44.1800,41.394
2011-04-08,2.8276,87.2906,44.0500,42.689
2011-04-11,2.8163,86.2500,44.3300,44.751
2011-04-13,2.7638,88.5750,44.4600,38.729
2011-04-15,2.6382,84.3375,44.2600,38.451
2011-04-18,2.6232,83.5125,44.3600,39.338
2011-04-19,2.6382,84.2906,44.4900,39.248
2011-04-20,2.7413,86.9344,44.3300,39.787
2011-04-21,2.7451,86.8406,44.2600,39.908
2011-04-25,2.7376,87.4125,44.4100,39.082
2011-04-26,2.7544,87.1313,44.5100,40.708
2011-04-27,2.6757,84.5813,44.0000,39.192
2011-04-28,2.5838,83.7375,44.4200,37.063
2011-04-29,2.5819,84.4313,44.2400,35.288
2011-05-02,2.6026,83.9250,44.2700,37.284
2011-05-03,2.5688,81.8719,44.4700,39.529
2011-05-04,2.5238,81.9375,44.3500,36.605
2011-05-05,2.5294,81.0938,44.7600,39.613
2011-05-06,2.5651,82.9594,44.7200,38.272
2011-05-09,2.5651,81.7781,44.6800,40.144
2011-05-10,2.6232,81.8063,44.7500,43.495
2011-05-11,2.5857,82.3406,44.5900,40.023
2011-05-12,2.6307,81.2438,44.9800,45.646
2011-05-13,2.6157,82.9781,44.8600,41.411
2011-05-16,2.6138,82.4906,45.1500,43.063
2011-05-17,2.6119,82.0313,45.1300,43.697
2011-05-18,2.6532,83.6531,45.0600,42.915
2011-05-19,2.6344,83.0250,44.9000,42.471
2011-05-20,2.6213,83.8781,44.9900,40.600
2011-05-23,2.5688,82.5094,45.2200,40.786
2011-05-24,2.6044,82.4813,45.2100,42.756
2011-05-25,2.5801,81.6750,45.3200,43.163
2011-05-26,2.5669,81.5438,45.3300,42.696
2011-05-27,2.5838,82.8844,45.1700,40.812
2011-05-31,2.5932,83.7000,45.0400,39.543
2011-06-01,2.5801,84.0563,44.8400,37.634
2011-06-02,2.5707,83.0531,44.8600,38.852
2011-06-03,2.5669,83.0813,44.8200,38.479
2011-06-06,2.5894,83.4469,44.7800,38.957
2011-06-07,2.5988,82.6125,44.6700,40.522
2011-06-08,2.6101,82.7250,44.7200,41.097
2011-06-09,2.6082,82.2750,44.6400,41.513
2011-06-10,2.5763,82.0219,44.7200,40.466
2011-06-13,2.5501,81.6469,44.8500,40.079
2011-06-14,2.5463,81.9094,44.7400,39.083
2011-06-15,2.4694,79.5750,44.7900,38.996
2011-06-16,2.4638,78.0094,44.8800,41.747
2011-06-17,2.4094,76.6594,44.7600,40.682
2011-06-20,2.4038,75.4313,44.9200,43.149
2011-06-21,2.4413,75.4500,44.8400,45.087
2011-06-22,2.4301,75.7125,44.8200,43.854
2011-06-23,2.4301,76.8563,44.8900,41.934
2011-06-24,2.4132,79.5375,44.9900,36.501
2011-06-27,2.4226,79.2469,44.9400,37.381
2011-06-28,2.3982,78.5813,45.0000,37.333
2011-06-29,2.4807,78.8531,44.7800,40.876
2011-06-30,2.4694,78.3000,44.5900,40.629
2011-07-01,2.4938,79.3406,44.6200,40.248
2011-07-05,2.5013,80.2500,44.3500,38.234
2011-07-06,2.5013,79.6594,44.4800,39.668
2011-07-07,2.5744,80.8219,44.3200,41.174
2011-07-08,2.5519,80.9063,44.4100,40.078
2011-07-11,2.4938,78.9188,44.4800,40.556
2011-07-12,2.4263,77.7375,44.6000,39.204
2011-07-13,2.4113,77.5313,44.5200,38.462
2011-07-14,2.3963,77.1563,44.5000,38.208
2011-07-15,2.4001,77.7750,44.5100,37.353
2011-07-18,2.3701,77.5594,44.6000,36.289
2011-07-19,2.4301,77.8500,44.4800,38.843
2011-07-20,2.3213,74.8031,44.4400,37.907
2011-07-21,2.3176,75.2063,44.4000,36.823
2011-07-22,2.3457,76.0969,44.3400,36.678
2011-07-25,2.3251,76.9031,44.3900,34.207
2011-07-26,2.3176,76.9594,44.1000,32.803
2011-07-27,2.2744,75.4781,44.1500,33.040
2011-07-28,2.2576,74.0625,44.0300,34.211
2011-07-29,2.2276,72.9938,44.2000,34.885
2011-08-01,2.2051,73.4813,44.0600,32.217
2011-08-02,2.1582,71.8969,44.2600,32.858
2011-08-03,2.1357,71.4750,44.3100,32.399
2011-08-04,2.0663,70.4438,44.5600,30.706
2011-08-05,2.0663,68.8688,44.7300,34.205
2011-08-08,1.8957,67.0969,45.0000,27.137
2011-08-09,1.9725,65.0156,45.2000,37.135
2011-08-10,1.8807,66.5438,45.2500,27.886
2011-08-11,1.9538,66.1688,45.2900,33.730
2011-08-12,1.9594,64.3031,45.3900,38.311
2011-08-16,1.9332,63.8250,45.2500,37.056
2011-08-17,1.9407,64.5563,45.3000,36.180
2011-08-18,1.7794,61.5281,45.7100,32.195
2011-08-19,1.7625,60.0656,45.6600,33.983
2011-08-22,1.7813,62.3156,45.5600,30.233
2011-08-23,1.8319,62.4281,45.6200,33.869
2011-08-24,1.8225,61.8469,45.8900,35.232
2011-08-25,1.7869,61.5375,46.0400,33.690
2011-08-26,1.7925,59.9531,46.1500,37.984
2011-08-29,1.8675,61.6688,45.9500,39.153
2011-08-30,1.8582,62.8594,46.0100,36.009
2011-09-02,1.8132,62.6906,45.7400,32.292
2011-09-06,1.7532,60.5719,46.0000,33.141
2011-09-07,1.7982,61.7906,46.0700,34.068
2011-09-08,1.7832,63.4031,46.2000,29.934
2011-09-09,1.6969,63.4406,46.6400,24.753
2011-09-12,1.7307,60.9750,47.2200,34.026
2011-09-13,1.7494,61.7063,47.4900,34.638
2011-09-14,1.7757,64.2000,47.5800,31.599
2011-09-15,1.8282,65.2875,47.5400,33.121
2011-09-16,1.8394,63.5156,47.2700,36.895
2011-09-19,1.8225,63.9375,47.7200,36.026
2011-09-20,1.8207,65.8031,47.9300,32.615
2011-09-21,1.7907,66.8719,48.3200,29.389
2011-09-22,1.6875,63.8156,49.4700,30.819
2011-09-23,1.7157,63.6563,49.3400,32.982
2011-09-26,1.7457,63.7594,49.4700,35.444
2011-09-27,1.8338,65.2875,48.9200,37.406
2011-09-28,1.7738,65.1656,48.9400,33.214
2011-09-29,1.8038,65.1750,48.9300,35.420
2011-09-30,1.7344,63.9000,49.0500,33.135
2011-10-03,1.6632,61.9125,49.0900,31.871
2011-10-04,1.6894,62.5406,49.3000,33.175
2011-10-05,1.7325,61.4906,49.2400,38.737
2011-10-07,1.7138,62.5875,48.8900,33.872
2011-10-10,1.7963,65.4188,48.8900,34.244
2011-10-11,1.7700,64.0688,49.2400,36.037
2011-10-12,1.8244,65.7281,48.9500,35.871
2011-10-13,1.8207,65.5313,49.2200,36.749
2011-10-14,1.8525,68.1188,48.8900,32.960
2011-10-17,1.8282,66.9000,49.0300,33.984
2011-10-18,1.8207,64.8844,49.3300,38.421
2011-10-19,1.8000,67.0500,49.1700,32.003
2011-10-20,1.7738,66.4781,49.8600,33.038
2011-10-21,1.8057,66.3844,49.8200,35.511
2011-10-24,1.8432,67.1438,49.7200,36.487
2011-10-25,1.8544,69.7781,49.4100,31.312
2011-10-28,2.0232,70.1344,48.6300,40.284
2011-10-31,1.9613,68.7375,48.6700,38.871
2011-11-01,1.8863,69.7594,49.2600,33.199
2011-11-02,1.8938,70.1531,49.1000,32.546
2011-11-03,1.9219,69.5250,49.0400,35.564
2011-11-04,1.8750,69.7219,48.9900,31.750
2011-11-08,1.9144,69.2438,49.3900,36.551
2011-11-09,1.8113,70.5938,50.0500,28.418
2011-11-11,1.8807,71.6438,49.9800,31.199
2011-11-14,1.8769,72.6375,50.3700,30.154
2011-11-15,1.8975,71.9531,50.6200,33.495
2011-11-16,1.8375,70.1531,50.6600,32.696
2011-11-17,1.7775,68.9344,50.9500,31.380
2011-11-18,1.7813,70.1250,51.2300,30.133
2011-11-21,1.7269,69.3938,52.0600,29.555
2011-11-22,1.7588,70.8375,52.4800,30.300
2011-11-23,1.7082,68.6063,52.2600,30.118
2011-11-25,1.7138,69.3656,52.2300,29.043
2011-11-28,1.7625,69.7594,51.9400,31.232
2011-11-29,1.7700,70.0688,51.9000,31.107
2011-11-30,1.8000,70.7250,52.1200,32.652
2011-12-01,1.8113,72.4594,51.3600,28.387
2011-12-02,1.8994,73.4625,50.5000,30.571
2011-12-05,1.9107,73.1531,51.3100,34.016
2011-12-07,1.9182,75.7688,51.6200,30.682
2011-12-08,1.9257,77.3906,51.7000,28.643
2011-12-09,1.9613,75.9281,51.8700,33.985
2011-12-12,1.9482,77.7656,52.6000,31.773
2011-12-13,1.9388,77.3625,53.0900,33.050
2011-12-14,1.8638,77.9156,53.7100,28.478
2011-12-15,1.8657,76.2375,53.5500,31.047
2011-12-16,1.8938,75.6844,52.4900,31.342
2011-12-19,1.8225,75.7500,52.6900,26.772
2011-12-20,1.8582,74.2781,52.7600,31.986
2011-12-21,1.8488,76.3406,52.3900,26.877
2011-12-22,1.8788,74.5406,52.5600,32.477
2011-12-23,1.9088,76.1250,52.7800,32.343
2011-12-27,1.9088,76.2844,52.9300,32.442
2011-12-28,1.8975,74.4469,52.8800,34.784
2011-12-29,1.8957,74.6906,53.0000,34.516
2011-12-30,1.9107,74.7563,53.0100,35.487
2012-01-03,1.9613,78.0938,53.1100,33.384
2012-01-04,1.9275,78.4219,52.8500,29.901
2012-01-05,1.8975,77.8031,52.8900,28.994
2012-01-06,1.8994,76.0781,52.6700,31.500
2012-01-09,1.9088,75.2156,52.3900,32.954
2012-01-10,1.9182,75.6656,51.5900,30.784
2012-01-11,1.9594,75.2438,51.7800,34.840
2012-01-12,1.8732,73.3969,51.5100,31.459
2012-01-13,1.8563,75.1875,51.4300,26.975
2012-01-17,1.9144,77.8406,50.6900,24.668
2012-01-18,1.9407,75.7688,50.4000,29.090
2012-01-19,1.9594,75.7781,50.3000,30.063
2012-01-20,2.0476,77.5781,50.2200,32.548
2012-01-23,2.0288,77.9625,49.9900,30.088
2012-01-24,2.0382,78.5719,50.0200,29.753
2012-01-25,2.0682,78.6656,50.1800,31.927
2012-01-27,2.0551,78.3750,49.3900,29.504
2012-01-30,2.0101,76.8375,49.6600,29.909
2012-01-31,2.0401,77.6063,49.5400,30.227
2012-02-01,2.0644,77.2219,49.2738,31.727
2012-02-02,2.1076,79.8844,49.0300,29.354
2012-02-03,2.1507,80.1469,48.6500,30.548
2012-02-06,2.1282,80.0813,49.0500,30.352
2012-02-07,2.1282,80.2594,49.2000,30.460
2012-02-08,2.0944,81.4875,49.2200,26.507
2012-02-09,2.1226,83.5500,49.3500,25.372
2012-02-10,2.1151,84.2531,49.4800,24.212
2012-02-13,2.1038,81.8625,49.1400,26.286
2012-02-14,2.0869,81.5813,49.4000,26.370
2012-02-15,2.0982,81.7688,49.3500,26.632
2012-02-16,2.1113,82.3781,49.4300,26.686
2012-02-17,2.1151,84.1594,49.3100,23.923
2012-02-21,2.0963,83.1938,49.2100,23.999
2012-02-22,2.1226,83.0250,49.2400,25.883
2012-02-23,2.1413,82.7719,49.1900,27.254
2012-02-24,2.1376,82.1063,48.9800,27.514
2012-02-27,2.0832,79.6500,49.1200,28.469
2012-02-28,2.0607,78.7969,49.0100,28.170
2012-02-29,2.0588,81.0656,48.9900,24.419
2012-03-01,2.0832,79.6594,49.1400,28.506
2012-03-02,2.0738,80.4375,49.5500,27.747
2012-03-05,2.0457,80.8781,49.8200,26.011
2012-03-06,1.9857,81.0188,50.3763,23.466
2012-03-07,1.9932,82.4906,50.2700,21.465
2012-03-09,2.0888,81.0375,49.7500,28.234
2012-03-12,2.0701,82.0781,49.9800,26.052
2012-03-13,2.1038,80.8031,49.9200,29.972
2012-03-14,2.0907,79.8844,50.0000,30.856
2012-03-15,2.0832,80.1469,50.2800,30.688
2012-03-16,2.0532,80.3531,50.1100,28.041
2012-03-19,2.0513,80.2500,50.1600,28.216
2012-03-20,2.0194,80.5500,50.4800,26.556
2012-03-21,2.0401,80.1750,50.6000,28.752
2012-03-22,1.9950,78.9938,51.2800,29.512
2012-03-23,1.9988,79.7344,51.1800,28.299
2012-03-26,2.0044,79.3313,51.0300,28.935
2012-03-27,2.0101,80.3250,50.6600,26.771
2012-03-28,1.9875,80.5969,50.9700,25.694
2012-03-29,2.0288,81.9000,51.3800,27.277
2012-03-30,2.0626,82.5188,50.8900,27.199
2012-04-02,2.0569,83.0906,50.7900,25.732
2012-04-03,2.0476,83.7188,50.6400,23.853
2012-04-04,2.0119,83.2125,51.1800,23.744
2012-04-09,2.0063,82.3219,51.1000,24.538
2012-04-10,1.9932,83.5125,51.4700,22.842
2012-04-11,2.0082,83.6156,51.5000,23.686
2012-04-12,2.0194,82.3313,51.2200,25.633
2012-04-13,1.8732,78.6188,51.4500,22.585
2012-04-16,1.8394,78.9281,51.6000,20.254
2012-04-17,1.8675,78.9750,51.4100,21.571
2012-04-18,1.8694,80.1375,51.7900,20.814
2012-04-19,1.8807,78.8719,52.0700,24.159
2012-04-20,1.9088,79.6500,52.0200,24.665
2012-04-23,1.8994,79.5281,52.3800,25.103
2012-04-24,1.9369,82.8750,52.6300,23.005
2012-04-25,1.8375,76.9500,52.4500,25.249
2012-04-26,1.8375,75.4969,52.4400,27.636
2012-04-27,1.8319,76.0875,52.4500,26.281
2012-04-30,1.8113,75.9469,52.6500,25.568
2012-05-02,1.8075,75.7500,52.9700,26.397
2012-05-03,1.7888,77.3156,53.3300,23.386
2012-05-04,1.7663,77.7938,53.4100,21.266
2012-05-07,1.7307,77.5969,52.9100,18.007
2012-05-08,1.7194,75.7500,53.1400,20.620
2012-05-09,1.7119,76.1719,53.7500,20.800
2012-05-10,1.7250,76.6219,53.2500,19.886
2012-05-11,1.7063,75.1688,53.6300,21.737
2012-05-14,1.6894,75.6563,53.9200,20.404
2012-05-15,1.7025,75.7969,53.9100,21.092
2012-05-16,1.6482,73.1906,54.3400,22.367
2012-05-17,1.6388,73.2656,54.3700,21.614
2012-05-18,1.6332,73.3594,54.4800,21.286
2012-05-21,1.6332,71.8500,54.9700,24.948
2012-05-22,1.6313,71.5219,55.3400,26.221
2012-05-23,1.6238,72.1781,55.9500,25.871
2012-05-24,1.6182,73.5563,55.5500,22.205
2012-05-25,1.6275,73.8938,55.3500,21.911
2012-05-29,1.6688,76.8281,55.7100,21.008
2012-05-30,1.6200,77.2781,56.1300,17.670
2012-05-31,1.6125,76.8750,56.3800,18.263
2012-06-01,1.5713,75.2813,55.4400,15.716
2012-06-04,1.5919,74.2969,55.6500,19.238
2012-06-05,1.6032,74.7375,55.5400,19.137
2012-06-06,1.6969,76.9875,55.2600,21.801
2012-06-07,1.6763,75.1500,54.9100,22.482
2012-06-08,1.6688,75.6281,55.3900,22.222
2012-06-11,1.6182,75.0469,55.6900,20.079
2012-06-12,1.6407,73.7156,55.6000,23.747
2012-06-13,1.6444,74.3531,55.5600,22.878
2012-06-14,1.6575,73.9406,55.7000,24.864
2012-06-15,1.6838,74.6156,55.3400,24.881
2012-06-18,1.6725,74.1188,55.8500,26.029
2012-06-19,1.7044,74.9156,55.8700,27.111
2012-06-20,1.7007,75.0000,56.2400,27.527
2012-06-21,1.6444,75.3281,56.2500,22.794
2012-06-22,1.6632,75.0094,57.1100,26.629
2012-06-25,1.6294,75.0094,57.1300,24.103
2012-06-26,1.6332,75.1969,56.9500,23.687
2012-06-27,1.6538,74.8500,56.9300,25.785
2012-06-28,1.6388,74.7750,56.8100,24.506
2012-06-29,1.7213,74.9813,55.5700,27.568
2012-07-02,1.7007,75.0469,55.4500,25.657
2012-07-03,1.7513,75.0938,54.3100,26.659
2012-07-05,1.6688,74.1844,54.9500,23.611
2012-07-06,1.6294,73.5281,55.4700,22.924
2012-07-09,1.6125,72.3563,55.8700,24.513
2012-07-10,1.5994,72.0938,55.3900,22.884
2012-07-11,1.5975,70.1813,55.5200,26.380
2012-07-12,1.5150,67.3594,55.8300,25.572
2012-07-13,1.5300,67.2844,55.1000,25.297
2012-07-16,1.5225,66.7031,55.0500,25.655
2012-07-17,1.5319,67.9969,55.0300,23.978
2012-07-18,1.5413,68.3156,55.3300,24.832
2012-07-19,1.5657,69.1031,55.1600,24.976
2012-07-20,1.5244,68.1188,55.2700,23.687
2012-07-23,1.4757,66.8344,55.9200,23.468
2012-07-24,1.4569,64.8563,56.2200,26.291
2012-07-25,1.4457,63.4969,56.1000,27.725
2012-07-26,1.4419,61.8656,55.5900,29.564
2012-07-27,1.4850,62.7000,55.3900,31.190
2012-07-30,1.4719,62.3813,55.4200,30.766
2012-07-31,1.4644,63.7594,55.5500,27.586
2012-08-01,1.4700,63.6656,55.4700,28.080
2012-08-02,1.4344,63.7594,55.8400,25.625
2012-08-03,1.4757,65.0906,55.7500,26.390
2012-08-06,1.4907,64.8375,55.5200,27.645
2012-08-07,1.5019,65.3250,55.0600,26.591
2012-08-08,1.5094,65.7281,55.2800,26.948
2012-08-09,1.5132,64.8000,55.1700,28.829
2012-08-10,1.5282,65.5688,55.1800,28.604
2012-08-13,1.5188,66.6750,55.3400,26.059
2012-08-14,1.5019,66.6563,55.6600,25.414
2012-08-16,1.5038,65.5125,55.6200,27.671
2012-08-17,1.5057,66.2813,55.6200,26.348
2012-08-21,1.5300,66.7031,55.4600,27.214
2012-08-22,1.5169,66.4688,55.5000,26.659
2012-08-23,1.5188,68.0813,55.1400,23.009
2012-08-24,1.5132,68.4563,55.4100,22.479
2012-08-27,1.4832,67.7344,55.6800,21.921
2012-08-28,1.5019,68.1844,55.6500,22.581
2012-08-29,1.5057,68.2781,55.6900,22.807
2012-08-30,1.4963,69.1875,55.6300,20.309
2012-08-31,1.4588,67.9875,55.5200,19.127
2012-09-04,1.4644,68.0719,55.6100,19.632
2012-09-05,1.4607,67.8938,55.8800,20.220
2012-09-06,1.5394,70.7719,55.6400,21.027
2012-09-07,1.5675,70.8375,55.2700,22.305
2012-09-10,1.5600,70.5844,55.4400,22.532
2012-09-11,1.5750,70.2844,55.2500,23.813
2012-09-12,1.5938,72.1031,55.2100,22.038
2012-09-13,1.6257,72.7313,55.3400,23.694
2012-09-14,1.6857,73.4156,53.3000,22.380
2012-09-17,1.6725,72.1500,53.8800,24.902
2012-09-18,1.6538,69.3188,53.9000,28.593
2012-09-20,1.6557,69.9469,54.2600,28.435
2012-09-21,1.6875,70.8750,53.4600,27.289
2012-09-24,1.6707,71.3344,53.4300,25.134
2012-09-25,1.6500,70.7344,53.3600,24.474
2012-09-26,1.6444,71.2219,53.5200,23.570
2012-09-27,1.6707,70.4438,52.9900,25.673
2012-09-28,1.6782,71.4469,52.9200,24.300
2012-10-01,1.7119,71.7563,52.4600,25.156
2012-10-03,1.7194,71.2969,52.2500,26.008
2012-10-04,1.7213,71.7938,51.7400,24.049
2012-10-05,1.6838,69.9844,51.7700,24.556
2012-10-08,1.6575,68.5125,51.7700,25.249
2012-10-09,1.6219,68.8406,52.7300,24.234
2012-10-10,1.6107,67.6594,53.0500,26.288
2012-10-11,1.6238,67.1719,52.6600,27.298
2012-10-12,1.6069,66.0094,52.8100,28.559
2012-10-15,1.5900,65.9813,53.0900,27.938
2012-10-16,1.5975,66.0563,52.8900,27.912
2012-10-17,1.5919,66.0094,52.8600,27.480
2012-10-18,1.5807,64.8938,53.4600,30.216
2012-10-19,1.5432,64.6031,54.0800,29.180
2012-10-22,1.5450,64.4250,53.5100,28.328
2012-10-23,1.5282,64.2938,53.7200,27.684
2012-10-25,1.5263,63.7688,53.5500,28.170
2012-10-31,1.4475,65.7469,53.8000,18.450
2012-11-01,1.6144,67.7344,53.7600,28.134
2012-11-02,1.5957,68.3625,53.7500,25.459
2012-11-05,1.6032,67.9688,54.6000,28.784
2012-11-06,1.5882,68.6250,54.4200,25.942
2012-11-07,1.5525,68.9719,54.3700,22.385
2012-11-08,1.5582,70.3875,54.3000,20.204
2012-11-09,1.5619,69.5250,54.6100,22.684
2012-11-12,1.5563,69.1406,54.6100,22.922
2012-11-15,1.5244,67.8281,54.6500,22.824
2012-11-16,1.5282,67.3313,55.1600,25.192
2012-11-19,1.5432,67.1531,55.0500,26.504
2012-11-20,1.5169,67.8281,55.1000,23.226
2012-11-21,1.5263,68.7750,55.1400,22.369
2012-11-23,1.5563,68.7844,55.4400,25.436
2012-11-26,1.5507,70.3969,55.6300,22.539
2012-11-27,1.5788,71.0531,55.3500,22.987
2012-11-29,1.6125,72.4406,54.7100,21.785
2012-11-30,1.6407,73.7344,54.2600,20.734
2012-12-03,1.6257,73.9875,54.6600,20.100
2012-12-04,1.6144,72.7688,54.7300,21.422
2012-12-05,1.6219,71.4281,54.4600,23.662
2012-12-06,1.6350,71.2219,54.3100,24.679
2012-12-07,1.6013,71.2875,54.3500,22.083
2012-12-10,1.6407,71.6438,54.4200,24.624
2012-12-11,1.6313,71.1656,54.3100,24.492
2012-12-12,1.6388,70.2750,54.2300,26.463
2012-12-13,1.6257,70.0500,54.3600,26.154
2012-12-14,1.6313,70.4906,54.4900,26.100
2012-12-17,1.6275,69.4125,54.6800,28.210
2012-12-18,1.6313,70.4719,54.9100,27.106
2012-12-19,1.6538,72.4031,54.6700,24.874
2012-12-20,1.6650,71.6344,54.9200,27.654
2012-12-21,1.6482,71.1469,55.0600,27.550
2012-12-24,1.6332,72.3656,54.9500,24.013
2012-12-26,1.6369,72.1969,54.8600,24.384
2012-12-27,1.6444,72.2813,54.9400,24.990
2012-12-28,1.6294,73.5094,54.7700,21.404
2012-12-31,1.6425,73.9688,54.8600,21.821
2013-01-02,1.6782,73.8281,54.2300,23.269
2013-01-03,1.6932,74.5875,54.4600,23.626
2013-01-04,1.6763,75.6844,54.9300,21.661
2013-01-07,1.6857,75.9281,55.2000,22.549
2013-01-08,1.6613,74.6531,55.0200,22.439
2013-01-09,1.7044,74.4469,54.7900,25.438
2013-01-10,1.7213,74.1750,54.4900,26.449
2013-01-11,1.8338,78.7406,54.8100,27.647
2013-01-14,1.8488,78.5906,54.5000,28.208
2013-01-15,1.8413,78.9281,54.5800,27.328
2013-01-16,1.8132,78.7406,54.6600,25.866
2013-01-17,1.8582,80.7563,54.3500,25.057
2013-01-18,1.7250,74.5031,53.8200,24.615
2013-01-22,1.7269,74.7656,53.7200,24.081
2013-01-23,1.7307,75.3281,53.6600,23.284
2013-01-24,1.7344,75.9281,53.6700,22.598
2013-01-25,1.7682,76.4344,53.7800,24.410
2013-01-28,1.7719,77.5406,53.9700,23.329
2013-01-29,1.7569,76.6219,53.6400,22.995
2013-01-30,1.7775,77.7844,53.2100,21.597
2013-01-31,1.7757,77.1656,53.3200,22.695
2013-02-01,1.7907,76.4250,53.1600,24.556
2013-02-04,1.7607,76.5188,53.2400,22.503
2013-02-05,1.7794,76.3125,52.9900,23.560
2013-02-06,1.7663,76.0594,53.0700,23.242
2013-02-07,1.7494,76.0688,53.2200,22.395
2013-02-08,1.7794,77.3250,53.5800,23.299
2013-02-11,1.7475,76.7813,53.9500,22.790
2013-02-12,1.7569,77.2219,53.7500,22.290
2013-02-13,1.7400,76.7719,53.7900,21.916
2013-02-14,1.7232,74.2125,53.9400,25.245
2013-02-15,1.7250,74.8594,54.2800,25.082
2013-02-19,1.7438,77.0156,54.2600,22.856
2013-02-20,1.7382,77.3063,54.1800,21.819
2013-02-21,1.7063,76.0875,54.4700,22.151
2013-02-22,1.7738,77.9906,54.2800,23.453
2013-02-25,1.7775,78.5813,53.9600,22.060
2013-02-26,1.7550,77.9813,54.1400,21.847
2013-02-27,1.8019,78.4688,53.7200,23.360
2013-02-28,1.8000,78.0750,54.3700,25.352
2013-03-01,1.8094,79.0688,54.9000,25.634
2013-03-04,1.8019,78.6563,54.9200,25.815
2013-03-05,1.8338,81.1969,54.8700,23.921
2013-03-06,1.8657,82.8563,54.8300,23.461
2013-03-07,1.8882,84.2531,54.4500,22.026
2013-03-08,1.8938,83.5031,54.3200,23.194
2013-03-11,1.8938,82.4156,54.3800,24.958
2013-03-12,1.8600,82.2469,54.1900,22.553
2013-03-13,1.8788,82.3688,54.3000,23.856
2013-03-14,1.8825,82.2188,54.2200,24.146
2013-03-15,1.8600,82.6781,54.0600,21.621
2013-03-18,1.8675,81.3094,54.1000,24.259
2013-03-19,1.8432,81.3094,54.4000,23.317
2013-03-20,1.8525,80.6156,54.3200,24.827
2013-03-21,1.8582,81.5156,54.2700,23.710
2013-03-22,1.8582,81.6938,54.3000,23.508
2013-03-25,1.8525,80.8781,54.2200,24.193
2013-03-26,1.8638,82.1156,54.4200,23.518
2013-03-28,1.8938,81.9656,54.4400,25.782
2013-04-01,1.8525,80.8125,54.2800,24.431
2013-04-02,1.9257,84.3094,54.4300,24.321
2013-04-03,1.8900,84.1125,54.4600,22.374
2013-04-04,1.8713,83.4563,54.9100,23.122
2013-04-05,1.8863,85.2375,54.7500,21.161
2013-04-08,1.8319,84.1500,54.5800,18.819
2013-04-09,1.6425,73.8188,54.4700,21.201
2013-04-10,1.7250,75.4219,54.4100,24.446
2013-04-11,1.7157,75.5531,54.3600,23.441
2013-04-12,1.6313,71.9625,54.6200,23.816
2013-04-15,1.5844,71.0813,54.4800,21.437
2013-04-16,1.6107,71.5031,54.0800,21.820
2013-04-17,1.5675,70.2281,54.1600,20.889
2013-04-18,1.5900,69.1969,53.9500,23.969
2013-04-22,1.4644,63.6375,54.1900,24.701
2013-04-23,1.4757,64.2656,54.3900,24.890
2013-04-25,1.4475,62.9063,54.1100,24.513
2013-04-26,1.4344,61.9125,54.4100,26.059
2013-04-29,1.4494,64.1250,54.2000,22.508
2013-04-30,1.4982,65.3156,53.6800,23.127
2013-05-02,1.4719,66.0469,53.7900,19.876
2013-05-03,1.5150,66.6094,53.8000,22.369
2013-05-06,1.5113,67.0031,54.1300,22.093
2013-05-07,1.5057,65.7750,54.0600,23.749
2013-05-08,1.5282,65.8219,54.0800,25.556
2013-05-09,1.5113,66.5250,54.3400,23.447
2013-05-10,1.4982,66.5625,54.9400,23.657
2013-05-13,1.4794,65.2406,54.8500,24.379
2013-05-14,1.4607,65.1844,54.5000,22.124
2013-05-15,1.4794,64.9031,54.7800,24.866
2013-05-16,1.4494,64.9594,54.6800,22.005
2013-05-17,1.4775,64.5000,55.1700,26.381
2013-05-20,1.4588,63.3656,55.0200,26.666
2013-05-21,1.4644,63.5438,55.4200,27.719
2013-05-22,1.4719,64.1344,55.6200,27.650
2013-05-23,1.4663,63.2063,55.7000,29.215
2013-05-24,1.4550,63.0375,55.7800,28.752
2013-05-28,1.4888,63.7688,56.0700,30.905
2013-05-29,1.4832,63.6281,56.2800,31.188
2013-05-30,1.4682,63.0188,56.5000,31.629
2013-05-31,1.4307,61.4344,56.5000,31.575
2013-06-03,1.4344,60.9281,56.6600,33.393
2013-06-04,1.4307,62.0438,56.4300,30.121
2013-06-05,1.4063,60.9375,56.8400,31.172
2013-06-06,1.4063,61.8750,56.9200,29.367
2013-06-07,1.4194,62.7938,56.5700,27.873
2013-06-10,1.4007,64.3594,58.1300,26.509
2013-06-11,1.3913,64.6969,58.3400,25.458
2013-06-12,1.3857,64.5656,57.8200,24.089
2013-06-13,1.3800,63.7500,58.0700,25.708
2013-06-14,1.3688,63.2906,57.5600,24.485
2013-06-17,1.3969,63.3844,57.9700,27.758
2013-06-18,1.3838,63.9750,58.7900,27.163
2013-06-19,1.3613,64.4063,58.7000,24.068
2013-06-20,1.3294,65.1563,59.5700,21.543
2013-06-21,1.3463,65.3250,59.4300,22.479
2013-06-24,1.3200,64.9781,59.8000,21.484
2013-06-25,1.3500,64.4531,59.6600,24.964
2013-06-26,1.3275,65.2688,60.7000,23.461
2013-06-27,1.3482,65.0813,60.1900,24.684
2013-06-28,1.3650,65.4375,59.5200,24.159
2013-07-01,1.3744,65.8594,59.3800,23.919
2013-07-02,1.3707,66.1781,59.5400,23.317
2013-07-03,1.3725,64.3781,60.2100,28.367
2013-07-05,1.3932,65.8031,60.2300,27.517
2013-07-08,1.3988,66.6563,60.7500,27.484
2013-07-09,1.3988,67.5281,60.0900,24.471
2013-07-10,1.4138,68.4094,59.8800,23.751
2013-07-11,1.4494,68.2500,59.8200,27.038
2013-07-12,1.4700,70.4250,59.8800,24.992
2013-07-15,1.4925,71.6063,59.8900,24.833
2013-07-16,1.4869,70.3875,59.2900,25.248
2013-07-17,1.5000,72.5813,59.3400,22.638
2013-07-18,1.5113,72.3469,59.5900,24.480
2013-07-19,1.5075,73.3875,59.3700,21.959
2013-07-22,1.5282,73.6781,59.7100,23.845
2013-07-23,1.5150,72.0375,59.6400,25.430
2013-07-24,1.5319,73.5656,59.1400,23.152
2013-07-25,1.5450,70.5469,59.0100,29.237
2013-07-26,1.5469,71.6156,59.0800,27.614
2013-07-29,1.5732,76.5094,59.3300,21.993
2013-07-30,1.5863,78.5250,60.8000,22.823
2013-07-31,1.6163,82.1250,60.7700,19.601
2013-08-01,1.6482,81.8250,60.4500,21.762
2013-08-02,1.6500,82.2563,60.8800,22.124
2013-08-05,1.6857,84.2344,60.8800,21.831
2013-08-06,1.6650,84.6188,60.7800,19.597
2013-08-07,1.6594,84.5719,61.2000,20.083
2013-08-08,1.6894,83.8406,60.7200,22.353
2013-08-12,1.7175,85.2563,61.1500,23.191
2013-08-13,1.8019,87.6750,61.3300,26.047
2013-08-14,1.7944,86.2688,61.2700,27.444
2013-08-16,1.7607,85.5938,61.6500,26.814
2013-08-19,1.7457,85.5844,63.1300,28.767
2013-08-20,1.7269,84.0469,63.2100,29.878
2013-08-21,1.6538,82.8656,64.1100,27.948
2013-08-22,1.6725,83.3813,64.5500,29.481
2013-08-23,1.7119,84.0375,63.2200,28.785
2013-08-26,1.7194,86.0813,64.2600,28.355
2013-08-27,1.6763,85.3031,66.2400,30.168
2013-08-28,1.7138,88.3969,68.8000,33.386
2013-08-29,1.7007,88.7719,66.5500,27.495
2013-08-30,1.6913,90.6750,65.7100,22.564
2013-09-03,1.6669,89.8781,67.7100,25.578
2013-09-04,1.7475,90.2438,67.0800,29.898
2013-09-05,1.7532,87.9188,66.0100,31.629
2013-09-06,1.7532,87.8438,65.2300,30.185
2013-09-10,1.8357,88.5094,63.8300,32.382
2013-09-11,1.9032,89.0625,63.2600,35.180
2013-09-12,1.8469,88.4813,63.4200,32.380
2013-09-13,1.8263,85.4063,63.3600,35.487
2013-09-16,1.8432,84.6938,62.8300,36.735
2013-09-17,1.9088,89.0531,63.3600,35.808
2013-09-18,1.9538,90.1313,63.3700,37.369
2013-09-19,1.9388,88.5000,61.7600,35.300
2013-09-20,1.9069,89.0438,62.2700,33.355
2013-09-23,1.9407,90.6563,62.5700,33.943
2013-09-24,1.9350,89.5969,62.7200,35.458
2013-09-25,1.9425,89.1656,62.2000,35.508
2013-09-26,1.9932,89.6719,61.6800,37.099
2013-09-27,1.9294,89.2219,62.4800,35.113
2013-09-30,1.9238,88.6969,62.5800,35.733
2013-10-01,1.9332,88.4719,62.4600,36.480
2013-10-03,1.9725,90.9563,61.9700,34.393
2013-10-04,1.9838,90.5531,61.4200,34.556
2013-10-07,1.9725,90.3750,61.7900,34.865
2013-10-08,1.9425,90.6469,61.7900,32.415
2013-10-09,1.9538,89.4844,61.9200,35.196
2013-10-10,2.0232,90.0281,61.3000,37.758
2013-10-11,2.1226,91.5469,61.0700,41.593
2013-10-14,2.1732,93.9563,61.0700,41.253
2013-10-15,2.1263,95.7375,61.8400,37.345
2013-10-17,2.1451,92.8125,61.1300,41.282
2013-10-18,2.1676,94.9500,61.2600,39.847
2013-10-21,2.1676,94.8750,61.5600,40.643
2013-10-22,2.1263,96.5250,61.6400,35.784
2013-10-23,2.1094,92.3344,61.5400,40.591
2013-10-24,2.0663,88.2844,61.4800,43.894
2013-10-25,2.0832,90.2063,61.4000,41.794
2013-10-28,2.0963,90.7219,61.5400,42.200
2013-10-29,2.1113,91.2281,61.3400,41.960
2013-10-30,2.0982,89.3906,61.0900,43.390
2013-10-31,2.0813,89.5688,61.6100,43.163
2013-11-01,2.1057,90.4781,61.8400,43.919
2013-11-05,2.0869,90.0188,61.7600,43.180
2013-11-06,2.1057,90.4500,62.4800,45.454
2013-11-07,2.0888,90.3656,62.4100,44.261
2013-11-08,2.0982,90.2906,62.4800,45.191
2013-11-11,2.0869,90.3000,62.4800,44.398
2013-11-12,2.0982,90.4875,63.7300,47.774
2013-11-13,2.1094,90.4313,63.2800,47.609
2013-11-14,2.1413,91.1813,63.1200,48.231
2013-11-18,2.2182,92.2875,62.0700,49.189
2013-11-19,2.1882,91.5094,62.2600,48.877
2013-11-20,2.1394,90.5719,62.3400,47.255
2013-11-21,2.1226,89.7000,62.9400,48.934
2013-11-22,2.1713,89.6156,62.7200,51.965
2013-11-25,2.1638,89.7844,62.3700,50.312
2013-11-26,2.1469,89.0438,62.4700,50.621
2013-11-27,2.1526,88.0875,62.4700,52.655
2013-11-29,2.1882,88.2750,62.3900,54.654
2013-12-02,2.1601,90.2344,62.3000,49.135
2013-12-03,2.1357,90.4594,62.3800,47.274
2013-12-04,2.1601,92.1282,61.9000,45.132
2013-12-05,2.1732,92.4188,61.6000,44.849
2013-12-06,2.2332,92.5875,61.4300,48.167
2013-12-09,2.2557,95.1000,60.8700,44.378
2013-12-10,2.2519,96.8813,61.0400,41.883
2013-12-11,2.2257,97.2375,61.3800,40.493
2013-12-12,2.1844,95.7469,61.8500,41.108
2013-12-13,2.1938,97.2656,62.1600,40.200
2013-12-16,2.2238,98.2688,61.6800,39.581
2013-12-17,2.2088,97.1063,61.9200,40.845
2013-12-18,2.2426,97.8188,62.0600,42.276
2013-12-19,2.2763,99.2157,62.1400,42.568
2013-12-20,2.3419,102.9188,61.9800,41.036
2013-12-23,2.3644,103.5000,61.8300,41.249
2013-12-24,2.3532,101.2688,61.7500,43.489
2013-12-26,2.3513,102.8625,62.1500,42.067
2013-12-27,2.3513,104.0813,61.9200,39.884
2013-12-30,2.3457,103.4156,61.7700,40.107
2013-12-31,2.3607,104.8500,61.9200,39.412
2014-01-02,2.3119,103.6781,62.3100,38.946
2014-01-03,2.3719,104.3625,62.1700,41.299
2014-01-06,2.3213,104.6250,62.3100,38.247
2014-01-07,2.3138,103.1625,62.3000,39.731
2014-01-08,2.3307,102.5907,62.0700,41.012
2014-01-09,2.3326,101.4188,62.0700,42.756
2014-01-10,2.4019,103.7532,61.4500,42.260
2014-01-13,2.4113,105.2719,61.5200,40.915
2014-01-14,2.4113,103.8000,61.5100,42.890
2014-01-15,2.3944,105.1313,61.5400,40.161
2014-01-16,2.5351,107.1656,61.5400,45.576
2014-01-17,2.5163,103.6313,61.5400,49.428
2014-01-21,2.5107,107.1656,61.9400,45.114
2014-01-22,2.5351,108.3657,61.8600,44.713
2014-01-23,2.5163,108.4688,62.1100,44.086
2014-01-24,2.4151,107.4094,62.6800,40.934
2014-01-27,2.3907,106.9781,63.0900,40.990
2014-01-28,2.4451,106.4250,62.5600,43.728
2014-01-29,2.4151,107.1563,62.4600,40.771
2014-01-30,2.4488,107.1000,62.5600,43.042
2014-01-31,2.4263,107.8219,62.6300,40.936
2014-02-03,2.3551,106.1157,62.6300,38.997
2014-02-04,2.3794,104.1844,62.2700,42.216
2014-02-05,2.3513,105.0750,62.5700,40.016
2014-02-06,2.3776,106.6031,62.1400,38.590
2014-02-07,2.4094,105.3094,62.0900,42.059
2014-02-10,2.4094,105.6000,62.4400,42.467
2014-02-11,2.4094,105.5907,62.1500,41.818
2014-02-12,2.3982,105.4594,61.8400,40.626
2014-02-13,2.4169,104.1000,62.2300,44.482
2014-02-14,2.4319,105.7125,61.8700,42.333
2014-02-18,2.4413,104.4469,62.2000,45.384
2014-02-19,2.4413,106.0406,62.3200,43.476
2014-02-20,2.4582,105.9750,62.2100,44.302
2014-02-21,2.4901,107.1656,62.1300,44.363
2014-02-24,2.5688,108.3094,62.0700,47.214
2014-02-25,2.5801,111.7969,61.9600,42.992
2014-02-26,2.6588,113.0719,62.1100,46.048
2014-02-28,2.5876,111.9844,61.7800,42.752
2014-03-03,2.5688,109.8563,62.1700,45.375
2014-03-04,2.6494,110.2875,61.9100,48.727
2014-03-05,2.6476,110.7188,61.7500,47.660
2014-03-06,2.6551,109.6594,60.8900,47.426
2014-03-07,2.5801,106.0032,61.2400,49.055
2014-03-10,2.5594,104.4844,60.8400,49.033
2014-03-11,2.5369,104.9719,61.0100,47.448
2014-03-12,2.5144,106.2656,61.0100,44.361
2014-03-13,2.4432,105.6750,61.2000,41.493
2014-03-14,2.4113,102.6750,61.1900,43.704
2014-03-18,2.4844,101.3344,61.1000,49.800
2014-03-19,2.4488,102.2063,60.9500,46.033
2014-03-20,2.4469,103.5657,61.3300,44.904
2014-03-21,2.4601,106.5375,60.9000,40.624
2014-03-24,2.4413,105.5250,60.7800,40.614
2014-03-25,2.4563,102.8438,60.2700,43.948
2014-03-26,2.4469,102.2906,60.1300,43.839
2014-03-27,2.4226,103.7625,60.2600,40.690
2014-03-28,2.4657,103.5094,59.8900,42.663
2014-03-31,2.5126,101.8500,60.0000,48.015
2014-04-01,2.5744,105.1969,59.8600,46.493
2014-04-02,2.5838,106.1063,59.9000,45.864
2014-04-03,2.5257,105.1782,60.3500,44.921
2014-04-04,2.4769,103.7625,60.0800,43.418
2014-04-07,2.4901,104.4188,60.1100,43.344
2014-04-09,2.5088,103.9594,60.0900,45.013
2014-04-10,2.4544,105.2250,60.0700,40.117
2014-04-11,2.4751,106.5188,60.1800,39.834
2014-04-15,2.5351,110.3531,60.3400,38.615
2014-04-16,2.5707,107.2688,60.2200,44.317
2014-04-17,2.5519,109.8469,60.2900,40.064
2014-04-21,2.4657,102.4125,60.5900,45.877
2014-04-22,2.3438,99.4781,60.8000,43.251
2014-04-23,2.2482,98.3813,61.1700,39.784
2014-04-24,2.2313,98.3813,61.1100,38.599
2014-04-25,2.2126,97.3594,60.6400,37.808
2014-04-28,2.2557,99.3000,60.6900,37.862
2014-04-29,2.2444,98.4000,60.2300,37.380
2014-04-30,2.2426,97.9407,60.2100,37.863
2014-05-02,2.2557,99.0938,60.0200,36.624
2014-05-05,2.2332,97.6406,60.2100,37.709
2014-05-06,2.2069,96.5344,59.9700,37.101
2014-05-07,2.1638,94.8938,60.0100,36.837
2014-05-08,2.1919,95.8031,60.0600,37.414
2014-05-09,2.2276,96.3656,60.0000,38.694
2014-05-12,2.2632,95.9906,59.4800,40.237
2014-05-13,2.2426,99.2250,59.4400,34.339
2014-05-14,2.2182,98.3531,59.4900,34.169
2014-05-15,2.2013,96.8438,59.3800,34.974
2014-05-16,2.1751,94.2750,58.6200,35.244
2014-05-19,2.1263,90.3844,58.3800,37.340
2014-05-20,2.1319,92.7469,58.5800,34.655
2014-05-21,2.1244,92.4563,58.6600,34.787
2014-05-22,2.0963,90.6563,58.3000,34.811
2014-05-23,2.1544,91.8750,58.3600,36.852
2014-05-27,2.1676,95.2875,58.9000,33.983
2014-05-28,2.1451,96.4219,58.9400,31.121
2014-05-29,2.1094,93.7125,58.9000,32.581
2014-05-30,2.0888,94.9125,59.1600,30.197
2014-06-02,2.0794,93.5813,59.1500,31.435
2014-06-03,2.0494,92.6625,59.3200,31.199
2014-06-04,2.0382,92.2594,59.3400,31.093
2014-06-05,2.0832,93.9281,59.2400,31.385
2014-06-06,2.1188,95.4656,59.1700,31.324
2014-06-09,2.1301,95.9531,59.1800,31.373
2014-06-10,2.1338,98.4375,59.1800,28.283
2014-06-11,2.1638,98.9438,59.3200,29.727
2014-06-12,2.1601,99.7782,59.1900,28.138
2014-06-13,2.1619,99.4500,59.6400,29.650
2014-06-16,2.1807,100.5188,60.1600,30.513
2014-06-17,2.1994,100.5188,60.3200,31.985
2014-06-18,2.1732,99.4688,60.2800,31.699
2014-06-19,2.1826,100.7250,60.0900,30.206
2014-06-20,2.1807,100.6500,60.2300,30.494
2014-06-23,2.1376,99.6375,60.1400,29.020
2014-06-24,2.1301,99.6188,60.1400,28.592
2014-06-25,2.1526,99.2157,60.1100,30.413
2014-06-26,2.1488,100.3969,60.1700,28.782
2014-06-27,2.2201,102.3656,60.0400,30.212
2014-06-30,2.2294,102.4500,60.0600,30.697
2014-07-01,2.2538,100.9125,60.0500,34.117
2014-07-02,2.2763,101.4094,59.6900,33.984
2014-07-03,2.2913,104.1563,59.7400,31.421
2014-07-07,2.3101,104.5500,60.0130,32.600
2014-07-08,2.2726,103.0781,59.7800,31.797
2014-07-09,2.2819,102.2438,59.7500,33.353
2014-07-10,2.2726,102.1406,60.1900,33.918
2014-07-11,2.2819,103.6594,60.0800,32.259
2014-07-14,2.2669,101.0250,60.1100,34.883
2014-07-15,2.2632,100.4719,60.1500,35.491
2014-07-16,2.2782,100.3688,60.1200,36.461
2014-07-17,2.2144,100.7532,60.3500,32.642
2014-07-18,2.2519,102.5719,60.3300,32.452
2014-07-21,2.2763,102.1781,60.2400,34.202
2014-07-22,2.2838,104.7656,60.1600,31.144
2014-07-23,2.3157,107.0438,60.0000,29.798
2014-07-24,2.2482,108.1594,60.1100,24.944
2014-07-25,2.2482,103.3219,60.0400,30.641
2014-07-28,2.2482,104.4469,60.1300,29.428
2014-07-30,2.2051,103.2656,60.4000,28.974
2014-07-31,2.1657,102.0750,60.5500,28.466
2014-08-01,2.1807,100.5000,61.2000,32.794
2014-08-04,2.2201,102.8719,60.9400,31.513
2014-08-05,2.2069,103.0406,61.0500,30.757
2014-08-06,2.1263,103.3875,61.2500,25.969
2014-08-07,2.1319,103.6219,61.2000,25.914
2014-08-08,2.1938,102.7594,61.1800,30.613
2014-08-11,2.2051,101.8031,61.1700,32.494
2014-08-12,2.2013,101.9531,61.0900,31.901
2014-08-13,2.2088,103.1719,61.2200,31.066
2014-08-14,2.2163,102.3656,60.7700,31.572
2014-08-18,2.1901,102.6844,60.7700,29.610
2014-08-19,2.1901,102.6375,60.6700,29.456
2014-08-20,2.1938,103.5282,60.5800,28.372
2014-08-21,2.1882,103.3407,60.5600,28.232
2014-08-22,2.1882,104.4282,60.4700,26.708
2014-08-25,2.1638,104.1282,60.5600,25.845
2014-08-26,2.1751,103.2938,60.4300,27.247
2014-08-27,2.2276,104.7281,60.4500,28.576
2014-08-28,2.2501,105.9844,60.5100,28.463
2014-09-02,2.2876,105.1875,60.6900,31.985
2014-09-03,2.3194,108.2250,60.4100,29.468
2014-09-04,2.2857,108.2157,60.3800,27.532
2014-09-05,2.3119,109.1063,60.2600,27.689
2014-09-08,2.3007,111.1313,60.2900,24.815
2014-09-09,2.2782,110.2500,60.6000,25.222
2014-09-10,2.2669,109.0594,60.9500,26.692
2014-09-11,2.2519,107.6250,60.9300,27.489
2014-09-12,2.2276,107.8125,60.9500,25.931
2014-09-15,2.1957,106.5469,61.0300,25.768
2014-09-16,2.2294,104.8969,61.0600,29.774
2014-09-17,2.2294,106.3782,60.9000,27.632
2014-09-18,2.2632,109.0875,60.7800,26.097
2014-09-19,2.1863,110.3250,60.8000,20.487
2014-09-22,2.2051,109.0313,60.9300,23.225
2014-09-23,2.2332,109.2563,61.0400,24.765
2014-09-24,2.2351,111.1407,60.9300,22.531
2014-09-25,2.1769,109.2281,61.3300,22.231
2014-09-26,2.1882,110.3625,61.1400,21.223
2014-09-29,2.2482,111.1594,61.5300,24.443
2014-09-30,2.2801,111.9000,61.9200,26.167
2014-10-01,2.2838,115.4532,61.7100,22.070
2014-10-07,2.2444,115.9688,61.2800,18.600
2014-10-08,2.2744,111.2906,61.3800,25.441
2014-10-09,2.2369,110.1094,60.9200,23.762
2014-10-10,2.2294,109.6313,61.2700,24.597
2014-10-13,2.2726,109.6031,61.2700,27.040
2014-10-14,2.2876,108.7594,61.3800,29.102
2014-10-15,2.2913,108.7594,61.4200,29.398
2014-10-16,2.2613,107.4938,61.8000,30.006
2014-10-17,2.2407,106.1063,61.4600,29.787
2014-10-20,2.2332,104.3250,61.2000,31.005
2014-10-21,2.2988,107.4938,61.1400,30.751
2014-10-22,2.1957,109.4344,61.1800,22.751
2014-10-27,2.1919,104.0250,61.2800,29.124
2014-10-28,2.2126,103.8188,61.1700,30.364
2014-10-29,2.2013,104.4000,61.2000,29.042
2014-10-30,2.2426,105.0469,61.4200,31.120
2014-10-31,2.2876,105.6938,61.4400,32.976
2014-11-03,2.3232,105.9188,61.3800,34.629
2014-11-05,2.3326,104.8125,61.4900,36.843
2014-11-07,2.3532,103.7719,61.5000,39.461
2014-11-10,2.3363,104.7844,61.5200,37.167
2014-11-11,2.2932,104.4938,61.5200,35.010
2014-11-12,2.3026,104.2594,61.4000,35.601
2014-11-13,2.3007,104.7750,61.5500,35.153
2014-11-14,2.3588,105.7313,61.7000,37.649
2014-11-17,2.3401,105.7782,61.8200,36.760
2014-11-18,2.3326,106.1719,61.7200,35.597
2014-11-19,2.3082,105.9188,61.9800,35.067
2014-11-20,2.2988,107.2313,61.9200,32.743
2014-11-21,2.3476,107.2688,61.7600,35.161
2014-11-24,2.3776,108.6282,61.8500,35.372
2014-11-25,2.3963,109.0406,61.8900,36.011
2014-11-26,2.4094,108.7125,61.7800,36.925
2014-11-28,2.4188,109.8375,62.2000,36.975
2014-12-01,2.4151,111.1125,61.9400,34.628
2014-12-02,2.4338,110.8032,61.8000,35.745
2014-12-03,2.4657,111.3469,61.8500,36.962
2014-12-04,2.4319,111.1313,61.7800,35.196
2014-12-05,2.4038,108.5344,61.9000,37.096
2014-12-08,2.3419,106.5657,61.8200,35.858
2014-12-09,2.2894,104.4188,61.8700,35.653
2014-12-10,2.2126,103.5282,62.1000,32.717
2014-12-11,2.1901,102.4313,62.4600,33.544
2014-12-12,2.0963,101.8407,62.5200,28.692
2014-12-15,2.1151,101.5406,63.1600,31.560
2014-12-16,2.1076,100.6406,63.6500,33.292
2014-12-17,2.1132,100.3407,63.5200,33.773
2014-12-18,2.2276,100.8656,62.9800,39.087
2014-12-19,2.2051,103.2281,63.2400,35.087
2014-12-22,2.2332,104.0907,63.2200,35.633
2014-12-23,2.2238,103.5750,63.4000,36.123
2014-12-24,2.2144,102.2813,63.5500,37.588
2014-12-26,2.2013,102.6375,63.5500,36.298
2014-12-29,2.1713,103.1532,63.6700,34.021
2014-12-30,2.1638,103.6031,63.3800,32.372
2014-12-31,2.1226,104.1000,63.0400,28.536
2015-01-02,2.1244,104.4938,63.2700,28.632
2015-01-05,2.0982,104.6813,63.3400,26.955
2015-01-06,2.0682,102.2344,63.5700,28.601
2015-01-07,2.0926,101.4563,63.2700,30.495
2015-01-08,2.1244,102.1875,62.6700,30.288
2015-01-09,2.1038,103.7813,62.3400,26.373
2015-01-12,2.1151,104.2594,62.0900,25.959
2015-01-13,2.1544,105.6563,61.9700,26.363
2015-01-14,2.1057,103.4906,62.0900,26.332
2015-01-15,2.0738,104.9063,62.0600,22.681
2015-01-16,2.2726,104.0719,61.8700,35.102
2015-01-20,2.2388,110.7000,61.6400,24.661
2015-01-21,2.2951,110.3813,61.5500,27.975
2015-01-22,2.4244,111.4781,61.3200,33.359
2015-01-23,2.3794,112.8375,61.4600,29.602
2015-01-27,2.4338,112.2281,61.3400,33.024
2015-01-28,2.4788,113.8594,61.3400,33.542
2015-01-29,2.4544,113.0063,61.9400,34.530
2015-01-30,2.4113,113.7281,62.0100,31.476
2015-02-02,2.4488,117.2063,61.6800,28.869
2015-02-03,2.4844,116.5407,61.6700,31.469
2015-02-04,2.4582,116.1000,61.7300,30.701
2015-02-05,2.5163,119.6719,61.7300,29.798
2015-02-06,2.5088,120.6094,61.7000,28.343
2015-02-09,2.5332,121.4625,62.1000,29.514
2015-02-10,2.5519,120.4875,62.3300,32.016
2015-02-11,2.5538,119.7000,62.4100,33.152
2015-02-12,2.6082,121.2750,62.3000,33.985
2015-02-13,2.6588,123.8813,62.0400,33.154
2015-02-18,2.5857,125.4375,62.2500,28.318
2015-02-19,2.5932,123.6563,62.0800,30.188
2015-02-20,2.5838,121.8750,62.1900,31.846
2015-02-23,2.5519,121.8282,62.1500,30.186
2015-02-24,2.5782,122.4375,62.0700,30.702
2015-02-25,2.6269,124.4625,61.8400,30.521
2015-02-26,2.6044,123.3563,61.7400,30.353
2015-02-27,2.5838,122.6813,61.6700,29.884
2015-03-02,2.5932,124.5938,61.8700,28.771
2015-03-03,2.6007,126.0844,61.7600,27.390
2015-03-04,2.5688,123.6563,62.3000,29.421
2015-03-05,2.5688,125.2125,62.2600,27.730
2015-03-09,2.5126,123.7688,62.6700,27.223
2015-03-10,2.4844,122.6813,62.7100,26.995
2015-03-11,2.4713,122.7657,62.7600,26.338
2015-03-12,2.4957,122.8688,62.4400,26.827
2015-03-13,2.4713,119.8594,63.0600,30.020
2015-03-16,2.5294,121.1719,62.8000,31.094
2015-03-17,2.5107,120.6375,62.6400,30.365
2015-03-18,2.5407,118.3875,62.6900,34.538
2015-03-19,2.5294,119.0719,62.5600,32.896
2015-03-20,2.5819,122.3719,62.4700,31.806
2015-03-23,2.6176,120.9563,62.2200,34.648
2015-03-24,2.5838,122.2969,62.4000,31.835
2015-03-25,2.5369,123.9563,62.3500,27.608
2015-03-26,2.4788,118.4813,62.8300,31.450
2015-03-27,2.5257,114.7782,62.5000,37.531
2015-03-30,2.5707,116.8875,62.5200,37.499
2015-03-31,2.4976,117.9094,62.3100,31.985
2015-04-01,2.4638,118.7250,62.1400,28.954
2015-04-06,2.4619,116.4657,62.1600,31.398
2015-04-07,2.4488,115.3219,62.2300,32.143
2015-04-08,2.4544,115.5563,62.2200,32.156
2015-04-09,2.5238,115.7157,62.1800,35.618
2015-04-10,2.4713,115.8188,62.2100,32.742
2015-04-13,2.4432,117.0375,62.3800,30.220
2015-04-15,2.4507,113.7469,62.3400,34.312
2015-04-16,2.4394,112.8657,62.2800,34.610
2015-04-17,2.4076,110.0344,62.4800,36.707
2015-04-20,2.3663,107.8875,63.0700,38.332
2015-04-21,2.2651,108.4032,62.9200,31.470
2015-04-22,2.1919,102.1031,62.9600,35.161
2015-04-23,2.2107,100.1719,63.2700,39.630
2015-04-24,2.1526,98.1000,63.5500,39.444
2015-04-27,2.2013,100.0875,63.3400,39.309
2015-04-28,2.1769,99.7969,63.0500,37.535
2015-04-29,2.1863,101.5594,63.3800,36.440
2015-04-30,2.1507,100.9875,63.5800,35.403
2015-05-04,2.1938,101.4657,63.6400,37.597
2015-05-05,2.1919,102.1688,63.3100,35.825
2015-05-06,2.1507,99.8157,63.5700,36.971
2015-05-07,2.1638,100.9032,64.0800,37.415
2015-05-08,2.1957,101.3438,63.7300,38.075
2015-05-11,2.1563,101.5313,63.9600,35.837
2015-05-12,2.1563,100.0969,64.1900,38.279
2015-05-13,2.1788,101.6719,63.8800,36.893
2015-05-14,2.1601,100.5938,63.4700,36.289
2015-05-15,2.1563,100.9594,63.3600,35.325
2015-05-18,2.1938,102.0469,63.6600,36.856
2015-05-19,2.2051,103.6125,63.8000,35.778
2015-05-20,2.2369,105.7500,63.7500,34.850
2015-05-21,2.1919,105.7969,63.5100,31.582
2015-05-22,2.1844,105.0938,63.4300,31.843
2015-05-26,2.1863,104.6719,63.8700,33.407
2015-05-27,2.1938,103.5657,63.9200,35.400
2015-05-28,2.2276,103.9781,63.8300,36.745
2015-05-29,2.2632,105.3188,63.7100,36.906
2015-06-01,2.2613,105.6656,63.5900,36.086
2015-06-02,2.2501,102.9000,63.7200,39.333
2015-06-03,2.2313,102.3000,63.9900,39.571
2015-06-04,2.2557,103.6313,63.9600,39.218
2015-06-05,2.2557,104.2125,63.7600,38.009
2015-06-08,2.2332,104.0625,64.0300,37.408
2015-06-09,2.1826,101.9156,63.9600,36.972
2015-06-10,2.2688,105.5156,63.8100,37.205
2015-06-11,2.2369,102.3844,63.9300,39.677
2015-06-12,2.1919,100.7532,64.0200,39.278
2015-06-15,2.2069,101.4188,64.0300,39.333
2015-06-16,2.2201,101.3063,64.2100,40.712
2015-06-17,2.2444,102.4781,64.1400,40.477
2015-06-18,2.2857,104.2688,63.6200,39.462
2015-06-19,2.2501,105.2906,63.4300,35.550
2015-06-22,2.2669,105.0375,63.5100,37.068
2015-06-23,2.2819,104.5125,63.5700,38.799
2015-06-24,2.2613,106.0125,63.5400,35.534
2015-06-25,2.2819,103.5282,63.5000,39.965
2015-06-26,2.2988,104.7469,63.5400,39.447
2015-06-29,2.2669,103.5750,63.7300,39.485
2015-06-30,2.2444,102.5063,63.5900,39.234
2015-07-01,2.2594,103.6406,63.5500,38.543
2015-07-02,2.2801,104.2031,63.3600,38.637
2015-07-06,2.2688,103.1344,63.2400,39.119
2015-07-07,2.2651,103.8375,63.5100,38.537
2015-07-08,2.2332,103.6406,63.4700,36.761
2015-07-09,2.2163,102.1688,63.3100,37.336
2015-07-10,2.2538,102.8719,63.3300,38.749
2015-07-13,2.2688,104.9344,63.4300,37.143
2015-07-14,2.2819,106.0125,63.2700,36.189
2015-07-15,2.3213,108.3282,63.4800,36.028
2015-07-16,2.3213,107.8688,63.4300,36.500
2015-07-17,2.2932,106.5657,63.4500,36.538
2015-07-20,2.2801,106.6125,63.6100,36.039
2015-07-21,2.3363,108.1125,63.5700,37.375
2015-07-22,2.3926,109.6125,63.6000,38.822
2015-07-23,2.3607,110.4469,63.8600,36.494
2015-07-24,2.2988,106.2656,64.0400,38.535
2015-07-27,2.2744,105.3094,64.2400,38.743
2015-07-28,2.2857,104.3719,63.7600,39.631
2015-07-29,2.3044,105.9094,63.8300,38.885
2015-07-30,2.2988,105.3750,64.0900,39.815
2015-07-31,2.3176,106.8469,63.8700,38.537
2015-08-03,2.3007,106.9500,63.9900,37.654
2015-08-04,2.2932,104.9719,63.7100,39.179
2015-08-05,2.3719,107.8782,63.7300,40.124
2015-08-06,2.3476,107.1750,63.6700,39.463
2015-08-07,2.3419,106.7063,63.7400,39.893
2015-08-10,2.3569,105.6469,63.7700,42.268
2015-08-11,2.3063,106.1532,64.3300,39.765
2015-08-12,2.3719,108.3282,64.8000,41.885
2015-08-13,2.3419,107.1000,65.2700,42.725
2015-08-14,2.3513,107.8594,65.0200,41.742
2015-08-17,2.3419,107.9719,65.3900,41.832
2015-08-18,2.3513,107.0907,65.4400,43.682
2015-08-19,2.3494,109.6407,65.1700,39.649
2015-08-20,2.2519,108.1407,65.4900,36.377
2015-08-21,2.2369,108.0000,66.0200,36.743
2015-08-24,2.1394,102.0657,66.8000,40.021
2015-08-25,2.1451,101.4938,66.0700,39.638
2015-08-26,2.1919,103.3031,66.1100,40.275
2015-08-27,2.1957,103.3782,65.9900,40.158
2015-08-28,2.2182,105.6750,66.1400,38.832
2015-08-31,2.1957,107.2125,66.3900,35.965
2015-09-01,2.1713,105.7782,66.3400,36.176
2015-09-02,2.1976,103.9219,66.1600,39.903
2015-09-03,2.2501,106.3407,66.0700,39.797
2015-09-04,2.1619,103.8750,66.7000,38.821
2015-09-08,2.2032,105.6750,66.3600,38.352
2015-09-09,2.1507,105.2063,66.4700,35.881
2015-09-10,2.1826,103.5188,66.4600,40.122
2015-09-11,2.1957,104.8313,66.3900,39.053
2015-09-14,2.1957,107.1844,66.3200,35.857
2015-09-15,2.2201,107.0813,66.3600,37.580
2015-09-16,2.2651,108.8531,66.4500,38.272
2015-09-18,2.2482,111.0000,65.7000,33.068
2015-09-21,2.2819,111.0375,65.6600,34.938
2015-09-22,2.2182,111.7313,65.8500,30.731
2015-09-23,2.2144,110.7657,66.0500,32.047
2015-09-24,2.2013,113.0719,66.3200,29.113
2015-09-28,2.1863,111.1782,66.2000,30.181
2015-09-29,2.2519,110.3063,65.9000,34.537
2015-09-30,2.3044,112.0969,65.5000,34.652
2015-10-01,2.2519,112.4532,65.5700,31.307
2015-10-05,2.3251,112.5563,65.1200,34.517
2015-10-06,2.3213,112.3782,65.1800,34.637
2015-10-07,2.3326,110.4094,64.8600,37.026
2015-10-08,2.3588,110.5875,64.9700,38.580
2015-10-09,2.4001,111.0657,64.7600,39.942
2015-10-12,2.3438,109.4907,64.7600,38.628
2015-10-13,2.3251,109.7532,65.0600,37.826
2015-10-14,2.3044,109.2938,64.8700,36.777
2015-10-15,2.3344,108.2063,64.7700,39.734
2015-10-16,2.3513,108.1782,64.7000,40.629
2015-10-19,2.3457,108.2906,64.9000,40.580
2015-10-20,2.3044,107.2125,64.9700,39.647
2015-10-21,2.2351,108.3469,65.1900,34.479
2015-10-23,2.2951,106.4531,64.8700,39.855
2015-10-26,2.3157,106.6969,64.8300,40.703
2015-10-27,2.3082,107.8313,65.0300,39.200
2015-10-28,2.3326,108.3750,64.8900,39.663
2015-10-29,2.3194,107.7375,65.3500,40.689
2015-10-30,2.3213,107.4094,65.4000,41.341
2015-11-02,2.3213,107.8407,65.5800,41.163
2015-11-03,2.3194,107.6719,65.5700,41.249
2015-11-04,2.3007,107.4469,65.4600,40.165
2015-11-05,2.2782,107.0344,65.8500,40.159
2015-11-06,2.2838,106.8657,66.1300,41.325
2015-11-09,2.2051,105.0469,66.3800,39.339
2015-11-10,2.2238,104.2594,66.1900,41.180
2015-11-13,2.1919,103.4063,66.1200,40.156
2015-11-16,2.2144,103.7813,66.0100,40.849
2015-11-17,2.2032,104.2219,65.9600,39.435
2015-11-18,2.2032,103.9407,66.1600,40.236
2015-11-19,2.2426,104.3906,66.0500,41.891
2015-11-20,2.2388,106.8188,66.0600,38.455
2015-11-23,2.2369,106.8938,66.3700,38.890
2015-11-24,2.2426,105.7219,66.3200,40.677
2015-11-27,2.2388,106.8657,66.8600,40.070
2015-11-30,2.3532,106.8657,66.4300,46.279
2015-12-01,2.3326,109.1157,66.4600,42.071
2015-12-02,2.3044,108.3282,66.5300,41.527
2015-12-03,2.2763,107.3531,66.8200,41.685
2015-12-04,2.2838,106.7438,66.6500,42.599
2015-12-07,2.2838,108.0094,66.7400,41.119
2015-12-08,2.2519,106.2563,66.7700,41.508
2015-12-09,2.2388,105.9938,66.8300,41.159
2015-12-10,2.2369,105.9563,66.7000,40.816
2015-12-11,2.2107,106.1063,67.1000,39.800
2015-12-14,2.2276,106.3219,67.0900,40.561
2015-12-15,2.2519,104.7938,66.7900,43.526
2015-12-16,2.2444,104.0532,66.6000,43.656
2015-12-17,2.1957,104.2688,66.3200,39.656
2015-12-18,2.1826,103.9125,66.2300,39.108
2015-12-21,2.1938,104.2219,66.1900,39.326
2015-12-22,2.2126,104.1469,66.1900,40.618
2015-12-23,2.2126,104.3063,66.0400,40.085
2015-12-24,2.2257,104.4750,66.0000,40.603
2015-12-28,2.1976,105.2719,66.0900,37.963
2015-12-29,2.2032,105.7594,66.2800,38.075
2015-12-30,2.1826,104.6438,66.4400,38.574
2015-12-31,2.1638,104.9813,66.1900,36.426
2016-01-04,2.1001,104.5688,66.5600,33.672
2016-01-05,2.1113,104.4188,66.4900,34.440
2016-01-06,2.1132,104.0813,66.7100,35.442
2016-01-07,2.1001,103.0969,66.7300,35.927
2016-01-08,2.0926,104.2125,66.8200,34.172
2016-01-11,2.0532,100.7719,66.7800,36.061
2016-01-12,2.1301,102.9188,66.8500,38.356
2016-01-13,2.0757,102.4688,66.7400,35.193
2016-01-14,2.1282,102.2344,67.3700,40.242
2016-01-15,2.0719,101.8313,67.7400,37.828
2016-01-19,2.0738,101.6250,67.6800,38.111
2016-01-20,2.0944,101.7281,68.0500,40.105
2016-01-21,2.1207,103.2750,67.8700,39.366
2016-01-22,2.1469,103.1438,67.5500,40.605
2016-01-25,2.1113,102.5719,67.7100,39.372
2016-01-27,2.1451,103.6031,67.9800,40.749
2016-01-28,2.1319,102.6094,68.0800,41.451
2016-01-29,2.1976,105.5250,67.8700,41.339
2016-02-01,2.2201,106.5282,67.9200,41.546
2016-02-02,2.2069,106.3594,67.9200,40.932
2016-02-03,2.2069,104.5875,67.9200,43.320
2016-02-04,2.2351,104.9907,67.5700,43.844
2016-02-05,2.1938,104.6063,67.7800,42.148
2016-02-08,2.1226,102.1875,67.9800,41.202
2016-02-09,2.0982,100.5469,67.9200,41.733
2016-02-10,2.1076,99.6000,67.8500,43.572
2016-02-11,2.0607,96.9750,68.4400,45.432
2016-02-12,2.0757,96.9938,68.1200,45.778
2016-02-16,2.0982,98.7375,68.4800,45.520
2016-02-17,2.1319,98.8031,68.3300,47.439
2016-02-18,2.1751,101.4938,68.5400,46.884
2016-02-19,2.1788,102.6282,68.5400,45.511
2016-02-22,2.1657,101.7656,68.5300,45.839
2016-02-23,2.1376,101.2406,68.5500,44.734
2016-02-24,2.1169,100.1156,68.5300,44.905
2016-02-25,2.1263,100.0969,68.8400,46.233
2016-02-26,2.1188,99.4688,68.8200,46.595
2016-02-29,2.0963,97.5469,68.2100,46.585
2016-03-01,2.1657,100.3969,67.7500,46.145
2016-03-02,2.2369,101.1656,67.4000,49.032
2016-03-03,2.2351,101.7563,67.1500,47.494
2016-03-04,2.2407,100.6781,66.9000,48.892
2016-03-08,2.2126,101.5219,67.3000,46.673
2016-03-09,2.2182,100.9032,67.0700,47.442
2016-03-10,2.1994,100.4719,67.2000,47.107
2016-03-11,2.2163,101.0625,66.9300,46.778
2016-03-14,2.2501,101.4094,67.1500,48.991
2016-03-15,2.2351,99.9750,67.3300,50.524
2016-03-16,2.2538,100.9594,67.2400,50.106
2016-03-17,2.2801,101.1000,66.6100,50.222
2016-03-18,2.3119,103.3594,66.3400,48.389
2016-03-21,2.3176,104.3344,66.4500,47.604
2016-03-22,2.3082,103.6594,66.5800,48.254
2016-03-23,2.3082,104.2031,66.8200,48.012
2016-03-28,2.3082,104.2782,66.5800,47.374
2016-03-29,2.3251,103.7157,66.4600,48.988
2016-03-30,2.3494,105.3657,66.3700,47.991
2016-03-31,2.3588,105.7969,66.2500,47.709
2016-04-01,2.3907,105.4032,66.3400,50.468
2016-04-04,2.3982,106.1719,66.0500,49.192
2016-04-05,2.3401,104.8125,66.4000,48.246
2016-04-06,2.3307,104.6625,66.4900,48.064
2016-04-07,2.2857,103.4625,66.7000,47.353
2016-04-08,2.2726,103.0406,66.4900,46.643
2016-04-11,2.3232,106.0781,66.3300,45.267
2016-04-12,2.3438,106.7906,66.3500,45.623
2016-04-13,2.3888,109.6688,66.6200,45.112
2016-04-18,2.4151,110.3625,66.4200,45.347
2016-04-20,2.4301,112.7344,66.1200,42.526
2016-04-21,2.3176,104.7844,66.4300,46.926
2016-04-22,2.2894,104.6157,66.6000,45.749
2016-04-25,2.3044,103.5844,66.6500,48.276
2016-04-26,2.3119,103.9594,66.4000,47.666
2016-04-27,2.3138,105.0000,66.5200,46.585
2016-04-28,2.2801,103.7063,66.3900,45.963
2016-04-29,2.2782,103.9407,66.3900,45.514
2016-05-02,2.2594,102.8438,66.3600,45.790
2016-05-03,2.2294,101.9719,66.5100,45.412
2016-05-04,2.2163,101.2500,66.6300,45.849
2016-05-05,2.2144,101.8313,66.5300,44.677
2016-05-06,2.2219,99.9563,66.5200,47.867
2016-05-09,2.2501,101.0625,66.7000,48.501
2016-05-10,2.2426,100.9969,66.5800,47.836
2016-05-11,2.2313,100.8375,66.5300,47.216
2016-05-12,2.2388,101.6813,66.7000,46.859
2016-05-13,2.2219,101.1844,66.8400,46.775
2016-05-16,2.2463,101.4000,66.7800,47.937
2016-05-17,2.2201,101.2782,66.7400,46.297
2016-05-18,2.2388,101.1656,66.9500,48.161
2016-05-19,2.2257,101.8031,67.5700,47.726
2016-05-20,2.2501,101.8875,67.4200,48.888
2016-05-23,2.2407,101.2219,67.4700,49.354
2016-05-24,2.2501,100.8094,67.5900,50.860
2016-05-25,2.2726,102.3938,67.2800,49.323
2016-05-26,2.2744,102.1781,66.9000,48.916
2016-05-27,2.2819,102.2625,66.9600,49.418
2016-05-31,2.2519,102.2719,67.1200,47.792
2016-06-01,2.2838,103.9688,67.4400,48.141
2016-06-02,2.2763,101.3250,67.2200,51.012
2016-06-03,2.2744,101.4000,66.9900,50.261
2016-06-06,2.2651,100.3313,66.8100,50.829
2016-06-07,2.2857,101.2219,66.6400,50.479
2016-06-08,2.2894,102.1125,66.5100,49.120
2016-06-09,2.2763,102.1500,66.6800,48.589
2016-06-10,2.2688,102.2532,66.8400,48.305
2016-06-13,2.2426,101.4750,67.1700,48.443
2016-06-14,2.2426,101.8313,67.3400,48.298
2016-06-15,2.2463,102.5719,67.0800,46.904
2016-06-16,2.2501,103.1063,67.4300,47.150
2016-06-17,2.2482,103.5094,67.1100,45.760
2016-06-20,2.2857,104.4469,67.5400,47.802
2016-06-21,2.2876,105.1875,67.7300,47.295
2016-06-22,2.2969,105.5907,67.4900,46.812
2016-06-23,2.3101,105.6938,67.2900,47.070
2016-06-24,2.2257,104.0907,67.8200,45.014
2016-06-27,2.1994,102.7500,67.9200,45.387
2016-06-28,2.2313,101.7000,67.8600,48.885
2016-06-29,2.2763,103.9781,67.4200,47.597
2016-06-30,2.3176,104.6157,67.5100,49.555
2016-07-01,2.3119,104.7938,67.2400,48.343
2016-07-05,2.2969,105.9282,67.4000,46.149
2016-07-07,2.2726,104.9250,67.4900,46.176
2016-07-08,2.2969,105.3094,67.1300,46.419
2016-07-11,2.3269,106.6594,67.1100,46.410
2016-07-12,2.3363,107.0250,67.0500,46.367
2016-07-13,2.3326,107.6157,66.9900,45.200
2016-07-14,2.3157,106.9875,66.8100,44.606
2016-07-15,2.2407,103.9688,67.0700,44.546
2016-07-18,2.2219,103.4906,67.1400,44.149
2016-07-19,2.0701,102.9844,67.1400,34.956
2016-07-20,2.1507,101.0344,67.1800,43.003
2016-07-21,2.1244,101.6250,67.1500,40.374
2016-07-22,2.1094,100.8281,67.1900,40.568
2016-07-25,2.1244,101.7844,67.4100,40.697
2016-07-26,2.1319,102.3938,67.3400,40.208
2016-07-27,2.1451,102.9657,67.1400,39.871
2016-07-28,2.1601,103.8375,66.9600,39.292
2016-07-29,2.1263,102.1969,66.7700,38.921
2016-08-01,2.1694,104.5688,66.6300,38.233
2016-08-02,2.1376,103.0500,66.6500,38.251
2016-08-03,2.1301,102.7406,66.8000,38.492
2016-08-04,2.1319,102.7875,66.7600,38.468
2016-08-05,2.1357,102.6000,66.8400,39.131
2016-08-08,2.1319,102.9375,66.8200,38.390
2016-08-09,2.1169,103.3782,66.7600,36.708
2016-08-10,2.1113,101.7469,66.7200,38.448
2016-08-11,2.1244,101.8125,66.7500,39.281
2016-08-12,2.1169,101.9531,66.8200,38.743
2016-08-16,2.1057,100.5938,66.8300,39.892
2016-08-17,2.0701,98.9625,66.9600,40.064
2016-08-18,2.0476,98.4563,66.8300,38.983
2016-08-19,2.0269,97.5188,67.1300,39.530
2016-08-22,1.9988,96.6563,67.1800,38.925
2016-08-23,2.0157,97.4250,67.0900,38.806
2016-08-24,1.9875,97.4344,67.1400,36.958
2016-08-25,1.9650,94.5000,67.0100,39.342
2016-08-26,1.9407,91.8750,66.9800,41.482
2016-08-29,1.9069,89.7750,67.1500,42.634
2016-08-30,1.9144,91.7719,67.1400,40.059
2016-08-31,1.9350,92.1844,66.9400,40.514
2016-09-01,1.9257,90.7406,66.8500,41.867
2016-09-02,1.9482,90.6750,66.6000,43.092
2016-09-06,1.9388,90.5438,66.2800,41.924
2016-09-07,1.9163,90.3281,66.4200,40.909
2016-09-08,1.8825,88.8656,66.5200,40.917
2016-09-09,1.8413,90.1219,66.7600,36.399
2016-09-12,1.8563,90.0750,66.7900,37.643
2016-09-14,1.8282,89.6344,66.7800,36.204
2016-09-15,1.8394,89.7094,66.8400,37.050
2016-09-16,1.8169,89.8875,67.1000,35.631
2016-09-19,1.8507,89.9906,66.9400,37.663
2016-09-20,1.8413,90.1969,66.9700,36.714
2016-09-21,1.8394,90.7219,66.9900,35.825
2016-09-22,1.8450,90.3281,66.6000,36.037
2016-09-23,1.8319,90.0375,66.6600,35.628
2016-09-26,1.8282,89.8688,66.5600,35.401
2016-09-27,1.8432,90.7875,66.5000,35.009
2016-09-28,1.8338,90.6938,66.5000,34.461
2016-09-29,1.8338,88.5375,66.7200,38.191
2016-09-30,1.8207,89.8031,66.5800,34.984
2016-10-03,1.8244,89.8031,66.5200,35.141
2016-10-04,1.8169,90.3375,66.4900,33.729
2016-10-05,1.8225,89.9156,66.5300,34.853
2016-10-06,1.8282,89.6250,66.7000,36.055
2016-10-07,1.8263,89.4281,66.6100,36.030
2016-10-10,1.8413,89.4375,66.6100,37.133
2016-10-13,1.8582,89.6719,66.8400,38.505
2016-10-14,1.8300,89.0625,66.6900,37.034
2016-10-17,1.8375,88.5281,66.8000,38.654
2016-10-18,1.8732,90.5156,66.7100,38.053
2016-10-19,1.8863,92.8125,66.6400,35.437
2016-10-20,1.8600,92.8875,66.8300,33.825
2016-10-21,1.8338,93.6000,66.9400,31.148
2016-10-24,1.8244,90.7406,66.8900,34.488
2016-10-25,1.8169,90.2625,66.8000,34.464
2016-10-26,1.7963,88.4156,66.8300,35.775
2016-10-27,1.7719,86.5688,66.8500,36.831
2016-10-28,1.8057,86.6438,66.7800,39.171
2016-11-01,1.8094,86.3906,66.7000,39.701
2016-11-02,1.7925,85.8563,66.6600,39.176
2016-11-03,1.7644,83.9250,66.6800,40.186
2016-11-04,1.7757,84.8438,66.7500,39.699
2016-11-07,1.8132,84.3750,66.7300,43.399
2016-11-08,1.7888,84.7031,66.3900,40.205
2016-11-09,1.7700,83.7938,66.4800,40.431
2016-11-10,1.7607,83.4281,66.8600,41.101
2016-11-11,1.7400,82.9406,66.8600,40.268
2016-11-15,1.7400,83.9906,67.8000,40.462
2016-11-16,1.7550,83.4938,68.0700,43.084
2016-11-17,1.7400,82.2000,67.9300,43.797
2016-11-18,1.7325,81.9656,68.1200,43.988
2016-11-21,1.7382,82.8375,68.2300,43.166
2016-11-22,1.7550,84.4500,68.4000,42.149
2016-11-23,1.7625,84.1688,68.8600,44.197
2016-11-25,1.8188,87.1406,68.5900,43.161
2016-11-28,1.8000,86.3625,68.5600,42.899
2016-11-29,1.7963,87.2156,68.6400,41.371
2016-11-30,1.7982,87.2344,68.5600,41.323
2016-12-01,1.7757,87.8063,68.2900,38.100
2016-12-02,1.7494,86.3250,68.0400,37.886
2016-12-05,1.7382,85.6219,68.0600,38.165
2016-12-06,1.7513,85.8375,67.7200,38.165
2016-12-07,1.7682,85.0031,67.5000,40.408
2016-12-08,1.7532,85.9875,67.4200,37.460
2016-12-09,1.7513,85.8938,67.5100,37.647
2016-12-12,1.7532,85.0406,67.3800,38.908
2016-12-13,1.8038,86.9531,67.4700,39.963
2016-12-14,1.7700,87.4313,67.4300,36.512
2016-12-15,1.8038,87.3938,67.9100,40.165
2016-12-16,1.8019,86.9063,67.8200,40.618
2016-12-19,1.8057,86.9156,67.8300,40.917
2016-12-20,1.8038,87.4969,67.9700,40.124
2016-12-21,1.7963,86.7094,67.8200,40.498
2016-12-22,1.7869,86.5688,67.8600,40.074
2016-12-23,1.7907,86.0156,67.8400,41.229
2016-12-27,1.8019,87.2250,68.0100,40.497
2016-12-28,1.7869,88.0031,68.2000,38.481
2016-12-29,1.8000,88.5656,67.9100,38.023
2016-12-30,1.8150,88.9594,67.9200,38.578
2017-01-03,1.7869,87.5625,68.3700,39.525
2017-01-04,1.8319,89.1750,67.9000,39.487
2017-01-05,1.8450,90.0750,67.7400,38.755
2017-01-06,1.8338,88.1156,68.1200,41.766
2017-01-09,1.8282,88.5000,68.0800,40.635
2017-01-10,1.8282,89.3438,68.2500,39.655
2017-01-11,1.8469,89.2875,68.3900,41.465
2017-01-12,1.8394,90.6000,67.9900,38.038
2017-01-13,1.8300,90.8719,68.1600,37.266
2017-01-17,1.8582,90.4500,67.9000,39.491
2017-01-18,1.8300,90.5531,68.1200,37.668
2017-01-19,1.8300,89.8125,68.1000,38.763
2017-01-20,1.8244,89.6063,68.1000,38.654
2017-01-23,1.8150,89.9531,68.1100,37.430
2017-01-24,1.8319,90.2813,68.1200,38.224
2017-01-25,1.8038,88.8188,68.0400,38.180
2017-01-27,1.7850,87.2906,68.0600,39.179
2017-01-30,1.7438,87.3281,67.8000,35.385
2017-01-31,1.7307,85.8750,67.4800,35.995
2017-02-01,1.6969,85.5000,67.4000,33.769
2017-02-02,1.7044,85.4344,67.2000,34.064
2017-02-03,1.7119,85.8281,67.1800,33.996
2017-02-06,1.7044,86.4563,67.2000,32.480
2017-02-07,1.7138,85.9781,67.3500,34.248
2017-02-08,1.7138,86.3438,67.0400,33.064
2017-02-09,1.7532,87.3750,66.7100,33.853
2017-02-10,1.7513,87.9844,66.8000,32.963
2017-02-13,1.7719,88.9594,66.9900,33.433
2017-02-14,1.7925,89.3813,66.8800,34.128
2017-02-15,1.8038,89.0063,66.8500,35.478
2017-02-16,1.8113,90.1500,67.1200,34.858
2017-02-17,1.7850,89.1281,67.0900,34.367
2017-02-21,1.8038,89.2125,67.0000,35.468
2017-02-22,1.8000,88.9688,66.9500,35.455
2017-02-23,1.8263,91.1438,66.6800,33.610
2017-02-27,1.8432,91.8281,66.6900,33.860
2017-02-28,1.8338,91.6500,66.6700,33.398
2017-03-01,1.8525,91.6031,66.8300,35.154
2017-03-02,1.8544,91.9125,66.7500,34.674
2017-03-03,1.8488,92.5969,66.7600,33.293
2017-03-06,1.8469,92.2313,66.6400,33.446
2017-03-07,1.8488,92.8406,66.6200,32.665
2017-03-08,1.8488,92.8313,66.7600,32.957
2017-03-09,1.8319,90.8438,66.6400,34.384
2017-03-10,1.8657,91.3219,66.6000,36.061
2017-03-14,1.8769,94.0032,65.7600,31.300
2017-03-15,1.8375,92.7750,65.6200,29.970
2017-03-16,1.9125,93.8531,65.4000,33.273
2017-03-17,1.8807,94.5469,65.3800,30.050
2017-03-20,1.8675,93.2813,65.3000,30.734
2017-03-21,1.8694,93.4969,65.3100,30.584
2017-03-22,1.8919,93.8531,65.4500,31.936
2017-03-23,1.9125,95.6250,65.4100,30.823
2017-03-24,1.9050,96.2344,65.4000,29.465
2017-03-27,1.9163,94.5000,65.0500,31.910
2017-03-28,1.9200,95.1656,65.0200,31.183
2017-03-29,1.9219,96.0469,64.8700,29.807
2017-03-30,1.9257,96.7406,64.8500,29.087
2017-03-31,1.9182,96.6938,64.8500,28.647
2017-04-03,1.8882,95.0813,65.0300,29.140
2017-04-05,1.9013,95.7469,64.8700,28.816
2017-04-06,1.8863,96.5063,64.5800,26.227
2017-04-07,1.8882,95.9813,64.2600,26.414
2017-04-10,1.8600,94.5750,64.5500,26.953
2017-04-11,1.8600,95.6531,64.5500,25.522
2017-04-12,1.8338,93.8906,64.6800,26.328
2017-04-13,1.8057,92.8875,64.4200,25.228
2017-04-17,1.8169,92.3063,64.5300,27.018
2017-04-18,1.8225,92.6250,64.5600,27.032
2017-04-19,1.8432,93.4219,64.6200,27.492
2017-04-20,1.8469,93.7031,64.6100,27.349
2017-04-21,1.8188,92.1094,64.6500,27.658
2017-04-24,1.8338,92.1656,64.4800,28.294
2017-04-25,1.8169,92.6813,64.3200,26.093
2017-04-26,1.8282,92.0344,64.0800,27.288
2017-04-27,1.8432,93.0094,64.1400,27.106
2017-04-28,1.8469,92.6719,64.2700,28.088
2017-05-02,1.8675,92.7938,64.1600,29.127
2017-05-03,1.8619,93.0844,64.1700,28.356
2017-05-04,1.8657,93.7406,64.2200,27.814
2017-05-05,1.8657,93.6188,64.3100,28.159
2017-05-08,1.8994,94.1813,64.3200,29.719
2017-05-09,1.9125,95.4188,64.6600,29.603
2017-05-10,1.8919,93.6844,64.5300,30.316
2017-05-11,1.8957,94.6219,64.4300,29.080
2017-05-12,1.9032,95.0719,64.2400,28.597
2017-05-15,1.9257,94.9313,64.0400,29.905
2017-05-16,1.9575,96.6282,64.0300,29.716
2017-05-17,1.9219,95.7281,64.1100,28.713
2017-05-18,1.9463,98.5125,64.8700,28.163
2017-05-19,1.9594,97.4531,64.5600,29.806
2017-05-22,1.9594,97.7250,64.5300,29.385
2017-05-23,1.9707,98.7000,64.8500,29.481
2017-05-24,1.9875,98.4375,64.7400,30.716
2017-05-25,2.0382,100.5844,64.5500,30.800
2017-05-26,2.0363,101.0625,64.5000,29.961
2017-05-30,2.0288,100.5282,64.6600,30.493
2017-05-31,2.0213,100.4063,64.5000,29.846
2017-06-01,2.0476,101.4657,64.3900,29.937
2017-06-02,2.0269,103.4344,64.4100,26.219
2017-06-05,2.0551,104.1656,64.3400,26.934
2017-06-06,2.0513,105.1031,64.4200,25.729
2017-06-07,2.0363,103.0125,64.3900,27.283
2017-06-08,2.0269,102.3563,64.2400,27.212
2017-06-09,1.9594,100.6781,64.2400,25.026
2017-06-12,1.9482,98.6907,64.4800,27.285
2017-06-13,1.9182,97.1250,64.3300,27.049
2017-06-14,1.9013,96.0375,64.2300,27.159
2017-06-15,1.8863,97.8188,64.5800,24.533
2017-06-16,1.8413,95.7188,64.5000,24.076
2017-06-19,1.8450,95.4563,64.4500,24.574
2017-06-20,1.8544,95.3438,64.5400,25.529
2017-06-21,1.8694,95.9625,64.5200,25.690
2017-06-22,1.9013,95.6438,64.6000,28.418
2017-06-23,1.9088,96.3188,64.4700,27.763
2017-06-27,1.9125,96.2063,64.4700,28.164
2017-06-28,1.9125,96.9000,64.5500,27.404
2017-06-29,1.9238,97.2375,64.6600,27.927
2017-06-30,1.9500,96.8813,64.6200,30.069
2017-07-03,1.9538,97.3500,64.8400,30.133
2017-07-05,1.9538,96.6750,64.8000,30.961
2017-07-06,1.9425,96.6563,64.7200,30.071
2017-07-07,1.9350,96.6375,64.6200,29.394
2017-07-10,1.9838,100.5938,64.4500,27.101
2017-07-11,1.9688,98.7000,64.5400,28.740
2017-07-12,2.0026,98.9250,64.5300,30.629
2017-07-13,2.0063,99.0188,64.4600,30.608
2017-07-14,2.0363,97.4438,64.3800,34.536
2017-07-17,2.0513,100.0688,64.3400,31.890
2017-07-18,2.0513,100.8750,64.3200,30.795
2017-07-19,2.0401,101.6625,64.2400,28.910
2017-07-20,2.1563,100.9313,64.3700,37.521
2017-07-21,2.2688,107.2688,64.3800,36.168
2017-07-24,2.2538,109.3313,64.3900,32.737
2017-07-25,2.2951,108.5813,64.3800,36.079
2017-07-26,2.3101,108.5063,64.3200,36.935
2017-07-27,2.2951,108.6375,64.1100,35.438
2017-07-28,2.2876,108.3938,64.1100,35.299
2017-07-31,2.3063,108.1688,64.1800,36.841
2017-08-01,2.3888,110.5500,64.0600,38.423
2017-08-02,2.3776,110.1750,63.6400,37.334
2017-08-03,2.3626,108.4125,63.6700,38.752
2017-08-04,2.3326,108.5250,63.6400,36.783
2017-08-07,2.2913,107.9063,63.8300,35.538
2017-08-08,2.3026,107.7750,63.6900,36.070
2017-08-09,2.3063,107.4375,63.8600,37.085
2017-08-10,2.2988,108.0563,64.0500,36.261
2017-08-11,2.3101,108.6375,64.1400,36.387
2017-08-14,2.2951,108.1875,64.0800,35.937
2017-08-16,2.2838,108.7313,64.1600,34.763
2017-08-17,2.2351,108.1313,64.1500,32.597
2017-08-18,2.2351,108.0375,64.1000,32.609
2017-08-21,2.2351,107.8875,64.1000,32.793
2017-08-22,2.2501,108.8438,64.0700,32.448
2017-08-23,2.2501,108.7500,64.0400,32.500
2017-08-24,2.2463,108.5250,64.0400,32.553
2017-08-28,2.2276,109.0125,63.9000,30.573
2017-08-29,2.2201,109.0313,64.0200,30.355
2017-08-30,2.2276,109.2000,63.9800,30.512
2017-08-31,2.2276,112.1625,63.9300,26.965
2017-09-01,2.2201,111.1688,64.0200,27.849
2017-09-05,2.2201,111.4688,64.1200,27.704
2017-09-06,2.2426,111.4500,64.0600,28.899
2017-09-07,2.2463,112.1063,64.0100,28.259
2017-09-08,2.2426,112.6875,63.7800,26.926
2017-09-11,2.2426,112.9313,63.9300,26.950
2017-09-12,2.2388,111.7875,64.0300,28.235
2017-09-13,2.2501,110.9625,64.0000,29.777
2017-09-14,2.1376,106.2938,64.1200,28.944
2017-09-15,2.1751,107.1563,64.1000,30.110
2017-09-18,2.1601,108.4875,64.1500,27.727
2017-09-19,2.1188,108.4688,64.3000,25.602
2017-09-20,2.1113,109.4625,64.2900,24.002
2017-09-21,2.1076,109.4625,64.8000,24.764
2017-09-22,2.1301,110.4188,64.7900,24.984
2017-09-25,2.1076,109.4625,65.1200,25.380
2017-09-26,2.1001,108.8438,65.4600,26.300
2017-09-27,2.1038,108.1125,65.7100,27.868
2017-09-28,2.1151,107.2125,65.4600,29.137
2017-09-29,2.1301,105.0938,65.3000,32.351
2017-10-03,2.1076,106.1063,65.4800,30.061
2017-10-04,2.0738,106.0313,65.0200,27.169
2017-10-05,2.0626,106.3500,65.1400,26.332
2017-10-06,2.0588,107.4750,65.3900,25.262
2017-10-09,2.0626,107.5500,65.3900,25.402
2017-10-10,2.0626,107.6250,65.2400,25.027
2017-10-11,2.0626,108.9938,65.1500,23.287
2017-10-12,2.0701,110.0438,65.0500,22.367
2017-10-13,2.0813,109.4625,64.7000,23.019
2017-10-16,2.0476,109.0125,64.7000,21.524
2017-10-17,2.0138,108.6938,65.0200,20.464
2017-10-18,2.0176,110.5313,65.0600,18.755
2017-10-19,2.0026,109.5188,64.9900,18.834
2017-10-23,2.0363,111.3375,65.0200,18.918
2017-10-24,1.9913,111.3000,65.1000,16.472
2017-10-25,1.9725,112.0875,64.9200,14.248
2017-10-26,1.9388,113.3625,64.8400,10.894
2017-10-27,1.9425,111.3563,65.0400,13.459
2017-10-30,1.9650,109.9688,64.8300,15.846
2017-10-31,2.0101,110.2688,64.7500,18.030
2017-11-01,1.9538,110.0813,64.5600,14.586
2017-11-02,1.9425,109.9688,64.5700,14.060
2017-11-03,1.9238,110.4563,64.5600,12.443
2017-11-06,1.9200,112.4438,64.6200,10.343
2017-11-07,1.8938,113.3438,65.0300,8.655
2017-11-08,1.9088,113.4000,64.9400,9.310
2017-11-09,1.9013,113.4375,64.9600,8.878
2017-11-10,1.8863,113.4938,64.9600,7.965
2017-11-13,1.9088,111.9750,65.4600,11.587
2017-11-14,1.9388,111.9375,65.4100,13.292
2017-11-15,1.9200,111.1875,65.2600,12.695
2017-11-16,1.9763,111.6188,65.3200,15.654
2017-11-17,1.9800,110.6813,65.0100,16.301
2017-11-20,1.9988,110.3813,65.1000,17.884
2017-11-21,2.0026,110.2500,64.9100,17.901
2017-11-22,1.9800,110.3625,64.8700,16.385
2017-11-24,1.9725,109.7625,64.6700,16.219
2017-11-27,1.9875,110.5500,64.4700,15.909
2017-11-28,1.9913,110.5688,64.4000,15.982
2017-11-29,1.9950,111.9938,64.2900,14.526
2017-11-30,2.0213,109.4625,64.4600,19.030
2017-12-01,1.9313,108.5250,64.5000,14.783
2017-12-04,1.9200,108.7313,64.3600,13.651
2017-12-05,1.9425,106.2938,64.3800,17.656
2017-12-06,1.9350,105.9375,64.5300,17.870
2017-12-07,1.9388,105.4500,64.5700,18.718
2017-12-08,1.9650,106.0875,64.4300,19.343
2017-12-11,2.0101,108.5250,64.3500,19.186
2017-12-12,1.9875,107.9250,64.3900,18.581
2017-12-13,2.0026,107.7000,64.4500,19.837
2017-12-14,2.0101,108.2250,64.3600,19.535
2017-12-15,1.9988,108.6375,64.0400,17.826
2017-12-18,2.0701,110.9250,64.2300,19.864
2017-12-19,2.0963,109.6500,64.0200,22.394
2017-12-20,2.0888,111.1875,64.1100,20.439
2017-12-21,2.0701,111.6563,64.0200,18.690
2017-12-22,2.0626,113.1000,64.0200,16.750
2017-12-26,2.0513,113.5875,64.0800,15.723
2017-12-27,2.0401,114.9750,64.1500,13.824
2017-12-28,2.0288,115.5000,64.0700,12.541
2017-12-29,2.0513,117.8438,63.8300,11.109
2018-01-02,2.1413,119.5125,63.4600,13.701
2018-01-03,2.1263,116.2313,63.5000,16.165
2018-01-04,2.1188,116.8688,63.4000,14.943
2018-01-05,2.0851,116.0813,63.3800,13.843
2018-01-08,2.1263,116.6813,63.4800,15.681
2018-01-09,2.1376,118.9500,63.6600,14.398
2018-01-10,2.1788,122.5125,63.5800,13.073
2018-01-11,2.1451,120.4125,63.6500,13.387
2018-01-12,2.1301,119.5500,63.6100,13.336
2018-01-16,2.2238,124.4813,64.0100,14.351
2018-01-17,2.2051,122.1375,63.8800,15.328
2018-01-18,2.1638,122.0063,63.8700,13.275
2018-01-19,2.1038,123.3563,63.8400,8.877
2018-01-22,2.0476,120.5813,63.8800,8.473
2018-01-23,2.0326,118.2188,63.7600,9.623
2018-01-24,2.0663,117.7313,63.6900,11.782
2018-01-25,2.0851,116.9813,63.5200,13.217
2018-01-29,2.0851,116.6813,63.5700,13.597
2018-01-30,2.0551,115.2375,63.6500,13.508
2018-01-31,2.0588,114.2625,63.5800,14.560
2018-02-01,2.0663,112.7813,63.9700,17.201
2018-02-02,2.0476,112.7250,64.1100,16.450
2018-02-05,1.9875,112.0313,64.0600,13.649
2018-02-06,1.9988,110.4938,64.2300,16.190
2018-02-07,1.9538,108.5063,64.2300,15.655
2018-02-08,1.9125,108.6750,64.2700,13.107
2018-02-09,1.9575,106.8750,64.3700,17.902
2018-02-12,1.9950,108.3563,64.2900,18.370
2018-02-14,2.0551,110.0438,64.1000,19.706
2018-02-15,2.0813,109.6875,63.9300,21.306
2018-02-16,2.0926,109.1250,64.2100,23.127
2018-02-20,2.0776,109.2938,64.8300,23.235
2018-02-21,2.0363,109.5750,64.7600,20.348
2018-02-22,2.0476,109.7438,65.0100,21.293
2018-02-23,2.0738,110.6250,64.7100,21.307
2018-02-26,2.0438,109.3500,64.7800,21.077
2018-02-27,2.0438,109.4063,64.8400,21.127
2018-02-28,2.0663,109.8000,65.2000,22.698
2018-03-01,2.0288,109.6875,65.2000,20.595
2018-03-05,2.0588,109.1063,65.0600,22.766
2018-03-06,2.0588,107.6063,64.9000,24.171
2018-03-07,2.0551,107.0063,64.8600,24.563
2018-03-08,2.0438,106.9500,65.1500,24.501
2018-03-09,2.0476,106.8938,65.1200,24.737
2018-03-12,2.1638,109.0125,65.0000,29.019
2018-03-13,2.1676,111.2250,64.8500,26.380
2018-03-14,2.1113,110.1938,64.8400,24.233
2018-03-15,2.1188,110.0250,64.9400,25.058
2018-03-16,2.0888,110.9063,64.9700,22.364
2018-03-19,1.9838,108.2438,65.2100,19.511
2018-03-20,1.9538,110.1000,65.1900,15.684
2018-03-21,1.9500,110.7188,65.2000,14.834
2018-03-22,1.9013,108.1688,65.1000,14.427
2018-03-23,1.9350,106.7438,64.9800,17.796
2018-03-26,1.9575,102.7500,64.8300,23.511
2018-03-27,1.9200,102.7688,64.9800,21.403
2018-03-28,1.9200,105.4313,65.1500,18.647
2018-04-02,1.9538,108.6188,65.1100,17.118
2018-04-03,1.9575,106.4625,65.0000,19.517
2018-04-04,1.9650,105.6000,65.0800,21.104
2018-04-05,1.9613,107.3438,64.9200,18.617
2018-04-06,1.9425,106.4813,64.9500,18.489
2018-04-09,1.9725,106.8938,64.9500,19.855
2018-04-10,1.9800,107.2500,64.9500,19.911
2018-04-11,1.9950,107.1375,65.2600,21.523
2018-04-12,2.0063,107.5688,65.2800,21.756
2018-04-13,1.9425,110.3063,65.2700,14.944
2018-04-16,1.9838,108.7125,65.4600,19.452
2018-04-17,1.9988,106.7813,65.6600,22.907
2018-04-18,1.9613,109.7438,65.6200,17.274
2018-04-19,1.9725,109.6688,65.7900,18.333
2018-04-20,1.9763,111.7688,66.1500,16.967
2018-04-23,1.9500,111.5063,66.4200,16.157
2018-04-24,1.9313,107.6063,66.3600,19.102
2018-04-25,1.8300,107.6813,66.9200,13.731
2018-04-26,1.7775,105.5063,66.8000,12.543
2018-04-27,1.7813,103.5563,66.6800,14.698
2018-04-30,1.7925,104.5313,66.5000,14.037
2018-05-02,1.7700,103.3313,66.7100,14.273
2018-05-03,1.7550,101.7938,66.6800,14.964
2018-05-04,1.7400,101.2125,66.8300,14.894
2018-05-07,1.7775,103.0313,67.1300,15.816
2018-05-08,1.7475,102.2813,67.1200,14.679
2018-05-09,1.7513,101.3438,67.2500,16.213
2018-05-10,1.7513,101.4188,67.2400,16.110
2018-05-11,1.7550,102.2438,67.2800,15.488
2018-05-14,1.7550,102.1313,67.5500,16.079
2018-05-15,1.7325,101.6250,68.0700,16.048
2018-05-16,1.7513,103.0125,67.7700,15.214
2018-05-17,1.7363,104.3813,67.7600,12.713
2018-05-18,1.7213,100.8375,68.0400,16.144
2018-05-21,1.7025,99.3188,68.1100,16.756
2018-05-22,1.7325,99.3563,68.0400,18.646
2018-05-23,1.7325,98.7938,68.3800,19.918
2018-05-24,1.7213,99.1313,68.3200,18.629
2018-05-25,1.7250,99.2250,67.7800,17.837
2018-05-29,1.7100,98.6250,67.7800,17.523
2018-05-30,1.7063,97.8188,67.4600,17.673
2018-05-31,1.7250,98.2125,67.4000,18.384
2018-06-01,1.7250,97.7250,66.9900,18.251
2018-06-04,1.7288,97.5563,67.0500,18.819
2018-06-05,1.7063,95.7188,67.1200,19.649
2018-06-06,1.7438,97.2188,66.8700,19.943
2018-06-07,1.7625,99.2250,67.2000,19.368
2018-06-08,1.7700,99.0000,67.5600,20.792
2018-06-11,1.7963,99.1500,67.4600,22.217
2018-06-12,1.8450,99.9188,67.4800,24.605
2018-06-13,1.8338,100.8000,67.6000,22.981
2018-06-14,1.7850,99.9000,67.6200,20.826
2018-06-15,1.8188,100.0875,68.0600,23.679
2018-06-18,1.8113,99.6563,68.1000,23.775
2018-06-19,1.8000,97.8750,68.3000,25.612
2018-06-20,1.7775,97.3875,68.0600,24.225
2018-06-21,1.7813,96.9938,67.9400,24.772
2018-06-22,1.8000,96.8438,67.8800,26.169
2018-06-25,1.7925,96.5625,68.0900,26.399
2018-06-26,1.8375,96.6000,68.3100,29.941
2018-06-27,1.8225,96.0188,68.6300,30.268
2018-06-28,1.8000,96.4125,68.8100,28.470
2018-06-29,1.7963,98.0625,68.4600,25.404
2018-07-02,1.7850,97.7250,68.7800,25.634
2018-07-03,1.7813,98.2125,68.5800,24.385
2018-07-05,1.8263,99.0375,68.8900,27.036
2018-07-06,1.8413,98.5500,68.8000,28.545
2018-07-09,1.8188,99.3563,68.6600,25.688
2018-07-10,1.8938,101.4750,68.7600,28.325
2018-07-11,1.8863,102.0375,68.7000,27.001
2018-07-12,1.8975,104.7938,68.5200,24.072
2018-07-13,1.8975,105.3188,68.4400,23.310
2018-07-16,1.8975,106.1625,68.6000,22.616
2018-07-17,1.9275,106.4625,68.4200,23.877
2018-07-18,1.9238,106.8000,68.6200,23.606
2018-07-19,1.9313,107.1750,69.0100,24.356
2018-07-20,1.9613,106.1250,68.7400,27.039
2018-07-23,1.8938,103.6688,68.8400,25.755
2018-07-24,1.9050,102.3563,68.9400,28.311
2018-07-25,1.9350,103.0125,68.7200,29.088
2018-07-26,1.9275,101.7750,68.6600,30.037
2018-07-27,1.9088,102.9375,68.6000,27.207
2018-07-30,1.8975,102.4313,68.6000,27.082
2018-07-31,1.8975,103.6500,68.5400,25.478
2018-08-01,1.8975,104.0063,68.3700,24.738
2018-08-02,1.9013,104.6625,68.6300,24.673
2018-08-03,1.9088,104.2500,68.5400,25.495
2018-08-06,1.9125,103.8938,68.8200,26.689
2018-08-07,1.9125,104.0438,68.6200,26.138
2018-08-08,1.9050,104.4375,68.6500,25.225
2018-08-09,1.9125,104.5125,68.7400,25.792
2018-08-10,1.9013,104.5688,68.8800,25.239
2018-08-13,1.9200,105.6938,70.0200,27.199
2018-08-14,1.9238,106.8938,69.9500,25.891
2018-08-16,1.8713,104.7938,70.1900,25.338
2018-08-17,1.8788,105.0188,70.0900,25.392
2018-08-20,1.9013,106.8938,69.8400,24.223
2018-08-21,1.9088,108.3563,69.8500,23.047
2018-08-23,1.8938,108.6563,70.0900,22.162
2018-08-24,1.9463,109.5563,69.9600,24.286
2018-08-27,1.9350,110.9438,70.1600,22.371
2018-08-28,1.9388,110.8500,70.0900,22.589
2018-08-29,1.9350,111.2813,70.5300,22.643
2018-08-30,1.9200,112.1063,70.7400,21.157
2018-08-31,1.9313,112.9688,71.0000,21.381
2018-09-04,1.9650,117.5063,71.5800,19.703
2018-09-05,1.9913,119.5688,71.7500,19.493
2018-09-06,2.0026,120.4500,71.9400,19.604
2018-09-07,1.9875,121.7625,71.7800,17.168
2018-09-10,2.0026,121.8750,72.4500,19.044
2018-09-11,2.0026,121.4813,72.6900,19.825
2018-09-12,2.0101,123.2813,72.1500,17.638
2018-09-14,1.9988,123.8250,71.8700,16.014
2018-09-17,1.9725,123.7125,72.5100,15.614
2018-09-18,1.9950,124.7063,72.9800,16.753
2018-09-19,1.9950,124.7625,72.3500,15.693
2018-09-21,1.9988,125.7000,72.1800,14.776
2018-09-24,1.9950,124.7625,72.6600,16.189
2018-09-25,2.0138,123.1125,72.6800,18.886
2018-09-26,1.9800,119.7188,72.5900,20.058
2018-09-27,1.9538,119.6063,72.5500,18.512
2018-09-28,1.9538,121.5000,72.5400,16.649
2018-10-01,1.9650,123.8063,72.9200,15.738
2018-10-03,1.9613,122.8125,73.3400,17.123
2018-10-04,1.9238,122.1188,73.6200,15.977
2018-10-05,1.9238,121.9875,73.7600,16.323
2018-10-08,1.8900,119.0625,73.7600,17.090
2018-10-09,1.8788,120.6188,74.3300,15.779
2018-10-10,1.8375,118.4813,74.2500,15.156
2018-10-11,1.8563,117.3938,74.0400,17.076
2018-10-12,1.8938,118.6125,73.6000,17.512
2018-10-15,1.8825,119.9813,73.7600,15.732
2018-10-16,1.9050,119.6438,73.4600,16.968
2018-10-17,1.8900,121.1813,73.5200,14.668
2018-10-19,1.9125,121.1813,73.3700,15.796
2018-10-22,1.9238,120.8250,73.5600,17.124
2018-10-23,1.8563,115.9125,73.5400,17.772
2018-10-24,1.8300,115.8000,73.1800,15.650
2018-10-25,1.9200,119.4563,73.2100,17.672
2018-10-26,1.9163,120.2250,73.4600,17.090
2018-10-29,1.9500,123.5625,73.4200,15.871
2018-10-30,1.9350,122.8125,73.6200,15.997
2018-10-31,1.9388,124.2000,73.9500,15.438
2018-11-01,1.9688,123.6188,73.4500,16.979
2018-11-02,1.8975,119.4000,72.4400,15.124
2018-11-05,1.9125,121.5375,73.0800,15.001
2018-11-06,1.9350,121.8375,72.9500,15.861
2018-11-07,1.9275,122.0063,72.4400,14.446
2018-11-09,1.8975,121.8188,72.4800,12.901
2018-11-12,1.8900,121.2563,72.4800,12.976
2018-11-13,1.9275,122.3063,72.6100,14.433
2018-11-14,1.9388,121.7063,72.3000,15.175
2018-11-15,1.9800,121.1813,71.9700,17.596
2018-11-16,1.9725,122.3250,71.9800,16.071
2018-11-19,1.9800,124.8188,71.6000,13.582
2018-11-20,1.9013,120.4875,71.4900,12.811
2018-11-21,1.9200,117.8063,71.3000,16.207
2018-11-26,1.9125,119.4188,70.8100,13.406
2018-11-27,1.8900,117.0188,70.8000,14.354
2018-11-28,1.9200,116.3625,70.6300,16.544
2018-11-29,1.9088,118.0875,69.7900,12.810
2018-11-30,1.9575,121.7438,69.6200,11.944
2018-12-03,1.9650,123.0938,70.4000,12.385
2018-12-04,1.9688,125.6063,70.5200,10.536
2018-12-06,1.9538,124.3688,70.8400,11.288
2018-12-07,1.9313,124.9875,70.8500,9.477
2018-12-10,1.9013,122.4750,72.4360,12.449
2018-12-11,1.8938,123.0000,72.2700,11.272
2018-12-12,1.9163,123.7688,71.7900,11.152
2018-12-13,1.9950,126.9938,71.5200,12.357
2018-12-14,1.9463,124.9125,71.9400,12.092
2018-12-17,1.9425,127.3500,71.6000,9.216
2018-12-18,1.9388,125.6438,70.6100,8.958
2018-12-19,1.9613,127.7625,70.2600,7.857
2018-12-20,1.9275,124.9688,69.9600,7.908
2018-12-21,1.8488,120.7875,70.0900,7.281
2018-12-24,1.8563,122.5125,70.0900,6.200
2018-12-26,1.9050,122.3063,70.0700,9.141
2018-12-27,1.9125,122.7938,70.3400,9.557
2018-12-28,1.9275,123.7688,69.9200,8.892
2018-12-31,1.9238,124.0688,69.5800,7.890
2019-01-02,1.9163,122.0813,70.0200,9.910
2019-01-03,1.8938,122.0625,70.1200,8.791
2019-01-04,1.8975,121.6688,69.6300,8.595
2019-01-07,1.8975,121.5938,69.7800,8.896
2019-01-08,1.9163,122.0813,70.1100,10.051
2019-01-09,1.9238,123.3750,70.4200,9.807
2019-01-10,1.9088,122.1563,70.4300,10.053
2019-01-11,1.9200,123.2625,70.3800,9.630
2019-01-14,1.8375,117.2063,70.3800,10.341
2019-01-15,1.9200,123.6750,71.0000,10.227
2019-01-16,1.9350,126.2063,70.9700,8.814
2019-01-17,1.9650,125.7750,71.0900,11.068
2019-01-18,2.0026,129.8063,71.2100,9.857
2019-01-22,2.0063,129.9375,71.2300,9.983
2019-01-23,2.0363,131.8313,71.2100,9.993
2019-01-24,2.0363,131.9063,71.0200,9.637
2019-01-25,2.0476,132.5438,70.9400,9.589
2019-01-28,2.0626,133.1813,71.0600,10.049
2019-01-29,2.0626,134.7750,71.4000,9.268
2019-01-30,2.0701,136.2188,71.2400,8.260
2019-01-31,2.1338,138.4500,70.9400,9.333
2019-02-01,2.1113,139.3313,71.4100,8.208
2019-02-04,2.1188,139.2188,71.6600,9.061
2019-02-05,2.1113,138.1688,71.5200,9.287
2019-02-06,2.1188,139.5750,71.5500,8.616
2019-02-07,2.1226,140.1000,71.3000,8.021
2019-02-08,2.1226,139.7625,71.2300,8.176
2019-02-11,2.1151,139.8938,71.1500,7.572
2019-02-12,2.1563,140.6250,70.5600,8.195
2019-02-14,2.1601,140.6625,71.1800,9.306
2019-02-15,2.1263,141.0375,71.3600,7.583
2019-02-19,2.0738,136.2938,71.3100,8.503
2019-02-20,2.1038,139.5750,71.3100,7.485
2019-02-21,2.1188,140.4563,71.1500,7.331
2019-02-22,2.1376,142.0313,71.0700,6.959
2019-02-25,2.1676,144.5250,70.8200,6.214
2019-02-26,2.1638,145.3688,71.0200,5.713
2019-02-27,2.1226,140.4000,71.1500,7.564
2019-02-28,2.1001,138.3375,70.8300,7.524
2019-03-01,2.1151,140.8875,70.9000,6.438
2019-03-05,2.0963,136.3500,70.5500,8.467
2019-03-06,2.7500,138.7250,70.0200,38.803
2019-03-07,2.6300,134.4250,70.0900,37.130
2019-03-08,2.6400,128.8500,70.0000,43.423
2019-03-11,2.6900,129.8750,69.8200,44.613
2019-03-12,2.7000,130.6750,69.6200,43.848
2019-03-13,2.6600,128.9500,69.5200,43.407
2019-03-14,2.6400,128.4250,69.3300,42.520
2019-03-15,2.0150,131.7250,68.9400,5.458
2019-03-18,2.0050,128.8000,68.6000,6.788
2019-03-19,2.0100,128.7250,69.0200,7.773
2019-03-20,2.0500,130.7750,68.8500,7.928
2019-03-22,2.0050,130.2750,69.0100,6.210
2019-03-25,1.9800,128.2500,68.8800,6.341
2019-03-26,1.9950,127.5000,68.9800,7.933
2019-03-27,1.9700,127.2750,69.1300,7.001
2019-03-28,1.9800,127.3750,69.2300,7.616
2019-04-01,2.0250,130.8250,69.1800,7.082
2019-04-02,2.0250,130.8250,68.9100,6.664
2019-04-03,2.0250,130.8250,68.5800,6.153
2019-04-04,2.0100,129.5250,69.0300,7.122
2019-04-05,2.0350,131.0500,69.1100,7.317
2019-04-08,2.0500,131.8500,69.5600,8.152
2019-04-09,2.1300,136.9000,69.2800,7.791
2019-04-10,2.1500,140.5000,69.1200,5.771
2019-04-11,2.1550,140.6500,68.9700,5.674
2019-04-12,2.1650,141.7000,69.2100,5.744
2019-04-15,2.1950,143.8500,69.3800,5.867
2019-04-16,2.1200,140.4500,69.5100,4.921
2019-04-18,2.1950,142.4000,69.4200,7.006
2019-04-22,2.2050,144.1250,69.6400,6.544
2019-04-23,2.2350,145.5500,69.7800,7.151
2019-04-24,2.2200,146.5250,69.9100,5.921
2019-04-25,2.2300,147.6000,70.1900,6.046
2019-04-26,2.2450,147.4000,69.9300,6.508
2019-04-30,2.2850,149.2750,69.6400,6.600
2019-05-02,2.2450,146.8250,69.4000,6.115
2019-05-03,2.2050,145.4500,69.0800,4.724
2019-05-06,2.2450,145.4250,69.4000,7.136
2019-05-07,2.2250,146.9250,69.6200,5.431
2019-05-08,2.2750,145.4250,69.7300,9.084
2019-05-09,2.2500,145.5250,70.2100,8.554
2019-05-10,2.2550,145.1750,70.0200,8.762
2019-05-13,2.2000,144.5500,70.6200,7.481
2019-05-14,2.1900,142.3000,70.3000,8.192
2019-05-15,2.2100,141.5000,70.2200,9.672
2019-05-16,2.2500,142.6750,70.0800,10.517
2019-05-17,2.2350,143.2000,70.2800,9.690
2019-05-20,2.2900,145.1250,69.5900,9.810
2019-05-21,2.2400,143.4500,69.6100,8.697
2019-05-22,2.2300,141.5500,69.7100,9.822
2019-05-23,2.2100,141.1000,69.6600,9.106
2019-05-24,2.2200,141.4500,69.3700,8.873
2019-05-28,2.1700,141.4750,69.5600,6.694
2019-05-29,2.2000,142.8500,69.8000,7.497
2019-05-30,2.2250,144.0000,69.8100,7.866
2019-05-31,2.2100,143.2000,69.6300,7.460
2019-06-03,2.2200,145.6500,69.1500,5.399
2019-06-04,2.2400,146.8750,69.2800,5.659
2019-06-06,2.2250,145.7500,69.2100,5.655
2019-06-07,2.2550,147.5250,69.3200,5.959
2019-06-10,2.2450,148.5500,69.4900,5.019
2019-06-11,2.2600,148.8500,69.4200,5.401
2019-06-12,2.2650,149.0000,69.3500,5.421
2019-06-13,2.3000,149.2000,69.5300,7.184
2019-06-14,2.2800,149.4000,69.8100,6.537
2019-06-17,2.2500,149.5750,69.8300,5.043
2019-06-18,2.2550,149.0000,69.6000,5.334
2019-06-19,2.1900,147.0250,69.6400,3.732
2019-06-20,2.1850,143.4750,69.4400,5.751
2019-06-21,2.1600,142.9250,69.5900,5.170
2019-06-24,2.1650,141.9500,69.3200,5.726
2019-06-25,2.1650,142.6500,69.2600,5.116
2019-06-26,2.1750,143.0750,69.1800,5.166
2019-06-27,2.1650,141.0500,69.0100,5.925
2019-06-28,2.1650,140.2500,68.9200,6.390
2019-07-01,2.1600,141.0000,68.8700,5.503
2019-07-02,2.2000,142.1250,68.8700,6.606
2019-07-03,2.1900,141.4250,68.7900,6.523
2019-07-05,2.1450,135.9250,68.4800,8.067
2019-07-08,2.0800,133.4500,68.5500,6.845
2019-07-09,2.0800,132.7500,68.5400,7.392
2019-07-10,2.0900,133.4750,68.4000,7.103
2019-07-11,2.1100,133.8750,68.4000,7.805
2019-07-12,2.1000,129.4750,68.5700,11.216
2019-07-15,2.0900,129.9500,68.5200,10.201
2019-07-16,2.0850,130.0000,68.6600,10.120
2019-07-17,2.0700,129.8000,68.8400,9.783
2019-07-18,2.1300,134.5500,68.8500,8.993
2019-07-19,2.0850,132.3500,68.8200,8.417
2019-07-22,2.0900,132.4000,68.8900,8.746
2019-07-23,2.0950,132.2500,68.9900,9.289
2019-07-24,2.0900,132.1000,68.9400,9.072
2019-07-25,2.0700,131.1250,69.0300,8.974
2019-07-26,2.0800,131.8000,68.8900,8.719
2019-07-29,2.0850,131.2000,68.7300,9.224
2019-07-30,2.0450,131.1500,68.8200,7.310
2019-07-31,2.0450,132.6500,68.8100,6.081
2019-08-01,2.0750,135.2000,69.0000,5.899
2019-08-02,2.0150,131.8250,69.6500,6.463
2019-08-05,1.9600,131.0000,70.8000,5.930
2019-08-06,1.9750,129.4500,70.9000,8.171
2019-08-07,1.9850,131.2750,71.1800,7.631
2019-08-08,2.0100,132.8750,70.6200,6.827
2019-08-09,1.9850,131.7500,70.9100,6.836
2019-08-13,1.9550,129.2500,71.4100,8.013
2019-08-14,1.8850,125.5250,71.2700,7.026
2019-08-16,1.9000,124.6000,71.1500,8.495
2019-08-19,1.8800,126.0500,71.4400,6.551
2019-08-20,1.8800,126.6500,71.5400,6.194
2019-08-21,1.8900,126.2000,71.4300,6.975
2019-08-22,1.8650,126.0250,71.9000,6.402
2019-08-23,1.8550,125.7000,71.4900,5.500
2019-08-26,1.8350,124.5500,72.0200,6.107
2019-08-27,1.8550,125.0500,71.5200,6.093
2019-08-28,1.8350,124.6250,71.7500,5.646
2019-08-29,1.8650,124.4000,71.6700,7.447
2019-08-30,1.9100,127.2000,71.4500,7.287
2019-09-03,1.8550,126.8250,72.2000,5.603
2019-09-04,1.8800,128.0250,72.1100,5.891
2019-09-05,1.9150,127.8000,71.8400,7.648
2019-09-06,1.8700,126.0000,71.6800,6.382
2019-09-09,1.8950,127.8000,71.6600,6.256
2019-09-11,1.8400,124.0750,71.6200,6.211
2019-09-12,1.8450,122.2750,70.9100,6.996
2019-09-13,1.8700,122.6750,71.0000,8.229
2019-09-16,1.8350,123.5500,71.5300,6.238
2019-09-17,1.8400,122.0750,71.4700,7.725
2019-09-18,1.8500,122.1500,71.1600,7.774
2019-09-19,1.8200,120.7500,71.3100,7.482
2019-09-20,1.8600,122.9750,71.0500,7.463
2019-09-23,1.8200,119.6750,70.7900,7.656
2019-09-24,1.8000,120.3500,70.9400,6.101
2019-09-25,1.7950,119.4000,71.0000,6.738
2019-09-26,1.8100,118.5500,70.9300,8.295
2019-09-27,1.8050,118.3000,70.4900,7.552
2019-09-30,1.8250,119.9000,70.6400,7.521
2019-10-01,1.7800,116.7500,71.1100,8.416
2019-10-03,1.7950,117.9250,71.0300,8.119
2019-10-04,1.8250,118.8500,70.8600,8.809
2019-10-07,1.8250,118.5250,70.9700,9.277
2019-10-09,1.8200,118.8750,71.0900,8.840
2019-10-10,1.8150,119.6000,70.9800,7.716
2019-10-11,1.8300,119.7250,70.9100,8.386
2019-10-14,1.8450,121.7250,70.9100,7.479
2019-10-15,1.8450,121.8250,71.4800,8.254
2019-10-16,1.8900,124.4500,71.3700,8.388
2019-10-17,1.9000,123.9250,71.0900,8.994
2019-10-18,1.9000,124.4500,71.0700,8.504
2019-10-22,1.9150,126.7750,70.8100,6.962
2019-10-23,1.9200,127.1750,70.8100,6.904
2019-10-24,1.9150,124.8000,71.0100,8.962
2019-10-25,1.9700,126.5000,70.7800,10.227
2019-10-29,1.9450,127.6000,70.8600,8.012
2019-10-30,1.9250,127.3750,70.9600,7.241
2019-10-31,1.9900,129.6500,71.0100,8.993
2019-11-01,1.9800,129.3000,70.7600,8.356
2019-11-04,1.9850,128.3000,70.7900,9.523
2019-11-05,1.9800,129.2500,70.8100,8.475
2019-11-06,1.9450,128.4250,70.9600,7.469
2019-11-07,1.9850,129.8250,71.0400,8.619
2019-11-08,1.9650,128.2000,71.3500,9.363
2019-11-11,1.9550,128.2250,71.3500,8.785
2019-11-13,1.9300,126.5500,72.1200,9.989
2019-11-14,1.9300,126.3750,71.9900,9.943
2019-11-15,1.9350,126.2750,71.6000,9.718
2019-11-18,1.8950,124.7250,71.9000,9.241
2019-11-19,1.8900,125.2000,71.8600,8.479
2019-11-20,1.8850,124.4500,71.7400,8.662
2019-11-21,1.8300,123.7750,71.7500,6.082
2019-11-22,1.8200,121.5500,71.7600,7.448
2019-11-25,1.8400,121.5000,71.6900,8.568
2019-11-26,1.8200,118.7750,71.5100,9.575
2019-11-27,1.8400,120.0250,71.2600,9.243
2019-11-29,1.8150,118.8500,71.7500,9.572
2019-12-02,1.8200,119.3000,71.6500,9.307
2019-12-03,1.8050,118.4000,71.7000,9.306
2019-12-04,1.8400,121.1000,71.4700,8.592
2019-12-05,1.8350,121.8500,71.2600,7.314
2019-12-06,1.8250,120.5000,71.2600,7.925
2019-12-09,1.8150,120.2000,71.0200,7.239
2019-12-10,1.8350,119.0750,70.8400,9.168
2019-12-11,1.8300,120.0250,70.7300,7.841
2019-12-12,1.8400,119.7250,70.6200,8.533
2019-12-13,1.8550,121.9250,70.8000,7.717
2019-12-16,1.8800,121.5750,70.8900,9.622
2019-12-17,1.9000,122.3750,71.0400,10.297
2019-12-18,1.8900,124.1500,70.9700,8.041
2019-12-19,1.8950,124.6000,71.1100,8.149
2019-12-20,1.9300,125.9000,71.0700,8.948
2019-12-23,1.9150,126.9250,71.2400,7.484
2019-12-24,1.9100,126.1250,71.2300,7.869
2019-12-26,1.9000,125.1500,71.2800,8.216
2019-12-27,1.8800,123.7750,71.4500,8.524
2019-12-30,1.8750,124.4750,71.3000,7.401
2019-12-31,1.8750,122.9000,71.3600,8.869
2020-01-02,1.8800,124.1500,71.3400,8.030
2020-01-03,1.8950,125.5500,71.7600,8.312
2020-01-06,1.9250,126.0750,71.8600,9.721
2020-01-07,1.9250,127.6000,71.8400,8.379
2020-01-08,1.9300,127.4000,71.5100,8.331
2020-01-09,1.9250,126.8250,71.1600,8.009
2020-01-10,1.9350,125.8750,70.9400,9.052
2020-01-13,1.9600,127.4000,70.7400,8.831
2020-01-14,1.9650,128.6000,70.8500,8.258
2020-01-15,1.8800,124.1250,70.6900,7.067
2020-01-16,1.9000,125.2250,70.9500,7.650
2020-01-17,1.9150,125.5500,71.0800,8.418
2020-01-21,1.8900,123.5500,71.1700,8.872
2020-01-22,1.8950,122.9250,71.0700,9.561
2020-01-23,1.8950,124.3500,71.4500,8.884
2020-01-24,1.9000,123.8000,71.3100,9.442
2020-01-27,1.8700,122.6750,71.4500,8.915
2020-01-28,1.8800,122.0250,71.2400,9.757
2020-01-29,1.8800,123.3750,71.3500,8.724
2020-01-30,1.8500,120.3500,71.5700,10.016
2020-01-31,1.8150,118.4000,71.5300,9.651
2020-02-03,1.8150,118.7000,71.3200,9.053
2020-02-04,1.8500,120.1250,71.1100,9.514
2020-02-05,1.8700,121.1250,71.1900,9.907
2020-02-06,1.8750,121.8250,71.1900,9.568
2020-02-07,1.8700,121.9750,71.4700,9.571
2020-02-10,1.8600,120.4500,71.2800,10.071
2020-02-11,1.8750,120.6250,71.2500,10.751
2020-02-12,1.9050,122.2250,71.2900,11.113
2020-02-13,1.8950,121.8750,71.2700,10.816
2020-02-14,1.9000,121.4500,71.5200,11.888
2020-02-18,1.9000,122.0250,71.5600,11.423
2020-02-19,1.9150,123.8000,71.5500,10.677
2020-02-20,1.9100,122.8500,71.6700,11.428
2020-02-24,1.8550,122.1000,71.9200,9.264
2020-02-25,1.8300,122.0500,71.8100,7.671
2020-02-26,1.8200,119.9500,71.5800,8.608
2020-02-27,1.7800,115.8000,71.6500,10.136
2020-02-28,1.7250,110.7250,72.5300,12.995
2020-03-02,1.7450,110.4000,72.8800,15.195
2020-03-03,1.7450,111.8500,73.0300,13.936
2020-03-04,1.7800,114.4250,73.4900,14.321
2020-03-05,1.7600,114.8500,73.5000,12.634
2020-03-06,1.7550,111.7750,74.0000,16.189
2020-03-09,1.6250,107.2000,74.2100,12.492
2020-03-11,1.5700,106.5500,73.6800,8.566
2020-03-12,1.4400,99.5500,74.2500,7.403
2020-03-13,1.5300,98.7000,73.8600,14.494
2020-03-16,1.3800,89.8750,74.0100,13.640
2020-03-17,1.3900,86.5500,74.2600,19.262
2020-03-18,1.3150,84.9750,74.5500,15.367
2020-03-19,1.2850,81.1750,74.7800,18.377
2020-03-20,1.3300,89.6000,75.3100,11.788
2020-03-23,1.3450,85.0750,76.2900,20.611
2020-03-24,1.3600,88.1750,76.3700,17.792
2020-03-25,1.3950,87.3250,76.3600,21.984
2020-03-26,1.5000,91.3000,74.8900,23.039
2020-03-27,1.4850,91.7500,75.4700,22.150
2020-03-30,1.5050,92.0750,75.3300,23.130
2020-03-31,1.5500,98.3500,75.3900,18.815
2020-04-01,1.5100,94.7500,76.4000,21.756
2020-04-03,1.4600,90.0000,76.2400,23.678
2020-04-07,1.5450,95.9500,75.6400,21.797
2020-04-08,1.5650,96.4500,75.9600,23.253
2020-04-09,1.5500,98.3500,76.3000,20.249
2020-04-13,1.5200,94.6000,76.2500,22.516
2020-04-15,1.5350,93.2750,76.5600,25.993
2020-04-16,1.5300,93.9250,76.7500,25.023
2020-04-17,1.5150,93.5000,76.5600,24.052
2020-04-20,1.4800,90.5500,76.5600,25.134
2020-04-21,1.4450,89.0250,76.9500,24.901
2020-04-22,1.4700,89.2750,76.4400,25.866
2020-04-23,1.5000,90.4500,75.8400,25.771
2020-04-24,1.4700,88.8750,76.2600,26.135
2020-04-27,1.4950,91.0250,76.2300,25.201
2020-04-28,1.4950,89.8500,75.9600,26.389
2020-04-29,1.5800,90.3250,75.4500,31.980
2020-04-30,1.6450,95.4750,75.0800,29.360
2020-05-04,1.6050,95.0250,75.6400,27.758
2020-05-05,1.5600,92.1000,75.7200,28.255
2020-05-06,1.5250,93.5250,76.0800,24.055
2020-05-07,1.5050,92.0500,75.7800,23.899
2020-05-08,1.5450,92.0000,75.5800,26.925
2020-05-11,1.5100,92.3500,75.8700,24.054
2020-05-12,1.5150,93.5250,75.0300,21.540
2020-05-13,1.4350,94.8500,75.3300,13.968
2020-05-14,1.4600,93.0000,75.4800,18.495
2020-05-15,1.4550,91.9000,75.8200,20.041
2020-05-18,1.4650,91.1000,75.7400,21.799
2020-05-19,1.4450,92.2000,75.6700,18.593
2020-05-20,1.4650,92.4750,75.4700,19.560
2020-05-21,1.5000,94.5500,75.6300,19.984
2020-05-22,1.4800,94.5000,75.9900,19.011
2020-05-26,1.4800,94.4000,75.4300,18.259
2020-05-27,1.5600,100.6250,75.8800,17.638
2020-05-28,1.5300,99.6750,75.6700,16.153
2020-05-29,1.6550,106.4000,75.5900,17.577
2020-06-01,1.6700,107.5250,75.5600,17.354
2020-06-02,1.6950,107.9250,75.0300,17.837
2020-06-03,1.6800,105.6750,75.3200,19.742
2020-06-04,1.6550,108.1250,75.4300,15.456
2020-06-05,1.6650,109.3750,75.6100,15.100
2020-06-08,1.7350,113.2250,75.4400,15.600
2020-06-09,1.6600,109.1750,75.4400,14.706
2020-06-10,1.6400,108.5000,75.6500,14.347
2020-06-11,1.5600,106.4500,75.9700,11.332
2020-06-12,1.5750,103.9500,76.0300,15.197
2020-06-15,1.6800,106.9000,75.9700,19.392
2020-06-16,1.6750,106.2000,76.1900,20.168
2020-06-17,1.6850,108.9000,76.2500,17.981
2020-06-18,1.6700,109.0750,76.3200,16.850
2020-06-19,1.6500,111.0250,76.2100,13.260
2020-06-22,1.6250,109.0250,75.7600,12.919
2020-06-23,1.6200,110.3000,75.4800,10.859
2020-06-24,1.5950,109.1000,75.6500,10.597
2020-06-25,1.6300,109.1000,75.5800,12.920
2020-06-26,1.6350,112.7250,75.6300,9.696
2020-06-29,1.6350,109.8500,75.5200,12.403
2020-06-30,1.6550,109.8250,75.5300,13.819
2020-07-01,1.6300,109.5250,75.5000,12.362
2020-07-02,1.6800,112.1000,74.7800,12.070
2020-07-06,1.6750,111.3250,74.6200,12.274
2020-07-07,1.6850,112.4500,74.8100,12.099
2020-07-08,1.6450,111.5500,74.9400,10.512
2020-07-09,1.6550,110.8000,75.1200,12.205
2020-07-10,1.6800,111.0500,75.1400,13.674
2020-07-13,1.6950,113.8000,75.1600,11.947
2020-07-14,1.7450,112.5000,75.3800,16.923
2020-07-15,1.9250,131.3750,75.1100,10.057
2020-07-16,1.9050,130.9500,75.1100,9.267
2020-07-17,1.9050,130.6750,74.9300,9.234
2020-07-20,1.9750,135.4000,74.7700,9.063
2020-07-21,1.9600,135.6750,74.5400,7.683
2020-07-22,1.9550,133.0000,74.5600,9.598
2020-07-23,1.9450,133.3000,74.8100,9.156
2020-07-24,1.9800,135.2750,74.7700,9.440
2020-07-27,1.9850,134.4250,74.7700,10.410
2020-07-28,2.0100,137.7250,74.9100,9.326
2020-07-29,2.0850,138.5000,74.9200,12.786
2020-07-30,2.1350,142.0500,74.8800,12.544
2020-07-31,2.1600,140.4750,74.9000,15.169
2020-08-03,2.1300,140.7750,75.2000,13.782
2020-08-04,2.1400,140.5250,75.0600,14.306
2020-08-05,2.1300,139.1000,74.8000,14.539
2020-08-06,2.1450,139.8250,74.8700,14.855
2020-08-07,2.1050,138.7000,75.0400,13.886
2020-08-10,2.1150,138.7000,74.9100,14.228
2020-08-11,2.1250,139.8250,74.6100,13.389
2020-08-12,2.1050,138.1000,74.7300,13.908
2020-08-13,2.1450,138.5000,74.8100,15.861
2020-08-14,2.1050,138.2500,74.8700,13.997
2020-08-17,2.1550,140.9750,74.7400,14.251
2020-08-18,2.1500,141.3500,74.6200,13.501
2020-08-19,2.1350,139.8750,74.8500,14.248
2020-08-20,2.1200,137.1000,75.0100,15.989
2020-08-21,2.1100,136.6750,74.9200,15.662
2020-08-24,2.1350,136.3500,74.1700,16.137
2020-08-25,2.1150,134.9750,74.2000,16.268
2020-08-26,2.1150,136.0250,74.2200,15.402
2020-08-27,2.1300,136.1750,73.8900,15.576
2020-08-28,2.1550,136.0250,73.1100,15.826
2020-08-31,2.1500,135.6500,73.2500,16.098
2020-09-01,2.1400,135.8000,73.0000,15.037
2020-09-02,2.1650,136.8500,73.2700,15.915
2020-09-03,2.1500,141.4250,73.3900,11.570
2020-09-04,2.1550,138.0000,73.2900,14.449
2020-09-08,2.1400,141.2750,73.7800,11.760
2020-09-09,2.1750,141.4250,73.3800,12.852
2020-09-10,2.1650,142.2750,73.4300,11.739
2020-09-11,2.2150,146.6500,73.4500,10.939
2020-09-14,2.3050,153.6000,73.4200,10.178
2020-09-15,2.3250,153.6750,73.5700,11.306
2020-09-16,2.3600,156.0750,73.5400,11.199
2020-09-17,2.4150,155.8500,73.6000,14.048
2020-09-18,2.3750,158.2500,73.5400,10.368
2020-09-21,2.3650,155.9500,73.5800,11.585
2020-09-22,2.3800,156.1250,73.5000,12.045
2020-09-23,2.3600,157.4250,73.5300,10.231
2020-09-24,2.2950,152.3500,73.9000,11.323
2020-09-25,2.3650,156.9500,73.7100,11.070
2020-09-28,2.3350,155.7750,73.7900,10.608
2020-09-29,2.3200,155.7500,73.7800,9.900
2020-09-30,2.3500,156.7750,73.5400,10.234
2020-10-01,2.3400,156.5250,73.1800,9.402
2020-10-05,2.4500,166.9750,73.0900,7.244
2020-10-06,2.3800,165.0250,73.4000,5.858
2020-10-07,2.4850,167.6500,73.2800,8.620
2020-10-08,2.6150,179.7250,73.3300,6.695
2020-10-09,2.7000,187.0000,72.9800,5.372
2020-10-12,2.7050,188.7500,72.9800,4.589
2020-10-13,2.6450,187.9750,73.4500,3.352
2020-10-14,2.5550,175.2250,73.2400,6.793
2020-10-15,2.5150,170.8000,73.4800,8.198
2020-10-16,2.5050,169.8250,73.4200,8.298
2020-10-19,2.4900,171.6000,73.3100,6.376
2020-10-20,2.5250,173.3750,73.4700,7.000
2020-10-21,2.5000,171.7250,73.6200,7.177
2020-10-22,2.5100,172.2250,73.6500,7.337
2020-10-23,2.5200,171.2000,73.8600,8.719
2020-10-26,2.4650,169.9000,73.9300,7.262
2020-10-27,2.4550,167.0250,73.6200,8.210
2020-10-28,2.4150,167.8250,74.1900,6.759
2020-10-29,2.4350,168.7250,74.4200,7.401
2020-10-30,2.4200,170.3500,74.5900,5.963
2020-11-02,2.3850,167.4000,74.5100,6.157
2020-11-03,2.4250,167.8250,74.6100,7.808
2020-11-04,2.4950,171.4750,74.3600,8.195
2020-11-05,2.5650,172.7000,73.9300,9.803
2020-11-06,2.5550,172.8750,73.9600,9.309
2020-11-09,2.5400,175.9750,74.0300,6.854
2020-11-10,2.4600,171.1500,74.3100,6.808
2020-11-11,2.5300,173.3750,74.3100,8.438
2020-11-12,2.4850,172.7750,74.6300,7.339
2020-11-13,2.5300,172.0750,74.5600,9.625
2020-11-17,2.5400,174.3500,74.4200,8.418
2020-11-18,2.5300,172.6500,74.1000,8.586
2020-11-19,2.4950,171.3000,74.1600,8.015
2020-11-20,2.5300,173.1500,74.1200,8.301
2020-11-23,2.5600,177.9250,74.2100,6.774
2020-11-24,2.5650,177.7500,74.0800,6.900
2020-11-25,2.5400,175.0000,73.7500,7.043
2020-11-27,2.5500,175.2500,73.7500,7.311
2020-12-01,2.6150,176.4250,73.5100,8.958
2020-12-02,2.6850,179.4500,73.7200,10.303
2020-12-03,2.6350,180.1500,73.8000,7.945
2020-12-04,2.6600,180.4000,73.7800,8.789
2020-12-07,2.6700,179.2250,73.8300,9.988
2020-12-08,2.6900,181.8500,73.6800,8.990
2020-12-09,2.6550,179.7500,73.7100,8.873
2020-12-10,2.6600,177.9500,73.7200,10.197
2020-12-11,2.6550,176.7500,73.7300,10.751
2020-12-14,2.6250,174.6750,73.6400,10.666
2020-12-15,2.7050,176.3500,73.5600,12.832
2020-12-16,2.6900,179.2000,73.6500,10.557
2020-12-17,2.7200,178.4500,73.5300,12.077
2020-12-18,2.7000,181.7750,73.5300,9.218
2020-12-21,2.6300,176.9750,74.0300,10.015
2020-12-22,2.7400,182.1000,73.8500,11.120
2020-12-23,2.7900,192.7750,73.7700,6.766
2020-12-24,2.8000,191.1000,73.7700,8.088
2020-12-28,2.7900,191.4500,73.5000,7.112
2020-12-29,2.7950,192.5000,73.3300,6.471
2020-12-30,2.8200,192.2000,73.1300,7.298
2020-12-31,2.8250,193.1250,73.0100,6.798
2021-01-04,2.8650,198.2000,73.0800,5.638
2021-01-05,2.9400,203.1500,73.1500,5.863
2021-01-06,3.0350,203.2000,73.1500,9.257
2021-01-07,2.9800,203.3750,73.4300,7.595
2021-01-08,3.1500,215.1000,73.3100,7.358
2021-01-11,3.1900,223.4000,73.5000,4.953
2021-01-12,3.2600,228.8500,73.2600,4.360
2021-01-13,3.2250,229.5000,73.0700,2.680
2021-01-14,3.2650,227.1750,73.1100,5.075
2021-01-15,3.1950,219.2750,73.0800,6.483
2021-01-19,3.1650,215.1250,73.2000,7.695
2021-01-20,3.2850,222.4750,73.2000,8.085
2021-01-21,3.2900,222.9000,72.9600,7.689
2021-01-22,3.2750,222.3750,72.9800,7.480
2021-01-25,3.2200,218.6250,73.0100,7.532
2021-01-27,3.3050,223.2250,73.0500,8.156
2021-01-28,3.2550,215.9500,72.9100,9.897
2021-01-29,3.0750,208.9500,72.8400,7.195
2021-02-01,3.1850,210.7500,73.1100,10.489
2021-02-02,3.2250,214.1750,72.9500,9.846
2021-02-03,3.2450,216.7500,72.8400,9.050
2021-02-04,3.2250,214.9500,72.9300,9.420
2021-02-05,3.2150,212.7750,72.8500,10.075
2021-02-08,3.2950,217.6500,72.9000,10.363
2021-02-09,3.3200,219.6750,72.8300,10.070
2021-02-10,3.2900,219.5000,72.8200,9.147
2021-02-11,3.3100,218.5000,72.6900,10.116
2021-02-12,3.3650,221.0000,72.6000,10.543
2021-02-16,3.2900,218.7750,72.8600,9.569
2021-02-17,3.2450,215.1000,72.8100,9.841
2021-02-18,3.2900,216.4750,72.6500,10.414
2021-02-19,3.2800,214.9750,72.5000,10.618
2021-02-22,3.2200,209.3500,72.4800,11.481
2021-02-23,3.1500,207.7500,72.4400,9.837
2021-02-24,3.1850,211.5500,72.3800,8.972
2021-02-25,3.1300,210.6500,72.7400,8.083
2021-02-26,3.0650,205.1500,73.9200,10.439
2021-03-01,3.1950,207.2000,73.4000,13.182
2021-03-02,3.2350,215.2000,73.2900,10.173
2021-03-03,3.2350,217.7500,72.8500,8.230
2021-03-04,3.2200,219.4000,72.7300,6.741
2021-03-05,3.1900,210.4250,73.2100,10.985
2021-03-08,3.1150,208.4500,73.3200,9.567
2021-03-09,3.2400,209.6000,72.8900,12.673
2021-03-10,3.2750,213.3500,72.8600,11.843
2021-03-12,3.2700,212.6000,72.7100,11.835
2021-03-15,3.2800,213.1750,72.5800,11.675
2021-03-16,3.3200,214.6500,72.5200,12.167
2021-03-17,3.2450,209.8250,72.5600,12.216
2021-03-18,3.1450,205.0750,72.6300,11.384
2021-03-19,3.1900,205.2500,72.4500,12.602
2021-03-22,3.2300,207.2250,72.3700,12.803
2021-03-23,3.1900,207.7500,72.5200,11.354
2021-03-24,3.1700,205.5000,72.5900,11.976
2021-03-25,3.1300,199.8250,72.6900,13.859
2021-03-26,3.2050,201.9500,72.6500,15.297
2021-03-30,3.1950,209.0500,73.4500,12.257
2021-03-31,3.1700,207.0750,73.1400,11.966
2021-04-01,3.2500,208.2000,73.3200,14.452
2021-04-05,3.2700,212.7250,73.2900,12.661
2021-04-06,3.2650,213.5750,73.4900,12.347
2021-04-07,3.2700,219.0000,74.3500,11.016
2021-04-08,3.2950,221.0500,74.5700,11.155
2021-04-09,3.3600,225.0500,74.7200,11.557
2021-04-12,3.1900,216.3000,75.0300,10.655
2021-04-13,3.1300,209.4750,75.2700,12.469
2021-04-15,3.2800,215.3500,74.8100,13.943
2021-04-16,3.4800,234.6000,74.4800,10.482
2021-04-19,3.4800,236.3750,74.8700,10.226
2021-04-20,3.4800,235.0500,75.3800,11.603
2021-04-22,3.5850,243.3250,75.1100,10.662
2021-04-23,3.5850,237.8500,74.9700,12.999
2021-04-26,3.5950,240.1500,74.7500,11.899
2021-04-27,3.6100,242.5250,74.5800,11.013
2021-04-28,3.6050,244.6500,74.4900,9.764
2021-04-29,3.6550,244.9250,74.0700,10.534
2021-04-30,3.5800,246.3750,74.0000,7.527
2021-05-03,3.6000,243.6750,73.8200,9.060
2021-05-04,3.5650,240.9750,73.8000,9.180
2021-05-05,3.6200,245.3000,73.8100,8.925
2021-05-06,3.7600,256.1500,73.6400,8.095
2021-05-07,3.7800,257.6250,73.2700,7.505
2021-05-10,3.8000,262.9750,73.4100,6.078
2021-05-11,3.7750,259.2000,73.3900,6.886
2021-05-12,3.6450,253.8000,73.5300,5.602
2021-05-14,3.6950,249.2250,73.2300,8.571
2021-05-17,3.6550,249.9000,73.3000,7.207
2021-05-18,3.7250,254.0250,73.0400,7.105
2021-05-19,3.7350,255.8250,73.2000,6.871
2021-05-20,3.7800,254.1250,73.0300,8.629
2021-05-21,3.7700,256.3500,72.8200,7.092
2021-05-24,3.8200,257.4500,72.8600,8.108
2021-05-25,3.8050,258.7750,72.7800,7.015
2021-05-26,3.9150,263.6250,72.7100,7.979
2021-05-27,3.9600,270.4500,72.5900,6.288
2021-05-28,3.9650,269.3500,72.4200,6.607
2021-06-01,4.0050,271.4000,72.8300,7.474
2021-06-02,4.0550,271.5000,72.9700,8.985
2021-06-03,4.0050,269.5250,73.0100,8.489
2021-06-04,4.0450,270.6000,72.8700,8.928
2021-06-07,4.0950,274.1250,72.8000,8.752
2021-06-08,4.1000,275.3000,72.9300,8.614
2021-06-09,4.0800,272.1000,72.9800,9.430
2021-06-10,4.1200,277.1250,73.1000,8.677
2021-06-11,4.1350,277.1500,73.2400,9.272
2021-06-14,4.1250,280.8000,73.1600,7.473
2021-06-15,4.0900,278.9500,73.3500,7.547
2021-06-16,4.0500,277.6250,73.3100,6.945
2021-06-17,4.0250,279.3500,74.1600,6.853
2021-06-18,3.9200,274.9000,74.1400,5.722
2021-06-21,3.9700,271.0750,74.1800,8.640
2021-06-22,4.0350,278.2750,74.3700,7.837
2021-06-23,3.8950,270.0750,74.1300,6.910
2021-06-24,3.9350,274.5250,74.1400,6.271
2021-06-25,3.9150,273.7500,74.1400,6.030
2021-06-28,3.9350,273.7000,74.2900,6.807
2021-06-29,3.9250,271.3000,74.2900,7.478
2021-06-30,3.9050,272.8250,74.3300,6.390
2021-07-01,3.8550,269.6750,74.5600,6.583
2021-07-02,3.8800,269.3000,74.5100,7.352
2021-07-06,3.8350,266.3000,74.5800,7.403
2021-07-07,3.8350,266.0750,74.8100,7.825
2021-07-08,3.7700,265.5000,74.7600,6.156
2021-07-09,3.8150,262.9000,74.5300,8.152
2021-07-12,3.8000,262.9250,74.5600,7.760
2021-07-13,3.7650,262.4250,74.5100,6.899
2021-07-14,3.9800,280.8500,74.5400,5.633
2021-07-15,4.0400,287.9500,74.5500,4.595
2021-07-16,4.0750,288.8750,74.6100,5.248
2021-07-19,4.0350,286.9000,74.8500,5.270
2021-07-20,4.1050,284.0500,74.6000,7.810
2021-07-22,4.1750,292.1000,74.4600,6.426
2021-07-23,4.2750,299.5750,74.4400,6.227
2021-07-26,4.1800,295.2250,74.3500,5.270
2021-07-27,4.1750,295.7250,74.5000,5.178
2021-07-28,4.2200,295.9750,74.5200,6.250
2021-07-29,4.2000,295.2250,74.2500,5.631
2021-07-30,4.1650,293.5750,74.3400,5.467
2021-08-02,4.2000,296.1250,74.3500,5.452
2021-08-03,4.2850,299.7000,74.2500,6.160
2021-08-04,4.2650,298.4000,74.1500,5.982
2021-08-05,4.2850,300.4500,74.1000,5.681
2021-08-06,4.2400,299.0000,74.1900,5.206
2021-08-09,4.2450,298.4000,74.3100,5.712
2021-08-10,4.2750,301.9250,74.5000,5.486
2021-08-11,4.2650,300.6250,74.2500,5.339
2021-08-12,4.3500,302.9250,74.3100,6.709
2021-08-13,4.4300,307.7500,74.2400,6.867
2021-08-16,4.4250,307.0250,74.1900,6.926
2021-08-17,4.4650,317.4500,74.3800,4.617
2021-08-18,4.4300,314.7000,74.2700,4.549
2021-08-20,4.4450,310.0250,74.3500,6.600
2021-08-23,4.5450,314.4250,74.1200,7.140
2021-08-24,4.5150,316.7750,74.1300,5.658
2021-08-25,4.5500,315.8250,74.2300,6.941
2021-08-26,4.5000,314.4750,74.1300,6.077
2021-08-27,4.5650,317.4750,73.4700,5.643
2021-08-30,4.5950,316.2250,73.2900,6.496
2021-08-31,4.6700,320.4750,72.9500,6.304
2021-09-01,4.6700,321.0250,72.9900,6.180
2021-09-02,4.7450,325.7250,72.9900,6.328
2021-09-03,4.8000,327.5500,72.9800,6.947
2021-09-07,4.8200,337.1250,73.4400,5.000
2021-09-08,4.7050,331.1000,73.8400,4.928
2021-09-09,4.7100,331.1750,73.5200,4.561
2021-09-13,4.7600,335.3750,73.5800,4.433
2021-09-14,4.7750,336.7250,73.6400,4.427
2021-09-15,4.8200,337.0250,73.4700,5.074
2021-09-16,4.7350,333.9250,73.5600,4.307
2021-09-17,4.6700,332.6250,73.6400,3.389
2021-09-20,4.6350,331.2500,73.6500,3.054
2021-09-21,4.7050,333.8000,73.7100,3.896
2021-09-22,4.7450,334.0750,73.8000,4.821
2021-09-23,4.8400,337.1500,73.7000,5.801
2021-09-24,4.7950,338.2500,73.8100,4.632
2021-09-27,4.5750,326.9500,73.8600,3.352
2021-09-28,4.4150,319.8000,74.2100,2.451
2021-09-29,4.4450,320.3750,74.2800,3.059
2021-09-30,4.4150,317.0500,74.1600,3.270
2021-10-01,4.4700,318.1250,74.1500,4.189
2021-10-04,4.4250,320.5250,74.4600,2.796
2021-10-05,4.4750,323.4250,74.5100,3.094
2021-10-06,4.4000,317.8750,74.8200,3.565
2021-10-07,4.4600,321.4750,74.8500,3.844
2021-10-08,4.4100,330.5750,75.0500,0.120
2021-10-11,4.4150,326.4000,75.0500,1.515
2021-10-12,4.4600,329.5500,75.4600,2.125
2021-10-13,4.7850,336.3000,75.3300,7.182
2021-10-14,4.8800,354.1250,75.1800,3.601
2021-10-18,4.9400,354.8750,75.3200,4.848
2021-10-19,4.9750,355.7750,75.0600,4.961
2021-10-20,4.8750,350.9750,74.8300,3.938
2021-10-21,4.8150,348.1500,74.8000,3.450
2021-10-22,4.7600,341.2000,74.8700,4.449
2021-10-25,4.6400,333.8500,75.0500,4.308
2021-10-26,4.5950,334.0750,74.9000,3.020
2021-10-27,4.5850,335.5500,75.0100,2.495
2021-10-28,4.5600,328.4500,74.7700,3.806
2021-10-29,4.4800,323.3750,75.0000,3.904
2021-11-01,4.4850,327.7250,74.8300,2.407
2021-11-02,4.5250,326.9000,74.6300,3.304
2021-11-03,4.5150,326.2500,74.5100,3.115
2021-11-04,4.4900,326.8500,74.5300,2.383
2021-11-08,4.6000,329.1750,73.9100,3.284
2021-11-09,4.5400,329.2250,74.1000,2.184
2021-11-10,4.4550,326.3000,74.2600,1.388
2021-11-11,4.4700,320.9000,74.2600,3.441
2021-11-12,4.5750,330.0250,74.4000,3.138
2021-11-15,4.5250,329.4500,74.3500,2.120
2021-11-16,4.5450,330.7250,74.4800,2.354
2021-11-17,4.5450,330.9000,74.2800,2.026
2021-11-18,4.4800,325.7250,74.2500,2.123
2021-11-22,4.3600,322.0250,74.3700,0.692
2021-11-23,4.3750,321.4000,74.4900,1.398
2021-11-24,4.3650,318.2500,74.5700,2.277
2021-11-26,4.1900,310.7250,74.8900,0.986
2021-11-29,4.2800,315.3000,75.1200,1.971
2021-11-30,4.2700,318.6250,75.1000,0.644
2021-12-01,4.2150,317.4000,74.8300,-0.627
2021-12-02,4.3750,323.4000,74.8900,1.312
2021-12-03,4.2950,320.3750,75.2400,0.868
2021-12-06,4.2250,312.2500,75.3900,2.009
2021-12-07,4.3600,316.2000,75.4300,4.008
2021-12-08,4.3800,320.8500,75.4000,2.930
2021-12-09,4.3550,321.6000,75.5800,2.348
2021-12-10,4.3350,319.1250,75.6600,2.777
2021-12-13,4.3250,322.7000,75.7800,1.564
2021-12-14,4.3100,323.4500,75.9800,1.244
2021-12-15,4.3350,318.2000,76.3800,4.056
2021-12-16,4.4050,322.1500,76.1800,4.167
2021-12-17,4.5050,335.4000,75.9800,2.054
2021-12-20,4.5050,332.9750,75.8200,2.581
2021-12-21,4.6500,345.4000,75.6700,1.872
2021-12-22,4.7050,342.8250,75.4500,3.549
2021-12-23,4.7250,347.2750,75.0200,2.072
2021-12-27,4.8200,349.8000,74.9700,3.303
2021-12-28,4.8150,352.7250,74.6700,1.931
2021-12-29,4.8400,351.8500,74.5800,2.591
2021-12-30,4.8800,357.0500,74.3900,1.673
2021-12-31,4.8800,357.6750,74.3900,1.495
2022-01-03,4.8750,359.3500,74.3200,0.824
2022-01-04,4.8850,360.7500,74.5200,0.909
2022-01-05,4.7550,356.7500,74.3100,-0.955
2022-01-06,4.7750,352.8750,74.4000,0.676
2022-01-07,4.8050,355.7500,74.2700,0.314
2022-01-10,4.6850,346.7500,74.0600,0.064
2022-01-11,4.7550,347.0750,73.8100,1.121
2022-01-12,4.3500,345.6750,73.7700,-7.167
2022-01-13,4.3150,324.8750,73.9600,-1.766
2022-01-14,4.2900,319.9000,74.0800,-0.655
2022-01-18,4.1900,316.6500,74.5600,-1.340
2022-01-19,4.1200,310.5750,74.3900,-1.316
2022-01-20,4.0450,307.6000,74.3200,-2.268
2022-01-21,3.9300,302.5250,74.2800,-3.505
2022-01-24,3.8100,286.3750,74.7200,-0.591
2022-01-25,3.7000,281.3500,74.7300,-1.723
2022-01-27,3.5400,272.3750,75.1800,-2.290
2022-01-28,3.7050,276.0750,75.0000,0.652
2022-01-31,3.8450,286.3000,74.6000,0.188
2022-02-01,3.8600,288.3250,74.7800,0.113
2022-02-02,3.9150,294.0000,74.7700,-0.434
2022-02-03,3.7750,289.1250,74.7100,-2.454
2022-02-04,3.8000,285.8750,74.6100,-0.824
2022-02-07,3.7200,278.5000,74.6800,-0.248
2022-02-08,3.7700,280.1250,74.7100,0.547
2022-02-09,3.8250,284.4750,74.8000,0.575
2022-02-10,3.7450,286.8250,75.0700,-1.983
2022-02-11,3.6400,280.7250,75.3400,-2.311
2022-02-14,3.5800,270.8500,75.6300,-0.035
2022-02-15,3.7350,281.6750,75.2000,-0.285
2022-02-16,3.7250,281.9500,75.0300,-0.874
2022-02-17,3.6800,282.4500,75.0200,-2.258
2022-02-18,3.6650,281.2250,74.6300,-2.740
2022-02-22,3.7500,282.0750,74.6500,-0.758
2022-02-23,3.6850,283.5500,74.6000,-3.050
2022-02-24,3.5900,268.5750,75.6100,1.067
2022-02-25,3.7150,277.6250,75.0900,0.481
2022-02-28,3.6450,277.9000,75.4900,-0.986
2022-03-02,3.6600,277.6000,75.6100,-0.312
2022-03-03,3.6500,284.7750,75.9400,-2.667
2022-03-04,3.6600,287.6500,76.4200,-2.765
2022-03-07,3.6200,285.9250,76.9100,-2.627
2022-03-08,3.7400,293.7250,77.0700,-1.867
2022-03-09,3.8000,292.7500,76.3600,-0.882
2022-03-10,3.7850,294.1250,76.3700,-1.722
2022-03-11,3.7700,293.1000,76.4800,-1.628
2022-03-14,3.8450,299.0750,76.4500,-1.714
2022-03-15,3.8350,293.8500,76.4100,-0.278
2022-03-16,3.9750,299.1250,76.1700,1.220
2022-03-17,3.9700,300.6000,75.9400,0.293
2022-03-21,3.9400,300.0000,76.1900,0.063
2022-03-22,4.0000,305.0250,76.0600,-0.257
2022-03-23,3.9250,305.6000,76.4600,-1.798
2022-03-24,3.9650,305.2750,76.1800,-1.055
2022-03-25,3.9500,301.6750,76.2500,-0.162
2022-03-28,3.9600,300.1000,76.0600,0.366
2022-03-29,4.0200,301.2500,75.5800,0.857
2022-03-30,3.9250,300.4000,75.7600,-1.013
2022-03-31,3.8550,295.9500,75.8700,-1.173
2022-04-01,3.9450,300.9000,75.9600,-0.411
2022-04-04,3.9650,302.8000,75.4200,-1.242
2022-04-05,3.9300,299.5750,75.3100,-1.204
2022-04-06,3.8500,296.7750,75.9200,-1.511
2022-04-07,3.7750,290.4250,75.9000,-1.344
2022-04-08,3.7900,291.8250,75.9300,-1.388
2022-04-11,3.6800,285.5500,75.8500,-2.249
2022-04-12,3.6050,279.3500,76.0200,-1.897
2022-04-13,3.5650,279.6000,76.1400,-2.919
2022-04-18,3.4500,269.3000,76.2200,-2.355
2022-04-19,3.4750,265.2250,76.3900,0.087
2022-04-20,3.4950,268.2500,76.2400,-0.668
2022-04-21,3.4350,269.6000,76.2300,-2.875
2022-04-22,3.3800,268.8500,76.4900,-3.836
2022-04-25,3.4300,264.6750,76.7200,-0.576
2022-04-26,3.3550,264.6250,76.6100,-2.871
2022-04-27,3.3250,259.4750,76.6100,-1.829
2022-04-28,3.4050,261.2750,76.6600,-0.095
2022-04-29,3.2200,254.4000,76.4800,-3.197
2022-05-02,3.2150,247.5000,76.4900,-0.640
2022-05-04,3.2450,245.8750,76.2400,0.620
2022-05-05,3.1700,250.5750,76.5400,-3.170
2022-05-06,3.1200,242.5500,76.9000,-1.081
2022-05-09,3.0650,241.5750,77.4500,-1.735
2022-05-10,3.1100,238.8250,77.3100,0.674
2022-05-11,3.0050,235.9500,77.2800,-1.578
2022-05-12,3.1100,236.9000,77.3900,1.597
2022-05-13,3.0750,234.3250,77.4200,1.597
2022-05-16,3.0200,234.0000,77.8200,0.434
2022-05-17,3.1400,243.3250,77.4600,-0.041
2022-05-18,3.0050,240.6250,77.7100,-2.953
2022-05-19,2.9550,225.5750,77.4500,1.458
2022-05-20,2.9700,229.8000,77.7900,0.538
2022-05-23,3.0200,233.0000,77.5100,0.464
2022-05-24,2.9450,229.9750,77.5000,-0.756
2022-05-25,2.8850,222.4250,77.5800,0.626
2022-05-26,2.9700,226.6750,77.6600,1.754
2022-05-27,3.0500,233.4750,77.5800,1.347
2022-05-31,2.9900,239.0250,77.5900,-2.941
2022-06-01,3.0150,235.3750,77.5900,-0.612
2022-06-02,3.0850,237.0750,77.4100,0.732
2022-06-03,3.0200,237.7500,77.5900,-1.442
2022-06-06,3.0100,236.6000,77.8300,-0.986
2022-06-07,3.0050,233.8250,77.6600,-0.195
2022-06-08,2.9850,235.2000,77.6500,-1.452
2022-06-09,2.9450,237.5250,77.8400,-3.489
2022-06-10,2.8500,230.4750,78.0800,-3.448
2022-06-13,2.7750,223.0500,78.0800,-2.859
2022-06-14,2.8250,222.9500,78.0100,-1.154
2022-06-15,2.8100,220.0500,78.1200,-0.242
2022-06-16,2.6600,211.1500,78.0000,-1.738
2022-06-17,2.6050,202.6000,78.0000,0.291
2022-06-21,2.7450,212.5750,78.0800,0.825
2022-06-22,2.6650,205.6250,78.2100,1.364
2022-06-23,2.7100,209.5250,78.1400,1.066
2022-06-24,2.7450,209.3750,78.2500,2.589
2022-06-27,2.7250,212.4500,78.4500,0.624
2022-06-28,2.6600,213.6250,78.9700,-1.669
2022-06-29,2.6700,210.3750,78.9100,0.150
2022-06-30,2.6550,208.0250,79.0200,0.852
2022-07-01,2.7050,211.0000,78.8900,1.136
2022-07-05,2.6550,206.8000,79.2700,1.771
2022-07-06,2.6800,208.0250,79.0200,1.802
2022-07-07,2.7300,210.4000,79.1200,2.660
2022-07-08,2.6300,209.5500,79.2500,-0.536
2022-07-11,2.5750,205.6000,79.4600,-0.482
2022-07-12,2.5600,204.5750,79.4500,-0.578
2022-07-13,2.5550,203.3500,79.6800,0.114
2022-07-14,2.5050,200.7250,79.9400,-0.237
2022-07-15,2.5250,196.9250,79.7400,2.244
2022-07-18,2.5300,202.3750,79.9900,-0.000
2022-07-19,2.5950,202.8250,79.8800,2.201
2022-07-20,2.5350,206.0500,79.9600,-1.626
2022-07-21,2.6050,207.0000,79.8500,0.488
2022-07-22,2.5700,205.4250,79.8300,-0.127
2022-07-25,2.5900,207.4000,79.7900,-0.359
2022-07-26,2.4850,202.6000,79.8200,-2.096
2022-07-27,2.5800,203.3250,79.9200,1.411
2022-07-28,2.6200,208.0000,79.6400,0.316
2022-07-29,2.6500,211.8500,79.3300,-0.767
2022-08-01,2.6800,214.5000,78.9300,-1.383
2022-08-02,2.6850,214.8000,78.4900,-1.888
2022-08-03,2.7450,216.1750,79.1300,0.480
2022-08-04,2.7500,217.7500,79.2300,0.061
2022-08-05,2.7400,220.0000,79.3600,-1.161
2022-08-08,2.7150,217.9250,79.5800,-0.856
2022-08-10,2.7350,215.0750,79.0700,0.549
2022-08-11,2.7150,219.2250,79.5400,-1.493
2022-08-12,2.7550,218.0500,79.6500,0.636
2022-08-16,2.7400,218.5500,79.3100,-0.568
2022-08-17,2.7500,221.5250,79.4100,-1.421
2022-08-18,2.7150,217.5250,79.6600,-0.574
2022-08-19,2.6650,216.2250,79.8900,-1.535
2022-08-22,2.5950,210.0000,79.8600,-1.316
2022-08-23,2.5950,208.3250,79.8100,-0.585
2022-08-24,2.5900,208.0750,79.8200,-0.645
2022-08-25,2.6000,207.6000,79.9000,0.067
2022-08-26,2.5300,208.6250,79.8700,-3.141
2022-08-29,2.5150,202.1750,79.9600,-0.532
2022-08-30,2.5100,206.7750,79.6000,-3.375
2022-09-01,2.5400,205.2250,79.6500,-1.420
2022-09-02,2.4950,203.8500,79.7000,-2.452
2022-09-06,2.4750,202.2250,79.8600,-2.261
2022-09-07,2.5500,203.7250,79.8200,-0.090
2022-09-08,2.5650,206.4000,79.7100,-0.942
2022-09-09,2.6100,208.5750,79.6100,-0.380
2022-09-12,2.6450,211.0000,79.3500,-0.530
2022-09-13,2.5650,211.3250,79.4900,-3.517
2022-09-14,2.5550,208.1500,79.4100,-2.526
2022-09-15,2.5350,207.5250,79.8200,-2.497
2022-09-16,2.4800,200.8250,79.6600,-1.627
2022-09-19,2.4950,200.9750,79.7100,-1.044
2022-09-20,2.4900,202.4500,79.7200,-1.950
2022-09-21,2.4550,200.3750,79.9600,-2.033
2022-09-22,2.4050,198.9750,81.0000,-2.096
2022-09-23,2.3900,197.1750,81.1100,-1.685
2022-09-26,2.3950,197.4000,81.6000,-0.997
2022-09-27,2.3950,199.2000,81.6300,-1.855
2022-09-28,2.4350,199.0250,81.6100,-0.153
2022-09-29,2.3600,196.4000,81.5400,-2.019
2022-09-30,2.3550,197.1250,81.3700,-2.789
2022-10-03,2.3950,197.2500,81.5600,-0.970
2022-10-04,2.4800,202.7500,81.4500,-0.372
2022-10-06,2.4300,205.0750,82.0600,-2.764
2022-10-07,2.3650,204.0500,82.3200,-4.589
2022-10-10,2.4650,205.6500,82.3200,-1.328
2022-10-11,2.3750,202.2000,82.2200,-3.426
2022-10-12,2.2950,203.9750,82.2500,-7.457
2022-10-13,2.2900,189.5500,82.2800,-0.596
2022-10-14,2.2200,188.6500,82.2800,-3.174
2022-10-17,2.3150,187.5500,82.1600,1.413
2022-10-18,2.2900,189.6500,82.2900,-0.636
2022-10-19,2.2600,189.0250,82.9500,-0.824
2022-10-20,2.2800,190.7500,82.6600,-1.198
2022-10-21,2.3250,191.2750,82.5800,0.378
2022-10-24,2.3200,192.3500,82.6800,-0.277
2022-10-25,2.3500,192.3250,82.4400,0.733
2022-10-27,2.3400,191.3250,82.3600,0.730
2022-10-28,2.3700,191.6250,82.3300,1.825
2022-10-31,2.3500,193.2750,82.7300,0.590
2022-11-01,2.3650,196.2000,82.6200,-0.410
2022-11-02,2.3150,196.9750,82.7200,-2.781
2022-11-03,2.2900,194.2500,82.7600,-2.435
2022-11-04,2.3600,195.2750,82.0300,-0.862
2022-11-07,2.4100,195.7500,81.9500,0.894
2022-11-09,2.3850,195.4750,81.2500,-0.866
2022-11-10,2.4850,194.4500,80.7200,3.157
2022-11-11,2.5250,199.8500,80.7200,1.985
2022-11-14,2.4950,198.2750,80.9800,1.901
2022-11-15,2.4950,198.5750,80.9400,1.697
2022-11-16,2.4900,199.1250,81.4600,1.863
2022-11-17,2.4700,198.3750,81.6900,1.714
2022-11-18,2.4550,196.9250,81.7600,1.928
2022-11-21,2.4150,194.3250,81.6800,1.509
2022-11-22,2.4150,194.4000,81.6900,1.482
2022-11-23,2.4050,194.3750,81.7100,1.100
2022-11-25,2.5000,201.4000,81.7300,1.452
2022-11-28,2.4750,202.8250,81.6100,-0.414
2022-11-29,2.4750,202.5750,81.6100,-0.291
2022-11-30,2.5600,203.4500,81.4300,2.463
2022-12-01,2.5750,206.8500,81.1700,1.046
2022-12-02,2.5550,206.2000,81.4100,0.874
2022-12-05,2.5200,206.1750,81.7700,-0.056
2022-12-06,2.4600,205.6750,82.4200,-1.421
2022-12-07,2.4500,203.1500,82.3100,-0.734
2022-12-08,2.4650,201.8500,82.2900,0.493
2022-12-09,2.3550,197.0250,82.4600,-1.437
2022-12-12,2.4000,198.1750,82.6700,0.118
2022-12-13,2.4150,198.8750,82.4900,0.170
2022-12-14,2.4050,200.0250,82.5000,-0.806
2022-12-15,2.3200,197.6000,82.7500,-2.844
2022-12-16,2.2900,194.8750,82.7100,-2.806
2022-12-19,2.2900,194.5250,82.6500,-2.702
2022-12-20,2.3250,194.4750,82.5800,-1.273
2022-12-21,2.3400,194.7500,82.8100,-0.500
2022-12-22,2.2850,194.3750,82.9300,-2.511
2022-12-23,2.2650,188.8250,82.8600,-0.607
2022-12-27,2.2900,193.3000,82.8800,-1.813
2022-12-28,2.2850,193.9000,82.7400,-2.496
2022-12-29,2.3250,195.3750,82.8300,-1.431
2022-12-30,2.3300,196.3750,82.7200,-1.852
2023-01-03,2.3550,198.5250,82.8600,-1.707
2023-01-04,2.3450,194.8500,82.7200,-0.447
2023-01-05,2.3000,193.4500,82.5700,-1.829
2023-01-06,2.3300,191.0000,82.7200,0.910
2023-01-09,2.3700,195.9000,82.3600,-0.361
2023-01-10,2.3650,196.5250,81.6000,-1.802
2023-01-11,2.3950,196.9250,81.6000,-0.758
2023-01-12,2.4200,197.2500,81.1900,-0.390
2023-01-13,2.3950,196.9500,81.3100,-1.123
2023-01-17,2.4450,198.1750,81.5700,0.638
2023-01-18,2.4850,201.6000,81.3300,0.251
2023-01-19,2.5100,201.7000,81.2800,1.147
2023-01-20,2.5000,201.5750,80.9900,0.446
2023-01-23,2.4950,203.5000,81.4100,-0.188
2023-01-24,2.4900,203.3000,81.5300,-0.143
2023-01-25,2.4600,200.7750,81.4900,-0.154
2023-01-27,2.4500,199.0250,81.5400,0.376
2023-01-30,2.4650,201.1250,81.4700,-0.150
2023-01-31,2.4450,199.4250,81.6900,0.154
2023-02-01,2.4600,201.2000,81.7300,-0.072
2023-02-02,2.5450,204.7250,82.0300,1.974
2023-02-03,2.4950,203.9500,82.2100,0.571
2023-02-06,2.4300,202.3250,82.7700,-0.590
2023-02-07,2.4300,200.2500,82.8100,0.489
2023-02-08,2.4500,203.3750,82.6500,-0.434
2023-02-09,2.4450,204.1500,82.4400,-1.266
2023-02-10,2.4500,202.9000,82.4700,-0.418
2023-02-13,2.4400,200.3000,82.7200,0.767
2023-02-14,2.4400,202.5500,82.8600,-0.183
2023-02-15,2.4700,203.7000,82.7800,0.376
2023-02-16,2.4600,204.9500,82.7400,-0.688
2023-02-17,2.4250,203.1500,82.7300,-1.245
2023-02-21,2.3950,201.3750,82.8500,-1.465
2023-02-22,2.3750,197.5750,82.7800,-0.492
2023-02-23,2.3850,196.9750,82.5900,0.001
2023-02-24,2.3500,196.6500,82.9700,-0.849
2023-02-27,2.3350,195.1750,82.6900,-1.073
2023-02-28,2.3350,193.5250,82.5700,-0.374
2023-03-01,2.3400,195.4750,82.4300,-1.324
2023-03-02,2.3700,194.0250,82.4100,0.663
2023-03-03,2.4050,195.2250,81.9800,0.992
2023-03-06,2.4300,196.8750,81.7700,0.928
2023-03-08,2.4100,196.3000,81.8600,0.501
2023-03-09,2.3650,195.0500,82.0200,-0.550
2023-03-10,2.3450,194.5500,81.9300,-1.246
2023-03-13,2.3350,192.7250,82.1900,-0.421
2023-03-14,2.3300,189.7250,82.2500,1.011
2023-03-15,2.2700,187.8750,82.8400,0.091
2023-03-16,2.3050,186.4250,82.6300,2.166
2023-03-17,2.2850,188.2500,82.5600,0.212
2023-03-20,2.2600,183.5750,82.5500,1.628
2023-03-21,2.2350,183.2000,82.5900,0.758
2023-03-22,2.1900,183.2000,82.6600,-1.187
2023-03-23,2.2100,180.7500,82.0700,0.346
2023-03-24,2.2050,180.8750,82.3400,0.379
2023-03-27,2.2150,180.6250,82.2400,0.851
2023-03-28,2.1750,178.1000,82.1700,0.348
2023-03-29,2.1950,179.5250,82.1800,0.479
2023-03-31,2.2450,182.6250,82.1900,1.036
2023-04-03,2.2500,183.9750,82.2400,0.579
2023-04-05,2.2500,184.8750,81.8900,-0.337
2023-04-06,2.2500,183.3250,81.8600,0.469
2023-04-10,2.2650,186.6500,82.0100,-0.481
2023-04-11,2.2800,185.1250,82.0400,1.040
2023-04-12,2.2500,186.0750,81.9800,-0.871
2023-04-13,2.1800,184.1500,81.6500,-3.341
2023-04-17,2.1750,180.6750,81.9800,-1.311
2023-04-18,2.2150,183.9500,82.0800,-1.165
2023-04-19,2.1650,180.4000,82.1800,-1.375
2023-04-20,2.2100,181.4250,82.1000,0.009
2023-04-21,2.2050,184.0250,82.0600,-1.675
2023-04-24,2.2850,188.9750,81.9000,-0.970
2023-04-25,2.2350,187.8250,81.9200,-2.520
2023-04-26,2.2550,187.2750,81.7400,-1.576
2023-04-27,2.3450,187.2000,81.8400,2.519
2023-04-28,2.3500,192.5000,81.8400,-0.091
2023-05-02,2.3650,194.1750,81.8900,-0.260
2023-05-03,2.3300,192.5500,81.8300,-0.980
2023-05-04,2.3200,191.8500,81.7300,-1.166
2023-05-05,2.3150,189.7000,81.8100,-0.163
2023-05-08,2.3100,190.1750,81.7800,-0.664
2023-05-09,2.3250,191.1500,82.0400,-0.213
2023-05-10,2.3300,191.8750,81.9400,-0.498
2023-05-11,2.3300,192.3250,82.1300,-0.500
2023-05-12,2.3200,191.6250,82.1700,-0.517
2023-05-15,2.3550,192.8750,82.3000,0.488
2023-05-16,2.3300,193.4750,82.2600,-0.935
2023-05-17,2.3250,191.1500,82.3900,0.213
2023-05-18,2.3200,191.3000,82.7700,0.380
2023-05-19,2.3300,193.1000,82.6500,-0.272
2023-05-22,2.3900,197.8750,82.8300,0.045
2023-05-23,2.3550,198.8250,82.8400,-1.879
2023-05-24,2.3700,199.8500,82.6600,-1.974
2023-05-25,2.3650,197.0500,82.7600,-0.671
2023-05-26,2.4300,200.8500,82.5800,-0.090
2023-05-30,2.4100,201.2500,82.6700,-1.001
2023-05-31,2.4400,201.8250,82.6800,-0.043
2023-06-01,2.4650,203.5750,82.4100,-0.213
2023-06-02,2.4750,202.4750,82.3500,0.662
2023-06-05,2.4100,202.1000,82.6700,-1.418
2023-06-06,2.4100,199.9750,82.6100,-0.443
2023-06-07,2.4250,201.4000,82.5000,-0.664
2023-06-08,2.3800,199.7750,82.5700,-1.631
2023-06-09,2.3800,198.6500,82.4600,-1.206
2023-06-12,2.3800,197.8000,82.4300,-0.817
2023-06-13,2.3650,197.7750,82.3800,-1.490
2023-06-14,2.3550,198.2250,82.1000,-2.462
2023-06-15,2.3500,194.4750,82.1800,-0.695
2023-06-16,2.3350,190.6500,81.8900,0.295
2023-06-20,2.3150,191.2500,82.1100,-0.609
2023-06-21,2.3100,192.7500,82.0400,-1.680
2023-06-22,2.3150,191.1500,81.9300,-0.775
2023-06-23,2.2850,189.9750,82.0100,-1.359
2023-06-26,2.3150,190.4500,82.0000,-0.326
2023-06-27,2.3250,191.3000,81.9800,-0.364
2023-06-28,2.3350,190.8500,82.0000,0.325
2023-06-30,2.3600,194.5750,82.0600,-0.469
2023-07-03,2.3950,195.8000,81.9600,0.252
2023-07-05,2.3850,196.9500,82.3400,-0.289
2023-07-06,2.3800,198.1000,82.4900,-0.895
2023-07-07,2.3750,197.9250,82.7400,-0.716
2023-07-10,2.3400,194.9750,82.5700,-0.903
2023-07-11,2.3500,196.0250,82.3900,-1.229
2023-07-12,2.3700,195.9250,82.0300,-0.773
2023-07-13,2.4000,197.1500,82.0400,-0.129
2023-07-14,2.4600,202.5250,82.1600,-0.203
2023-07-17,2.5250,207.6250,82.0300,-0.240
2023-07-18,2.5450,208.6000,82.0300,0.080
2023-07-19,2.5550,208.9750,82.0900,0.366
2023-07-20,2.4550,208.8250,81.9900,-3.610
2023-07-21,2.4750,202.3500,81.9900,0.284
2023-07-24,2.4500,202.0250,81.8100,-0.787
2023-07-25,2.4550,200.2000,81.8700,0.395
2023-07-26,2.4550,201.3750,81.9900,-0.044
2023-07-27,2.4350,199.9750,82.1500,0.030
2023-07-28,2.4200,199.3750,82.2200,-0.202
2023-07-31,2.4450,202.5250,82.2400,-0.715
2023-08-01,2.4650,203.4750,82.2500,-0.358
2023-08-02,2.4250,201.4000,82.5800,-0.568
2023-08-03,2.4050,199.8250,82.7400,-0.418
2023-08-04,2.4500,204.4250,82.8300,-0.730
2023-08-07,2.4700,205.5750,82.7500,-0.575
2023-08-08,2.4900,208.1750,82.8500,-0.902
2023-08-09,2.5000,208.9000,82.8400,-0.862
2023-08-10,2.5100,209.3250,82.6900,-0.847
2023-08-11,2.4850,206.5250,82.8700,-0.287
2023-08-14,2.4900,207.5750,83.1700,-0.232
2023-08-16,2.5000,209.3250,83.1900,-0.645
2023-08-17,2.4900,208.7750,83.0900,-0.901
2023-08-18,2.4700,205.8500,83.1400,-0.240
2023-08-21,2.4900,207.3000,83.1000,-0.184
2023-08-22,2.4950,208.5500,82.9400,-0.774
2023-08-23,2.5450,207.6250,82.6900,1.359
2023-08-24,2.4750,206.3500,82.5700,-0.964
2023-08-25,2.4900,204.8500,82.6400,0.451
2023-08-28,2.4850,204.0250,82.6000,0.606
2023-08-29,2.4950,204.0500,82.7000,1.121
2023-08-30,2.4700,203.6000,82.7300,0.365
2023-08-31,2.4450,204.2000,82.7800,-0.883
2023-09-01,2.5200,208.1750,82.6900,0.098
2023-09-05,2.5900,215.9250,83.0300,-0.406
2023-09-06,2.5600,214.6500,83.1400,-0.844
2023-09-07,2.5800,216.4250,83.2100,-0.805
2023-09-08,2.5950,215.0000,82.9300,0.095
2023-09-11,2.6250,217.4250,83.0300,0.243
2023-09-12,2.6050,217.5000,82.8600,-0.758
2023-09-13,2.6200,217.8500,82.9300,-0.263
2023-09-14,2.6450,218.2250,83.0200,0.625
2023-09-15,2.6100,220.5250,83.1500,-1.589
2023-09-18,2.6100,218.0500,83.2700,-0.328
2023-09-20,2.5900,215.0500,83.0700,0.047
2023-09-21,2.5400,214.4750,83.1100,-1.574
2023-09-22,2.5100,209.2500,82.9500,-0.500
2023-09-25,2.4800,207.0500,83.1100,-0.453
2023-09-26,2.4400,206.4500,83.2400,-1.620
2023-09-27,2.4750,207.8250,83.1800,-0.940
2023-09-28,2.4250,202.6750,83.1300,-0.535
2023-09-29,2.4200,203.0250,83.0800,-0.971
2023-10-03,2.4100,202.7250,83.2200,-1.068
2023-10-04,2.4400,202.4500,83.2500,0.336
2023-10-05,2.4400,203.4000,83.2400,-0.145
2023-10-06,2.4700,203.9250,83.2500,0.835
2023-10-09,2.4400,202.8000,83.2500,0.163
2023-10-10,2.4500,203.8750,83.2500,0.043
2023-10-11,2.5100,210.5750,83.1800,-0.852
2023-10-12,2.4300,208.5500,83.2800,-2.963
2023-10-13,2.4300,205.5250,83.2600,-1.559
2023-10-16,2.4550,205.1000,83.2800,-0.316
2023-10-17,2.4400,205.7000,83.2200,-1.285
2023-10-18,2.3600,203.7250,83.2500,-3.561
2023-10-19,2.3350,197.6500,83.1000,-1.827
2023-10-20,2.3050,195.9250,83.1400,-2.188
2023-10-23,2.2700,191.5750,83.1900,-1.427
2023-10-25,2.2700,190.9250,83.1800,-1.103
2023-10-26,2.2400,189.1250,83.2400,-1.410
2023-10-27,2.2550,191.1750,83.2700,-1.779
2023-10-30,2.2700,191.0000,83.2500,-1.059
2023-10-31,2.2750,190.9000,83.2600,-0.777
2023-11-01,2.2700,190.4750,83.2400,-0.798
2023-11-02,2.3000,191.8250,83.2200,-0.218
2023-11-03,2.3100,191.7750,83.1400,0.145
2023-11-06,2.3000,192.3250,83.1900,-0.514
2023-11-07,2.2900,191.6500,83.2200,-0.562
2023-11-08,2.2850,191.1000,83.2800,-0.421
2023-11-09,2.2550,190.4250,83.2500,-1.416
2023-11-10,2.2750,189.6500,83.2500,-0.135
2023-11-13,2.2600,190.8250,83.3200,-1.322
2023-11-15,2.3400,195.8250,83.1100,-0.688
2023-11-16,2.3400,198.5500,83.2200,-1.922
2023-11-17,2.3600,197.7000,83.2500,-0.622
2023-11-20,2.3750,200.1000,83.3300,-1.095
2023-11-21,2.3800,200.3250,83.2600,-1.081
2023-11-22,2.3750,200.1250,83.2900,-1.155
2023-11-24,2.3500,198.0000,83.3400,-1.086
2023-11-28,2.3650,198.4250,83.3300,-0.680
2023-11-29,2.3950,203.1250,83.3100,-1.771
2023-11-30,2.4250,206.5250,83.3600,-2.119
2023-12-01,2.4400,203.8250,83.2700,-0.317
2023-12-04,2.4100,203.7250,83.4000,-1.341
2023-12-05,2.4000,202.1750,83.3300,-1.080
2023-12-06,2.4850,209.3750,83.3200,-1.110
2023-12-07,2.4900,209.1250,83.3200,-0.793
2023-12-08,2.5050,211.3000,83.3800,-1.151
2023-12-11,2.4750,210.3000,83.3800,-1.871
2023-12-12,2.4950,211.1000,83.3700,-1.465
2023-12-13,2.5200,209.8250,83.4000,0.163
2023-12-14,2.6000,217.2000,83.2800,-0.309
2023-12-15,2.6400,223.2750,83.0200,-1.837
2023-12-18,2.6550,222.6250,83.0400,-0.967
2023-12-19,2.6300,219.3500,83.1800,-0.267
2023-12-20,2.5800,215.9750,83.1400,-0.682
2023-12-21,2.6000,217.0000,83.2700,-0.229
2023-12-22,2.7150,231.3250,83.1200,-2.444
2023-12-26,2.7550,235.0500,83.1700,-2.517
2023-12-27,2.7850,235.4750,83.3500,-1.421
2023-12-28,2.7850,234.7250,83.1500,-1.343
2023-12-29,2.7850,235.6500,83.1900,-1.683
2024-01-02,2.7350,234.6000,83.3100,-2.876
2024-01-03,2.6800,227.9500,83.3000,-2.064
2024-01-04,2.6750,226.2000,83.2100,-1.597
2024-01-05,2.7100,228.3000,83.1600,-1.286
2024-01-08,2.7150,225.1750,83.1300,0.232
2024-01-09,2.6800,225.3750,83.0900,-1.195
2024-01-10,2.6900,226.8000,83.0100,-1.545
2024-01-11,2.6850,224.1000,83.0300,-0.520
2024-01-12,3.1400,232.7250,82.9200,11.878
2024-01-16,2.8750,242.5000,83.0500,-1.539
2024-01-17,2.8450,241.2000,83.1400,-1.935
2024-01-18,2.8900,241.3250,83.1500,-0.423
2024-01-19,2.8900,242.5250,83.0900,-0.987
2024-01-23,2.8400,234.9500,83.1500,0.509
2024-01-24,2.8750,239.0250,83.0900,-0.059
2024-01-25,2.8650,235.0000,83.0800,1.287
2024-01-29,2.8650,236.5000,83.1200,0.693
2024-01-30,2.8250,236.2500,83.1100,-0.620
2024-01-31,2.8300,239.0750,83.0200,-1.727
2024-02-01,2.8500,235.6750,82.9500,0.311
2024-02-02,2.8850,241.5750,82.9200,-0.973
2024-02-05,2.8850,241.1750,83.0400,-0.665
2024-02-06,2.9700,249.8250,83.0300,-1.291
2024-02-07,2.9500,247.6000,82.9700,-1.146
2024-02-08,2.9250,244.4250,82.9700,-0.711
2024-02-09,2.9300,245.2250,83.0000,-0.830
2024-02-12,2.9900,250.7250,82.9500,-1.079
2024-02-13,2.9900,255.8000,83.0600,-2.913
2024-02-14,3.0650,257.2500,83.0200,-1.086
2024-02-15,3.0900,259.2500,83.0000,-1.072
2024-02-16,3.2150,271.5000,83.0200,-1.691
2024-02-20,3.1600,265.9750,82.8800,-1.532
2024-02-21,3.0850,260.7000,82.9600,-1.829
2024-02-22,3.1600,265.5250,82.8600,-1.389
2024-02-23,3.1750,268.0750,82.8600,-1.863
2024-02-26,3.1600,266.4500,82.8500,-1.743
2024-02-27,3.1500,265.7250,82.8800,-1.751
2024-02-28,3.0800,258.8500,82.8800,-1.383
2024-02-29,3.0950,259.3000,82.8700,-1.087
2024-03-01,3.1050,259.5500,82.9100,-0.815
2024-03-04,3.1250,260.2500,82.8800,-0.480
2024-03-05,3.0550,256.6500,82.8600,-1.369
2024-03-06,3.0500,256.5750,82.7800,-1.596
2024-03-07,3.0950,257.7500,82.7800,-0.600
2024-03-11,3.0650,257.2750,82.7200,-1.453
2024-03-12,3.0850,255.4250,82.7700,-0.031
2024-03-13,3.0050,252.2000,82.8100,-1.331
2024-03-14,3.0500,258.9750,82.8200,-2.461
2024-03-15,3.0650,258.5000,82.8600,-1.754
2024-03-18,3.0250,255.1000,82.8900,-1.708
2024-03-19,2.9750,247.4250,83.0100,-0.190
2024-03-20,2.9750,246.7500,83.1800,0.288
2024-03-21,2.9200,250.2250,83.1500,-2.968
2024-03-22,2.8250,243.5500,83.5300,-3.111
2024-03-26,2.8300,239.9250,83.3200,-1.721
2024-03-27,2.8500,236.1500,83.3400,0.580
2024-03-28,2.8750,240.0500,83.3500,-0.174
2024-04-01,2.8300,242.4750,83.3600,-2.708
2024-04-02,2.8050,240.6000,83.3200,-2.863
2024-04-03,2.8450,241.6000,83.4300,-1.756
2024-04-04,2.8750,243.7000,83.4400,-1.563
2024-04-05,2.8800,242.5250,83.2900,-1.093
2024-04-08,2.8100,239.9500,83.2500,-2.508
2024-04-09,2.8400,237.9000,83.1800,-0.701
2024-04-10,2.7850,238.6500,83.3700,-2.709
2024-04-12,2.7300,235.3750,83.5900,-3.048
2024-04-15,2.6600,229.6750,83.4800,-3.317
2024-04-16,2.6300,224.1750,83.5400,-1.992
2024-04-18,2.5800,222.1750,83.5300,-3.001
2024-04-19,2.6250,226.3750,83.4600,-3.221
2024-04-22,2.7600,231.0000,83.4700,-0.270
2024-04-23,2.7550,231.0500,83.3600,-0.603
2024-04-24,2.7350,229.9500,83.3400,-0.876
2024-04-25,2.7200,230.5000,83.3100,-1.691
2024-04-26,2.7300,232.3000,83.3800,-2.011
2024-04-29,2.7250,231.4750,83.4600,-1.748
2024-04-30,2.6950,231.2000,83.4400,-2.738
2024-05-02,2.6850,228.7000,83.4400,-2.039
2024-05-03,2.7000,228.6750,83.4300,-1.493
2024-05-06,2.7350,229.3250,83.4800,-0.439
2024-05-07,2.7450,231.9500,83.5100,-1.171
2024-05-08,2.7250,231.6000,83.4500,-1.813
2024-05-09,2.6900,227.9500,83.5100,-1.451
2024-05-10,2.6600,225.9250,83.5400,-1.642
2024-05-13,2.6800,225.9750,83.4800,-0.995
2024-05-14,2.7050,228.1750,83.5000,-1.011
2024-05-15,2.7200,229.1500,83.4600,-0.933
2024-05-16,2.7200,232.2250,83.4600,-2.245
2024-05-17,2.6950,230.5000,83.3400,-2.559
2024-05-21,2.7000,230.4500,83.3100,-2.392
2024-05-22,2.7050,230.6500,83.2600,-2.355
2024-05-23,2.7300,232.9000,83.2700,-2.393
2024-05-24,2.7250,231.8250,83.0900,-2.331
2024-05-28,2.6850,228.0250,83.1600,-2.079
2024-05-29,2.6300,225.4000,83.3300,-2.769
2024-05-30,2.5600,218.4750,83.2800,-2.416
2024-05-31,2.5750,219.1000,83.4300,-1.948
2024-06-03,2.6350,222.0500,83.1400,-1.340
2024-06-04,2.5950,219.0750,83.5200,-1.068
2024-06-05,2.6650,225.7500,83.3700,-1.581
2024-06-06,2.7400,230.5000,83.4700,-0.778
2024-06-07,2.8100,242.2750,83.3800,-3.293
2024-06-10,2.7800,237.6250,83.5000,-2.312
2024-06-11,2.7900,238.0250,83.5000,-2.126
2024-06-12,2.7900,238.4500,83.5700,-2.218
2024-06-13,2.8050,241.3000,83.5200,-2.912
2024-06-14,2.7700,238.7500,83.5400,-3.076
2024-06-18,2.8800,245.9250,83.4200,-2.308
2024-06-20,2.9450,245.2000,83.6200,0.433
2024-06-21,2.9400,245.2750,83.5300,0.124
2024-06-24,2.9150,245.2750,83.4200,-0.859
2024-06-25,2.9350,248.4250,83.4000,-1.468
2024-06-26,2.9350,247.6000,83.5500,-0.962
2024-06-27,3.0100,255.4000,83.4400,-1.662
2024-06-28,3.0500,257.4250,83.3300,-1.270
2024-07-01,3.0950,263.6750,83.4400,-2.059
2024-07-02,3.2100,269.1000,83.5000,-0.396
2024-07-03,3.1900,269.5000,83.4800,-1.187
2024-07-05,3.1900,267.5500,83.4700,-0.479
2024-07-08,3.2050,270.6000,83.4500,-1.161
2024-07-09,3.1900,270.5000,83.4700,-1.564
2024-07-10,3.1950,267.7750,83.5000,-0.371
2024-07-11,3.2450,267.0500,83.5700,1.548
2024-07-12,3.3600,280.0750,83.4800,0.149
2024-07-15,3.3400,279.8500,83.5500,-0.283
2024-07-16,3.3450,279.8500,83.6000,-0.074
2024-07-18,3.4450,286.6000,83.5800,0.465
2024-07-19,3.0450,278.6000,83.7000,-8.519
2024-07-22,3.0000,252.9000,83.6500,-0.771
2024-07-23,2.9800,250.2750,83.6800,-0.363
2024-07-24,2.9350,250.0500,83.7200,-1.732
2024-07-25,3.0100,253.4250,83.7000,-0.587
2024-07-26,3.1000,262.4000,83.7000,-1.117
2024-07-29,3.1000,262.2000,83.7500,-0.982
2024-07-30,3.0800,260.7500,83.7000,-1.133
2024-07-31,3.0800,261.0000,83.7300,-1.192
2024-08-01,3.0500,260.7750,83.7000,-2.105
2024-08-02,2.9600,251.0750,83.7900,-1.217
2024-08-05,2.8300,242.5000,83.8300,-2.170
2024-08-06,2.9250,244.7500,83.9100,0.281
2024-08-07,2.8850,248.7000,83.9600,-2.604
2024-08-08,2.9150,243.6500,83.9500,0.437
2024-08-09,2.9300,245.6500,83.9200,0.096
2024-08-12,2.8800,244.5250,83.9200,-1.160
2024-08-13,2.9200,245.2500,83.9700,-0.023
2024-08-14,2.9250,247.5750,83.9100,-0.864
2024-08-16,3.0300,258.1250,83.9500,-1.455
2024-08-19,3.0750,259.8750,83.8200,-0.819
2024-08-20,3.0850,262.3250,83.7900,-1.461
2024-08-21,3.1300,263.1750,83.9300,-0.180
2024-08-22,3.0700,259.5000,83.9300,-0.707
2024-08-23,3.0650,256.2000,83.9100,0.384
2024-08-26,3.0950,260.0000,83.8700,-0.162
2024-08-27,3.0900,258.5750,83.9100,0.273
2024-08-28,3.1800,267.3000,83.9000,-0.186
2024-08-29,3.2200,269.3500,83.8400,0.228
2024-08-30,3.2150,269.2000,83.8300,0.116
2024-09-03,3.1700,268.0250,83.9400,-0.722
2024-09-04,3.1350,259.5750,83.9500,1.390
2024-09-05,3.1500,262.4250,83.9600,0.781
2024-09-06,3.1250,260.3000,83.9100,0.737
2024-09-09,3.1050,257.4250,83.9300,1.234
2024-09-10,3.1650,262.8750,83.9500,1.075
2024-09-11,3.0950,257.1750,83.9500,1.031
2024-09-12,3.1800,265.0250,83.9200,0.695
2024-09-13,3.2800,275.3000,83.8800,-0.063
2024-09-16,3.2900,275.9500,83.8900,0.017
2024-09-17,3.2500,275.9500,83.7500,-1.363
2024-09-18,3.1850,269.0750,83.7500,-0.866
2024-09-19,3.2350,266.6750,83.6800,1.511
2024-09-20,3.2350,269.5500,83.5700,0.296
2024-09-23,3.2150,267.4500,83.5300,0.411
2024-09-24,3.2300,269.7750,83.6600,0.166
2024-09-25,3.2300,268.1000,83.5600,0.671
2024-09-26,3.3000,270.9500,83.6000,1.820
2024-09-27,3.2350,270.9000,83.6800,-0.072
2024-09-30,3.2400,270.7250,83.7600,0.243
2024-10-01,3.2900,273.3750,83.8100,0.863
2024-10-03,3.1900,265.0750,84.0000,1.088
2024-10-04,3.2200,266.7750,83.9900,1.377
2024-10-07,3.1950,265.7250,83.9600,0.951
2024-10-08,3.1850,263.4750,83.9500,1.482
2024-10-09,3.2100,265.5750,83.9300,1.446
2024-10-10,3.1350,262.5000,83.9400,0.248
2024-10-11,3.1850,264.1500,84.0800,1.380
2024-10-14,3.3000,274.7750,84.0800,0.979
2024-10-15,3.1900,266.4750,84.0400,0.605
2024-10-16,3.2100,266.0750,84.0100,1.352
2024-10-17,3.1750,264.3750,84.0400,0.927
2024-10-18,3.3450,274.3250,84.0300,2.463
2024-10-21,3.3050,274.0500,84.0700,1.387
2024-10-22,3.2950,272.7250,84.0600,1.559
2024-10-23,3.3050,273.6000,84.0600,1.542
2024-10-24,3.2950,273.4500,84.0500,1.278
2024-10-25,3.2800,271.7250,84.0600,1.469
2024-10-28,3.3750,279.3000,84.0500,1.564
2024-10-29,3.3700,281.1000,84.0400,0.752
2024-10-30,3.3400,282.6250,84.0700,-0.648
2024-10-31,3.2400,275.9000,84.0600,-1.285
2024-11-01,3.2500,275.6750,84.0300,-0.935
2024-11-04,3.2150,270.4000,84.1100,0.005
2024-11-05,3.2600,271.8500,84.1000,0.852
2024-11-06,3.4100,281.9500,84.3100,1.967
2024-11-07,3.4000,281.7000,84.3700,1.831
2024-11-08,3.4250,284.5000,84.3400,1.534
2024-11-11,3.5000,286.7500,84.3400,2.943
2024-11-12,3.4600,285.3250,84.3800,2.324
2024-11-13,3.4350,284.5000,84.3900,1.891
2024-11-14,3.3950,283.3500,84.4200,1.149
2024-11-18,3.3500,276.4250,84.3700,2.248
2024-11-19,3.4050,281.0000,84.3600,2.223
2024-11-21,3.3950,278.5750,84.4800,2.956
2024-11-22,3.4900,285.8250,84.4400,3.104
2024-11-25,3.5350,291.2250,84.2400,2.254
2024-11-26,3.5500,294.5000,84.2700,1.582
2024-11-27,3.5150,291.4500,84.4100,1.802
2024-11-29,3.4950,288.9250,84.4800,2.192
2024-12-02,3.5300,292.2750,84.7400,2.346
2024-12-03,3.5400,291.6500,84.6800,2.783
2024-12-04,3.5600,294.0000,84.6900,2.550
2024-12-05,3.6100,299.3000,84.6800,2.137
2024-12-06,3.4900,297.3500,84.6700,-0.623
2024-12-09,3.5900,303.7500,84.7200,0.130
2024-12-10,3.6200,308.1000,84.8400,-0.318
2024-12-11,3.6200,309.0000,84.8000,-0.655
2024-12-12,3.6400,309.1000,84.8400,-0.091
2024-12-13,3.6700,309.9500,84.7800,0.385
2024-12-16,3.6800,309.2000,84.8900,1.033
2024-12-17,3.7000,308.8500,84.9100,1.722
2024-12-18,3.6300,312.6000,84.9500,-1.354
2024-12-19,3.7100,312.7500,85.0900,0.938
2024-12-20,3.6500,305.2000,85.0200,1.679
2024-12-23,3.6200,307.9000,85.1000,0.053
2024-12-24,3.6300,305.3000,85.1400,1.231
2024-12-26,3.6100,305.0500,85.2500,0.886
2024-12-27,3.6500,309.1000,85.5300,0.998
2024-12-30,3.5400,303.7000,85.4700,-0.374
2024-12-31,3.5400,301.8500,85.5500,0.330
2025-01-02,3.5700,303.8000,85.7500,0.766
2025-01-03,3.5000,294.4500,85.7500,1.927
2025-01-06,3.4700,294.3000,85.7000,1.046
2025-01-07,3.4600,294.0500,85.7400,0.888
2025-01-08,3.5100,297.5500,85.8900,1.319
2025-01-10,3.5200,300.5500,85.9600,0.675
2025-01-13,3.4200,291.8500,86.6900,1.586
2025-01-14,3.4000,292.8500,86.6300,0.578
2025-01-15,3.4400,292.6500,86.3700,1.525
2025-01-16,3.3000,288.0500,86.5700,-0.822
2025-01-17,3.4400,281.9500,86.5500,5.597
2025-01-21,3.5200,298.3500,86.5800,2.149
2025-01-22,3.6600,309.1000,86.3400,2.234
2025-01-23,3.7400,317.7000,86.4200,1.735
2025-01-24,3.7700,320.1000,86.2000,1.523
2025-01-27,3.6600,307.9500,86.3400,2.615
2025-01-28,3.6500,303.6000,86.5200,4.018
2025-01-29,3.6800,312.4500,86.6100,2.008
2025-01-30,3.6800,309.0000,86.5500,3.076
2025-01-31,3.6700,311.9000,86.5400,1.828
2025-02-03,3.6800,313.6000,87.1900,2.315
2025-02-04,3.7200,316.2500,87.0600,2.407
2025-02-05,3.7100,317.1000,87.0800,1.882
2025-02-06,3.7000,317.9500,87.5700,1.906
2025-02-07,3.6700,318.0000,87.4300,0.902
2025-02-10,3.6900,319.0500,87.4500,1.141
2025-02-11,3.6800,313.0000,86.7600,2.005
2025-02-12,3.6300,310.2000,86.9000,1.691
2025-02-13,3.6300,308.5500,86.8900,2.224
2025-02-14,3.6300,308.1000,86.8200,2.290
2025-02-18,3.6800,312.2000,86.9600,2.502
2025-02-19,3.6700,314.1000,86.9600,1.606
2025-02-20,3.6400,313.3000,86.6500,0.672
2025-02-21,3.4800,306.3500,86.7000,-1.513
2025-02-24,3.4100,295.0500,86.7200,0.225
2025-02-25,3.3800,291.3000,87.2000,1.180
2025-02-27,3.3600,294.5000,87.1700,-0.546
2025-02-28,3.2700,277.6500,87.5000,3.052
2025-03-03,3.2500,283.5500,87.3500,0.119
2025-03-04,3.2200,280.0000,87.2600,0.349
2025-03-05,3.3200,285.1000,86.9500,1.254
2025-03-06,3.2800,285.9000,87.1100,-0.063
2025-03-07,3.2600,284.8000,86.8800,-0.552
2025-03-10,3.1800,280.9000,87.2700,-1.204
2025-03-11,3.1400,277.7500,87.1600,-1.464
2025-03-12,3.0800,268.5500,87.1600,-0.036
2025-03-13,3.0300,264.0000,87.0000,-0.148
2025-03-17,3.0500,259.8500,86.7900,1.870
2025-03-18,3.0000,259.8500,86.5000,-0.135
2025-03-19,3.0700,265.7000,86.4300,-0.135
2025-03-20,3.0000,268.0000,86.3100,-3.384
2025-03-21,3.0300,264.3000,86.0100,-1.396
2025-03-24,3.1300,269.4000,85.5600,-0.593
2025-03-25,3.1400,271.0000,85.7700,-0.621
2025-03-26,3.1000,267.4000,85.7100,-0.635
2025-03-27,3.1300,272.2000,85.7900,-1.351
2025-03-28,3.0300,262.2500,85.5100,-1.203
2025-04-01,3.0600,262.6000,85.4600,-0.416
2025-04-02,3.0900,263.6000,85.5200,0.249
2025-04-03,2.9200,256.3500,85.4400,-2.678
2025-04-04,2.7900,246.3000,85.2400,-3.443
2025-04-07,2.8500,242.9000,85.8500,0.730
2025-04-08,2.7800,247.2500,86.2400,-3.035
2025-04-09,2.8900,236.6500,86.6400,5.806
2025-04-11,2.8400,239.7500,86.0600,1.944
2025-04-15,2.8200,244.0000,85.7600,-0.884
2025-04-16,2.7300,247.6500,85.6700,-5.561
2025-04-17,2.7000,236.9000,85.3700,-2.702
2025-04-21,2.7200,238.4500,85.1800,-2.835
2025-04-22,2.7700,234.1500,85.1900,0.780
2025-04-23,2.8300,243.6000,85.4200,-0.764
2025-04-24,2.8500,242.7500,85.3000,0.146
2025-04-25,2.8300,240.9000,85.4300,0.360
2025-04-28,2.8400,240.5000,85.0200,0.398
2025-04-29,2.8700,241.4000,85.2700,1.377
2025-04-30,2.8600,241.5000,84.4900,0.059
2025-05-02,2.9000,241.6800,84.5000,1.394
2025-05-05,2.9000,243.5700,84.2700,0.334
2025-05-06,2.8900,241.1900,84.4500,1.190
2025-05-07,2.9000,244.0400,84.8200,0.794
2025-05-08,2.8000,241.5700,85.6700,-0.701
2025-05-09,2.8200,242.0100,85.3800,-0.512
2025-05-12,2.9900,257.2800,85.3800,-0.775
2025-05-13,2.9900,251.5700,85.3500,1.442
2025-05-14,2.9700,252.9400,85.2900,0.147
2025-05-15,3.0000,256.5700,85.5200,-0.004
2025-05-16,2.9600,254.3100,85.4900,-0.495
2025-05-19,2.9500,251.7500,85.3700,0.036
2025-05-20,2.9100,249.7100,85.6300,-0.211
2025-05-21,2.9000,250.9200,85.6500,-1.010
2025-05-22,2.8500,245.9400,85.9700,-0.376
2025-05-23,2.8600,247.3600,85.1700,-1.526
2025-05-27,2.9000,248.2500,85.3000,-0.354
2025-05-28,2.8600,247.4300,85.3900,-1.299
2025-05-29,2.8900,250.1400,85.4900,-1.229
2025-05-30,2.8800,249.6700,85.5000,-1.374
2025-06-02,2.8700,247.6800,85.3300,-1.124
2025-06-03,2.8300,246.2200,85.5900,-1.625
2025-06-04,2.8400,246.8600,85.8500,-1.234
2025-06-05,2.8600,247.9400,85.8000,-1.029
2025-06-06,2.8900,248.5900,85.6600,-0.415
2025-06-09,2.9400,251.2900,85.6400,0.196
2025-06-10,2.9700,254.8700,85.5700,-0.285
2025-06-11,3.0000,258.9200,85.5100,-0.923
2025-06-12,3.0200,259.6100,85.5500,-0.481
2025-06-13,2.9700,260.2100,86.0800,-1.750
2025-06-16,3.0300,262.8900,86.0500,-0.821
2025-06-17,3.0200,262.9100,86.2900,-0.880
2025-06-18,2.9800,261.5900,86.4900,-1.472
2025-06-20,2.9700,266.5400,86.5800,-3.526
2025-06-23,3.0200,263.2400,86.7300,-0.500
2025-06-24,3.0700,264.9700,85.9200,-0.451
2025-06-25,3.0800,269.4100,86.0400,-1.636
2025-06-26,3.0900,268.5200,85.6600,-1.427
2025-06-27,3.0400,265.0500,85.4500,-1.993
2025-06-30,3.0200,265.9800,85.7400,-2.649
2025-07-01,3.0600,264.5500,85.5800,-1.011
2025-07-02,3.0800,267.0000,85.7000,-1.140
2025-07-03,3.1100,267.0500,85.3000,-0.662
2025-07-07,3.0800,267.7500,85.8600,-1.233
2025-07-08,3.0900,269.6500,85.7500,-1.737
2025-07-09,3.0700,267.8000,85.6900,-1.767
2025-07-10,2.9200,265.0500,85.6500,-5.641
2025-07-11,2.9100,258.3000,85.8000,-3.338
2025-07-14,2.8800,254.2500,85.9900,-2.595
2025-07-15,2.9000,257.4000,85.8200,-3.311
2025-07-16,2.9600,262.8000,85.9600,-3.181
2025-07-17,3.0600,260.6000,86.0800,1.076
2025-07-18,3.0000,266.9500,86.1000,-3.240
2025-07-21,2.9700,260.3500,86.3000,-1.551
2025-07-22,2.9500,259.7000,86.3700,-1.890
2025-07-23,2.9900,261.4000,86.4100,-1.161
2025-07-24,2.9400,261.8500,86.3900,-3.003
2025-07-25,2.9300,259.2000,86.4800,-2.243
2025-07-28,2.7700,250.0500,86.6700,-3.989
2025-07-29,2.8000,251.8000,86.8300,-3.446
2025-07-30,2.7500,250.2000,87.4400,-3.893
2025-07-31,2.7200,248.3000,87.6000,-4.039
2025-08-01,2.6800,242.7500,87.5400,-3.354
2025-08-04,2.6700,246.0500,87.6300,-4.909
2025-08-05,2.6800,245.9100,87.8000,-4.313
2025-08-06,2.6400,239.9600,87.7100,-3.503
2025-08-07,2.6600,242.3200,87.7100,-3.719
2025-08-08,2.6600,239.0500,87.6700,-2.446
2025-08-11,2.6500,241.6200,87.6300,-3.891
2025-08-12,2.6800,241.7200,87.7100,-2.754
2025-08-13,2.7300,241.6500,87.4800,-1.171
2025-08-14,2.7100,246.8100,87.5600,-3.858
2025-08-18,2.7500,245.2100,87.3000,-2.094
2025-08-19,2.7500,246.9600,87.0200,-3.100
2025-08-20,2.7900,250.8400,87.0200,-3.211
2025-08-21,2.8000,249.9100,87.3100,-2.178
2025-08-22,2.8200,248.6400,87.5300,-0.726
2025-08-25,2.8300,253.8400,87.5500,-2.393
2025-08-26,2.7800,252.0300,87.6800,-3.285
2025-08-28,2.8000,250.6500,87.6300,-2.109
2025-08-29,2.7600,249.4100,88.1800,-2.419
2025-09-02,2.7600,250.9300,88.1500,-3.043
2025-09-03,2.7700,249.5600,88.0600,-2.257
2025-09-04,2.7300,244.9700,88.1700,-1.741
2025-09-05,2.7300,243.6700,88.2500,-1.128
2025-09-08,2.7500,242.5200,88.2500,0.069
2025-09-09,2.7700,249.1500,88.1200,-2.030
2025-09-10,2.8100,255.7500,88.0900,-3.213
2025-09-11,2.7900,253.9100,88.4400,-2.821
2025-09-12,2.7700,251.9400,88.2800,-2.939
2025-09-15,2.7600,251.2800,88.2200,-3.101
2025-09-16,2.7800,254.0100,88.0500,-3.634
2025-09-17,2.8800,254.1500,87.7700,-0.540
2025-09-18,2.8600,256.9300,88.1700,-1.854
2025-09-19,2.8000,255.8800,88.0600,-3.639
2025-09-22,2.7900,250.3300,88.2900,-1.598
2025-09-23,2.7300,249.6300,88.7600,-2.930
2025-09-24,2.7200,244.5900,88.7300,-1.326
2025-09-25,2.6700,242.0000,88.7000,-2.137
2025-09-26,2.6500,235.7500,88.6500,-0.351
2025-09-29,2.6600,239.6400,88.7600,-1.477
2025-09-30,2.6300,239.3700,88.7800,-2.456
2025-10-01,2.6300,241.0700,88.6900,-3.242
2025-10-03,2.6200,240.9800,88.7800,-3.476
2025-10-06,2.6600,242.1300,88.7900,-2.457
2025-10-07,2.6300,243.5300,88.7200,-4.187
2025-10-08,2.6600,244.2700,88.7700,-3.333
2025-10-09,2.7200,246.4000,88.8400,-1.930
2025-10-10,2.6600,248.7000,88.7200,-5.108
2025-10-13,2.6900,245.1300,88.7200,-2.641
2025-10-14,2.7300,248.4200,88.7600,-2.458
2025-10-15,2.7400,250.2100,87.9800,-3.655
2025-10-16,2.6700,253.8100,87.8100,-7.627
2025-10-17,2.6400,240.9000,87.9900,-3.573
2025-10-20,2.6400,241.2400,87.9200,-3.785
2025-10-21,2.6900,241.3600,87.9700,-1.956
2025-10-23,2.7100,244.3000,87.8500,-2.549
2025-10-24,2.6900,242.9800,87.8300,-2.765
2025-10-27,2.6700,243.9100,88.2400,-3.407
2025-10-28,2.6800,242.3800,88.2100,-2.466
2025-10-29,2.6700,242.2800,88.2000,-2.801
2025-10-30,2.6700,241.9200,88.6400,-2.171
2025-10-31,2.6300,240.6700,88.7500,-3.016
2025-11-03,2.6100,240.5000,88.7800,-3.652
2025-11-04,2.5800,237.9200,88.6700,-3.846
2025-11-06,2.6100,240.0500,88.6500,-3.613
2025-11-07,2.6000,236.4900,88.6800,-2.504
2025-11-10,2.6200,239.8400,88.7000,-3.105
2025-11-11,2.6700,241.6900,88.7000,-2.011
2025-11-12,2.6600,245.2200,88.5800,-3.914
2025-11-13,2.6600,245.3300,88.6600,-3.870
2025-11-14,2.6500,244.3700,88.7400,-3.768
2025-11-17,2.6300,244.0500,88.5800,-4.542
2025-11-18,2.6300,240.9000,88.6000,-3.272
2025-11-19,2.6900,246.0700,88.5800,-3.166
2025-11-20,2.6900,246.2600,88.6900,-3.120
2025-11-21,2.7000,244.4900,89.5400,-1.117
2025-11-24,2.7000,247.2700,89.2300,-2.568
2025-11-25,2.7000,245.6400,89.1600,-1.998
2025-11-26,2.6900,250.1900,89.2700,-4.018
2025-11-28,2.7200,249.5300,89.4300,-2.517
2025-12-01,2.7200,250.2800,89.5900,-2.635
2025-12-02,2.7300,250.1700,89.9200,-1.874
2025-12-03,2.7700,254.6900,90.1500,-1.953
2025-12-04,2.8200,256.9300,89.9700,-1.251
2025-12-05,2.8500,259.9100,89.9700,-1.345
2025-12-08,2.8300,261.3800,90.1200,-2.426
2025-12-09,2.8600,257.4100,89.9000,-0.115
2025-12-10,2.8900,257.9800,89.9800,0.799
2025-12-11,2.8300,259.2500,90.3500,-1.373
2025-12-12,2.7800,260.6000,90.4100,-3.553
2025-12-15,2.8200,261.7400,90.7000,-2.279
2025-12-16,2.8000,259.2200,91.0300,-1.673
2025-12-17,2.8500,261.1400,90.4000,-1.340
2025-12-18,2.8600,263.8500,90.2500,-2.174
2025-12-19,3.0600,264.4500,89.5400,3.608
2025-12-22,3.0200,272.6700,89.6400,-0.718
2025-12-23,2.9700,271.4000,89.6700,-1.872
2025-12-24,2.9100,268.0600,89.8100,-2.504
2025-12-26,2.9200,266.3000,89.7800,-1.556
2025-12-29,2.8900,264.2400,89.9700,-1.600
2025-12-30,2.8600,263.6500,89.7800,-2.609
2025-12-31,2.8400,263.2800,89.8400,-3.090
2026-01-02,2.9200,269.0000,90.1900,-2.099
2026-01-05,2.8600,263.3000,90.2800,-1.937
2026-01-06,2.9000,265.6000,90.1800,-1.535
2026-01-07,2.9300,270.8000,89.9000,-2.730
2026-01-08,2.9100,262.2000,90.0200,-0.092
2026-01-09,2.8700,261.9500,90.1600,-1.218
2026-01-12,2.9100,263.1000,90.1200,-0.323
2026-01-13,2.8800,264.2000,90.1900,-1.685
2026-01-14,3.0300,260.2000,90.2400,5.083
2026-01-15,2.9700,260.2000,90.2600,3.025
2026-01-16,2.7500,267.4500,90.8700,-6.565
2026-01-20,2.6000,239.9000,91.0100,-1.365
2026-01-21,2.6000,239.5500,91.6800,-0.493
2026-01-22,2.6100,240.6500,91.6200,-0.632
2026-01-23,2.5800,238.4000,91.9500,-0.490
2026-01-27,2.6100,234.8000,91.7200,1.955
2026-01-28,2.5500,237.3500,91.7800,-1.395
2026-01-29,2.5300,239.8000,91.9500,-2.989
2026-01-30,2.5200,236.9000,91.9800,-2.157
2026-02-02,2.6900,242.3000,91.5100,1.594
2026-02-03,2.5600,242.6900,90.3000,-4.748
2026-02-04,2.5600,233.3400,90.3600,-0.865
2026-02-05,2.5500,233.3900,90.3300,-1.306
2026-02-06,2.5100,230.7200,90.6500,-1.382
2026-02-09,2.4400,230.0800,90.7700,-3.738
2026-02-10,2.5000,231.4700,90.5700,-2.180
2026-02-11,2.3900,229.8100,90.6900,-5.683
2026-02-12,2.2800,219.0800,90.6300,-5.680
2026-02-13,2.3400,214.0900,90.6400,-0.931
2026-02-17,2.2900,215.6900,90.6300,-3.777
2026-02-18,2.3000,211.9500,90.7000,-1.576
2026-02-19,2.2400,211.2100,90.6800,-3.829
2026-02-20,2.2600,209.8600,90.9800,-2.023
2026-02-23,2.1900,205.8900,90.8800,-3.333
2026-02-24,2.1400,200.1400,90.9500,-2.752
2026-02-25,2.2000,201.9200,90.9500,-0.906
2026-02-26,2.2500,201.0800,90.9200,1.736
2026-02-27,2.2200,200.9600,91.0300,0.561
2026-03-02,2.1600,198.5700,91.4700,-0.501
2026-03-04,2.2000,195.5500,92.0800,3.593
2026-03-05,2.2200,195.6800,91.5800,3.898
2026-03-06,2.3200,195.4000,91.7300,8.912
2026-03-09,2.3100,198.7500,92.3100,7.289
2026-03-10,2.5500,200.9300,91.8500,16.567
2026-03-11,2.3700,202.2300,92.0300,7.853
2026-03-12,2.3000,202.5100,92.1800,4.693
2026-03-13,2.2600,197.5800,92.4700,5.771
2026-03-16,2.2100,195.1100,92.4200,4.684
2026-03-17,2.2200,191.3200,92.3600,7.171
2026-03-18,2.1900,194.3000,92.8700,4.676
2026-03-19,2.1900,188.4100,92.6200,7.658
2026-03-20,2.1500,190.9000,93.7300,5.563
2026-03-23,2.1600,187.5400,93.9600,8.219
2026-03-24,2.1000,188.7400,93.8600,4.433
2026-03-25,2.0900,189.0500,93.9700,3.886
2026-03-27,2.0800,191.6000,94.8300,2.947
2026-03-30,2.0700,187.6400,94.4100,4.151
2026-04-01,2.1100,191.1800,93.2100,2.873
2026-04-02,2.1600,194.9100,93.0900,3.163
2026-04-06,2.1900,197.2900,93.0600,3.300
2026-04-07,2.2500,204.7200,92.9600,2.169
2026-04-08,2.2500,203.4200,92.2500,2.036
2026-04-09,2.2600,202.8700,92.6900,3.258
2026-04-10,2.1700,204.8800,92.7200,-1.795
2026-04-13,2.2400,202.9700,93.3900,3.066
2026-04-15,2.2700,209.7500,93.3700,1.049
2026-04-16,2.1600,210.2600,93.2000,-4.256
2026-04-17,2.1900,204.3200,92.9000,-0.425
2026-04-20,2.1400,202.4800,93.1300,-1.571
2026-04-21,2.1300,205.0100,93.5000,-2.856
2026-04-22,2.1100,204.0000,93.7900,-2.992
2026-04-23,2.0300,202.7600,94.1100,-5.779
2026-04-24,2.0400,199.3600,94.2500,-3.556
2026-04-27,2.0500,205.0500,94.1900,-5.833
2026-04-28,2.0300,201.5800,94.5400,-4.794
2026-04-29,2.0200,200.6800,94.8500,-4.526
2026-04-30,2.0400,200.6500,94.9100,-3.505
2026-05-01,2.0300,200.6500,94.9000,-3.989
2026-05-04,1.9900,200.7500,95.0900,-5.739
2026-05-05,1.9900,199.7800,95.3200,-5.052
2026-05-06,2.0000,199.1200,94.6100,-4.972
2026-05-07,1.9800,197.3600,94.2500,-5.444
2026-05-08,1.9500,197.9100,94.4900,-6.899
2026-05-11,1.9000,196.6800,95.3100,-7.927
2026-05-12,1.8600,189.5700,95.6300,-6.171
2026-05-13,1.8200,187.8000,95.6900,-7.265
2026-05-14,1.8500,188.3000,95.7600,-5.918
2026-05-15,1.8900,190.0000,95.9700,-4.535
2026-05-18,1.9400,192.1700,96.3500,-2.732
2026-05-19,1.9300,195.1700,96.5300,-4.543
2026-05-20,1.9700,197.1200,96.8200,-3.239
2026-05-21,1.9800,199.7400,96.2000,-4.638
2026-05-22,2.0100,203.1100,95.6900,-5.304
2026-05-26,2.0600,203.7300,95.6800,-3.254
2026-05-27,2.0500,201.5800,95.6900,-2.687
2026-05-28,2.4300,201.5800,95.6900,15.352
2026-05-29,2.3600,204.2500,95.0000,9.767
2026-06-01,2.4100,206.4100,94.9900,10.908
2026-06-02,2.2100,209.8400,95.2700,0.337
2026-06-03,2.1300,204.1000,95.7100,-0.116
2026-06-04,2.0700,204.3200,95.7900,-2.954
2026-06-05,2.1000,198.3700,94.9500,0.517
2026-06-08,2.1800,181.7600,95.7100,14.793
2026-06-09,2.1600,181.6700,95.3500,13.368
2026-06-10,2.1000,178.9300,95.2700,11.813
2026-06-11,2.1500,177.3700,95.7600,16.076
2026-06-12,2.2000,180.1400,95.1100,16.155
2026-06-15,2.3000,181.3800,94.7100,20.098
2026-06-16,2.3700,182.6700,94.6200,22.762
2026-06-17,2.4800,184.4700,94.5300,27.085
2026-06-18,2.3900,182.8400,94.3300,23.304
2026-06-22,2.2400,180.1800,94.6800,17.706
2026-06-23,2.2900,174.4900,94.7400,24.336
2026-06-24,2.1900,174.4800,94.6700,18.826
2026-06-25,2.1900,175.0000,94.4000,18.135
2026-06-26,2.2700,175.0000,94.3700,22.411
2026-06-29,2.1700,175.4800,94.5400,16.909
2026-06-30,2.2500,170.3900,94.6600,24.999
2026-07-01,1.8700,170.1300,95.2500,4.695
2026-07-02,1.8900,174.0000,95.3900,3.613
2026-07-06,1.8400,174.3200,95.4000,0.698
2026-07-07,1.8500,173.0000,94.9700,1.558
2026-07-08,1.8300,172.7200,95.5600,1.248
2026-07-09,1.8500,172.7600,95.3900,2.148
2026-07-10,1.8700,175.4600,95.3300,1.600
2026-07-13,1.9000,178.4300,95.6200,1.820
2026-07-14,1.8400,177.1400,96.2000,-0.075
2026-07-15,1.8400,174.6500,96.2600,1.413
2026-07-16,1.8500,177.7400,96.3500,0.286
2026-07-17,1.8600,176.0000,96.2800,1.750
2026-07-20,1.8500,176.3800,96.4500,1.164
2026-07-21,1.8200,174.9700,96.2400,0.107
2026-07-22,1.8100,174.4400,96.5700,0.202
2026-07-23,1.7800,174.8200,96.5700,-1.673
2026-07-24,1.8700,177.1200,96.5600,1.946
2026-07-27,1.9100,178.5300,95.9100,2.609
2026-07-28,1.9200,181.1200,95.8500,1.608
2026-07-29,1.9700,183.6100,95.6500,2.625
2026-07-30,1.9500,186.3300,95.6800,0.132
2026-07-31,1.9800,183.6500,95.3800,2.833
2026-08-03,2.0500,188.6600,95.3400,3.597
2026-08-04,2.0500,186.3000,95.3800,4.954
2026-08-05,2.0000,186.9900,95.1400,1.759
2026-08-06,1.9900,186.1200,95.2100,1.799
2026-08-07,2.0200,187.5300,95.2100,2.556
2026-08-10,1.9900,185.5000,95.3000,2.236
2026-08-11,1.9700,184.6000,95.4400,1.851
2026-08-12,1.9500,183.9400,95.3300,1.062
2026-08-13,1.9600,183.1000,95.4400,2.164
2026-08-14,1.9400,184.0000,95.4300,0.616
2026-08-17,1.9100,181.9000,95.6000,0.383
2026-08-18,1.9100,178.0600,95.6800,2.633
2026-08-19,1.9500,179.5500,95.7500,3.989
2026-08-20,1.9100,181.0000,95.7100,0.998
2026-08-21,1.8900,180.7900,95.7000,0.046
2026-08-24,1.8800,181.3100,95.7500,-0.717
2026-08-25,1.8800,180.0900,95.4100,-0.399
2026-08-26,1.8300,177.3500,95.4300,-1.530
2026-08-27,1.8000,176.4000,95.5400,-2.510
2026-08-28,1.8200,180.9500,95.3800,-4.067
2026-08-31,1.8500,184.5000,95.1144,-4.628
2026-09-01,1.8300,181.7000,94.9552,-4.365
2026-09-02,1.8000,177.0900,94.4877,-3.960
2026-09-03,1.8000,175.7200,94.4949,-3.203
2026-09-04,1.8100,176.4000,94.4949,-3.041
